artist_name,headline,link,announcement_date,start_date,end_date,venue_name,venue_city,venue_type,venue_nation,last_tour_gross,last_tickets_sold,tour_announcement
Shakira,"Shakira Adds Shows In Atlanta, Houston, Phoenix",https://news.pollstar.com/2024/12/10/shakira-adds-shows-in-atlanta-houston-phoenix/,2024-12-10,2025-02-11,2025-06-30,Estádio Nilton Santos,"Rio de Janeiro, Brazil",Stadium,FALSE,,,TRUE
Shakira,"Shakira Adds Shows In Atlanta, Houston, Phoenix",https://news.pollstar.com/2024/12/10/shakira-adds-shows-in-atlanta-houston-phoenix/,2024-12-10,2025-02-11,2025-06-30,Estádio Morumbi,"São Paulo, Brazil",Stadium,FALSE,,,TRUE
Shakira,"Shakira Adds Shows In Atlanta, Houston, Phoenix",https://news.pollstar.com/2024/12/10/shakira-adds-shows-in-atlanta-houston-phoenix/,2024-12-10,2025-02-11,2025-06-30,Estadio Nacional,"Cercado de Lima, Peru",Stadium,FALSE,,,TRUE
Shakira,"Shakira Adds Shows In Atlanta, Houston, Phoenix",https://news.pollstar.com/2024/12/10/shakira-adds-shows-in-atlanta-houston-phoenix/,2024-12-10,2025-02-11,2025-06-30,Estadio Nacional,"Cercado de Lima, Peru",Stadium,FALSE,,,TRUE
Shakira,"Shakira Adds Shows In Atlanta, Houston, Phoenix",https://news.pollstar.com/2024/12/10/shakira-adds-shows-in-atlanta-houston-phoenix/,2024-12-10,2025-02-11,2025-06-30,Estadio Metropolitano,"Barranquilla, Colombia",Stadium,FALSE,,,TRUE
Shakira,"Shakira Adds Shows In Atlanta, Houston, Phoenix",https://news.pollstar.com/2024/12/10/shakira-adds-shows-in-atlanta-houston-phoenix/,2024-12-10,2025-02-11,2025-06-30,Estadio Metropolitano,"Barranquilla, Colombia",Stadium,FALSE,,,TRUE
Shakira,"Shakira Adds Shows In Atlanta, Houston, Phoenix",https://news.pollstar.com/2024/12/10/shakira-adds-shows-in-atlanta-houston-phoenix/,2024-12-10,2025-02-11,2025-06-30,Atanasio Girardot Stadium,"Medellín, Colombia",Stadium,FALSE,,,TRUE
Shakira,"Shakira Adds Shows In Atlanta, Houston, Phoenix",https://news.pollstar.com/2024/12/10/shakira-adds-shows-in-atlanta-houston-phoenix/,2024-12-10,2025-02-11,2025-06-30,Estadio El Campín,"Bogotá, Colombia",Stadium,FALSE,,,TRUE
Shakira,"Shakira Adds Shows In Atlanta, Houston, Phoenix",https://news.pollstar.com/2024/12/10/shakira-adds-shows-in-atlanta-houston-phoenix/,2024-12-10,2025-02-11,2025-06-30,Estadio El Campín,"Bogotá, Colombia",Stadium,FALSE,,,TRUE
Shakira,"Shakira Adds Shows In Atlanta, Houston, Phoenix",https://news.pollstar.com/2024/12/10/shakira-adds-shows-in-atlanta-houston-phoenix/,2024-12-10,2025-02-11,2025-06-30,Estadio Nacional,"Santiago, Chile",Stadium,FALSE,,,TRUE
Shakira,"Shakira Adds Shows In Atlanta, Houston, Phoenix",https://news.pollstar.com/2024/12/10/shakira-adds-shows-in-atlanta-houston-phoenix/,2024-12-10,2025-02-11,2025-06-30,Estadio Nacional,"Santiago, Chile",Stadium,FALSE,,,TRUE
Shakira,"Shakira Adds Shows In Atlanta, Houston, Phoenix",https://news.pollstar.com/2024/12/10/shakira-adds-shows-in-atlanta-houston-phoenix/,2024-12-10,2025-02-11,2025-06-30,Campo Argentino de Polo,"Buenos Aires, Argentina",Other,FALSE,,,TRUE
Shakira,"Shakira Adds Shows In Atlanta, Houston, Phoenix",https://news.pollstar.com/2024/12/10/shakira-adds-shows-in-atlanta-houston-phoenix/,2024-12-10,2025-02-11,2025-06-30,Campo Argentino de Polo,"Buenos Aires, Argentina",Other,FALSE,,,TRUE
Shakira,"Shakira Adds Shows In Atlanta, Houston, Phoenix",https://news.pollstar.com/2024/12/10/shakira-adds-shows-in-atlanta-houston-phoenix/,2024-12-10,2025-02-11,2025-06-30,Estadio BBVA,"Monterrey, Mexico",Stadium,FALSE,,,TRUE
Shakira,"Shakira Adds Shows In Atlanta, Houston, Phoenix",https://news.pollstar.com/2024/12/10/shakira-adds-shows-in-atlanta-houston-phoenix/,2024-12-10,2025-02-11,2025-06-30,Estadio BBVA,"Monterrey, Mexico",Stadium,FALSE,,,TRUE
Shakira,"Shakira Adds Shows In Atlanta, Houston, Phoenix",https://news.pollstar.com/2024/12/10/shakira-adds-shows-in-atlanta-houston-phoenix/,2024-12-10,2025-02-11,2025-06-30,Estadio Akron,"Guadalajara, Mexico",Stadium,FALSE,,,TRUE
Shakira,"Shakira Adds Shows In Atlanta, Houston, Phoenix",https://news.pollstar.com/2024/12/10/shakira-adds-shows-in-atlanta-houston-phoenix/,2024-12-10,2025-02-11,2025-06-30,Estadio Akron,"Guadalajara, Mexico",Stadium,FALSE,,,TRUE
Shakira,"Shakira Adds Shows In Atlanta, Houston, Phoenix",https://news.pollstar.com/2024/12/10/shakira-adds-shows-in-atlanta-houston-phoenix/,2024-12-10,2025-02-11,2025-06-30,Estadio GNP Seguros,"Mexico City, Mexico",Stadium,LYV,,,TRUE
Shakira,"Shakira Adds Shows In Atlanta, Houston, Phoenix",https://news.pollstar.com/2024/12/10/shakira-adds-shows-in-atlanta-houston-phoenix/,2024-12-10,2025-02-11,2025-06-30,Estadio GNP Seguros,"Mexico City, Mexico",Stadium,LYV,,,TRUE
Shakira,"Shakira Adds Shows In Atlanta, Houston, Phoenix",https://news.pollstar.com/2024/12/10/shakira-adds-shows-in-atlanta-houston-phoenix/,2024-12-10,2025-02-11,2025-06-30,Estadio GNP Seguros,"Mexico City, Mexico",Stadium,LYV,,,TRUE
Shakira,"Shakira Adds Shows In Atlanta, Houston, Phoenix",https://news.pollstar.com/2024/12/10/shakira-adds-shows-in-atlanta-houston-phoenix/,2024-12-10,2025-02-11,2025-06-30,Estadio GNP Seguros,"Mexico City, Mexico",Stadium,LYV,,,TRUE
Shakira,"Shakira Adds Shows In Atlanta, Houston, Phoenix",https://news.pollstar.com/2024/12/10/shakira-adds-shows-in-atlanta-houston-phoenix/,2024-12-10,2025-02-11,2025-06-30,Estadio GNP Seguros,"Mexico City, Mexico",Stadium,LYV,,,TRUE
Shakira,"Shakira Adds Shows In Atlanta, Houston, Phoenix",https://news.pollstar.com/2024/12/10/shakira-adds-shows-in-atlanta-houston-phoenix/,2024-12-10,2025-02-11,2025-06-30,Estadio GNP Seguros,"Mexico City, Mexico",Stadium,LYV,,,TRUE
Shakira,"Shakira Adds Shows In Atlanta, Houston, Phoenix",https://news.pollstar.com/2024/12/10/shakira-adds-shows-in-atlanta-houston-phoenix/,2024-12-10,2025-02-11,2025-06-30,Estadio GNP Seguros,"Mexico City, Mexico",Stadium,LYV,,,TRUE
Shakira,"Shakira Adds Shows In Atlanta, Houston, Phoenix",https://news.pollstar.com/2024/12/10/shakira-adds-shows-in-atlanta-houston-phoenix/,2024-12-10,2025-02-11,2025-06-30,Bank of America Stadium,"Charlotte, NC",Stadium,FALSE,,,TRUE
Shakira,"Shakira Adds Shows In Atlanta, Houston, Phoenix",https://news.pollstar.com/2024/12/10/shakira-adds-shows-in-atlanta-houston-phoenix/,2024-12-10,2025-02-11,2025-06-30,MetLife Stadium,"East Rutherford, NJ",Stadium,FALSE,,,TRUE
Shakira,"Shakira Adds Shows In Atlanta, Houston, Phoenix",https://news.pollstar.com/2024/12/10/shakira-adds-shows-in-atlanta-houston-phoenix/,2024-12-10,2025-02-11,2025-06-30,Bell Centre,"Montreal, QC",Arena,FALSE,,,TRUE
Shakira,"Shakira Adds Shows In Atlanta, Houston, Phoenix",https://news.pollstar.com/2024/12/10/shakira-adds-shows-in-atlanta-houston-phoenix/,2024-12-10,2025-02-11,2025-06-30,Little Caesars Arena,"Detroit, MI",Theater,FALSE,,,TRUE
Shakira,"Shakira Adds Shows In Atlanta, Houston, Phoenix",https://news.pollstar.com/2024/12/10/shakira-adds-shows-in-atlanta-houston-phoenix/,2024-12-10,2025-02-11,2025-06-30,Scotiabank Arena,"Toronto, ON",Arena,FALSE,,,TRUE
Shakira,"Shakira Adds Shows In Atlanta, Houston, Phoenix",https://news.pollstar.com/2024/12/10/shakira-adds-shows-in-atlanta-houston-phoenix/,2024-12-10,2025-02-11,2025-06-30,Fenway Park,"Boston, MA",Stadium,FALSE,,,TRUE
Shakira,"Shakira Adds Shows In Atlanta, Houston, Phoenix",https://news.pollstar.com/2024/12/10/shakira-adds-shows-in-atlanta-houston-phoenix/,2024-12-10,2025-02-11,2025-06-30,Nationals Park,"Washington, DC",Stadium,FALSE,,,TRUE
Shakira,"Shakira Adds Shows In Atlanta, Houston, Phoenix",https://news.pollstar.com/2024/12/10/shakira-adds-shows-in-atlanta-houston-phoenix/,2024-12-10,2025-02-11,2025-06-30,State Farm Arena - JUST ADDED,"Atlanta, GA",Arena,FALSE,,,TRUE
Shakira,"Shakira Adds Shows In Atlanta, Houston, Phoenix",https://news.pollstar.com/2024/12/10/shakira-adds-shows-in-atlanta-houston-phoenix/,2024-12-10,2025-02-11,2025-06-30,Camping World Stadium,"Orlando, FL",Stadium,FALSE,,,TRUE
Shakira,"Shakira Adds Shows In Atlanta, Houston, Phoenix",https://news.pollstar.com/2024/12/10/shakira-adds-shows-in-atlanta-houston-phoenix/,2024-12-10,2025-02-11,2025-06-30,Hard Rock Stadium,"Miami, FL",Stadium,FALSE,,,TRUE
Shakira,"Shakira Adds Shows In Atlanta, Houston, Phoenix",https://news.pollstar.com/2024/12/10/shakira-adds-shows-in-atlanta-houston-phoenix/,2024-12-10,2025-02-11,2025-06-30,Globe Life Field,"Arlington, TX",Stadium,FALSE,,,TRUE
Shakira,"Shakira Adds Shows In Atlanta, Houston, Phoenix",https://news.pollstar.com/2024/12/10/shakira-adds-shows-in-atlanta-houston-phoenix/,2024-12-10,2025-02-11,2025-06-30,Alamodome,"San Antonio, TX",Stadium,FALSE,,,TRUE
Shakira,"Shakira Adds Shows In Atlanta, Houston, Phoenix",https://news.pollstar.com/2024/12/10/shakira-adds-shows-in-atlanta-houston-phoenix/,2024-12-10,2025-02-11,2025-06-30,Toyota Center,"Houston, TX",Arena,FALSE,,,TRUE
Shakira,"Shakira Adds Shows In Atlanta, Houston, Phoenix",https://news.pollstar.com/2024/12/10/shakira-adds-shows-in-atlanta-houston-phoenix/,2024-12-10,2025-02-11,2025-06-30,Toyota Center - JUST ADDED,"Houston, TX",Arena,FALSE,,,TRUE
Shakira,"Shakira Adds Shows In Atlanta, Houston, Phoenix",https://news.pollstar.com/2024/12/10/shakira-adds-shows-in-atlanta-houston-phoenix/,2024-12-10,2025-02-11,2025-06-30,SoFi Stadium,"Inglewood, CA",Stadium,FALSE,,,TRUE
Shakira,"Shakira Adds Shows In Atlanta, Houston, Phoenix",https://news.pollstar.com/2024/12/10/shakira-adds-shows-in-atlanta-houston-phoenix/,2024-12-10,2025-02-11,2025-06-30,Footprint Center,"Phoenix, AZ",Arena,FALSE,,,TRUE
Shakira,"Shakira Adds Shows In Atlanta, Houston, Phoenix",https://news.pollstar.com/2024/12/10/shakira-adds-shows-in-atlanta-houston-phoenix/,2024-12-10,2025-02-11,2025-06-30,Footprint Center - JUST ADDED,"Phoenix, AZ",Arena,FALSE,,,TRUE
Shakira,"Shakira Adds Shows In Atlanta, Houston, Phoenix",https://news.pollstar.com/2024/12/10/shakira-adds-shows-in-atlanta-houston-phoenix/,2024-12-10,2025-02-11,2025-06-30,Snapdragon Stadium,"San Diego, CA",Stadium,FALSE,,,TRUE
Shakira,"Shakira Adds Shows In Atlanta, Houston, Phoenix",https://news.pollstar.com/2024/12/10/shakira-adds-shows-in-atlanta-houston-phoenix/,2024-12-10,2025-02-11,2025-06-30,Allegiant Stadium,"Las Vegas, NV",Stadium,FALSE,,,TRUE
Shakira,"Shakira Adds Shows In Atlanta, Houston, Phoenix",https://news.pollstar.com/2024/12/10/shakira-adds-shows-in-atlanta-houston-phoenix/,2024-12-10,2025-02-11,2025-06-30,Oracle Park,"San Francisco, CA",Stadium,FALSE,,,TRUE
Lawrence Keep ‘The Family Business’ Going,"Lawrence Keep ‘The Family Business’ Going, Announce 2025 Dates",https://news.pollstar.com/2024/12/03/lawrence-keep-the-family-business-going-announce-2025-dates/,2024-12-04,2025-03-06,2025-03-29,The Strand Ballroom,"Providence, RI",Other,FALSE,,,TRUE
Lawrence Keep ‘The Family Business’ Going,"Lawrence Keep ‘The Family Business’ Going, Announce 2025 Dates",https://news.pollstar.com/2024/12/03/lawrence-keep-the-family-business-going-announce-2025-dates/,2024-12-04,2025-03-06,2025-03-29,Empire Live,"Albany, NY",Theater,FALSE,,,TRUE
Lawrence Keep ‘The Family Business’ Going,"Lawrence Keep ‘The Family Business’ Going, Announce 2025 Dates",https://news.pollstar.com/2024/12/03/lawrence-keep-the-family-business-going-announce-2025-dates/,2024-12-04,2025-03-06,2025-03-29,House of Blues Cleveland,"Cleveland, OH",Club,LYV,,,TRUE
Lawrence Keep ‘The Family Business’ Going,"Lawrence Keep ‘The Family Business’ Going, Announce 2025 Dates",https://news.pollstar.com/2024/12/03/lawrence-keep-the-family-business-going-announce-2025-dates/,2024-12-04,2025-03-06,2025-03-29,Buffalo RiverWorks,"Buffalo, NY",Club,FALSE,,,TRUE
Lawrence Keep ‘The Family Business’ Going,"Lawrence Keep ‘The Family Business’ Going, Announce 2025 Dates",https://news.pollstar.com/2024/12/03/lawrence-keep-the-family-business-going-announce-2025-dates/,2024-12-04,2025-03-06,2025-03-29,Roxian Theatre,"McKees Rocks, PA",Theater,FALSE,,,TRUE
Lawrence Keep ‘The Family Business’ Going,"Lawrence Keep ‘The Family Business’ Going, Announce 2025 Dates",https://news.pollstar.com/2024/12/03/lawrence-keep-the-family-business-going-announce-2025-dates/,2024-12-04,2025-03-06,2025-03-29,The Mill & Mine,"Knoxville, TN",Other,FALSE,,,TRUE
Lawrence Keep ‘The Family Business’ Going,"Lawrence Keep ‘The Family Business’ Going, Announce 2025 Dates",https://news.pollstar.com/2024/12/03/lawrence-keep-the-family-business-going-announce-2025-dates/,2024-12-04,2025-03-06,2025-03-29,The Ritz,"Raleigh, NC",Club,FALSE,,,TRUE
Lawrence Keep ‘The Family Business’ Going,"Lawrence Keep ‘The Family Business’ Going, Announce 2025 Dates",https://news.pollstar.com/2024/12/03/lawrence-keep-the-family-business-going-announce-2025-dates/,2024-12-04,2025-03-06,2025-03-29,FIVE,"Jacksonville, FL",Arena,FALSE,,,TRUE
Lawrence Keep ‘The Family Business’ Going,"Lawrence Keep ‘The Family Business’ Going, Announce 2025 Dates",https://news.pollstar.com/2024/12/03/lawrence-keep-the-family-business-going-announce-2025-dates/,2024-12-04,2025-03-06,2025-03-29,Mardi Gras,"Orlando, FL -Universal Studios",Other,FALSE,,,TRUE
Lawrence Keep ‘The Family Business’ Going,"Lawrence Keep ‘The Family Business’ Going, Announce 2025 Dates",https://news.pollstar.com/2024/12/03/lawrence-keep-the-family-business-going-announce-2025-dates/,2024-12-04,2025-03-06,2025-03-29,The National,"Richmond, VA",Arena,FALSE,,,TRUE
Lawrence Keep ‘The Family Business’ Going,"Lawrence Keep ‘The Family Business’ Going, Announce 2025 Dates",https://news.pollstar.com/2024/12/03/lawrence-keep-the-family-business-going-announce-2025-dates/,2024-12-04,2025-03-06,2025-03-29,Charleston Music Hall,"Charleston, SC",Other,FALSE,,,TRUE
Lawrence Keep ‘The Family Business’ Going,"Lawrence Keep ‘The Family Business’ Going, Announce 2025 Dates",https://news.pollstar.com/2024/12/03/lawrence-keep-the-family-business-going-announce-2025-dates/,2024-12-04,2025-03-06,2025-03-29,Baltimore Soundstage,"Baltimore, MD",Club,FALSE,,,TRUE
Lawrence Keep ‘The Family Business’ Going,"Lawrence Keep ‘The Family Business’ Going, Announce 2025 Dates",https://news.pollstar.com/2024/12/03/lawrence-keep-the-family-business-going-announce-2025-dates/,2024-12-04,2025-03-06,2025-03-29,Bogart’s,"Cincinnati, OH",Club,FALSE,,,TRUE
Lawrence Keep ‘The Family Business’ Going,"Lawrence Keep ‘The Family Business’ Going, Announce 2025 Dates",https://news.pollstar.com/2024/12/03/lawrence-keep-the-family-business-going-announce-2025-dates/,2024-12-04,2025-03-06,2025-03-29,GLC Live at 20 Monroe,"Grand Rapids, MI",Theater,FALSE,,,TRUE
Lawrence Keep ‘The Family Business’ Going,"Lawrence Keep ‘The Family Business’ Going, Announce 2025 Dates",https://news.pollstar.com/2024/12/03/lawrence-keep-the-family-business-going-announce-2025-dates/,2024-12-04,2025-03-06,2025-03-29,The Wellmont Theater,"Montclair, NJ",Theater,FALSE,,,TRUE
Lawrence Keep ‘The Family Business’ Going,"Lawrence Keep ‘The Family Business’ Going, Announce 2025 Dates",https://news.pollstar.com/2024/12/03/lawrence-keep-the-family-business-going-announce-2025-dates/,2024-12-04,2025-03-06,2025-03-29,The Capitol Theatre,"Port Chester, NY",Theater,FALSE,,,TRUE
Lawrence Keep ‘The Family Business’ Going,"Lawrence Keep ‘The Family Business’ Going, Announce 2025 Dates",https://news.pollstar.com/2024/12/03/lawrence-keep-the-family-business-going-announce-2025-dates/,2024-12-04,2025-03-06,2025-03-29,The Paramount,"Huntington, NY",Theater,FALSE,,,TRUE
Post Malone,"Post Malone Announces Stadium Tour, Confirmed For Coachella",https://news.pollstar.com/2024/11/19/post-malone-announces-stadium-tour-confirmed-for-coachella/,2024-11-19,2025-04-10,2025-07-01,Coachella,"Indio, CA",Amphitheater,LYV,,,TRUE
Post Malone,"Post Malone Announces Stadium Tour, Confirmed For Coachella",https://news.pollstar.com/2024/11/19/post-malone-announces-stadium-tour-confirmed-for-coachella/,2024-11-19,2025-04-10,2025-07-01,Coachella,"Indio, CA",Amphitheater,LYV,,,TRUE
Post Malone,"Post Malone Announces Stadium Tour, Confirmed For Coachella",https://news.pollstar.com/2024/11/19/post-malone-announces-stadium-tour-confirmed-for-coachella/,2024-11-19,2025-04-10,2025-07-01,Rice Eccles Stadium,"Salt Lake City, UT",Stadium,FALSE,,,TRUE
Post Malone,"Post Malone Announces Stadium Tour, Confirmed For Coachella",https://news.pollstar.com/2024/11/19/post-malone-announces-stadium-tour-confirmed-for-coachella/,2024-11-19,2025-04-10,2025-07-01,Allegiant Stadium,"Las Vegas, NV",Stadium,FALSE,,,TRUE
Post Malone,"Post Malone Announces Stadium Tour, Confirmed For Coachella",https://news.pollstar.com/2024/11/19/post-malone-announces-stadium-tour-confirmed-for-coachella/,2024-11-19,2025-04-10,2025-07-01,Alamodome,"San Antonio, TX",Stadium,FALSE,,,TRUE
Post Malone,"Post Malone Announces Stadium Tour, Confirmed For Coachella",https://news.pollstar.com/2024/11/19/post-malone-announces-stadium-tour-confirmed-for-coachella/,2024-11-19,2025-04-10,2025-07-01,AT&T Stadium,"Dallas, TX",Stadium,FALSE,,,TRUE
Post Malone,"Post Malone Announces Stadium Tour, Confirmed For Coachella",https://news.pollstar.com/2024/11/19/post-malone-announces-stadium-tour-confirmed-for-coachella/,2024-11-19,2025-04-10,2025-07-01,Mercedes Benz Stadium,"Atlanta, GA",Stadium,FALSE,,,TRUE
Post Malone,"Post Malone Announces Stadium Tour, Confirmed For Coachella",https://news.pollstar.com/2024/11/19/post-malone-announces-stadium-tour-confirmed-for-coachella/,2024-11-19,2025-04-10,2025-07-01,Busch Stadium,"St. Louis, MO",Stadium,FALSE,,,TRUE
Post Malone,"Post Malone Announces Stadium Tour, Confirmed For Coachella",https://news.pollstar.com/2024/11/19/post-malone-announces-stadium-tour-confirmed-for-coachella/,2024-11-19,2025-04-10,2025-07-01,Ford Field,"Detroit, MI",Stadium,FALSE,,,TRUE
Post Malone,"Post Malone Announces Stadium Tour, Confirmed For Coachella",https://news.pollstar.com/2024/11/19/post-malone-announces-stadium-tour-confirmed-for-coachella/,2024-11-19,2025-04-10,2025-07-01,U.S. Bank Stadium,"Minneapolis, MN",Stadium,FALSE,,,TRUE
Post Malone,"Post Malone Announces Stadium Tour, Confirmed For Coachella",https://news.pollstar.com/2024/11/19/post-malone-announces-stadium-tour-confirmed-for-coachella/,2024-11-19,2025-04-10,2025-07-01,Wrigley Field,"Chicago, IL",Stadium,FALSE,,,TRUE
Post Malone,"Post Malone Announces Stadium Tour, Confirmed For Coachella",https://news.pollstar.com/2024/11/19/post-malone-announces-stadium-tour-confirmed-for-coachella/,2024-11-19,2025-04-10,2025-07-01,Citizens Bank Park,"Philadelphia, PA",Stadium,FALSE,,,TRUE
Post Malone,"Post Malone Announces Stadium Tour, Confirmed For Coachella",https://news.pollstar.com/2024/11/19/post-malone-announces-stadium-tour-confirmed-for-coachella/,2024-11-19,2025-04-10,2025-07-01,Rogers Centre,"Toronto, ON",Arena,FALSE,,,TRUE
Post Malone,"Post Malone Announces Stadium Tour, Confirmed For Coachella",https://news.pollstar.com/2024/11/19/post-malone-announces-stadium-tour-confirmed-for-coachella/,2024-11-19,2025-04-10,2025-07-01,Hersheypark Stadium,"Hershey, PA",Stadium,FALSE,,,TRUE
Post Malone,"Post Malone Announces Stadium Tour, Confirmed For Coachella",https://news.pollstar.com/2024/11/19/post-malone-announces-stadium-tour-confirmed-for-coachella/,2024-11-19,2025-04-10,2025-07-01,PNC Park,"Pittsburgh, PA",Other,FALSE,,,TRUE
Post Malone,"Post Malone Announces Stadium Tour, Confirmed For Coachella",https://news.pollstar.com/2024/11/19/post-malone-announces-stadium-tour-confirmed-for-coachella/,2024-11-19,2025-04-10,2025-07-01,Gillette Stadium,"Foxborough, MA",Stadium,FALSE,,,TRUE
Post Malone,"Post Malone Announces Stadium Tour, Confirmed For Coachella",https://news.pollstar.com/2024/11/19/post-malone-announces-stadium-tour-confirmed-for-coachella/,2024-11-19,2025-04-10,2025-07-01,Northwest Stadium,"Washington, DC",Stadium,FALSE,,,TRUE
Post Malone,"Post Malone Announces Stadium Tour, Confirmed For Coachella",https://news.pollstar.com/2024/11/19/post-malone-announces-stadium-tour-confirmed-for-coachella/,2024-11-19,2025-04-10,2025-07-01,Citi Field,"New York, NY",Stadium,FALSE,,,TRUE
Post Malone,"Post Malone Announces Stadium Tour, Confirmed For Coachella",https://news.pollstar.com/2024/11/19/post-malone-announces-stadium-tour-confirmed-for-coachella/,2024-11-19,2025-04-10,2025-07-01,Hard Rock Stadium,"Miami, FL",Stadium,FALSE,,,TRUE
Post Malone,"Post Malone Announces Stadium Tour, Confirmed For Coachella",https://news.pollstar.com/2024/11/19/post-malone-announces-stadium-tour-confirmed-for-coachella/,2024-11-19,2025-04-10,2025-07-01,Camping World Stadium,"Orlando, FL",Stadium,FALSE,,,TRUE
Post Malone,"Post Malone Announces Stadium Tour, Confirmed For Coachella",https://news.pollstar.com/2024/11/19/post-malone-announces-stadium-tour-confirmed-for-coachella/,2024-11-19,2025-04-10,2025-07-01,Thunder Ridge Nature Arena,"Ridgedale, MO",Arena,FALSE,,,TRUE
Post Malone,"Post Malone Announces Stadium Tour, Confirmed For Coachella",https://news.pollstar.com/2024/11/19/post-malone-announces-stadium-tour-confirmed-for-coachella/,2024-11-19,2025-04-10,2025-07-01,Empower Field at Mile High,"Denver, CO",Stadium,FALSE,,,TRUE
Post Malone,"Post Malone Announces Stadium Tour, Confirmed For Coachella",https://news.pollstar.com/2024/11/19/post-malone-announces-stadium-tour-confirmed-for-coachella/,2024-11-19,2025-04-10,2025-07-01,State Farm Stadium,"Glendale, AZ",Stadium,FALSE,,,TRUE
Post Malone,"Post Malone Announces Stadium Tour, Confirmed For Coachella",https://news.pollstar.com/2024/11/19/post-malone-announces-stadium-tour-confirmed-for-coachella/,2024-11-19,2025-04-10,2025-07-01,Albertsons Stadium,"Boise, ID",Stadium,FALSE,,,TRUE
Post Malone,"Post Malone Announces Stadium Tour, Confirmed For Coachella",https://news.pollstar.com/2024/11/19/post-malone-announces-stadium-tour-confirmed-for-coachella/,2024-11-19,2025-04-10,2025-07-01,T-Mobile Park,"Seattle, WA",Stadium,FALSE,,,TRUE
Post Malone,"Post Malone Announces Stadium Tour, Confirmed For Coachella",https://news.pollstar.com/2024/11/19/post-malone-announces-stadium-tour-confirmed-for-coachella/,2024-11-19,2025-04-10,2025-07-01,Providence Park,"Portland, OR",Stadium,FALSE,,,TRUE
Post Malone,"Post Malone Announces Stadium Tour, Confirmed For Coachella",https://news.pollstar.com/2024/11/19/post-malone-announces-stadium-tour-confirmed-for-coachella/,2024-11-19,2025-04-10,2025-07-01,Oracle Park,"San Francisco, CA",Stadium,FALSE,,,TRUE
Ghost Embarking On Biggest Tour Yet In 2025,"Ghost Embarking On Biggest Tour Yet In 2025, Including First Madison Square Garden Show",https://news.pollstar.com/2024/10/28/ghost-embarking-on-biggest-tour-yet-in-2025-including-first-madison-square-garden-show/,2024-10-28,2023-04-15,2023-09-24,AO Arena,"Manchester, UK",Arena,FALSE,,,TRUE
Ghost Embarking On Biggest Tour Yet In 2025,"Ghost Embarking On Biggest Tour Yet In 2025, Including First Madison Square Garden Show",https://news.pollstar.com/2024/10/28/ghost-embarking-on-biggest-tour-yet-in-2025-including-first-madison-square-garden-show/,2024-10-28,2023-04-15,2023-09-24,OVO Hydro,"Glasgow, UK",Arena,FALSE,,,TRUE
Ghost Embarking On Biggest Tour Yet In 2025,"Ghost Embarking On Biggest Tour Yet In 2025, Including First Madison Square Garden Show",https://news.pollstar.com/2024/10/28/ghost-embarking-on-biggest-tour-yet-in-2025-including-first-madison-square-garden-show/,2024-10-28,2023-04-15,2023-09-24,The O2,"London, UK",Arena,FALSE,,,TRUE
Ghost Embarking On Biggest Tour Yet In 2025,"Ghost Embarking On Biggest Tour Yet In 2025, Including First Madison Square Garden Show",https://news.pollstar.com/2024/10/28/ghost-embarking-on-biggest-tour-yet-in-2025-including-first-madison-square-garden-show/,2024-10-28,2023-04-15,2023-09-24,Utilita Arena,"Birmingham, UK",Arena,FALSE,,,TRUE
Ghost Embarking On Biggest Tour Yet In 2025,"Ghost Embarking On Biggest Tour Yet In 2025, Including First Madison Square Garden Show",https://news.pollstar.com/2024/10/28/ghost-embarking-on-biggest-tour-yet-in-2025-including-first-madison-square-garden-show/,2024-10-28,2023-04-15,2023-09-24,Sportpaleis,"Antwerp, BE",Arena,FALSE,,,TRUE
Ghost Embarking On Biggest Tour Yet In 2025,"Ghost Embarking On Biggest Tour Yet In 2025, Including First Madison Square Garden Show",https://news.pollstar.com/2024/10/28/ghost-embarking-on-biggest-tour-yet-in-2025-including-first-madison-square-garden-show/,2024-10-28,2023-04-15,2023-09-24,Festhalle Frankfurt,"Frankfurt, DE",Arena,FALSE,,,TRUE
Ghost Embarking On Biggest Tour Yet In 2025,"Ghost Embarking On Biggest Tour Yet In 2025, Including First Madison Square Garden Show",https://news.pollstar.com/2024/10/28/ghost-embarking-on-biggest-tour-yet-in-2025-including-first-madison-square-garden-show/,2024-10-28,2023-04-15,2023-09-24,Olympiahalle,"Munich, DE",Arena,FALSE,,,TRUE
Ghost Embarking On Biggest Tour Yet In 2025,"Ghost Embarking On Biggest Tour Yet In 2025, Including First Madison Square Garden Show",https://news.pollstar.com/2024/10/28/ghost-embarking-on-biggest-tour-yet-in-2025-including-first-madison-square-garden-show/,2024-10-28,2023-04-15,2023-09-24,LDLC Arena,"Lyon, FR",Arena,FALSE,,,TRUE
Ghost Embarking On Biggest Tour Yet In 2025,"Ghost Embarking On Biggest Tour Yet In 2025, Including First Madison Square Garden Show",https://news.pollstar.com/2024/10/28/ghost-embarking-on-biggest-tour-yet-in-2025-including-first-madison-square-garden-show/,2024-10-28,2023-04-15,2023-09-24,Zénith Toulouse Métropole,"Toulouse, FR",Arena,FALSE,,,TRUE
Ghost Embarking On Biggest Tour Yet In 2025,"Ghost Embarking On Biggest Tour Yet In 2025, Including First Madison Square Garden Show",https://news.pollstar.com/2024/10/28/ghost-embarking-on-biggest-tour-yet-in-2025-including-first-madison-square-garden-show/,2024-10-28,2023-04-15,2023-09-24,MEO Arena,"Lisbon, PT",Arena,LYV,,,TRUE
Ghost Embarking On Biggest Tour Yet In 2025,"Ghost Embarking On Biggest Tour Yet In 2025, Including First Madison Square Garden Show",https://news.pollstar.com/2024/10/28/ghost-embarking-on-biggest-tour-yet-in-2025-including-first-madison-square-garden-show/,2024-10-28,2023-04-15,2023-09-24,Palacio Vistalegre,"Madrid, ES",Arena,FALSE,,,TRUE
Ghost Embarking On Biggest Tour Yet In 2025,"Ghost Embarking On Biggest Tour Yet In 2025, Including First Madison Square Garden Show",https://news.pollstar.com/2024/10/28/ghost-embarking-on-biggest-tour-yet-in-2025-including-first-madison-square-garden-show/,2024-10-28,2023-04-15,2023-09-24,Hallenstadion Zürich,"Zürich, CH",Arena,FALSE,,,TRUE
Ghost Embarking On Biggest Tour Yet In 2025,"Ghost Embarking On Biggest Tour Yet In 2025, Including First Madison Square Garden Show",https://news.pollstar.com/2024/10/28/ghost-embarking-on-biggest-tour-yet-in-2025-including-first-madison-square-garden-show/,2024-10-28,2023-04-15,2023-09-24,Unipol Forum,"Milan, IT",Arena,FALSE,,,TRUE
Ghost Embarking On Biggest Tour Yet In 2025,"Ghost Embarking On Biggest Tour Yet In 2025, Including First Madison Square Garden Show",https://news.pollstar.com/2024/10/28/ghost-embarking-on-biggest-tour-yet-in-2025-including-first-madison-square-garden-show/,2024-10-28,2023-04-15,2023-09-24,Uber Arena,"Berlin, DE",Arena,FALSE,,,TRUE
Ghost Embarking On Biggest Tour Yet In 2025,"Ghost Embarking On Biggest Tour Yet In 2025, Including First Madison Square Garden Show",https://news.pollstar.com/2024/10/28/ghost-embarking-on-biggest-tour-yet-in-2025-including-first-madison-square-garden-show/,2024-10-28,2023-04-15,2023-09-24,Ziggo Dome,"Amsterdam, NL",Arena,FALSE,,,TRUE
Ghost Embarking On Biggest Tour Yet In 2025,"Ghost Embarking On Biggest Tour Yet In 2025, Including First Madison Square Garden Show",https://news.pollstar.com/2024/10/28/ghost-embarking-on-biggest-tour-yet-in-2025-including-first-madison-square-garden-show/,2024-10-28,2023-04-15,2023-09-24,Atlas Arena,"Lodz, PL",Arena,FALSE,,,TRUE
Ghost Embarking On Biggest Tour Yet In 2025,"Ghost Embarking On Biggest Tour Yet In 2025, Including First Madison Square Garden Show",https://news.pollstar.com/2024/10/28/ghost-embarking-on-biggest-tour-yet-in-2025-including-first-madison-square-garden-show/,2024-10-28,2023-04-15,2023-09-24,O2 Arena,"Prague, CZ",Arena,FALSE,,,TRUE
Ghost Embarking On Biggest Tour Yet In 2025,"Ghost Embarking On Biggest Tour Yet In 2025, Including First Madison Square Garden Show",https://news.pollstar.com/2024/10/28/ghost-embarking-on-biggest-tour-yet-in-2025-including-first-madison-square-garden-show/,2024-10-28,2023-04-15,2023-09-24,Accor Arena,"Paris, FR",Arena,FALSE,,,TRUE
Ghost Embarking On Biggest Tour Yet In 2025,"Ghost Embarking On Biggest Tour Yet In 2025, Including First Madison Square Garden Show",https://news.pollstar.com/2024/10/28/ghost-embarking-on-biggest-tour-yet-in-2025-including-first-madison-square-garden-show/,2024-10-28,2023-04-15,2023-09-24,Rudolf Weber-ARENA,"Oberhausen, DE",Arena,FALSE,,,TRUE
Ghost Embarking On Biggest Tour Yet In 2025,"Ghost Embarking On Biggest Tour Yet In 2025, Including First Madison Square Garden Show",https://news.pollstar.com/2024/10/28/ghost-embarking-on-biggest-tour-yet-in-2025-including-first-madison-square-garden-show/,2024-10-28,2023-04-15,2023-09-24,ZAG Arena,"Hannover, DE",Arena,FALSE,,,TRUE
Ghost Embarking On Biggest Tour Yet In 2025,"Ghost Embarking On Biggest Tour Yet In 2025, Including First Madison Square Garden Show",https://news.pollstar.com/2024/10/28/ghost-embarking-on-biggest-tour-yet-in-2025-including-first-madison-square-garden-show/,2024-10-28,2023-04-15,2023-09-24,Royal Arena,"Copenhagen, DK",Arena,LYV,,,TRUE
Ghost Embarking On Biggest Tour Yet In 2025,"Ghost Embarking On Biggest Tour Yet In 2025, Including First Madison Square Garden Show",https://news.pollstar.com/2024/10/28/ghost-embarking-on-biggest-tour-yet-in-2025-including-first-madison-square-garden-show/,2024-10-28,2023-04-15,2023-09-24,Nokia Arena,"Tampere, FI",Arena,FALSE,,,TRUE
Ghost Embarking On Biggest Tour Yet In 2025,"Ghost Embarking On Biggest Tour Yet In 2025, Including First Madison Square Garden Show",https://news.pollstar.com/2024/10/28/ghost-embarking-on-biggest-tour-yet-in-2025-including-first-madison-square-garden-show/,2024-10-28,2023-04-15,2023-09-24,Saab Arena,"Linköping, SE",Arena,FALSE,,,TRUE
Ghost Embarking On Biggest Tour Yet In 2025,"Ghost Embarking On Biggest Tour Yet In 2025, Including First Madison Square Garden Show",https://news.pollstar.com/2024/10/28/ghost-embarking-on-biggest-tour-yet-in-2025-including-first-madison-square-garden-show/,2024-10-28,2023-04-15,2023-09-24,Göransson Arena,"Sandviken, SE",Arena,FALSE,,,TRUE
Ghost Embarking On Biggest Tour Yet In 2025,"Ghost Embarking On Biggest Tour Yet In 2025, Including First Madison Square Garden Show",https://news.pollstar.com/2024/10/28/ghost-embarking-on-biggest-tour-yet-in-2025-including-first-madison-square-garden-show/,2024-10-28,2023-04-15,2023-09-24,Oslo Spektrum,"Oslo, NO",Arena,FALSE,,,TRUE
Ghost Embarking On Biggest Tour Yet In 2025,"Ghost Embarking On Biggest Tour Yet In 2025, Including First Madison Square Garden Show",https://news.pollstar.com/2024/10/28/ghost-embarking-on-biggest-tour-yet-in-2025-including-first-madison-square-garden-show/,2024-10-28,2023-04-15,2023-09-24,CFG Bank Arena,"Baltimore, MD",Arena,FALSE,,,TRUE
Ghost Embarking On Biggest Tour Yet In 2025,"Ghost Embarking On Biggest Tour Yet In 2025, Including First Madison Square Garden Show",https://news.pollstar.com/2024/10/28/ghost-embarking-on-biggest-tour-yet-in-2025-including-first-madison-square-garden-show/,2024-10-28,2023-04-15,2023-09-24,State Farm Arena,"Atlanta, GA",Arena,FALSE,,,TRUE
Ghost Embarking On Biggest Tour Yet In 2025,"Ghost Embarking On Biggest Tour Yet In 2025, Including First Madison Square Garden Show",https://news.pollstar.com/2024/10/28/ghost-embarking-on-biggest-tour-yet-in-2025-including-first-madison-square-garden-show/,2024-10-28,2023-04-15,2023-09-24,Amalie Arena,"Tampa, FL",Arena,FALSE,,,TRUE
Ghost Embarking On Biggest Tour Yet In 2025,"Ghost Embarking On Biggest Tour Yet In 2025, Including First Madison Square Garden Show",https://news.pollstar.com/2024/10/28/ghost-embarking-on-biggest-tour-yet-in-2025-including-first-madison-square-garden-show/,2024-10-28,2023-04-15,2023-09-24,Kaseya Center,"Miami, FL",Arena,FALSE,,,TRUE
Ghost Embarking On Biggest Tour Yet In 2025,"Ghost Embarking On Biggest Tour Yet In 2025, Including First Madison Square Garden Show",https://news.pollstar.com/2024/10/28/ghost-embarking-on-biggest-tour-yet-in-2025-including-first-madison-square-garden-show/,2024-10-28,2023-04-15,2023-09-24,Lenovo Center,"Raleigh, NC",Arena,FALSE,,,TRUE
Ghost Embarking On Biggest Tour Yet In 2025,"Ghost Embarking On Biggest Tour Yet In 2025, Including First Madison Square Garden Show",https://news.pollstar.com/2024/10/28/ghost-embarking-on-biggest-tour-yet-in-2025-including-first-madison-square-garden-show/,2024-10-28,2023-04-15,2023-09-24,Rocket Mortgage FieldHouse,"Cleveland, OH",Arena,FALSE,,,TRUE
Ghost Embarking On Biggest Tour Yet In 2025,"Ghost Embarking On Biggest Tour Yet In 2025, Including First Madison Square Garden Show",https://news.pollstar.com/2024/10/28/ghost-embarking-on-biggest-tour-yet-in-2025-including-first-madison-square-garden-show/,2024-10-28,2023-04-15,2023-09-24,PPG Paints Arena,"Pittsburgh, PA",Arena,FALSE,,,TRUE
Ghost Embarking On Biggest Tour Yet In 2025,"Ghost Embarking On Biggest Tour Yet In 2025, Including First Madison Square Garden Show",https://news.pollstar.com/2024/10/28/ghost-embarking-on-biggest-tour-yet-in-2025-including-first-madison-square-garden-show/,2024-10-28,2023-04-15,2023-09-24,Wells Fargo Center,"Philadelphia, PA",Arena,FALSE,,,TRUE
Ghost Embarking On Biggest Tour Yet In 2025,"Ghost Embarking On Biggest Tour Yet In 2025, Including First Madison Square Garden Show",https://news.pollstar.com/2024/10/28/ghost-embarking-on-biggest-tour-yet-in-2025-including-first-madison-square-garden-show/,2024-10-28,2023-04-15,2023-09-24,TD Garden,"Boston, MA",Arena,FALSE,,,TRUE
Ghost Embarking On Biggest Tour Yet In 2025,"Ghost Embarking On Biggest Tour Yet In 2025, Including First Madison Square Garden Show",https://news.pollstar.com/2024/10/28/ghost-embarking-on-biggest-tour-yet-in-2025-including-first-madison-square-garden-show/,2024-10-28,2023-04-15,2023-09-24,Madison Square Garden,"New York, NY",Arena,FALSE,,,TRUE
Ghost Embarking On Biggest Tour Yet In 2025,"Ghost Embarking On Biggest Tour Yet In 2025, Including First Madison Square Garden Show",https://news.pollstar.com/2024/10/28/ghost-embarking-on-biggest-tour-yet-in-2025-including-first-madison-square-garden-show/,2024-10-28,2023-04-15,2023-09-24,Little Caesars Arena,"Detroit, MI",Theater,FALSE,,,TRUE
Ghost Embarking On Biggest Tour Yet In 2025,"Ghost Embarking On Biggest Tour Yet In 2025, Including First Madison Square Garden Show",https://news.pollstar.com/2024/10/28/ghost-embarking-on-biggest-tour-yet-in-2025-including-first-madison-square-garden-show/,2024-10-28,2023-04-15,2023-09-24,KFC Yum! Center,"Louisville, KY",Arena,FALSE,,,TRUE
Ghost Embarking On Biggest Tour Yet In 2025,"Ghost Embarking On Biggest Tour Yet In 2025, Including First Madison Square Garden Show",https://news.pollstar.com/2024/10/28/ghost-embarking-on-biggest-tour-yet-in-2025-including-first-madison-square-garden-show/,2024-10-28,2023-04-15,2023-09-24,Bridgestone Arena,"Nashville, TN",Arena,FALSE,,,TRUE
Ghost Embarking On Biggest Tour Yet In 2025,"Ghost Embarking On Biggest Tour Yet In 2025, Including First Madison Square Garden Show",https://news.pollstar.com/2024/10/28/ghost-embarking-on-biggest-tour-yet-in-2025-including-first-madison-square-garden-show/,2024-10-28,2023-04-15,2023-09-24,Van Andel Arena,"Grand Rapids, MI",Arena,FALSE,,,TRUE
Ghost Embarking On Biggest Tour Yet In 2025,"Ghost Embarking On Biggest Tour Yet In 2025, Including First Madison Square Garden Show",https://news.pollstar.com/2024/10/28/ghost-embarking-on-biggest-tour-yet-in-2025-including-first-madison-square-garden-show/,2024-10-28,2023-04-15,2023-09-24,Fiserv Forum,"Milwaukee, WI",Arena,FALSE,,,TRUE
Ghost Embarking On Biggest Tour Yet In 2025,"Ghost Embarking On Biggest Tour Yet In 2025, Including First Madison Square Garden Show",https://news.pollstar.com/2024/10/28/ghost-embarking-on-biggest-tour-yet-in-2025-including-first-madison-square-garden-show/,2024-10-28,2023-04-15,2023-09-24,Enterprise Center,"St. Louis, MO",Arena,FALSE,,,TRUE
Ghost Embarking On Biggest Tour Yet In 2025,"Ghost Embarking On Biggest Tour Yet In 2025, Including First Madison Square Garden Show",https://news.pollstar.com/2024/10/28/ghost-embarking-on-biggest-tour-yet-in-2025-including-first-madison-square-garden-show/,2024-10-28,2023-04-15,2023-09-24,Allstate Arena,"Rosemont, IL",Arena,FALSE,,,TRUE
Ghost Embarking On Biggest Tour Yet In 2025,"Ghost Embarking On Biggest Tour Yet In 2025, Including First Madison Square Garden Show",https://news.pollstar.com/2024/10/28/ghost-embarking-on-biggest-tour-yet-in-2025-including-first-madison-square-garden-show/,2024-10-28,2023-04-15,2023-09-24,Xcel Energy Center,"Saint Paul, MN",Arena,FALSE,,,TRUE
Ghost Embarking On Biggest Tour Yet In 2025,"Ghost Embarking On Biggest Tour Yet In 2025, Including First Madison Square Garden Show",https://news.pollstar.com/2024/10/28/ghost-embarking-on-biggest-tour-yet-in-2025-including-first-madison-square-garden-show/,2024-10-28,2023-04-15,2023-09-24,CHI Health Center,"Omaha, NE",Arena,FALSE,,,TRUE
Ghost Embarking On Biggest Tour Yet In 2025,"Ghost Embarking On Biggest Tour Yet In 2025, Including First Madison Square Garden Show",https://news.pollstar.com/2024/10/28/ghost-embarking-on-biggest-tour-yet-in-2025-including-first-madison-square-garden-show/,2024-10-28,2023-04-15,2023-09-24,T-Mobile Center,"Kansas City, MO",Arena,FALSE,,,TRUE
Ghost Embarking On Biggest Tour Yet In 2025,"Ghost Embarking On Biggest Tour Yet In 2025, Including First Madison Square Garden Show",https://news.pollstar.com/2024/10/28/ghost-embarking-on-biggest-tour-yet-in-2025-including-first-madison-square-garden-show/,2024-10-28,2023-04-15,2023-09-24,Ball Arena,"Denver, CO",Arena,FALSE,,,TRUE
Ghost Embarking On Biggest Tour Yet In 2025,"Ghost Embarking On Biggest Tour Yet In 2025, Including First Madison Square Garden Show",https://news.pollstar.com/2024/10/28/ghost-embarking-on-biggest-tour-yet-in-2025-including-first-madison-square-garden-show/,2024-10-28,2023-04-15,2023-09-24,MGM Grand Garden Arena,"Las Vegas, NV",Arena,FALSE,,,TRUE
Ghost Embarking On Biggest Tour Yet In 2025,"Ghost Embarking On Biggest Tour Yet In 2025, Including First Madison Square Garden Show",https://news.pollstar.com/2024/10/28/ghost-embarking-on-biggest-tour-yet-in-2025-including-first-madison-square-garden-show/,2024-10-28,2023-04-15,2023-09-24,Viejas Arena,"San Diego, CA",Arena,FALSE,,,TRUE
Ghost Embarking On Biggest Tour Yet In 2025,"Ghost Embarking On Biggest Tour Yet In 2025, Including First Madison Square Garden Show",https://news.pollstar.com/2024/10/28/ghost-embarking-on-biggest-tour-yet-in-2025-including-first-madison-square-garden-show/,2024-10-28,2023-04-15,2023-09-24,Footprint Center,"Phoenix, AZ",Arena,FALSE,,,TRUE
Ghost Embarking On Biggest Tour Yet In 2025,"Ghost Embarking On Biggest Tour Yet In 2025, Including First Madison Square Garden Show",https://news.pollstar.com/2024/10/28/ghost-embarking-on-biggest-tour-yet-in-2025-including-first-madison-square-garden-show/,2024-10-28,2023-04-15,2023-09-24,Moody Center,"Austin, TX",Arena,FALSE,,,TRUE
Ghost Embarking On Biggest Tour Yet In 2025,"Ghost Embarking On Biggest Tour Yet In 2025, Including First Madison Square Garden Show",https://news.pollstar.com/2024/10/28/ghost-embarking-on-biggest-tour-yet-in-2025-including-first-madison-square-garden-show/,2024-10-28,2023-04-15,2023-09-24,Dickies Arena,"Fort Worth, TX",Arena,FALSE,,,TRUE
Ghost Embarking On Biggest Tour Yet In 2025,"Ghost Embarking On Biggest Tour Yet In 2025, Including First Madison Square Garden Show",https://news.pollstar.com/2024/10/28/ghost-embarking-on-biggest-tour-yet-in-2025-including-first-madison-square-garden-show/,2024-10-28,2023-04-15,2023-09-24,Toyota Center,"Houston, TX",Arena,FALSE,,,TRUE
Ghost Embarking On Biggest Tour Yet In 2025,"Ghost Embarking On Biggest Tour Yet In 2025, Including First Madison Square Garden Show",https://news.pollstar.com/2024/10/28/ghost-embarking-on-biggest-tour-yet-in-2025-including-first-madison-square-garden-show/,2024-10-28,2023-04-15,2023-09-24,Palacio de los Deportes,"Mexico City, MX",Arena,LYV,,,TRUE
Rising Mexican Stars Latin Mafia,Rising Mexican Stars Latin Mafia Announce First-Ever US Tour,https://news.pollstar.com/2024/10/28/rising-mexican-stars-latin-mafia-announce-first-ever-us-tour/,2024-10-28,2025-01-16,2025-06-13,The Masonic,"San Francisco, CA",Theater,LYV,,,TRUE
Rising Mexican Stars Latin Mafia,Rising Mexican Stars Latin Mafia Announce First-Ever US Tour,https://news.pollstar.com/2024/10/28/rising-mexican-stars-latin-mafia-announce-first-ever-us-tour/,2024-10-28,2025-01-16,2025-06-13,House of Blues,"Anaheim, CA",Club,LYV,,,TRUE
Rising Mexican Stars Latin Mafia,Rising Mexican Stars Latin Mafia Announce First-Ever US Tour,https://news.pollstar.com/2024/10/28/rising-mexican-stars-latin-mafia-announce-first-ever-us-tour/,2024-10-28,2025-01-16,2025-06-13,House of Blues,"San Diego, CA",Club,LYV,,,TRUE
Rising Mexican Stars Latin Mafia,Rising Mexican Stars Latin Mafia Announce First-Ever US Tour,https://news.pollstar.com/2024/10/28/rising-mexican-stars-latin-mafia-announce-first-ever-us-tour/,2024-10-28,2025-01-16,2025-06-13,Hollywood Palladium,"Los Angeles, CA",Theater,LYV,,,TRUE
Rising Mexican Stars Latin Mafia,Rising Mexican Stars Latin Mafia Announce First-Ever US Tour,https://news.pollstar.com/2024/10/28/rising-mexican-stars-latin-mafia-announce-first-ever-us-tour/,2024-10-28,2025-01-16,2025-06-13,The Van Buren,"Phoenix, AZ",Theater,LYV,,,TRUE
Rising Mexican Stars Latin Mafia,Rising Mexican Stars Latin Mafia Announce First-Ever US Tour,https://news.pollstar.com/2024/10/28/rising-mexican-stars-latin-mafia-announce-first-ever-us-tour/,2024-10-28,2025-01-16,2025-06-13,Plaza Theatre,"El Paso, TX",Theater,FALSE,,,TRUE
Rising Mexican Stars Latin Mafia,Rising Mexican Stars Latin Mafia Announce First-Ever US Tour,https://news.pollstar.com/2024/10/28/rising-mexican-stars-latin-mafia-announce-first-ever-us-tour/,2024-10-28,2025-01-16,2025-06-13,Emo’s,"Austin, TX",Club,FALSE,,,TRUE
Rising Mexican Stars Latin Mafia,Rising Mexican Stars Latin Mafia Announce First-Ever US Tour,https://news.pollstar.com/2024/10/28/rising-mexican-stars-latin-mafia-announce-first-ever-us-tour/,2024-10-28,2025-01-16,2025-06-13,Boeing Center at Tech Port,"San Antonio, TX",Arena,FALSE,,,TRUE
Rising Mexican Stars Latin Mafia,Rising Mexican Stars Latin Mafia Announce First-Ever US Tour,https://news.pollstar.com/2024/10/28/rising-mexican-stars-latin-mafia-announce-first-ever-us-tour/,2024-10-28,2025-01-16,2025-06-13,White Oak Music Hall,"Houston, TX",Other,FALSE,,,TRUE
Rising Mexican Stars Latin Mafia,Rising Mexican Stars Latin Mafia Announce First-Ever US Tour,https://news.pollstar.com/2024/10/28/rising-mexican-stars-latin-mafia-announce-first-ever-us-tour/,2024-10-28,2025-01-16,2025-06-13,South Side Ballroom,"Dallas, TX",Club,FALSE,,,TRUE
Rising Mexican Stars Latin Mafia,Rising Mexican Stars Latin Mafia Announce First-Ever US Tour,https://news.pollstar.com/2024/10/28/rising-mexican-stars-latin-mafia-announce-first-ever-us-tour/,2024-10-28,2025-01-16,2025-06-13,House of Blues Orlando,"Lake Buena Vista, FL",Club,LYV,,,TRUE
Rising Mexican Stars Latin Mafia,Rising Mexican Stars Latin Mafia Announce First-Ever US Tour,https://news.pollstar.com/2024/10/28/rising-mexican-stars-latin-mafia-announce-first-ever-us-tour/,2024-10-28,2025-01-16,2025-06-13,The Fillmore Miami Beach at Jackie Gleason Theatre,"Miami Beach, FL",Theater,LYV,,,TRUE
Rising Mexican Stars Latin Mafia,Rising Mexican Stars Latin Mafia Announce First-Ever US Tour,https://news.pollstar.com/2024/10/28/rising-mexican-stars-latin-mafia-announce-first-ever-us-tour/,2024-10-28,2025-01-16,2025-06-13,The Fillmore Silver Spring,"Silver Spring, MD",Club,LYV,,,TRUE
Rising Mexican Stars Latin Mafia,Rising Mexican Stars Latin Mafia Announce First-Ever US Tour,https://news.pollstar.com/2024/10/28/rising-mexican-stars-latin-mafia-announce-first-ever-us-tour/,2024-10-28,2025-01-16,2025-06-13,Byline Bank Aragon Ballroom,"Chicago, IL",Club,LYV,,,TRUE
Rising Mexican Stars Latin Mafia,Rising Mexican Stars Latin Mafia Announce First-Ever US Tour,https://news.pollstar.com/2024/10/28/rising-mexican-stars-latin-mafia-announce-first-ever-us-tour/,2024-10-28,2025-01-16,2025-06-13,Brooklyn Paramount,"Brooklyn, NY",Theater,LYV,,,TRUE
Rising Mexican Stars Latin Mafia,Rising Mexican Stars Latin Mafia Announce First-Ever US Tour,https://news.pollstar.com/2024/10/28/rising-mexican-stars-latin-mafia-announce-first-ever-us-tour/,2024-10-28,2025-01-16,2025-06-13,Citizens House of Blues,"Boston, MA",Club,LYV,,,TRUE
Rising Mexican Stars Latin Mafia,Rising Mexican Stars Latin Mafia Announce First-Ever US Tour,https://news.pollstar.com/2024/10/28/rising-mexican-stars-latin-mafia-announce-first-ever-us-tour/,2024-10-28,2025-01-16,2025-06-13,Coca-Cola Music Hall,"San Juan, PR",Other,FALSE,,,TRUE
Rising Mexican Stars Latin Mafia,Rising Mexican Stars Latin Mafia Announce First-Ever US Tour,https://news.pollstar.com/2024/10/28/rising-mexican-stars-latin-mafia-announce-first-ever-us-tour/,2024-10-28,2025-01-16,2025-06-13,El Domo,San Luis Potosí,Arena,FALSE,,,TRUE
Rising Mexican Stars Latin Mafia,Rising Mexican Stars Latin Mafia Announce First-Ever US Tour,https://news.pollstar.com/2024/10/28/rising-mexican-stars-latin-mafia-announce-first-ever-us-tour/,2024-10-28,2025-01-16,2025-06-13,Auditorio CUMM,Hermosillo,Auditorium,FALSE,,,TRUE
Rising Mexican Stars Latin Mafia,Rising Mexican Stars Latin Mafia Announce First-Ever US Tour,https://news.pollstar.com/2024/10/28/rising-mexican-stars-latin-mafia-announce-first-ever-us-tour/,2024-10-28,2025-01-16,2025-06-13,Gimnasio Universitario,Ciudad Juárez,Arena,FALSE,,,TRUE
Rising Mexican Stars Latin Mafia,Rising Mexican Stars Latin Mafia Announce First-Ever US Tour,https://news.pollstar.com/2024/10/28/rising-mexican-stars-latin-mafia-announce-first-ever-us-tour/,2024-10-28,2025-01-16,2025-06-13,Corner Spot,Chihuahua,Club,FALSE,,,TRUE
Rising Mexican Stars Latin Mafia,Rising Mexican Stars Latin Mafia Announce First-Ever US Tour,https://news.pollstar.com/2024/10/28/rising-mexican-stars-latin-mafia-announce-first-ever-us-tour/,2024-10-28,2025-01-16,2025-06-13,Auditorio Jodo,Querétaro,Auditorium,FALSE,,,TRUE
Rising Mexican Stars Latin Mafia,Rising Mexican Stars Latin Mafia Announce First-Ever US Tour,https://news.pollstar.com/2024/10/28/rising-mexican-stars-latin-mafia-announce-first-ever-us-tour/,2024-10-28,2025-01-16,2025-06-13,La Velaria,León,Other,FALSE,,,TRUE
Rising Mexican Stars Latin Mafia,Rising Mexican Stars Latin Mafia Announce First-Ever US Tour,https://news.pollstar.com/2024/10/28/rising-mexican-stars-latin-mafia-announce-first-ever-us-tour/,2024-10-28,2025-01-16,2025-06-13,Auditorio El Domo,Aguascalientes,Auditorium,FALSE,,,TRUE
Rising Mexican Stars Latin Mafia,Rising Mexican Stars Latin Mafia Announce First-Ever US Tour,https://news.pollstar.com/2024/10/28/rising-mexican-stars-latin-mafia-announce-first-ever-us-tour/,2024-10-28,2025-01-16,2025-06-13,Plaza de Toros,Cancún,Other,FALSE,,,TRUE
Rising Mexican Stars Latin Mafia,Rising Mexican Stars Latin Mafia Announce First-Ever US Tour,https://news.pollstar.com/2024/10/28/rising-mexican-stars-latin-mafia-announce-first-ever-us-tour/,2024-10-28,2025-01-16,2025-06-13,Auditorio GNP,Mérida,Theater,FALSE,,,TRUE
Rising Mexican Stars Latin Mafia,Rising Mexican Stars Latin Mafia Announce First-Ever US Tour,https://news.pollstar.com/2024/10/28/rising-mexican-stars-latin-mafia-announce-first-ever-us-tour/,2024-10-28,2025-01-16,2025-06-13,Foro Chiapas,Tuxtla,Arena,FALSE,,,TRUE
Rising Mexican Stars Latin Mafia,Rising Mexican Stars Latin Mafia Announce First-Ever US Tour,https://news.pollstar.com/2024/10/28/rising-mexican-stars-latin-mafia-announce-first-ever-us-tour/,2024-10-28,2025-01-16,2025-06-13,Expo Tampico,Tampico,Other,FALSE,,,TRUE
Rising Mexican Stars Latin Mafia,Rising Mexican Stars Latin Mafia Announce First-Ever US Tour,https://news.pollstar.com/2024/10/28/rising-mexican-stars-latin-mafia-announce-first-ever-us-tour/,2024-10-28,2025-01-16,2025-06-13,Benito Juárez,Veracruz,Other,FALSE,,,TRUE
Rising Mexican Stars Latin Mafia,Rising Mexican Stars Latin Mafia Announce First-Ever US Tour,https://news.pollstar.com/2024/10/28/rising-mexican-stars-latin-mafia-announce-first-ever-us-tour/,2024-10-28,2025-01-16,2025-06-13,Auditorio Guelaguetza,Oaxaca,Auditorium,FALSE,,,TRUE
Rising Mexican Stars Latin Mafia,Rising Mexican Stars Latin Mafia Announce First-Ever US Tour,https://news.pollstar.com/2024/10/28/rising-mexican-stars-latin-mafia-announce-first-ever-us-tour/,2024-10-28,2025-01-16,2025-06-13,Auditorio GNP,Puebla,Theater,FALSE,,,TRUE
Rising Mexican Stars Latin Mafia,Rising Mexican Stars Latin Mafia Announce First-Ever US Tour,https://news.pollstar.com/2024/10/28/rising-mexican-stars-latin-mafia-announce-first-ever-us-tour/,2024-10-28,2025-01-16,2025-06-13,Auditorio Explanada,Pachuca,Auditorium,FALSE,,,TRUE
Rising Mexican Stars Latin Mafia,Rising Mexican Stars Latin Mafia Announce First-Ever US Tour,https://news.pollstar.com/2024/10/28/rising-mexican-stars-latin-mafia-announce-first-ever-us-tour/,2024-10-28,2025-01-16,2025-06-13,Arena VFG,Guadalajara,Arena,FALSE,,,TRUE
Rising Mexican Stars Latin Mafia,Rising Mexican Stars Latin Mafia Announce First-Ever US Tour,https://news.pollstar.com/2024/10/28/rising-mexican-stars-latin-mafia-announce-first-ever-us-tour/,2024-10-28,2025-01-16,2025-06-13,Plaza de Toros,Tijuana,Other,FALSE,,,TRUE
Rising Mexican Stars Latin Mafia,Rising Mexican Stars Latin Mafia Announce First-Ever US Tour,https://news.pollstar.com/2024/10/28/rising-mexican-stars-latin-mafia-announce-first-ever-us-tour/,2024-10-28,2025-01-16,2025-06-13,Palacio de los Deportes,Mexico City,Arena,LYV,,,TRUE
Rising Mexican Stars Latin Mafia,Rising Mexican Stars Latin Mafia Announce First-Ever US Tour,https://news.pollstar.com/2024/10/28/rising-mexican-stars-latin-mafia-announce-first-ever-us-tour/,2024-10-28,2025-01-16,2025-06-13,Arena Monterrey,Monterrey,Arena,FALSE,,,TRUE
Argentine Rapper Tiago PZK Postpones ‘GOTTI A TOUR’ To 2025,Argentine Rapper Tiago PZK Postpones ‘GOTTI A TOUR’ To 2025,https://news.pollstar.com/2024/10/17/argentine-rapper-tiago-pzk-postpones-gotti-a-tour-to-2025/,2024-10-17,2025-02-14,2025-07-10,"Madrid, Spain",WiZink Center,Other,FALSE,,,TRUE
Argentine Rapper Tiago PZK Postpones ‘GOTTI A TOUR’ To 2025,Argentine Rapper Tiago PZK Postpones ‘GOTTI A TOUR’ To 2025,https://news.pollstar.com/2024/10/17/argentine-rapper-tiago-pzk-postpones-gotti-a-tour-to-2025/,2024-10-17,2025-02-14,2025-07-10,"Barcelona, Spain",Sant Jordi Club,Other,FALSE,,,TRUE
Argentine Rapper Tiago PZK Postpones ‘GOTTI A TOUR’ To 2025,Argentine Rapper Tiago PZK Postpones ‘GOTTI A TOUR’ To 2025,https://news.pollstar.com/2024/10/17/argentine-rapper-tiago-pzk-postpones-gotti-a-tour-to-2025/,2024-10-17,2025-02-14,2025-07-10,"San Salvador, El Salvador",Estadio Cuscatlán,Other,FALSE,,,TRUE
Argentine Rapper Tiago PZK Postpones ‘GOTTI A TOUR’ To 2025,Argentine Rapper Tiago PZK Postpones ‘GOTTI A TOUR’ To 2025,https://news.pollstar.com/2024/10/17/argentine-rapper-tiago-pzk-postpones-gotti-a-tour-to-2025/,2024-10-17,2025-02-14,2025-07-10,"Guatemala City, Guatemala",Forum Majadas,Other,FALSE,,,TRUE
Argentine Rapper Tiago PZK Postpones ‘GOTTI A TOUR’ To 2025,Argentine Rapper Tiago PZK Postpones ‘GOTTI A TOUR’ To 2025,https://news.pollstar.com/2024/10/17/argentine-rapper-tiago-pzk-postpones-gotti-a-tour-to-2025/,2024-10-17,2025-02-14,2025-07-10,"San José, Costa Rica",Pepper Club,Other,FALSE,,,TRUE
Argentine Rapper Tiago PZK Postpones ‘GOTTI A TOUR’ To 2025,Argentine Rapper Tiago PZK Postpones ‘GOTTI A TOUR’ To 2025,https://news.pollstar.com/2024/10/17/argentine-rapper-tiago-pzk-postpones-gotti-a-tour-to-2025/,2024-10-17,2025-02-14,2025-07-10,"Lima, Perú",Multiespacio Costa 21,Other,FALSE,,,TRUE
Argentine Rapper Tiago PZK Postpones ‘GOTTI A TOUR’ To 2025,Argentine Rapper Tiago PZK Postpones ‘GOTTI A TOUR’ To 2025,https://news.pollstar.com/2024/10/17/argentine-rapper-tiago-pzk-postpones-gotti-a-tour-to-2025/,2024-10-17,2025-02-14,2025-07-10,"Buenos Aires, Argentina",Movistar Arena,Other,FALSE,,,TRUE
Argentine Rapper Tiago PZK Postpones ‘GOTTI A TOUR’ To 2025,Argentine Rapper Tiago PZK Postpones ‘GOTTI A TOUR’ To 2025,https://news.pollstar.com/2024/10/17/argentine-rapper-tiago-pzk-postpones-gotti-a-tour-to-2025/,2024-10-17,2025-02-14,2025-07-10,"Quito, Ecuador",Casa de la Cultura Ecuatoriana,Other,FALSE,,,TRUE
Argentine Rapper Tiago PZK Postpones ‘GOTTI A TOUR’ To 2025,Argentine Rapper Tiago PZK Postpones ‘GOTTI A TOUR’ To 2025,https://news.pollstar.com/2024/10/17/argentine-rapper-tiago-pzk-postpones-gotti-a-tour-to-2025/,2024-10-17,2025-02-14,2025-07-10,"Santiago, Chile",Movistar Arena,Other,FALSE,,,TRUE
Argentine Rapper Tiago PZK Postpones ‘GOTTI A TOUR’ To 2025,Argentine Rapper Tiago PZK Postpones ‘GOTTI A TOUR’ To 2025,https://news.pollstar.com/2024/10/17/argentine-rapper-tiago-pzk-postpones-gotti-a-tour-to-2025/,2024-10-17,2025-02-14,2025-07-10,"Mérida, Mexico",Foro GNP,Other,FALSE,,,TRUE
Argentine Rapper Tiago PZK Postpones ‘GOTTI A TOUR’ To 2025,Argentine Rapper Tiago PZK Postpones ‘GOTTI A TOUR’ To 2025,https://news.pollstar.com/2024/10/17/argentine-rapper-tiago-pzk-postpones-gotti-a-tour-to-2025/,2024-10-17,2025-02-14,2025-07-10,"Guadalajara, Mexico",Auditorio Telmex,Other,FALSE,,,TRUE
Argentine Rapper Tiago PZK Postpones ‘GOTTI A TOUR’ To 2025,Argentine Rapper Tiago PZK Postpones ‘GOTTI A TOUR’ To 2025,https://news.pollstar.com/2024/10/17/argentine-rapper-tiago-pzk-postpones-gotti-a-tour-to-2025/,2024-10-17,2025-02-14,2025-07-10,"Querétaro, Mexico",Teatro Metropolitano,Other,FALSE,,,TRUE
Argentine Rapper Tiago PZK Postpones ‘GOTTI A TOUR’ To 2025,Argentine Rapper Tiago PZK Postpones ‘GOTTI A TOUR’ To 2025,https://news.pollstar.com/2024/10/17/argentine-rapper-tiago-pzk-postpones-gotti-a-tour-to-2025/,2024-10-17,2025-02-14,2025-07-10,"San Luis Potosí, Mexico",Teatro De La Cuidad,Other,FALSE,,,TRUE
Argentine Rapper Tiago PZK Postpones ‘GOTTI A TOUR’ To 2025,Argentine Rapper Tiago PZK Postpones ‘GOTTI A TOUR’ To 2025,https://news.pollstar.com/2024/10/17/argentine-rapper-tiago-pzk-postpones-gotti-a-tour-to-2025/,2024-10-17,2025-02-14,2025-07-10,"San Pedro Garza García, Mexico",Showcenter Complex,Other,FALSE,,,TRUE
Argentine Rapper Tiago PZK Postpones ‘GOTTI A TOUR’ To 2025,Argentine Rapper Tiago PZK Postpones ‘GOTTI A TOUR’ To 2025,https://news.pollstar.com/2024/10/17/argentine-rapper-tiago-pzk-postpones-gotti-a-tour-to-2025/,2024-10-17,2025-02-14,2025-07-10,"Mexico City, Mexico",Pepsi Center WTC,Other,FALSE,,,TRUE
Argentine Rapper Tiago PZK Postpones ‘GOTTI A TOUR’ To 2025,Argentine Rapper Tiago PZK Postpones ‘GOTTI A TOUR’ To 2025,https://news.pollstar.com/2024/10/17/argentine-rapper-tiago-pzk-postpones-gotti-a-tour-to-2025/,2024-10-17,2025-02-14,2025-07-10,"León, México",Lake Forum,Other,FALSE,,,TRUE
Argentine Rapper Tiago PZK Postpones ‘GOTTI A TOUR’ To 2025,Argentine Rapper Tiago PZK Postpones ‘GOTTI A TOUR’ To 2025,https://news.pollstar.com/2024/10/17/argentine-rapper-tiago-pzk-postpones-gotti-a-tour-to-2025/,2024-10-17,2025-02-14,2025-07-10,Thalia Hall,"Chicago, IL",Other,FALSE,,,TRUE
Argentine Rapper Tiago PZK Postpones ‘GOTTI A TOUR’ To 2025,Argentine Rapper Tiago PZK Postpones ‘GOTTI A TOUR’ To 2025,https://news.pollstar.com/2024/10/17/argentine-rapper-tiago-pzk-postpones-gotti-a-tour-to-2025/,2024-10-17,2025-02-14,2025-07-10,Webster Hall,"New York, NY",Other,FALSE,,,TRUE
Argentine Rapper Tiago PZK Postpones ‘GOTTI A TOUR’ To 2025,Argentine Rapper Tiago PZK Postpones ‘GOTTI A TOUR’ To 2025,https://news.pollstar.com/2024/10/17/argentine-rapper-tiago-pzk-postpones-gotti-a-tour-to-2025/,2024-10-17,2025-02-14,2025-07-10,The Fillmore Philadelphia,"Philadelphia, PA",Club,LYV,,,TRUE
Argentine Rapper Tiago PZK Postpones ‘GOTTI A TOUR’ To 2025,Argentine Rapper Tiago PZK Postpones ‘GOTTI A TOUR’ To 2025,https://news.pollstar.com/2024/10/17/argentine-rapper-tiago-pzk-postpones-gotti-a-tour-to-2025/,2024-10-17,2025-02-14,2025-07-10,"Washington, D.C.",Union Stage,Other,FALSE,,,TRUE
Argentine Rapper Tiago PZK Postpones ‘GOTTI A TOUR’ To 2025,Argentine Rapper Tiago PZK Postpones ‘GOTTI A TOUR’ To 2025,https://news.pollstar.com/2024/10/17/argentine-rapper-tiago-pzk-postpones-gotti-a-tour-to-2025/,2024-10-17,2025-02-14,2025-07-10,The Underground,"Charlotte, NC",Club,FALSE,,,TRUE
Argentine Rapper Tiago PZK Postpones ‘GOTTI A TOUR’ To 2025,Argentine Rapper Tiago PZK Postpones ‘GOTTI A TOUR’ To 2025,https://news.pollstar.com/2024/10/17/argentine-rapper-tiago-pzk-postpones-gotti-a-tour-to-2025/,2024-10-17,2025-02-14,2025-07-10,Variety Playhouse,"Atlanta, GA",Other,FALSE,,,TRUE
Argentine Rapper Tiago PZK Postpones ‘GOTTI A TOUR’ To 2025,Argentine Rapper Tiago PZK Postpones ‘GOTTI A TOUR’ To 2025,https://news.pollstar.com/2024/10/17/argentine-rapper-tiago-pzk-postpones-gotti-a-tour-to-2025/,2024-10-17,2025-02-14,2025-07-10,Brooklyn Bowl Nashville,"Nashville, TN",Club,LYV,,,TRUE
Argentine Rapper Tiago PZK Postpones ‘GOTTI A TOUR’ To 2025,Argentine Rapper Tiago PZK Postpones ‘GOTTI A TOUR’ To 2025,https://news.pollstar.com/2024/10/17/argentine-rapper-tiago-pzk-postpones-gotti-a-tour-to-2025/,2024-10-17,2025-02-14,2025-07-10,House of Blues,"Orlando, FL",Club,LYV,,,TRUE
Argentine Rapper Tiago PZK Postpones ‘GOTTI A TOUR’ To 2025,Argentine Rapper Tiago PZK Postpones ‘GOTTI A TOUR’ To 2025,https://news.pollstar.com/2024/10/17/argentine-rapper-tiago-pzk-postpones-gotti-a-tour-to-2025/,2024-10-17,2025-02-14,2025-07-10,The Filmore,"Miami Beach, FL",Club,FALSE,,,TRUE
Argentine Rapper Tiago PZK Postpones ‘GOTTI A TOUR’ To 2025,Argentine Rapper Tiago PZK Postpones ‘GOTTI A TOUR’ To 2025,https://news.pollstar.com/2024/10/17/argentine-rapper-tiago-pzk-postpones-gotti-a-tour-to-2025/,2024-10-17,2025-02-14,2025-07-10,White Oak Music Hall,"Houston, TX",Other,FALSE,,,TRUE
Argentine Rapper Tiago PZK Postpones ‘GOTTI A TOUR’ To 2025,Argentine Rapper Tiago PZK Postpones ‘GOTTI A TOUR’ To 2025,https://news.pollstar.com/2024/10/17/argentine-rapper-tiago-pzk-postpones-gotti-a-tour-to-2025/,2024-10-17,2025-02-14,2025-07-10,The Studio at the Factory,"Dallas, TX",Club,FALSE,,,TRUE
Argentine Rapper Tiago PZK Postpones ‘GOTTI A TOUR’ To 2025,Argentine Rapper Tiago PZK Postpones ‘GOTTI A TOUR’ To 2025,https://news.pollstar.com/2024/10/17/argentine-rapper-tiago-pzk-postpones-gotti-a-tour-to-2025/,2024-10-17,2025-02-14,2025-07-10,Lowbrow Palace,"El Paso, TX",Theater,FALSE,,,TRUE
Argentine Rapper Tiago PZK Postpones ‘GOTTI A TOUR’ To 2025,Argentine Rapper Tiago PZK Postpones ‘GOTTI A TOUR’ To 2025,https://news.pollstar.com/2024/10/17/argentine-rapper-tiago-pzk-postpones-gotti-a-tour-to-2025/,2024-10-17,2025-02-14,2025-07-10,Crescent Ballroom,"Phoenix, AZ",Club,FALSE,,,TRUE
Argentine Rapper Tiago PZK Postpones ‘GOTTI A TOUR’ To 2025,Argentine Rapper Tiago PZK Postpones ‘GOTTI A TOUR’ To 2025,https://news.pollstar.com/2024/10/17/argentine-rapper-tiago-pzk-postpones-gotti-a-tour-to-2025/,2024-10-17,2025-02-14,2025-07-10,El Rey Theater,"Los Angeles, CA",Theater,FALSE,,,TRUE
Rüfüs Du Sol,Rüfüs Du Sol Announce North & South America Dates For ‘Inhale/Exhale’ World Tour,https://news.pollstar.com/2024/10/18/rufus-du-sol-announce-north-south-america-dates-for-inhale-exhale-world-tour/,2024-10-18,2025-03-12,2025-11-29,"Guadalajara, MX (#) | NEW",Estadio 3 de Marzo,Other,FALSE,,,TRUE
Rüfüs Du Sol,Rüfüs Du Sol Announce North & South America Dates For ‘Inhale/Exhale’ World Tour,https://news.pollstar.com/2024/10/18/rufus-du-sol-announce-north-south-america-dates-for-inhale-exhale-world-tour/,2024-10-18,2025-03-12,2025-11-29,"Monterrey, MX (#) | NEW",Estadio Banorte,Other,FALSE,,,TRUE
Rüfüs Du Sol,Rüfüs Du Sol Announce North & South America Dates For ‘Inhale/Exhale’ World Tour,https://news.pollstar.com/2024/10/18/rufus-du-sol-announce-north-south-america-dates-for-inhale-exhale-world-tour/,2024-10-18,2025-03-12,2025-11-29,"Santiago, CL | FESTIVAL",Lollapalooza Chile,Other,FALSE,,,TRUE
Rüfüs Du Sol,Rüfüs Du Sol Announce North & South America Dates For ‘Inhale/Exhale’ World Tour,https://news.pollstar.com/2024/10/18/rufus-du-sol-announce-north-south-america-dates-for-inhale-exhale-world-tour/,2024-10-18,2025-03-12,2025-11-29,"Buenos Aires, AR | FESTIVAL",Lollapalooza,Other,FALSE,,,TRUE
Rüfüs Du Sol,Rüfüs Du Sol Announce North & South America Dates For ‘Inhale/Exhale’ World Tour,https://news.pollstar.com/2024/10/18/rufus-du-sol-announce-north-south-america-dates-for-inhale-exhale-world-tour/,2024-10-18,2025-03-12,2025-11-29,"Rio de Janeiro, BR ($) | NEW",Qualistage,Other,FALSE,,,TRUE
Rüfüs Du Sol,Rüfüs Du Sol Announce North & South America Dates For ‘Inhale/Exhale’ World Tour,https://news.pollstar.com/2024/10/18/rufus-du-sol-announce-north-south-america-dates-for-inhale-exhale-world-tour/,2024-10-18,2025-03-12,2025-11-29,"São Paulo, BR | FESTIVAL",Lollapalooza Brazil,Other,FALSE,,,TRUE
Rüfüs Du Sol,Rüfüs Du Sol Announce North & South America Dates For ‘Inhale/Exhale’ World Tour,https://news.pollstar.com/2024/10/18/rufus-du-sol-announce-north-south-america-dates-for-inhale-exhale-world-tour/,2024-10-18,2025-03-12,2025-11-29,"Bogotá, CO | FESTIVAL",Estéreo Picnic,Other,FALSE,,,TRUE
Rüfüs Du Sol,Rüfüs Du Sol Announce North & South America Dates For ‘Inhale/Exhale’ World Tour,https://news.pollstar.com/2024/10/18/rufus-du-sol-announce-north-south-america-dates-for-inhale-exhale-world-tour/,2024-10-18,2025-03-12,2025-11-29,"Dallas, TX (~) | NEW",Dos Equis Pavilion,Other,FALSE,,,TRUE
Rüfüs Du Sol,Rüfüs Du Sol Announce North & South America Dates For ‘Inhale/Exhale’ World Tour,https://news.pollstar.com/2024/10/18/rufus-du-sol-announce-north-south-america-dates-for-inhale-exhale-world-tour/,2024-10-18,2025-03-12,2025-11-29,"The Woodlands, TX (~) | NEW",The Cynthia Woods Mitchell Pavilion,Other,FALSE,,,TRUE
Rüfüs Du Sol,Rüfüs Du Sol Announce North & South America Dates For ‘Inhale/Exhale’ World Tour,https://news.pollstar.com/2024/10/18/rufus-du-sol-announce-north-south-america-dates-for-inhale-exhale-world-tour/,2024-10-18,2025-03-12,2025-11-29,"Austin, TX (~) | NEW",Q2 Stadium,Other,FALSE,,,TRUE
Rüfüs Du Sol,Rüfüs Du Sol Announce North & South America Dates For ‘Inhale/Exhale’ World Tour,https://news.pollstar.com/2024/10/18/rufus-du-sol-announce-north-south-america-dates-for-inhale-exhale-world-tour/,2024-10-18,2025-03-12,2025-11-29,"Rogers, AR (~) | NEW",Walmart AMP,Other,FALSE,,,TRUE
Rüfüs Du Sol,Rüfüs Du Sol Announce North & South America Dates For ‘Inhale/Exhale’ World Tour,https://news.pollstar.com/2024/10/18/rufus-du-sol-announce-north-south-america-dates-for-inhale-exhale-world-tour/,2024-10-18,2025-03-12,2025-11-29,"Atlanta, GA (#) | NEW",Lakewood Amphitheatre,Other,FALSE,,,TRUE
Rüfüs Du Sol,Rüfüs Du Sol Announce North & South America Dates For ‘Inhale/Exhale’ World Tour,https://news.pollstar.com/2024/10/18/rufus-du-sol-announce-north-south-america-dates-for-inhale-exhale-world-tour/,2024-10-18,2025-03-12,2025-11-29,"Tampa, FL (#) | NEW",MIDFLORIDA Credit Union Amphitheatre,Other,FALSE,,,TRUE
Rüfüs Du Sol,Rüfüs Du Sol Announce North & South America Dates For ‘Inhale/Exhale’ World Tour,https://news.pollstar.com/2024/10/18/rufus-du-sol-announce-north-south-america-dates-for-inhale-exhale-world-tour/,2024-10-18,2025-03-12,2025-11-29,"Miami, FL (#) | NEW",FPL Solar Amphitheater at Bayfront Park,Other,FALSE,,,TRUE
Rüfüs Du Sol,Rüfüs Du Sol Announce North & South America Dates For ‘Inhale/Exhale’ World Tour,https://news.pollstar.com/2024/10/18/rufus-du-sol-announce-north-south-america-dates-for-inhale-exhale-world-tour/,2024-10-18,2025-03-12,2025-11-29,"Nashville, TN | NEW",Ascend Amphitheater,Other,FALSE,,,TRUE
Rüfüs Du Sol,Rüfüs Du Sol Announce North & South America Dates For ‘Inhale/Exhale’ World Tour,https://news.pollstar.com/2024/10/18/rufus-du-sol-announce-north-south-america-dates-for-inhale-exhale-world-tour/,2024-10-18,2025-03-12,2025-11-29,"Columbia, MD (#) | NEW",Merriweather Post Pavilion,Other,FALSE,,,TRUE
Rüfüs Du Sol,Rüfüs Du Sol Announce North & South America Dates For ‘Inhale/Exhale’ World Tour,https://news.pollstar.com/2024/10/18/rufus-du-sol-announce-north-south-america-dates-for-inhale-exhale-world-tour/,2024-10-18,2025-03-12,2025-11-29,"Raleigh, NC (#) | NEW",Coastal Credit Union Music Park,Other,FALSE,,,TRUE
Rüfüs Du Sol,Rüfüs Du Sol Announce North & South America Dates For ‘Inhale/Exhale’ World Tour,https://news.pollstar.com/2024/10/18/rufus-du-sol-announce-north-south-america-dates-for-inhale-exhale-world-tour/,2024-10-18,2025-03-12,2025-11-29,"Virginia Beach, VA (#) | NEW",Veterans United Home Loans Amphitheater,Other,FALSE,,,TRUE
Rüfüs Du Sol,Rüfüs Du Sol Announce North & South America Dates For ‘Inhale/Exhale’ World Tour,https://news.pollstar.com/2024/10/18/rufus-du-sol-announce-north-south-america-dates-for-inhale-exhale-world-tour/,2024-10-18,2025-03-12,2025-11-29,Plaza Mayor at Poble Espanyol,"Barcelona, SP",Other,FALSE,,,TRUE
Rüfüs Du Sol,Rüfüs Du Sol Announce North & South America Dates For ‘Inhale/Exhale’ World Tour,https://news.pollstar.com/2024/10/18/rufus-du-sol-announce-north-south-america-dates-for-inhale-exhale-world-tour/,2024-10-18,2025-03-12,2025-11-29,Uber Eats Music Hall,"Berlin, DE",Theater,FALSE,,,TRUE
Rüfüs Du Sol,Rüfüs Du Sol Announce North & South America Dates For ‘Inhale/Exhale’ World Tour,https://news.pollstar.com/2024/10/18/rufus-du-sol-announce-north-south-america-dates-for-inhale-exhale-world-tour/,2024-10-18,2025-03-12,2025-11-29,AFAS Live,"Amsterdam, NL",Club,LYV,,,TRUE
Rüfüs Du Sol,Rüfüs Du Sol Announce North & South America Dates For ‘Inhale/Exhale’ World Tour,https://news.pollstar.com/2024/10/18/rufus-du-sol-announce-north-south-america-dates-for-inhale-exhale-world-tour/,2024-10-18,2025-03-12,2025-11-29,Auditorium Cavea,"Rome, IT",Theater,FALSE,,,TRUE
Rüfüs Du Sol,Rüfüs Du Sol Announce North & South America Dates For ‘Inhale/Exhale’ World Tour,https://news.pollstar.com/2024/10/18/rufus-du-sol-announce-north-south-america-dates-for-inhale-exhale-world-tour/,2024-10-18,2025-03-12,2025-11-29,Zénith,"Paris, FR",Arena,FALSE,,,TRUE
Rüfüs Du Sol,Rüfüs Du Sol Announce North & South America Dates For ‘Inhale/Exhale’ World Tour,https://news.pollstar.com/2024/10/18/rufus-du-sol-announce-north-south-america-dates-for-inhale-exhale-world-tour/,2024-10-18,2025-03-12,2025-11-29,Crystal Palace Park,"London, UK",Theater,FALSE,,,TRUE
Rüfüs Du Sol,Rüfüs Du Sol Announce North & South America Dates For ‘Inhale/Exhale’ World Tour,https://news.pollstar.com/2024/10/18/rufus-du-sol-announce-north-south-america-dates-for-inhale-exhale-world-tour/,2024-10-18,2025-03-12,2025-11-29,"New York / New Jersey, NJ (&) | NEW",Red Bull Arena,Other,FALSE,,,TRUE
Rüfüs Du Sol,Rüfüs Du Sol Announce North & South America Dates For ‘Inhale/Exhale’ World Tour,https://news.pollstar.com/2024/10/18/rufus-du-sol-announce-north-south-america-dates-for-inhale-exhale-world-tour/,2024-10-18,2025-03-12,2025-11-29,"Mansfield, MA (&) | NEW",Xfinity Center,Other,FALSE,,,TRUE
Rüfüs Du Sol,Rüfüs Du Sol Announce North & South America Dates For ‘Inhale/Exhale’ World Tour,https://news.pollstar.com/2024/10/18/rufus-du-sol-announce-north-south-america-dates-for-inhale-exhale-world-tour/,2024-10-18,2025-03-12,2025-11-29,"Toronto, ON (&) | NEW",Budweiser Stage,Other,FALSE,,,TRUE
Rüfüs Du Sol,Rüfüs Du Sol Announce North & South America Dates For ‘Inhale/Exhale’ World Tour,https://news.pollstar.com/2024/10/18/rufus-du-sol-announce-north-south-america-dates-for-inhale-exhale-world-tour/,2024-10-18,2025-03-12,2025-11-29,"Noblesville, IN (&) | NEW",Ruoff Music Center,Other,FALSE,,,TRUE
Rüfüs Du Sol,Rüfüs Du Sol Announce North & South America Dates For ‘Inhale/Exhale’ World Tour,https://news.pollstar.com/2024/10/18/rufus-du-sol-announce-north-south-america-dates-for-inhale-exhale-world-tour/,2024-10-18,2025-03-12,2025-11-29,"Clarkston, MI (&) | NEW",Pine Knob Music Theatre,Other,FALSE,,,TRUE
Rüfüs Du Sol,Rüfüs Du Sol Announce North & South America Dates For ‘Inhale/Exhale’ World Tour,https://news.pollstar.com/2024/10/18/rufus-du-sol-announce-north-south-america-dates-for-inhale-exhale-world-tour/,2024-10-18,2025-03-12,2025-11-29,"Commerce City, CO (^) | NEW",DICK’s Sporting Goods Park,Other,FALSE,,,TRUE
Rüfüs Du Sol,Rüfüs Du Sol Announce North & South America Dates For ‘Inhale/Exhale’ World Tour,https://news.pollstar.com/2024/10/18/rufus-du-sol-announce-north-south-america-dates-for-inhale-exhale-world-tour/,2024-10-18,2025-03-12,2025-11-29,"West Valley City, UT (^) | NEW",Utah First Credit Union Amphitheatre,Other,FALSE,,,TRUE
Rüfüs Du Sol,Rüfüs Du Sol Announce North & South America Dates For ‘Inhale/Exhale’ World Tour,https://news.pollstar.com/2024/10/18/rufus-du-sol-announce-north-south-america-dates-for-inhale-exhale-world-tour/,2024-10-18,2025-03-12,2025-11-29,"Bend, OR (^) | NEW",Hayden Homes Amphitheater,Other,FALSE,,,TRUE
Rüfüs Du Sol,Rüfüs Du Sol Announce North & South America Dates For ‘Inhale/Exhale’ World Tour,https://news.pollstar.com/2024/10/18/rufus-du-sol-announce-north-south-america-dates-for-inhale-exhale-world-tour/,2024-10-18,2025-03-12,2025-11-29,"San Francisco Bay Area, CA | NEW",Shoreline Amphitheatre,Other,FALSE,,,TRUE
Rüfüs Du Sol,Rüfüs Du Sol Announce North & South America Dates For ‘Inhale/Exhale’ World Tour,https://news.pollstar.com/2024/10/18/rufus-du-sol-announce-north-south-america-dates-for-inhale-exhale-world-tour/,2024-10-18,2025-03-12,2025-11-29,"Los Angeles, CA | NEW",Rose Bowl Stadium,Other,FALSE,,,TRUE
Rüfüs Du Sol,Rüfüs Du Sol Announce North & South America Dates For ‘Inhale/Exhale’ World Tour,https://news.pollstar.com/2024/10/18/rufus-du-sol-announce-north-south-america-dates-for-inhale-exhale-world-tour/,2024-10-18,2025-03-12,2025-11-29,"Perth, AU (*)",RAC Arena,Other,FALSE,,,TRUE
Rüfüs Du Sol,Rüfüs Du Sol Announce North & South America Dates For ‘Inhale/Exhale’ World Tour,https://news.pollstar.com/2024/10/18/rufus-du-sol-announce-north-south-america-dates-for-inhale-exhale-world-tour/,2024-10-18,2025-03-12,2025-11-29,"Adelaide, AU (*)",Adelaide Entertainment Centre,Other,FALSE,,,TRUE
Rüfüs Du Sol,Rüfüs Du Sol Announce North & South America Dates For ‘Inhale/Exhale’ World Tour,https://news.pollstar.com/2024/10/18/rufus-du-sol-announce-north-south-america-dates-for-inhale-exhale-world-tour/,2024-10-18,2025-03-12,2025-11-29,"Melbourne, AU (*)",Rod Laver Arena,Other,FALSE,,,TRUE
Rüfüs Du Sol,Rüfüs Du Sol Announce North & South America Dates For ‘Inhale/Exhale’ World Tour,https://news.pollstar.com/2024/10/18/rufus-du-sol-announce-north-south-america-dates-for-inhale-exhale-world-tour/,2024-10-18,2025-03-12,2025-11-29,"Sydney, AU (*)",Qudos Bank Arena,Other,FALSE,,,TRUE
Rüfüs Du Sol,Rüfüs Du Sol Announce North & South America Dates For ‘Inhale/Exhale’ World Tour,https://news.pollstar.com/2024/10/18/rufus-du-sol-announce-north-south-america-dates-for-inhale-exhale-world-tour/,2024-10-18,2025-03-12,2025-11-29,"Brisbane, AU (*)",Brisbane Entertainment Centre,Other,FALSE,,,TRUE
Rüfüs Du Sol,Rüfüs Du Sol Announce North & South America Dates For ‘Inhale/Exhale’ World Tour,https://news.pollstar.com/2024/10/18/rufus-du-sol-announce-north-south-america-dates-for-inhale-exhale-world-tour/,2024-10-18,2025-03-12,2025-11-29,"Auckland, NZ (*)",The Outer Fields at Western Springs,Other,FALSE,,,TRUE
Brit Funk,"Brit Funk, Hip-Hop Pioneers Cymande Return With Tour And New Album",https://news.pollstar.com/2024/10/16/brit-funk-hip-hop-pioneers-cymande-return-with-tour-first-album-in-40-years/,2024-10-16,2025-02-13,2025-02-28,Irving Plaza,"New York, NY",Club,LYV,,,TRUE
Brit Funk,"Brit Funk, Hip-Hop Pioneers Cymande Return With Tour And New Album",https://news.pollstar.com/2024/10/16/brit-funk-hip-hop-pioneers-cymande-return-with-tour-first-album-in-40-years/,2024-10-16,2025-02-13,2025-02-28,Ardmore Music Hall,"Philadelphia, PA",Other,FALSE,,,TRUE
Brit Funk,"Brit Funk, Hip-Hop Pioneers Cymande Return With Tour And New Album",https://news.pollstar.com/2024/10/16/brit-funk-hip-hop-pioneers-cymande-return-with-tour-first-album-in-40-years/,2024-10-16,2025-02-13,2025-02-28,Howard Theatre,Washington DC,Theater,FALSE,,,TRUE
Brit Funk,"Brit Funk, Hip-Hop Pioneers Cymande Return With Tour And New Album",https://news.pollstar.com/2024/10/16/brit-funk-hip-hop-pioneers-cymande-return-with-tour-first-album-in-40-years/,2024-10-16,2025-02-13,2025-02-28,Metro,"Chicago, IL",Stadium,FALSE,,,TRUE
Brit Funk,"Brit Funk, Hip-Hop Pioneers Cymande Return With Tour And New Album",https://news.pollstar.com/2024/10/16/brit-funk-hip-hop-pioneers-cymande-return-with-tour-first-album-in-40-years/,2024-10-16,2025-02-13,2025-02-28,Varsity Theatre,"Minneapolis, MN",Auditorium,FALSE,,,TRUE
Brit Funk,"Brit Funk, Hip-Hop Pioneers Cymande Return With Tour And New Album",https://news.pollstar.com/2024/10/16/brit-funk-hip-hop-pioneers-cymande-return-with-tour-first-album-in-40-years/,2024-10-16,2025-02-13,2025-02-28,Bluebird,"Denver, CO",Club,FALSE,,,TRUE
Brit Funk,"Brit Funk, Hip-Hop Pioneers Cymande Return With Tour And New Album",https://news.pollstar.com/2024/10/16/brit-funk-hip-hop-pioneers-cymande-return-with-tour-first-album-in-40-years/,2024-10-16,2025-02-13,2025-02-28,Crocodile,"Seattle, WA",Other,FALSE,,,TRUE
Brit Funk,"Brit Funk, Hip-Hop Pioneers Cymande Return With Tour And New Album",https://news.pollstar.com/2024/10/16/brit-funk-hip-hop-pioneers-cymande-return-with-tour-first-album-in-40-years/,2024-10-16,2025-02-13,2025-02-28,Aladdin Theater,"Portland, OR",Theater,FALSE,,,TRUE
Brit Funk,"Brit Funk, Hip-Hop Pioneers Cymande Return With Tour And New Album",https://news.pollstar.com/2024/10/16/brit-funk-hip-hop-pioneers-cymande-return-with-tour-first-album-in-40-years/,2024-10-16,2025-02-13,2025-02-28,August Hall,"San Francisco, CA",Theater,FALSE,,,TRUE
Brit Funk,"Brit Funk, Hip-Hop Pioneers Cymande Return With Tour And New Album",https://news.pollstar.com/2024/10/16/brit-funk-hip-hop-pioneers-cymande-return-with-tour-first-album-in-40-years/,2024-10-16,2025-02-13,2025-02-28,The Bellwether,"Los Angeles, CA",Club,FALSE,,,TRUE
Jamie xx To Embark On ‘In Waves’ World Tour,Jamie xx To Embark On ‘In Waves’ World Tour,https://news.pollstar.com/2024/10/01/jamie-xx-to-embark-on-in-waves-world-tour/,2024-10-01,2025-10-02,2026-03-21,"Mexico City, Mexico",Mexico Pepsi Center WTC,Other,FALSE,,,TRUE
Jamie xx To Embark On ‘In Waves’ World Tour,Jamie xx To Embark On ‘In Waves’ World Tour,https://news.pollstar.com/2024/10/01/jamie-xx-to-embark-on-in-waves-world-tour/,2024-10-01,2025-10-02,2026-03-21,FORM Arcosanti,"Arcosanti, AZ",Other,FALSE,,,TRUE
Jamie xx To Embark On ‘In Waves’ World Tour,Jamie xx To Embark On ‘In Waves’ World Tour,https://news.pollstar.com/2024/10/01/jamie-xx-to-embark-on-in-waves-world-tour/,2024-10-01,2025-10-02,2026-03-21,III Points,"Miami, FL",Club,FALSE,,,TRUE
Jamie xx To Embark On ‘In Waves’ World Tour,Jamie xx To Embark On ‘In Waves’ World Tour,https://news.pollstar.com/2024/10/01/jamie-xx-to-embark-on-in-waves-world-tour/,2024-10-01,2025-10-02,2026-03-21,"Buenos Aires, Argentina",C Complejo Art Media,Other,FALSE,,,TRUE
Jamie xx To Embark On ‘In Waves’ World Tour,Jamie xx To Embark On ‘In Waves’ World Tour,https://news.pollstar.com/2024/10/01/jamie-xx-to-embark-on-in-waves-world-tour/,2024-10-01,2025-10-02,2026-03-21,"Santiago, Chile",Paraiso,Other,FALSE,,,TRUE
Jamie xx To Embark On ‘In Waves’ World Tour,Jamie xx To Embark On ‘In Waves’ World Tour,https://news.pollstar.com/2024/10/01/jamie-xx-to-embark-on-in-waves-world-tour/,2024-10-01,2025-10-02,2026-03-21,"Curitiba, Brazil",Opera de Arame,Other,FALSE,,,TRUE
Jamie xx To Embark On ‘In Waves’ World Tour,Jamie xx To Embark On ‘In Waves’ World Tour,https://news.pollstar.com/2024/10/01/jamie-xx-to-embark-on-in-waves-world-tour/,2024-10-01,2025-10-02,2026-03-21,"São Paulo, Brazil",Praça das Artes,Other,FALSE,,,TRUE
Jamie xx To Embark On ‘In Waves’ World Tour,Jamie xx To Embark On ‘In Waves’ World Tour,https://news.pollstar.com/2024/10/01/jamie-xx-to-embark-on-in-waves-world-tour/,2024-10-01,2025-10-02,2026-03-21,Desert Air,"Palm Springs, CA",Club,FALSE,,,TRUE
Jamie xx To Embark On ‘In Waves’ World Tour,Jamie xx To Embark On ‘In Waves’ World Tour,https://news.pollstar.com/2024/10/01/jamie-xx-to-embark-on-in-waves-world-tour/,2024-10-01,2025-10-02,2026-03-21,"Manila, Philippines",The Filinvest Tent,Other,FALSE,,,TRUE
Jamie xx To Embark On ‘In Waves’ World Tour,Jamie xx To Embark On ‘In Waves’ World Tour,https://news.pollstar.com/2024/10/01/jamie-xx-to-embark-on-in-waves-world-tour/,2024-10-01,2025-10-02,2026-03-21,Taipei,Taipei Legacy,Arena,FALSE,,,TRUE
Jamie xx To Embark On ‘In Waves’ World Tour,Jamie xx To Embark On ‘In Waves’ World Tour,https://news.pollstar.com/2024/10/01/jamie-xx-to-embark-on-in-waves-world-tour/,2024-10-01,2025-10-02,2026-03-21,"Bangkok, Thailand",EmSphere,Other,FALSE,,,TRUE
Jamie xx To Embark On ‘In Waves’ World Tour,Jamie xx To Embark On ‘In Waves’ World Tour,https://news.pollstar.com/2024/10/01/jamie-xx-to-embark-on-in-waves-world-tour/,2024-10-01,2025-10-02,2026-03-21,Singapore,27 Pasir Pajang,Stadium,FALSE,,,TRUE
Jamie xx To Embark On ‘In Waves’ World Tour,Jamie xx To Embark On ‘In Waves’ World Tour,https://news.pollstar.com/2024/10/01/jamie-xx-to-embark-on-in-waves-world-tour/,2024-10-01,2025-10-02,2026-03-21,"Tokyo, Japan",Toyosu PIT,Other,FALSE,,,TRUE
Jamie xx To Embark On ‘In Waves’ World Tour,Jamie xx To Embark On ‘In Waves’ World Tour,https://news.pollstar.com/2024/10/01/jamie-xx-to-embark-on-in-waves-world-tour/,2024-10-01,2025-10-02,2026-03-21,"Seoul, South Korea",YES24 Live Hall,Other,FALSE,,,TRUE
Jamie xx To Embark On ‘In Waves’ World Tour,Jamie xx To Embark On ‘In Waves’ World Tour,https://news.pollstar.com/2024/10/01/jamie-xx-to-embark-on-in-waves-world-tour/,2024-10-01,2025-10-02,2026-03-21,"Shanghai, China",BNSB-Dream Hall,Other,FALSE,,,TRUE
Jamie xx To Embark On ‘In Waves’ World Tour,Jamie xx To Embark On ‘In Waves’ World Tour,https://news.pollstar.com/2024/10/01/jamie-xx-to-embark-on-in-waves-world-tour/,2024-10-01,2025-10-02,2026-03-21,Hong Kong,Clockenflap Festival,Other,FALSE,,,TRUE
Jamie xx To Embark On ‘In Waves’ World Tour,Jamie xx To Embark On ‘In Waves’ World Tour,https://news.pollstar.com/2024/10/01/jamie-xx-to-embark-on-in-waves-world-tour/,2024-10-01,2025-10-02,2026-03-21,"Bali, Indonesia",Potato Head,Other,FALSE,,,TRUE
Jamie xx To Embark On ‘In Waves’ World Tour,Jamie xx To Embark On ‘In Waves’ World Tour,https://news.pollstar.com/2024/10/01/jamie-xx-to-embark-on-in-waves-world-tour/,2024-10-01,2025-10-02,2026-03-21,"Melbourne, Australia",PICA,Other,FALSE,,,TRUE
Jamie xx To Embark On ‘In Waves’ World Tour,Jamie xx To Embark On ‘In Waves’ World Tour,https://news.pollstar.com/2024/10/01/jamie-xx-to-embark-on-in-waves-world-tour/,2024-10-01,2025-10-02,2026-03-21,"Melbourne, Australia",PICA,Other,FALSE,,,TRUE
Jamie xx To Embark On ‘In Waves’ World Tour,Jamie xx To Embark On ‘In Waves’ World Tour,https://news.pollstar.com/2024/10/01/jamie-xx-to-embark-on-in-waves-world-tour/,2024-10-01,2025-10-02,2026-03-21,"Meredith, Australia",Meredith Music Festival,Other,FALSE,,,TRUE
Jamie xx To Embark On ‘In Waves’ World Tour,Jamie xx To Embark On ‘In Waves’ World Tour,https://news.pollstar.com/2024/10/01/jamie-xx-to-embark-on-in-waves-world-tour/,2024-10-01,2025-10-02,2026-03-21,"Sydney, Australia",Carriageworks,Other,FALSE,,,TRUE
Jamie xx To Embark On ‘In Waves’ World Tour,Jamie xx To Embark On ‘In Waves’ World Tour,https://news.pollstar.com/2024/10/01/jamie-xx-to-embark-on-in-waves-world-tour/,2024-10-01,2025-10-02,2026-03-21,"Sydney, Australia",Carriageworks,Other,FALSE,,,TRUE
Jamie xx To Embark On ‘In Waves’ World Tour,Jamie xx To Embark On ‘In Waves’ World Tour,https://news.pollstar.com/2024/10/01/jamie-xx-to-embark-on-in-waves-world-tour/,2024-10-01,2025-10-02,2026-03-21,"Brunswick Head, Australia",Hotel Brunswick,Other,FALSE,,,TRUE
Jamie xx To Embark On ‘In Waves’ World Tour,Jamie xx To Embark On ‘In Waves’ World Tour,https://news.pollstar.com/2024/10/01/jamie-xx-to-embark-on-in-waves-world-tour/,2024-10-01,2025-10-02,2026-03-21,Park Avenue Armory,"New York, NY",Theater,FALSE,,,TRUE
Jamie xx To Embark On ‘In Waves’ World Tour,Jamie xx To Embark On ‘In Waves’ World Tour,https://news.pollstar.com/2024/10/01/jamie-xx-to-embark-on-in-waves-world-tour/,2024-10-01,2025-10-02,2026-03-21,Park Avenue Armory,"New York, NY",Theater,FALSE,,,TRUE
Jamie xx To Embark On ‘In Waves’ World Tour,Jamie xx To Embark On ‘In Waves’ World Tour,https://news.pollstar.com/2024/10/01/jamie-xx-to-embark-on-in-waves-world-tour/,2024-10-01,2025-10-02,2026-03-21,Park Avenue Armory,"New York, NY",Theater,FALSE,,,TRUE
Jamie xx To Embark On ‘In Waves’ World Tour,Jamie xx To Embark On ‘In Waves’ World Tour,https://news.pollstar.com/2024/10/01/jamie-xx-to-embark-on-in-waves-world-tour/,2024-10-01,2025-10-02,2026-03-21,Park Avenue Armory,"New York, NY",Theater,FALSE,,,TRUE
Jamie xx To Embark On ‘In Waves’ World Tour,Jamie xx To Embark On ‘In Waves’ World Tour,https://news.pollstar.com/2024/10/01/jamie-xx-to-embark-on-in-waves-world-tour/,2024-10-01,2025-10-02,2026-03-21,HISTORY,"Toronto, ON",Club,LYV,,,TRUE
Jamie xx To Embark On ‘In Waves’ World Tour,Jamie xx To Embark On ‘In Waves’ World Tour,https://news.pollstar.com/2024/10/01/jamie-xx-to-embark-on-in-waves-world-tour/,2024-10-01,2025-10-02,2026-03-21,HISTORY,"Toronto, ON",Club,LYV,,,TRUE
Jamie xx To Embark On ‘In Waves’ World Tour,Jamie xx To Embark On ‘In Waves’ World Tour,https://news.pollstar.com/2024/10/01/jamie-xx-to-embark-on-in-waves-world-tour/,2024-10-01,2025-10-02,2026-03-21,Byline Bank Aragon Ballroom,"Chicago, IL",Club,LYV,,,TRUE
Jamie xx To Embark On ‘In Waves’ World Tour,Jamie xx To Embark On ‘In Waves’ World Tour,https://news.pollstar.com/2024/10/01/jamie-xx-to-embark-on-in-waves-world-tour/,2024-10-01,2025-10-02,2026-03-21,Armory,"Minneapolis, MN",Theater,FALSE,,,TRUE
Jamie xx To Embark On ‘In Waves’ World Tour,Jamie xx To Embark On ‘In Waves’ World Tour,https://news.pollstar.com/2024/10/01/jamie-xx-to-embark-on-in-waves-world-tour/,2024-10-01,2025-10-02,2026-03-21,PNE Forum,"Vancouver, BC",Arena,FALSE,,,TRUE
Jamie xx To Embark On ‘In Waves’ World Tour,Jamie xx To Embark On ‘In Waves’ World Tour,https://news.pollstar.com/2024/10/01/jamie-xx-to-embark-on-in-waves-world-tour/,2024-10-01,2025-10-02,2026-03-21,WAMU Theater,"Seattle, WA",Theater,FALSE,,,TRUE
Jamie xx To Embark On ‘In Waves’ World Tour,Jamie xx To Embark On ‘In Waves’ World Tour,https://news.pollstar.com/2024/10/01/jamie-xx-to-embark-on-in-waves-world-tour/,2024-10-01,2025-10-02,2026-03-21,Shrine Expo Hall,"Los Angeles, CA",Theater,FALSE,,,TRUE
Jamie xx To Embark On ‘In Waves’ World Tour,Jamie xx To Embark On ‘In Waves’ World Tour,https://news.pollstar.com/2024/10/01/jamie-xx-to-embark-on-in-waves-world-tour/,2024-10-01,2025-10-02,2026-03-21,Cow Palace,"San Francisco, CA",Arena,FALSE,,,TRUE
Jamie xx To Embark On ‘In Waves’ World Tour,Jamie xx To Embark On ‘In Waves’ World Tour,https://news.pollstar.com/2024/10/01/jamie-xx-to-embark-on-in-waves-world-tour/,2024-10-01,2025-10-02,2026-03-21,The Concourse Project,"Austin, TX",Other,FALSE,,,TRUE
Jamie xx To Embark On ‘In Waves’ World Tour,Jamie xx To Embark On ‘In Waves’ World Tour,https://news.pollstar.com/2024/10/01/jamie-xx-to-embark-on-in-waves-world-tour/,2024-10-01,2025-10-02,2026-03-21,Factory,"Dallas, TX",Club,FALSE,,,TRUE
Jamie xx To Embark On ‘In Waves’ World Tour,Jamie xx To Embark On ‘In Waves’ World Tour,https://news.pollstar.com/2024/10/01/jamie-xx-to-embark-on-in-waves-world-tour/,2024-10-01,2025-10-02,2026-03-21,The Anthem,"Washington, DC",Club,FALSE,,,TRUE
Jamie xx To Embark On ‘In Waves’ World Tour,Jamie xx To Embark On ‘In Waves’ World Tour,https://news.pollstar.com/2024/10/01/jamie-xx-to-embark-on-in-waves-world-tour/,2024-10-01,2025-10-02,2026-03-21,Franklin Music Hall,"Philadelphia, PA",Other,FALSE,,,TRUE
Jamie xx To Embark On ‘In Waves’ World Tour,Jamie xx To Embark On ‘In Waves’ World Tour,https://news.pollstar.com/2024/10/01/jamie-xx-to-embark-on-in-waves-world-tour/,2024-10-01,2025-10-02,2026-03-21,"Brussels, Belgium",ING Arena,Other,FALSE,,,TRUE
Jamie xx To Embark On ‘In Waves’ World Tour,Jamie xx To Embark On ‘In Waves’ World Tour,https://news.pollstar.com/2024/10/01/jamie-xx-to-embark-on-in-waves-world-tour/,2024-10-01,2025-10-02,2026-03-21,"Amsterdam, Netherlands",AFAS Live,Other,FALSE,,,TRUE
Jamie xx To Embark On ‘In Waves’ World Tour,Jamie xx To Embark On ‘In Waves’ World Tour,https://news.pollstar.com/2024/10/01/jamie-xx-to-embark-on-in-waves-world-tour/,2024-10-01,2025-10-02,2026-03-21,"Hamburg, Germany",Sporthalle,Other,FALSE,,,TRUE
Jamie xx To Embark On ‘In Waves’ World Tour,Jamie xx To Embark On ‘In Waves’ World Tour,https://news.pollstar.com/2024/10/01/jamie-xx-to-embark-on-in-waves-world-tour/,2024-10-01,2025-10-02,2026-03-21,"Copenhagen, Denmark",K.B. Hallen,Other,FALSE,,,TRUE
Jamie xx To Embark On ‘In Waves’ World Tour,Jamie xx To Embark On ‘In Waves’ World Tour,https://news.pollstar.com/2024/10/01/jamie-xx-to-embark-on-in-waves-world-tour/,2024-10-01,2025-10-02,2026-03-21,"Berlin, Germany",Uber Eats Music Hall,Other,FALSE,,,TRUE
Jamie xx To Embark On ‘In Waves’ World Tour,Jamie xx To Embark On ‘In Waves’ World Tour,https://news.pollstar.com/2024/10/01/jamie-xx-to-embark-on-in-waves-world-tour/,2024-10-01,2025-10-02,2026-03-21,"Poznań, Poland",MTP 3A,Other,FALSE,,,TRUE
Jamie xx To Embark On ‘In Waves’ World Tour,Jamie xx To Embark On ‘In Waves’ World Tour,https://news.pollstar.com/2024/10/01/jamie-xx-to-embark-on-in-waves-world-tour/,2024-10-01,2025-10-02,2026-03-21,"Prague, Czechoslovakia",Forum Karlin,Other,FALSE,,,TRUE
Jamie xx To Embark On ‘In Waves’ World Tour,Jamie xx To Embark On ‘In Waves’ World Tour,https://news.pollstar.com/2024/10/01/jamie-xx-to-embark-on-in-waves-world-tour/,2024-10-01,2025-10-02,2026-03-21,"Ofeenbach, Germany",Stadthalle,Other,FALSE,,,TRUE
Jamie xx To Embark On ‘In Waves’ World Tour,Jamie xx To Embark On ‘In Waves’ World Tour,https://news.pollstar.com/2024/10/01/jamie-xx-to-embark-on-in-waves-world-tour/,2024-10-01,2025-10-02,2026-03-21,"Milan, Italy","Big Theatre, MIND",Other,FALSE,,,TRUE
Jamie xx To Embark On ‘In Waves’ World Tour,Jamie xx To Embark On ‘In Waves’ World Tour,https://news.pollstar.com/2024/10/01/jamie-xx-to-embark-on-in-waves-world-tour/,2024-10-01,2025-10-02,2026-03-21,"Paris, France",Adidas Arena,Other,FALSE,,,TRUE
Scotland’s Franz Ferdinand Hits The Global Road In 2024-25,Scotland’s Franz Ferdinand Hits The Global Road In 2024-25,https://news.pollstar.com/2024/09/24/scotlands-franz-ferdinand-hits-the-global-road-in-2024-25/,2024-09-24,2024-09-26,2025-04-15,STRATHPEFFER,Spa Pavilion,Amphitheater,FALSE,,,TRUE
Scotland’s Franz Ferdinand Hits The Global Road In 2024-25,Scotland’s Franz Ferdinand Hits The Global Road In 2024-25,https://news.pollstar.com/2024/09/24/scotlands-franz-ferdinand-hits-the-global-road-in-2024-25/,2024-09-24,2024-09-26,2025-04-15,STIRLING,Albert Halls,Auditorium,FALSE,,,TRUE
Scotland’s Franz Ferdinand Hits The Global Road In 2024-25,Scotland’s Franz Ferdinand Hits The Global Road In 2024-25,https://news.pollstar.com/2024/09/24/scotlands-franz-ferdinand-hits-the-global-road-in-2024-25/,2024-09-24,2024-09-26,2025-04-15,DUMFRIES,The Venue,Other,FALSE,,,TRUE
Scotland’s Franz Ferdinand Hits The Global Road In 2024-25,Scotland’s Franz Ferdinand Hits The Global Road In 2024-25,https://news.pollstar.com/2024/09/24/scotlands-franz-ferdinand-hits-the-global-road-in-2024-25/,2024-09-24,2024-09-26,2025-04-15,MEXICO CITY,Foro Sol,Arena,FALSE,,,TRUE
Scotland’s Franz Ferdinand Hits The Global Road In 2024-25,Scotland’s Franz Ferdinand Hits The Global Road In 2024-25,https://news.pollstar.com/2024/09/24/scotlands-franz-ferdinand-hits-the-global-road-in-2024-25/,2024-09-24,2024-09-26,2025-04-15,MEXICO CITY,Foro Sol,Arena,FALSE,,,TRUE
Scotland’s Franz Ferdinand Hits The Global Road In 2024-25,Scotland’s Franz Ferdinand Hits The Global Road In 2024-25,https://news.pollstar.com/2024/09/24/scotlands-franz-ferdinand-hits-the-global-road-in-2024-25/,2024-09-24,2024-09-26,2025-04-15,"QUERTARO, MEXICO",Festival Pulso,Other,FALSE,,,TRUE
Scotland’s Franz Ferdinand Hits The Global Road In 2024-25,Scotland’s Franz Ferdinand Hits The Global Road In 2024-25,https://news.pollstar.com/2024/09/24/scotlands-franz-ferdinand-hits-the-global-road-in-2024-25/,2024-09-24,2024-09-26,2025-04-15,LIMA,Explanada del Parque de la Exposicion,Arena,FALSE,,,TRUE
Scotland’s Franz Ferdinand Hits The Global Road In 2024-25,Scotland’s Franz Ferdinand Hits The Global Road In 2024-25,https://news.pollstar.com/2024/09/24/scotlands-franz-ferdinand-hits-the-global-road-in-2024-25/,2024-09-24,2024-09-26,2025-04-15,SANTIAGO,Fauna Primavera,Other,FALSE,,,TRUE
Scotland’s Franz Ferdinand Hits The Global Road In 2024-25,Scotland’s Franz Ferdinand Hits The Global Road In 2024-25,https://news.pollstar.com/2024/09/24/scotlands-franz-ferdinand-hits-the-global-road-in-2024-25/,2024-09-24,2024-09-26,2025-04-15,BUENOS AIRES,Estadio Obras,Arena,FALSE,,,TRUE
Scotland’s Franz Ferdinand Hits The Global Road In 2024-25,Scotland’s Franz Ferdinand Hits The Global Road In 2024-25,https://news.pollstar.com/2024/09/24/scotlands-franz-ferdinand-hits-the-global-road-in-2024-25/,2024-09-24,2024-09-26,2025-04-15,SÃO PAULO,Tokio Marine Hall,Other,FALSE,,,TRUE
Scotland’s Franz Ferdinand Hits The Global Road In 2024-25,Scotland’s Franz Ferdinand Hits The Global Road In 2024-25,https://news.pollstar.com/2024/09/24/scotlands-franz-ferdinand-hits-the-global-road-in-2024-25/,2024-09-24,2024-09-26,2025-04-15,BOGOTA,Gran Carpa,Other,FALSE,,,TRUE
Scotland’s Franz Ferdinand Hits The Global Road In 2024-25,Scotland’s Franz Ferdinand Hits The Global Road In 2024-25,https://news.pollstar.com/2024/09/24/scotlands-franz-ferdinand-hits-the-global-road-in-2024-25/,2024-09-24,2024-09-26,2025-04-15,MEDELLIN,Orquideorama,Other,FALSE,,,TRUE
Scotland’s Franz Ferdinand Hits The Global Road In 2024-25,Scotland’s Franz Ferdinand Hits The Global Road In 2024-25,https://news.pollstar.com/2024/09/24/scotlands-franz-ferdinand-hits-the-global-road-in-2024-25/,2024-09-24,2024-09-26,2025-04-15,LISBON,Aula Magna,Auditorium,FALSE,,,TRUE
Scotland’s Franz Ferdinand Hits The Global Road In 2024-25,Scotland’s Franz Ferdinand Hits The Global Road In 2024-25,https://news.pollstar.com/2024/09/24/scotlands-franz-ferdinand-hits-the-global-road-in-2024-25/,2024-09-24,2024-09-26,2025-04-15,A CORUNA,Sala Pelican,Club,FALSE,,,TRUE
Scotland’s Franz Ferdinand Hits The Global Road In 2024-25,Scotland’s Franz Ferdinand Hits The Global Road In 2024-25,https://news.pollstar.com/2024/09/24/scotlands-franz-ferdinand-hits-the-global-road-in-2024-25/,2024-09-24,2024-09-26,2025-04-15,MADRID,La Riviera,Arena,FALSE,,,TRUE
Scotland’s Franz Ferdinand Hits The Global Road In 2024-25,Scotland’s Franz Ferdinand Hits The Global Road In 2024-25,https://news.pollstar.com/2024/09/24/scotlands-franz-ferdinand-hits-the-global-road-in-2024-25/,2024-09-24,2024-09-26,2025-04-15,BARCELONA,Razzmatazz,Club,FALSE,,,TRUE
Scotland’s Franz Ferdinand Hits The Global Road In 2024-25,Scotland’s Franz Ferdinand Hits The Global Road In 2024-25,https://news.pollstar.com/2024/09/24/scotlands-franz-ferdinand-hits-the-global-road-in-2024-25/,2024-09-24,2024-09-26,2025-04-15,MILAN,Fabrique,Theater,FALSE,,,TRUE
Scotland’s Franz Ferdinand Hits The Global Road In 2024-25,Scotland’s Franz Ferdinand Hits The Global Road In 2024-25,https://news.pollstar.com/2024/09/24/scotlands-franz-ferdinand-hits-the-global-road-in-2024-25/,2024-09-24,2024-09-26,2025-04-15,ZURICH,X-Tra,Arena,FALSE,,,TRUE
Scotland’s Franz Ferdinand Hits The Global Road In 2024-25,Scotland’s Franz Ferdinand Hits The Global Road In 2024-25,https://news.pollstar.com/2024/09/24/scotlands-franz-ferdinand-hits-the-global-road-in-2024-25/,2024-09-24,2024-09-26,2025-04-15,MUNICH,Muffathalle,Auditorium,FALSE,,,TRUE
Scotland’s Franz Ferdinand Hits The Global Road In 2024-25,Scotland’s Franz Ferdinand Hits The Global Road In 2024-25,https://news.pollstar.com/2024/09/24/scotlands-franz-ferdinand-hits-the-global-road-in-2024-25/,2024-09-24,2024-09-26,2025-04-15,BERLIN,Huxleys Neue Welt,Arena,FALSE,,,TRUE
Scotland’s Franz Ferdinand Hits The Global Road In 2024-25,Scotland’s Franz Ferdinand Hits The Global Road In 2024-25,https://news.pollstar.com/2024/09/24/scotlands-franz-ferdinand-hits-the-global-road-in-2024-25/,2024-09-24,2024-09-26,2025-04-15,WARSAW,Progresja,Club,FALSE,,,TRUE
Scotland’s Franz Ferdinand Hits The Global Road In 2024-25,Scotland’s Franz Ferdinand Hits The Global Road In 2024-25,https://news.pollstar.com/2024/09/24/scotlands-franz-ferdinand-hits-the-global-road-in-2024-25/,2024-09-24,2024-09-26,2025-04-15,PARIS,La Cigale,Theater,FALSE,,,TRUE
Scotland’s Franz Ferdinand Hits The Global Road In 2024-25,Scotland’s Franz Ferdinand Hits The Global Road In 2024-25,https://news.pollstar.com/2024/09/24/scotlands-franz-ferdinand-hits-the-global-road-in-2024-25/,2024-09-24,2024-09-26,2025-04-15,COLOGNE,Die Kantine,Arena,FALSE,,,TRUE
Scotland’s Franz Ferdinand Hits The Global Road In 2024-25,Scotland’s Franz Ferdinand Hits The Global Road In 2024-25,https://news.pollstar.com/2024/09/24/scotlands-franz-ferdinand-hits-the-global-road-in-2024-25/,2024-09-24,2024-09-26,2025-04-15,ANTWERP,De Roma,Auditorium,FALSE,,,TRUE
Scotland’s Franz Ferdinand Hits The Global Road In 2024-25,Scotland’s Franz Ferdinand Hits The Global Road In 2024-25,https://news.pollstar.com/2024/09/24/scotlands-franz-ferdinand-hits-the-global-road-in-2024-25/,2024-09-24,2024-09-26,2025-04-15,AMSTERDAM,Paradiso,Arena,FALSE,,,TRUE
Scotland’s Franz Ferdinand Hits The Global Road In 2024-25,Scotland’s Franz Ferdinand Hits The Global Road In 2024-25,https://news.pollstar.com/2024/09/24/scotlands-franz-ferdinand-hits-the-global-road-in-2024-25/,2024-09-24,2024-09-26,2025-04-15,LONDON,Shepherds Bush Empire,Amphitheater,LYV,,,TRUE
Scotland’s Franz Ferdinand Hits The Global Road In 2024-25,Scotland’s Franz Ferdinand Hits The Global Road In 2024-25,https://news.pollstar.com/2024/09/24/scotlands-franz-ferdinand-hits-the-global-road-in-2024-25/,2024-09-24,2024-09-26,2025-04-15,LONDON,Shepherds Bush Empire,Amphitheater,LYV,,,TRUE
Scotland’s Franz Ferdinand Hits The Global Road In 2024-25,Scotland’s Franz Ferdinand Hits The Global Road In 2024-25,https://news.pollstar.com/2024/09/24/scotlands-franz-ferdinand-hits-the-global-road-in-2024-25/,2024-09-24,2024-09-26,2025-04-15,GLASGOW,Barrowlands,Theater,LYV,,,TRUE
Scotland’s Franz Ferdinand Hits The Global Road In 2024-25,Scotland’s Franz Ferdinand Hits The Global Road In 2024-25,https://news.pollstar.com/2024/09/24/scotlands-franz-ferdinand-hits-the-global-road-in-2024-25/,2024-09-24,2024-09-26,2025-04-15,"Showbox, Sodo","SEATTLE, WA",Club,FALSE,,,TRUE
Scotland’s Franz Ferdinand Hits The Global Road In 2024-25,Scotland’s Franz Ferdinand Hits The Global Road In 2024-25,https://news.pollstar.com/2024/09/24/scotlands-franz-ferdinand-hits-the-global-road-in-2024-25/,2024-09-24,2024-09-26,2025-04-15,Commodore,"VANCOUVER, BC",Club,FALSE,,,TRUE
Scotland’s Franz Ferdinand Hits The Global Road In 2024-25,Scotland’s Franz Ferdinand Hits The Global Road In 2024-25,https://news.pollstar.com/2024/09/24/scotlands-franz-ferdinand-hits-the-global-road-in-2024-25/,2024-09-24,2024-09-26,2025-04-15,Warfield,"SAN FRANCISCO, CA",Club,FALSE,,,TRUE
Scotland’s Franz Ferdinand Hits The Global Road In 2024-25,Scotland’s Franz Ferdinand Hits The Global Road In 2024-25,https://news.pollstar.com/2024/09/24/scotlands-franz-ferdinand-hits-the-global-road-in-2024-25/,2024-09-24,2024-09-26,2025-04-15,"The Grand - SALT LAKE CITY, UT",Complex,Other,FALSE,,,TRUE
Scotland’s Franz Ferdinand Hits The Global Road In 2024-25,Scotland’s Franz Ferdinand Hits The Global Road In 2024-25,https://news.pollstar.com/2024/09/24/scotlands-franz-ferdinand-hits-the-global-road-in-2024-25/,2024-09-24,2024-09-26,2025-04-15,Midland,"KANSAS CITY, MO",Theater,FALSE,,,TRUE
Scotland’s Franz Ferdinand Hits The Global Road In 2024-25,Scotland’s Franz Ferdinand Hits The Global Road In 2024-25,https://news.pollstar.com/2024/09/24/scotlands-franz-ferdinand-hits-the-global-road-in-2024-25/,2024-09-24,2024-09-26,2025-04-15,The Fillmore,"MINNEAPOLIS, MN",Club,LYV,,,TRUE
Scotland’s Franz Ferdinand Hits The Global Road In 2024-25,Scotland’s Franz Ferdinand Hits The Global Road In 2024-25,https://news.pollstar.com/2024/09/24/scotlands-franz-ferdinand-hits-the-global-road-in-2024-25/,2024-09-24,2024-09-26,2025-04-15,"WASHINGTON, D.C.",Anthem,Other,FALSE,,,TRUE
Scotland’s Franz Ferdinand Hits The Global Road In 2024-25,Scotland’s Franz Ferdinand Hits The Global Road In 2024-25,https://news.pollstar.com/2024/09/24/scotlands-franz-ferdinand-hits-the-global-road-in-2024-25/,2024-09-24,2024-09-26,2025-04-15,The Fillmore,"PHILADELPHIA, PA",Club,LYV,,,TRUE
Scotland’s Franz Ferdinand Hits The Global Road In 2024-25,Scotland’s Franz Ferdinand Hits The Global Road In 2024-25,https://news.pollstar.com/2024/09/24/scotlands-franz-ferdinand-hits-the-global-road-in-2024-25/,2024-09-24,2024-09-26,2025-04-15,Brooklyn Paramount,"BROOKLYN, NY",Theater,LYV,,,TRUE
Scotland’s Franz Ferdinand Hits The Global Road In 2024-25,Scotland’s Franz Ferdinand Hits The Global Road In 2024-25,https://news.pollstar.com/2024/09/24/scotlands-franz-ferdinand-hits-the-global-road-in-2024-25/,2024-09-24,2024-09-26,2025-04-15,Orpheum,"BOSTON, MA",Theater,FALSE,,,TRUE
Scotland’s Franz Ferdinand Hits The Global Road In 2024-25,Scotland’s Franz Ferdinand Hits The Global Road In 2024-25,https://news.pollstar.com/2024/09/24/scotlands-franz-ferdinand-hits-the-global-road-in-2024-25/,2024-09-24,2024-09-26,2025-04-15,M Telus,"MONTREAL, QB",Club,FALSE,,,TRUE
Scotland’s Franz Ferdinand Hits The Global Road In 2024-25,Scotland’s Franz Ferdinand Hits The Global Road In 2024-25,https://news.pollstar.com/2024/09/24/scotlands-franz-ferdinand-hits-the-global-road-in-2024-25/,2024-09-24,2024-09-26,2025-04-15,History,"TORONTO, ON",Club,LYV,,,TRUE
Polo G Plots 26-City ‘Hood Poet Tour’,Polo G Plots 26-City ‘Hood Poet Tour’,https://news.pollstar.com/2024/08/20/polo-g-plots-26-city-hood-poet-tour/,2024-08-20,2024-10-24,2024-11-29,Fillmore Auditorium,"Denver, CO",Theater,LYV,,,TRUE
Polo G Plots 26-City ‘Hood Poet Tour’,Polo G Plots 26-City ‘Hood Poet Tour’,https://news.pollstar.com/2024/08/20/polo-g-plots-26-city-hood-poet-tour/,2024-08-20,2024-10-24,2024-11-29,Uptown Theater Minneapolis,"Minneapolis, MN",Theater,FALSE,,,TRUE
Polo G Plots 26-City ‘Hood Poet Tour’,Polo G Plots 26-City ‘Hood Poet Tour’,https://news.pollstar.com/2024/08/20/polo-g-plots-26-city-hood-poet-tour/,2024-08-20,2024-10-24,2024-11-29,The Midland Theatre*,"Kansas City, MO",Theater,FALSE,,,TRUE
Polo G Plots 26-City ‘Hood Poet Tour’,Polo G Plots 26-City ‘Hood Poet Tour’,https://news.pollstar.com/2024/08/20/polo-g-plots-26-city-hood-poet-tour/,2024-08-20,2024-10-24,2024-11-29,The Pageant,"St. Louis, MO",Theater,FALSE,,,TRUE
Polo G Plots 26-City ‘Hood Poet Tour’,Polo G Plots 26-City ‘Hood Poet Tour’,https://news.pollstar.com/2024/08/20/polo-g-plots-26-city-hood-poet-tour/,2024-08-20,2024-10-24,2024-11-29,The Eagles Ballroom*,"Milwaukee, WI",Club,FALSE,,,TRUE
Polo G Plots 26-City ‘Hood Poet Tour’,Polo G Plots 26-City ‘Hood Poet Tour’,https://news.pollstar.com/2024/08/20/polo-g-plots-26-city-hood-poet-tour/,2024-08-20,2024-10-24,2024-11-29,Byline Bank Aragon Ballroom,"Chicago, IL",Club,LYV,,,TRUE
Polo G Plots 26-City ‘Hood Poet Tour’,Polo G Plots 26-City ‘Hood Poet Tour’,https://news.pollstar.com/2024/08/20/polo-g-plots-26-city-hood-poet-tour/,2024-08-20,2024-10-24,2024-11-29,GLC Live at 20 Monroe,"Grand Rapids, MI",Theater,FALSE,,,TRUE
Polo G Plots 26-City ‘Hood Poet Tour’,Polo G Plots 26-City ‘Hood Poet Tour’,https://news.pollstar.com/2024/08/20/polo-g-plots-26-city-hood-poet-tour/,2024-08-20,2024-10-24,2024-11-29,The Fillmore Detroit,"Detroit, MI",Club,LYV,,,TRUE
Polo G Plots 26-City ‘Hood Poet Tour’,Polo G Plots 26-City ‘Hood Poet Tour’,https://news.pollstar.com/2024/08/20/polo-g-plots-26-city-hood-poet-tour/,2024-08-20,2024-10-24,2024-11-29,REBEL,"Toronto, ON",Other,FALSE,,,TRUE
Polo G Plots 26-City ‘Hood Poet Tour’,Polo G Plots 26-City ‘Hood Poet Tour’,https://news.pollstar.com/2024/08/20/polo-g-plots-26-city-hood-poet-tour/,2024-08-20,2024-10-24,2024-11-29,Palladium Times Square !,"New York, NY",Theater,FALSE,,,TRUE
Polo G Plots 26-City ‘Hood Poet Tour’,Polo G Plots 26-City ‘Hood Poet Tour’,https://news.pollstar.com/2024/08/20/polo-g-plots-26-city-hood-poet-tour/,2024-08-20,2024-10-24,2024-11-29,The Webster *!,"Hartford, CT",Other,FALSE,,,TRUE
Polo G Plots 26-City ‘Hood Poet Tour’,Polo G Plots 26-City ‘Hood Poet Tour’,https://news.pollstar.com/2024/08/20/polo-g-plots-26-city-hood-poet-tour/,2024-08-20,2024-10-24,2024-11-29,The Strand Ballroom *!,"Providence, RI",Other,FALSE,,,TRUE
Polo G Plots 26-City ‘Hood Poet Tour’,Polo G Plots 26-City ‘Hood Poet Tour’,https://news.pollstar.com/2024/08/20/polo-g-plots-26-city-hood-poet-tour/,2024-08-20,2024-10-24,2024-11-29,The Wellmont Theater *!,"Montclair, NJ",Theater,FALSE,,,TRUE
Polo G Plots 26-City ‘Hood Poet Tour’,Polo G Plots 26-City ‘Hood Poet Tour’,https://news.pollstar.com/2024/08/20/polo-g-plots-26-city-hood-poet-tour/,2024-08-20,2024-10-24,2024-11-29,Citizens House of Blues Boston !,"Boston, MA",Club,LYV,,,TRUE
Polo G Plots 26-City ‘Hood Poet Tour’,Polo G Plots 26-City ‘Hood Poet Tour’,https://news.pollstar.com/2024/08/20/polo-g-plots-26-city-hood-poet-tour/,2024-08-20,2024-10-24,2024-11-29,The Fillmore Philadelphia !,"Philadelphia, PA",Club,LYV,,,TRUE
Polo G Plots 26-City ‘Hood Poet Tour’,Polo G Plots 26-City ‘Hood Poet Tour’,https://news.pollstar.com/2024/08/20/polo-g-plots-26-city-hood-poet-tour/,2024-08-20,2024-10-24,2024-11-29,Echostage !,"Washington, DC",Club,FALSE,,,TRUE
Polo G Plots 26-City ‘Hood Poet Tour’,Polo G Plots 26-City ‘Hood Poet Tour’,https://news.pollstar.com/2024/08/20/polo-g-plots-26-city-hood-poet-tour/,2024-08-20,2024-10-24,2024-11-29,The Ritz !,"Raleigh, NC",Club,FALSE,,,TRUE
Polo G Plots 26-City ‘Hood Poet Tour’,Polo G Plots 26-City ‘Hood Poet Tour’,https://news.pollstar.com/2024/08/20/polo-g-plots-26-city-hood-poet-tour/,2024-08-20,2024-10-24,2024-11-29,The Fillmore Charlotte !,"Charlotte, NC",Club,LYV,,,TRUE
Polo G Plots 26-City ‘Hood Poet Tour’,Polo G Plots 26-City ‘Hood Poet Tour’,https://news.pollstar.com/2024/08/20/polo-g-plots-26-city-hood-poet-tour/,2024-08-20,2024-10-24,2024-11-29,The Fillmore New Orleans @,"New Orleans, LA",Club,LYV,,,TRUE
Polo G Plots 26-City ‘Hood Poet Tour’,Polo G Plots 26-City ‘Hood Poet Tour’,https://news.pollstar.com/2024/08/20/polo-g-plots-26-city-hood-poet-tour/,2024-08-20,2024-10-24,2024-11-29,Bayou Music Center @,"Houston, TX",Amphitheater,LYV,,,TRUE
Polo G Plots 26-City ‘Hood Poet Tour’,Polo G Plots 26-City ‘Hood Poet Tour’,https://news.pollstar.com/2024/08/20/polo-g-plots-26-city-hood-poet-tour/,2024-08-20,2024-10-24,2024-11-29,Stubb’s Waller Creek Amphitheater @,"Austin, TX",Amphitheater,LYV,,,TRUE
Polo G Plots 26-City ‘Hood Poet Tour’,Polo G Plots 26-City ‘Hood Poet Tour’,https://news.pollstar.com/2024/08/20/polo-g-plots-26-city-hood-poet-tour/,2024-08-20,2024-10-24,2024-11-29,South Side Ballroom @,"Dallas, TX",Club,FALSE,,,TRUE
Polo G Plots 26-City ‘Hood Poet Tour’,Polo G Plots 26-City ‘Hood Poet Tour’,https://news.pollstar.com/2024/08/20/polo-g-plots-26-city-hood-poet-tour/,2024-08-20,2024-10-24,2024-11-29,House of Blues San Diego,"San Diego, CA",Club,LYV,,,TRUE
Polo G Plots 26-City ‘Hood Poet Tour’,Polo G Plots 26-City ‘Hood Poet Tour’,https://news.pollstar.com/2024/08/20/polo-g-plots-26-city-hood-poet-tour/,2024-08-20,2024-10-24,2024-11-29,The Midway,"San Francisco, CA",Theater,FALSE,,,TRUE
Polo G Plots 26-City ‘Hood Poet Tour’,Polo G Plots 26-City ‘Hood Poet Tour’,https://news.pollstar.com/2024/08/20/polo-g-plots-26-city-hood-poet-tour/,2024-08-20,2024-10-24,2024-11-29,The Wiltern,"Los Angeles, CA",Theater,LYV,,,TRUE
The Story So Far,"The Story So Far Unveils Fall Headlining Tour With Superheaven, Koyo",https://news.pollstar.com/2024/08/19/the-story-so-far-unveils-fall-headlining-tour-with-superheaven-koyo/,2024-08-19,2024-11-21,2024-12-14,Marathon Music Works,"Nashville, TN",Club,FALSE,,,TRUE
The Story So Far,"The Story So Far Unveils Fall Headlining Tour With Superheaven, Koyo",https://news.pollstar.com/2024/08/19/the-story-so-far-unveils-fall-headlining-tour-with-superheaven-koyo/,2024-08-19,2024-11-21,2024-12-14,Byline Bank Aragon Ballroom,"Chicago, IL",Club,LYV,,,TRUE
The Story So Far,"The Story So Far Unveils Fall Headlining Tour With Superheaven, Koyo",https://news.pollstar.com/2024/08/19/the-story-so-far-unveils-fall-headlining-tour-with-superheaven-koyo/,2024-08-19,2024-11-21,2024-12-14,KEMBA Live!,"Columbus, OH",Club,FALSE,,,TRUE
The Story So Far,"The Story So Far Unveils Fall Headlining Tour With Superheaven, Koyo",https://news.pollstar.com/2024/08/19/the-story-so-far-unveils-fall-headlining-tour-with-superheaven-koyo/,2024-08-19,2024-11-21,2024-12-14,RiverWorks,"Buffalo, NY",Club,FALSE,,,TRUE
The Story So Far,"The Story So Far Unveils Fall Headlining Tour With Superheaven, Koyo",https://news.pollstar.com/2024/08/19/the-story-so-far-unveils-fall-headlining-tour-with-superheaven-koyo/,2024-08-19,2024-11-21,2024-12-14,The Fillmore,"Silver Spring, MD",Club,LYV,,,TRUE
The Story So Far,"The Story So Far Unveils Fall Headlining Tour With Superheaven, Koyo",https://news.pollstar.com/2024/08/19/the-story-so-far-unveils-fall-headlining-tour-with-superheaven-koyo/,2024-08-19,2024-11-21,2024-12-14,MGM Music Hall at Fenway,"Boston, MA",Theater,LYV,,,TRUE
The Story So Far,"The Story So Far Unveils Fall Headlining Tour With Superheaven, Koyo",https://news.pollstar.com/2024/08/19/the-story-so-far-unveils-fall-headlining-tour-with-superheaven-koyo/,2024-08-19,2024-11-21,2024-12-14,Brooklyn Paramount,"Brooklyn, NY",Theater,LYV,,,TRUE
The Story So Far,"The Story So Far Unveils Fall Headlining Tour With Superheaven, Koyo",https://news.pollstar.com/2024/08/19/the-story-so-far-unveils-fall-headlining-tour-with-superheaven-koyo/,2024-08-19,2024-11-21,2024-12-14,The Fillmore,"Philadelphia, PA",Club,LYV,,,TRUE
The Story So Far,"The Story So Far Unveils Fall Headlining Tour With Superheaven, Koyo",https://news.pollstar.com/2024/08/19/the-story-so-far-unveils-fall-headlining-tour-with-superheaven-koyo/,2024-08-19,2024-11-21,2024-12-14,Coca-Cola Roxy,"Atlanta, GA",Club,LYV,,,TRUE
The Story So Far,"The Story So Far Unveils Fall Headlining Tour With Superheaven, Koyo",https://news.pollstar.com/2024/08/19/the-story-so-far-unveils-fall-headlining-tour-with-superheaven-koyo/,2024-08-19,2024-11-21,2024-12-14,Hard Rock Live,"Orlando, FL",Theater,FALSE,,,TRUE
The Story So Far,"The Story So Far Unveils Fall Headlining Tour With Superheaven, Koyo",https://news.pollstar.com/2024/08/19/the-story-so-far-unveils-fall-headlining-tour-with-superheaven-koyo/,2024-08-19,2024-11-21,2024-12-14,Bayou Music Center,"Houston, TX",Amphitheater,LYV,,,TRUE
The Story So Far,"The Story So Far Unveils Fall Headlining Tour With Superheaven, Koyo",https://news.pollstar.com/2024/08/19/the-story-so-far-unveils-fall-headlining-tour-with-superheaven-koyo/,2024-08-19,2024-11-21,2024-12-14,Boeing Center at Tech Port,"San Antonio, TX",Arena,FALSE,,,TRUE
The Story So Far,"The Story So Far Unveils Fall Headlining Tour With Superheaven, Koyo",https://news.pollstar.com/2024/08/19/the-story-so-far-unveils-fall-headlining-tour-with-superheaven-koyo/,2024-08-19,2024-11-21,2024-12-14,The Pavilion at Toyota Factory,"Irving, TX",Club,FALSE,,,TRUE
The Story So Far,"The Story So Far Unveils Fall Headlining Tour With Superheaven, Koyo",https://news.pollstar.com/2024/08/19/the-story-so-far-unveils-fall-headlining-tour-with-superheaven-koyo/,2024-08-19,2024-11-21,2024-12-14,The Van Buren,"Phoenix, AZ",Theater,LYV,,,TRUE
The Story So Far,"The Story So Far Unveils Fall Headlining Tour With Superheaven, Koyo",https://news.pollstar.com/2024/08/19/the-story-so-far-unveils-fall-headlining-tour-with-superheaven-koyo/,2024-08-19,2024-11-21,2024-12-14,Hollywood Palladium,"Los Angeles, CA",Theater,LYV,,,TRUE
The Story So Far,"The Story So Far Unveils Fall Headlining Tour With Superheaven, Koyo",https://news.pollstar.com/2024/08/19/the-story-so-far-unveils-fall-headlining-tour-with-superheaven-koyo/,2024-08-19,2024-11-21,2024-12-14,The Masonic,"San Francisco, CA",Theater,LYV,,,TRUE
Myles Smith,Myles Smith Announces Dates In NYC & Los Angeles,https://news.pollstar.com/2024/08/14/myles-smith-announces-dates-in-nyc-los-angeles/,2024-08-14,2024-01-22,2024-11-07,Brooklyn Paramount,"Brooklyn, NY",Theater,LYV,,,TRUE
Myles Smith,Myles Smith Announces Dates In NYC & Los Angeles,https://news.pollstar.com/2024/08/14/myles-smith-announces-dates-in-nyc-los-angeles/,2024-08-14,2024-01-22,2024-11-07,The Wiltern,"Los Angeles, CA",Theater,LYV,,,TRUE
Myles Smith,Myles Smith Announces Dates In NYC & Los Angeles,https://news.pollstar.com/2024/08/14/myles-smith-announces-dates-in-nyc-los-angeles/,2024-08-14,2024-01-22,2024-11-07,The Crocodile,"Seattle, WA",Club,FALSE,,,TRUE
Myles Smith,Myles Smith Announces Dates In NYC & Los Angeles,https://news.pollstar.com/2024/08/14/myles-smith-announces-dates-in-nyc-los-angeles/,2024-08-14,2024-01-22,2024-11-07,Fortune Sound Club,"Vancouver, BC",Club,FALSE,,,TRUE
Myles Smith,Myles Smith Announces Dates In NYC & Los Angeles,https://news.pollstar.com/2024/08/14/myles-smith-announces-dates-in-nyc-los-angeles/,2024-08-14,2024-01-22,2024-11-07,Wonder Ballroom,"Portland, OR",Other,FALSE,,,TRUE
Myles Smith,Myles Smith Announces Dates In NYC & Los Angeles,https://news.pollstar.com/2024/08/14/myles-smith-announces-dates-in-nyc-los-angeles/,2024-08-14,2024-01-22,2024-11-07,Goldfield Trading Post,"Sacramento, CA",Club,FALSE,,,TRUE
Myles Smith,Myles Smith Announces Dates In NYC & Los Angeles,https://news.pollstar.com/2024/08/14/myles-smith-announces-dates-in-nyc-los-angeles/,2024-08-14,2024-01-22,2024-11-07,The Independent,"San Francisco, CA",Club,FALSE,,,TRUE
Myles Smith,Myles Smith Announces Dates In NYC & Los Angeles,https://news.pollstar.com/2024/08/14/myles-smith-announces-dates-in-nyc-los-angeles/,2024-08-14,2024-01-22,2024-11-07,The Independent,"San Francisco, CA",Club,FALSE,,,TRUE
Myles Smith,Myles Smith Announces Dates In NYC & Los Angeles,https://news.pollstar.com/2024/08/14/myles-smith-announces-dates-in-nyc-los-angeles/,2024-08-14,2024-01-22,2024-11-07,Troubadour,"West Hollywood, CA",Club,FALSE,,,TRUE
Myles Smith,Myles Smith Announces Dates In NYC & Los Angeles,https://news.pollstar.com/2024/08/14/myles-smith-announces-dates-in-nyc-los-angeles/,2024-08-14,2024-01-22,2024-11-07,Troubadour,"West Hollywood, CA",Club,FALSE,,,TRUE
Myles Smith,Myles Smith Announces Dates In NYC & Los Angeles,https://news.pollstar.com/2024/08/14/myles-smith-announces-dates-in-nyc-los-angeles/,2024-08-14,2024-01-22,2024-11-07,Pilgrimage Music & Cultural Festival,"Franklin, TN",Other,FALSE,,,TRUE
Myles Smith,Myles Smith Announces Dates In NYC & Los Angeles,https://news.pollstar.com/2024/08/14/myles-smith-announces-dates-in-nyc-los-angeles/,2024-08-14,2024-01-22,2024-11-07,Valley Bar,"Phoenix, AZ",Other,FALSE,,,TRUE
Myles Smith,Myles Smith Announces Dates In NYC & Los Angeles,https://news.pollstar.com/2024/08/14/myles-smith-announces-dates-in-nyc-los-angeles/,2024-08-14,2024-01-22,2024-11-07,Soundwell,"Salt Lake City, UT",Club,FALSE,,,TRUE
Myles Smith,Myles Smith Announces Dates In NYC & Los Angeles,https://news.pollstar.com/2024/08/14/myles-smith-announces-dates-in-nyc-los-angeles/,2024-08-14,2024-01-22,2024-11-07,Marquis,"Denver, CO",Club,FALSE,,,TRUE
Myles Smith,Myles Smith Announces Dates In NYC & Los Angeles,https://news.pollstar.com/2024/08/14/myles-smith-announces-dates-in-nyc-los-angeles/,2024-08-14,2024-01-22,2024-11-07,Austin City Limits,"Austin, TX",Amphitheater,LYV,,,TRUE
Myles Smith,Myles Smith Announces Dates In NYC & Los Angeles,https://news.pollstar.com/2024/08/14/myles-smith-announces-dates-in-nyc-los-angeles/,2024-08-14,2024-01-22,2024-11-07,Delmar Hall,"St. Louis, MO",Theater,FALSE,,,TRUE
Myles Smith,Myles Smith Announces Dates In NYC & Los Angeles,https://news.pollstar.com/2024/08/14/myles-smith-announces-dates-in-nyc-los-angeles/,2024-08-14,2024-01-22,2024-11-07,recordBar,"Kansas City, MO",Club,FALSE,,,TRUE
Myles Smith,Myles Smith Announces Dates In NYC & Los Angeles,https://news.pollstar.com/2024/08/14/myles-smith-announces-dates-in-nyc-los-angeles/,2024-08-14,2024-01-22,2024-11-07,Austin City Limits,"Austin, TX",Amphitheater,LYV,,,TRUE
Myles Smith,Myles Smith Announces Dates In NYC & Los Angeles,https://news.pollstar.com/2024/08/14/myles-smith-announces-dates-in-nyc-los-angeles/,2024-08-14,2024-01-22,2024-11-07,Smith’s Olde Bar,"Atlanta, GA",Other,FALSE,,,TRUE
Myles Smith,Myles Smith Announces Dates In NYC & Los Angeles,https://news.pollstar.com/2024/08/14/myles-smith-announces-dates-in-nyc-los-angeles/,2024-08-14,2024-01-22,2024-11-07,The Underground,"Charlotte, NC",Club,FALSE,,,TRUE
Myles Smith,Myles Smith Announces Dates In NYC & Los Angeles,https://news.pollstar.com/2024/08/14/myles-smith-announces-dates-in-nyc-los-angeles/,2024-08-14,2024-01-22,2024-11-07,9:30 Club,"Washington, DC",Club,FALSE,,,TRUE
Myles Smith,Myles Smith Announces Dates In NYC & Los Angeles,https://news.pollstar.com/2024/08/14/myles-smith-announces-dates-in-nyc-los-angeles/,2024-08-14,2024-01-22,2024-11-07,A&R Music Bar,"Columbus, OH",Other,FALSE,,,TRUE
Myles Smith,Myles Smith Announces Dates In NYC & Los Angeles,https://news.pollstar.com/2024/08/14/myles-smith-announces-dates-in-nyc-los-angeles/,2024-08-14,2024-01-22,2024-11-07,Stage AE,"Pittsburgh, PA",Amphitheater,LYV,,,TRUE
Myles Smith,Myles Smith Announces Dates In NYC & Los Angeles,https://news.pollstar.com/2024/08/14/myles-smith-announces-dates-in-nyc-los-angeles/,2024-08-14,2024-01-22,2024-11-07,Brooklyn Bowl Philadelphia,"Philadelphia, PA",Club,LYV,,,TRUE
Myles Smith,Myles Smith Announces Dates In NYC & Los Angeles,https://news.pollstar.com/2024/08/14/myles-smith-announces-dates-in-nyc-los-angeles/,2024-08-14,2024-01-22,2024-11-07,Irving Plaza,"New York, NY",Club,LYV,,,TRUE
Myles Smith,Myles Smith Announces Dates In NYC & Los Angeles,https://news.pollstar.com/2024/08/14/myles-smith-announces-dates-in-nyc-los-angeles/,2024-08-14,2024-01-22,2024-11-07,Brighton Music Hall,"Boston, MA",Other,FALSE,,,TRUE
Myles Smith,Myles Smith Announces Dates In NYC & Los Angeles,https://news.pollstar.com/2024/08/14/myles-smith-announces-dates-in-nyc-los-angeles/,2024-08-14,2024-01-22,2024-11-07,Théâtre Beanfield,"Montreal, QC",Theater,FALSE,,,TRUE
Myles Smith,Myles Smith Announces Dates In NYC & Los Angeles,https://news.pollstar.com/2024/08/14/myles-smith-announces-dates-in-nyc-los-angeles/,2024-08-14,2024-01-22,2024-11-07,The Opera House,"Toronto, ON",Theater,FALSE,,,TRUE
Myles Smith,Myles Smith Announces Dates In NYC & Los Angeles,https://news.pollstar.com/2024/08/14/myles-smith-announces-dates-in-nyc-los-angeles/,2024-08-14,2024-01-22,2024-11-07,El Club,"Detroit, MI",Club,FALSE,,,TRUE
Myles Smith,Myles Smith Announces Dates In NYC & Los Angeles,https://news.pollstar.com/2024/08/14/myles-smith-announces-dates-in-nyc-los-angeles/,2024-08-14,2024-01-22,2024-11-07,Fine Line,"Minneapolis, MN",Club,FALSE,,,TRUE
Myles Smith,Myles Smith Announces Dates In NYC & Los Angeles,https://news.pollstar.com/2024/08/14/myles-smith-announces-dates-in-nyc-los-angeles/,2024-08-14,2024-01-22,2024-11-07,Lincoln Hall,"Chicago, IL",Other,FALSE,,,TRUE
Myles Smith,Myles Smith Announces Dates In NYC & Los Angeles,https://news.pollstar.com/2024/08/14/myles-smith-announces-dates-in-nyc-los-angeles/,2024-08-14,2024-01-22,2024-11-07,Lincoln Hall,"Chicago, IL",Other,FALSE,,,TRUE
Myles Smith,Myles Smith Announces Dates In NYC & Los Angeles,https://news.pollstar.com/2024/08/14/myles-smith-announces-dates-in-nyc-los-angeles/,2024-08-14,2024-01-22,2024-11-07,The Opera House,"Toronto, ON",Theater,FALSE,,,TRUE
Myles Smith,Myles Smith Announces Dates In NYC & Los Angeles,https://news.pollstar.com/2024/08/14/myles-smith-announces-dates-in-nyc-los-angeles/,2024-08-14,2024-01-22,2024-11-07,Théâtre Beanfield,"Montreal, QC",Theater,FALSE,,,TRUE
Myles Smith,Myles Smith Announces Dates In NYC & Los Angeles,https://news.pollstar.com/2024/08/14/myles-smith-announces-dates-in-nyc-los-angeles/,2024-08-14,2024-01-22,2024-11-07,The Opera House,"Toronto, ON",Theater,FALSE,,,TRUE
Social Media Star Matt Mathews Embarking On ‘Boujee On A Budget’ Tour,Social Media Star Matt Mathews Embarking On ‘Boujee On A Budget’ Tour,https://news.pollstar.com/2024/08/13/social-media-star-matt-mathews-embarking-on-boujee-on-a-budget-tour/,2024-08-13,2025-10-25,2026-05-03,Proctors,"Schenectady, NY",Theater,FALSE,,,TRUE
Social Media Star Matt Mathews Embarking On ‘Boujee On A Budget’ Tour,Social Media Star Matt Mathews Embarking On ‘Boujee On A Budget’ Tour,https://news.pollstar.com/2024/08/13/social-media-star-matt-mathews-embarking-on-boujee-on-a-budget-tour/,2024-08-13,2025-10-25,2026-05-03,The Met Philadelphia presented by Highmark,"Philadelphia, PA",Theater,LYV,,,TRUE
Social Media Star Matt Mathews Embarking On ‘Boujee On A Budget’ Tour,Social Media Star Matt Mathews Embarking On ‘Boujee On A Budget’ Tour,https://news.pollstar.com/2024/08/13/social-media-star-matt-mathews-embarking-on-boujee-on-a-budget-tour/,2024-08-13,2025-10-25,2026-05-03,Wellmont Theater,"Montclair, NJ",Theater,FALSE,,,TRUE
Social Media Star Matt Mathews Embarking On ‘Boujee On A Budget’ Tour,Social Media Star Matt Mathews Embarking On ‘Boujee On A Budget’ Tour,https://news.pollstar.com/2024/08/13/social-media-star-matt-mathews-embarking-on-boujee-on-a-budget-tour/,2024-08-13,2025-10-25,2026-05-03,Carnegie of Homestead Music Hall,"Pittsburgh, PA",Other,FALSE,,,TRUE
Social Media Star Matt Mathews Embarking On ‘Boujee On A Budget’ Tour,Social Media Star Matt Mathews Embarking On ‘Boujee On A Budget’ Tour,https://news.pollstar.com/2024/08/13/social-media-star-matt-mathews-embarking-on-boujee-on-a-budget-tour/,2024-08-13,2025-10-25,2026-05-03,The Lyric,"Baltimore, MD",Auditorium,FALSE,,,TRUE
Social Media Star Matt Mathews Embarking On ‘Boujee On A Budget’ Tour,Social Media Star Matt Mathews Embarking On ‘Boujee On A Budget’ Tour,https://news.pollstar.com/2024/08/13/social-media-star-matt-mathews-embarking-on-boujee-on-a-budget-tour/,2024-08-13,2025-10-25,2026-05-03,Capitol Center For The Arts,"Concord, NH",Other,FALSE,,,TRUE
Social Media Star Matt Mathews Embarking On ‘Boujee On A Budget’ Tour,Social Media Star Matt Mathews Embarking On ‘Boujee On A Budget’ Tour,https://news.pollstar.com/2024/08/13/social-media-star-matt-mathews-embarking-on-boujee-on-a-budget-tour/,2024-08-13,2025-10-25,2026-05-03,Ameristar Casino Hotel Kansas City,"Kansas City, MO",Club,FALSE,,,TRUE
Social Media Star Matt Mathews Embarking On ‘Boujee On A Budget’ Tour,Social Media Star Matt Mathews Embarking On ‘Boujee On A Budget’ Tour,https://news.pollstar.com/2024/08/13/social-media-star-matt-mathews-embarking-on-boujee-on-a-budget-tour/,2024-08-13,2025-10-25,2026-05-03,Historic Elsinore Theatre,"Salem, OR",Auditorium,FALSE,,,TRUE
Social Media Star Matt Mathews Embarking On ‘Boujee On A Budget’ Tour,Social Media Star Matt Mathews Embarking On ‘Boujee On A Budget’ Tour,https://news.pollstar.com/2024/08/13/social-media-star-matt-mathews-embarking-on-boujee-on-a-budget-tour/,2024-08-13,2025-10-25,2026-05-03,The Fox,"Spokane, WA",Theater,FALSE,,,TRUE
Social Media Star Matt Mathews Embarking On ‘Boujee On A Budget’ Tour,Social Media Star Matt Mathews Embarking On ‘Boujee On A Budget’ Tour,https://news.pollstar.com/2024/08/13/social-media-star-matt-mathews-embarking-on-boujee-on-a-budget-tour/,2024-08-13,2025-10-25,2026-05-03,Toyota Center,"Kennewick, WA",Arena,FALSE,,,TRUE
Social Media Star Matt Mathews Embarking On ‘Boujee On A Budget’ Tour,Social Media Star Matt Mathews Embarking On ‘Boujee On A Budget’ Tour,https://news.pollstar.com/2024/08/13/social-media-star-matt-mathews-embarking-on-boujee-on-a-budget-tour/,2024-08-13,2025-10-25,2026-05-03,Balboa Theatre,"San Diego, CA",Auditorium,FALSE,,,TRUE
Social Media Star Matt Mathews Embarking On ‘Boujee On A Budget’ Tour,Social Media Star Matt Mathews Embarking On ‘Boujee On A Budget’ Tour,https://news.pollstar.com/2024/08/13/social-media-star-matt-mathews-embarking-on-boujee-on-a-budget-tour/,2024-08-13,2025-10-25,2026-05-03,Long Beach Terrace Theater,"Long Beach, CA",Theater,FALSE,,,TRUE
Social Media Star Matt Mathews Embarking On ‘Boujee On A Budget’ Tour,Social Media Star Matt Mathews Embarking On ‘Boujee On A Budget’ Tour,https://news.pollstar.com/2024/08/13/social-media-star-matt-mathews-embarking-on-boujee-on-a-budget-tour/,2024-08-13,2025-10-25,2026-05-03,Saroyan Theatre,"Fresno, CA",Theater,FALSE,,,TRUE
Social Media Star Matt Mathews Embarking On ‘Boujee On A Budget’ Tour,Social Media Star Matt Mathews Embarking On ‘Boujee On A Budget’ Tour,https://news.pollstar.com/2024/08/13/social-media-star-matt-mathews-embarking-on-boujee-on-a-budget-tour/,2024-08-13,2025-10-25,2026-05-03,Barbara Mann Performing Arts Hall,"Fort Myers, FL",Other,FALSE,,,TRUE
Social Media Star Matt Mathews Embarking On ‘Boujee On A Budget’ Tour,Social Media Star Matt Mathews Embarking On ‘Boujee On A Budget’ Tour,https://news.pollstar.com/2024/08/13/social-media-star-matt-mathews-embarking-on-boujee-on-a-budget-tour/,2024-08-13,2025-10-25,2026-05-03,Mahaffey Theater,"St. Petersburg, FL",Theater,FALSE,,,TRUE
Social Media Star Matt Mathews Embarking On ‘Boujee On A Budget’ Tour,Social Media Star Matt Mathews Embarking On ‘Boujee On A Budget’ Tour,https://news.pollstar.com/2024/08/13/social-media-star-matt-mathews-embarking-on-boujee-on-a-budget-tour/,2024-08-13,2025-10-25,2026-05-03,Saenger Theatre,"Pensacola, FL",Theater,FALSE,,,TRUE
Social Media Star Matt Mathews Embarking On ‘Boujee On A Budget’ Tour,Social Media Star Matt Mathews Embarking On ‘Boujee On A Budget’ Tour,https://news.pollstar.com/2024/08/13/social-media-star-matt-mathews-embarking-on-boujee-on-a-budget-tour/,2024-08-13,2025-10-25,2026-05-03,California Theatre,"San Jose, CA",Auditorium,FALSE,,,TRUE
Social Media Star Matt Mathews Embarking On ‘Boujee On A Budget’ Tour,Social Media Star Matt Mathews Embarking On ‘Boujee On A Budget’ Tour,https://news.pollstar.com/2024/08/13/social-media-star-matt-mathews-embarking-on-boujee-on-a-budget-tour/,2024-08-13,2025-10-25,2026-05-03,Hard Rock Live,"Wheatland, CA",Theater,FALSE,,,TRUE
Social Media Star Matt Mathews Embarking On ‘Boujee On A Budget’ Tour,Social Media Star Matt Mathews Embarking On ‘Boujee On A Budget’ Tour,https://news.pollstar.com/2024/08/13/social-media-star-matt-mathews-embarking-on-boujee-on-a-budget-tour/,2024-08-13,2025-10-25,2026-05-03,The Wiltern,"Los Angeles, CA",Theater,LYV,,,TRUE
Social Media Star Matt Mathews Embarking On ‘Boujee On A Budget’ Tour,Social Media Star Matt Mathews Embarking On ‘Boujee On A Budget’ Tour,https://news.pollstar.com/2024/08/13/social-media-star-matt-mathews-embarking-on-boujee-on-a-budget-tour/,2024-08-13,2025-10-25,2026-05-03,State Theatre,"Minneapolis, MN",Theater,FALSE,,,TRUE
Social Media Star Matt Mathews Embarking On ‘Boujee On A Budget’ Tour,Social Media Star Matt Mathews Embarking On ‘Boujee On A Budget’ Tour,https://news.pollstar.com/2024/08/13/social-media-star-matt-mathews-embarking-on-boujee-on-a-budget-tour/,2024-08-13,2025-10-25,2026-05-03,Stephens Auditorium,"Ames, IA",Theater,FALSE,,,TRUE
Social Media Star Matt Mathews Embarking On ‘Boujee On A Budget’ Tour,Social Media Star Matt Mathews Embarking On ‘Boujee On A Budget’ Tour,https://news.pollstar.com/2024/08/13/social-media-star-matt-mathews-embarking-on-boujee-on-a-budget-tour/,2024-08-13,2025-10-25,2026-05-03,Steelhouse Omaha,"Omaha, NE",Theater,FALSE,,,TRUE
Social Media Star Matt Mathews Embarking On ‘Boujee On A Budget’ Tour,Social Media Star Matt Mathews Embarking On ‘Boujee On A Budget’ Tour,https://news.pollstar.com/2024/08/13/social-media-star-matt-mathews-embarking-on-boujee-on-a-budget-tour/,2024-08-13,2025-10-25,2026-05-03,Walton Arts Center,"Fayetteville, AR",Other,FALSE,,,TRUE
Social Media Star Matt Mathews Embarking On ‘Boujee On A Budget’ Tour,Social Media Star Matt Mathews Embarking On ‘Boujee On A Budget’ Tour,https://news.pollstar.com/2024/08/13/social-media-star-matt-mathews-embarking-on-boujee-on-a-budget-tour/,2024-08-13,2025-10-25,2026-05-03,Gillioz Theatre,"Springfield, MO",Auditorium,FALSE,,,TRUE
Social Media Star Matt Mathews Embarking On ‘Boujee On A Budget’ Tour,Social Media Star Matt Mathews Embarking On ‘Boujee On A Budget’ Tour,https://news.pollstar.com/2024/08/13/social-media-star-matt-mathews-embarking-on-boujee-on-a-budget-tour/,2024-08-13,2025-10-25,2026-05-03,Century II Concert Hall,"Wichita, KS",Other,FALSE,,,TRUE
Social Media Star Matt Mathews Embarking On ‘Boujee On A Budget’ Tour,Social Media Star Matt Mathews Embarking On ‘Boujee On A Budget’ Tour,https://news.pollstar.com/2024/08/13/social-media-star-matt-mathews-embarking-on-boujee-on-a-budget-tour/,2024-08-13,2025-10-25,2026-05-03,Ovens Auditorium,"Charlotte, NC",Theater,FALSE,,,TRUE
Social Media Star Matt Mathews Embarking On ‘Boujee On A Budget’ Tour,Social Media Star Matt Mathews Embarking On ‘Boujee On A Budget’ Tour,https://news.pollstar.com/2024/08/13/social-media-star-matt-mathews-embarking-on-boujee-on-a-budget-tour/,2024-08-13,2025-10-25,2026-05-03,Tabernacle,"Atlanta, GA",Theater,LYV,,,TRUE
Social Media Star Matt Mathews Embarking On ‘Boujee On A Budget’ Tour,Social Media Star Matt Mathews Embarking On ‘Boujee On A Budget’ Tour,https://news.pollstar.com/2024/08/13/social-media-star-matt-mathews-embarking-on-boujee-on-a-budget-tour/,2024-08-13,2025-10-25,2026-05-03,Steven Tanger Center for the Performing Arts,"Greensboro, NC",Arena,FALSE,,,TRUE
Social Media Star Matt Mathews Embarking On ‘Boujee On A Budget’ Tour,Social Media Star Matt Mathews Embarking On ‘Boujee On A Budget’ Tour,https://news.pollstar.com/2024/08/13/social-media-star-matt-mathews-embarking-on-boujee-on-a-budget-tour/,2024-08-13,2025-10-25,2026-05-03,Crown Theatre,"Fayetteville, NC",Auditorium,FALSE,,,TRUE
Social Media Star Matt Mathews Embarking On ‘Boujee On A Budget’ Tour,Social Media Star Matt Mathews Embarking On ‘Boujee On A Budget’ Tour,https://news.pollstar.com/2024/08/13/social-media-star-matt-mathews-embarking-on-boujee-on-a-budget-tour/,2024-08-13,2025-10-25,2026-05-03,Broome County Forum Theater,"Binghamton, NY",Theater,FALSE,,,TRUE
Social Media Star Matt Mathews Embarking On ‘Boujee On A Budget’ Tour,Social Media Star Matt Mathews Embarking On ‘Boujee On A Budget’ Tour,https://news.pollstar.com/2024/08/13/social-media-star-matt-mathews-embarking-on-boujee-on-a-budget-tour/,2024-08-13,2025-10-25,2026-05-03,The Capitol Theatre,"Port Chester, NY",Theater,FALSE,,,TRUE
Social Media Star Matt Mathews Embarking On ‘Boujee On A Budget’ Tour,Social Media Star Matt Mathews Embarking On ‘Boujee On A Budget’ Tour,https://news.pollstar.com/2024/08/13/social-media-star-matt-mathews-embarking-on-boujee-on-a-budget-tour/,2024-08-13,2025-10-25,2026-05-03,The Paramount,"Huntington, NY",Theater,FALSE,,,TRUE
Social Media Star Matt Mathews Embarking On ‘Boujee On A Budget’ Tour,Social Media Star Matt Mathews Embarking On ‘Boujee On A Budget’ Tour,https://news.pollstar.com/2024/08/13/social-media-star-matt-mathews-embarking-on-boujee-on-a-budget-tour/,2024-08-13,2025-10-25,2026-05-03,Tennessee Theatre,"Knoxville, TN",Auditorium,FALSE,,,TRUE
Social Media Star Matt Mathews Embarking On ‘Boujee On A Budget’ Tour,Social Media Star Matt Mathews Embarking On ‘Boujee On A Budget’ Tour,https://news.pollstar.com/2024/08/13/social-media-star-matt-mathews-embarking-on-boujee-on-a-budget-tour/,2024-08-13,2025-10-25,2026-05-03,The Louisville Palace,"Louisville, KY",Theater,FALSE,,,TRUE
Social Media Star Matt Mathews Embarking On ‘Boujee On A Budget’ Tour,Social Media Star Matt Mathews Embarking On ‘Boujee On A Budget’ Tour,https://news.pollstar.com/2024/08/13/social-media-star-matt-mathews-embarking-on-boujee-on-a-budget-tour/,2024-08-13,2025-10-25,2026-05-03,Chicago Theatre,"Chicago, IL",Theater,LYV,,,TRUE
Social Media Star Matt Mathews Embarking On ‘Boujee On A Budget’ Tour,Social Media Star Matt Mathews Embarking On ‘Boujee On A Budget’ Tour,https://news.pollstar.com/2024/08/13/social-media-star-matt-mathews-embarking-on-boujee-on-a-budget-tour/,2024-08-13,2025-10-25,2026-05-03,Florida Theater,"Jacksonville, FL",Theater,FALSE,,,TRUE
Social Media Star Matt Mathews Embarking On ‘Boujee On A Budget’ Tour,Social Media Star Matt Mathews Embarking On ‘Boujee On A Budget’ Tour,https://news.pollstar.com/2024/08/13/social-media-star-matt-mathews-embarking-on-boujee-on-a-budget-tour/,2024-08-13,2025-10-25,2026-05-03,Fillmore Miami Beach At Jackie Gleason Theatre,"Miami, FL",Theater,LYV,,,TRUE
Social Media Star Matt Mathews Embarking On ‘Boujee On A Budget’ Tour,Social Media Star Matt Mathews Embarking On ‘Boujee On A Budget’ Tour,https://news.pollstar.com/2024/08/13/social-media-star-matt-mathews-embarking-on-boujee-on-a-budget-tour/,2024-08-13,2025-10-25,2026-05-03,Maxwell C. King Center For Perf. Arts,"Melbourne, FL",Other,FALSE,,,TRUE
Social Media Star Matt Mathews Embarking On ‘Boujee On A Budget’ Tour,Social Media Star Matt Mathews Embarking On ‘Boujee On A Budget’ Tour,https://news.pollstar.com/2024/08/13/social-media-star-matt-mathews-embarking-on-boujee-on-a-budget-tour/,2024-08-13,2025-10-25,2026-05-03,Mershon Auditorium,"Columbus, OH",Theater,FALSE,,,TRUE
Social Media Star Matt Mathews Embarking On ‘Boujee On A Budget’ Tour,Social Media Star Matt Mathews Embarking On ‘Boujee On A Budget’ Tour,https://news.pollstar.com/2024/08/13/social-media-star-matt-mathews-embarking-on-boujee-on-a-budget-tour/,2024-08-13,2025-10-25,2026-05-03,Peoria Civic Theater,"Peoria, IL",Theater,FALSE,,,TRUE
Social Media Star Matt Mathews Embarking On ‘Boujee On A Budget’ Tour,Social Media Star Matt Mathews Embarking On ‘Boujee On A Budget’ Tour,https://news.pollstar.com/2024/08/13/social-media-star-matt-mathews-embarking-on-boujee-on-a-budget-tour/,2024-08-13,2025-10-25,2026-05-03,The Factory,"St. Louis, MO",Club,FALSE,,,TRUE
Social Media Star Matt Mathews Embarking On ‘Boujee On A Budget’ Tour,Social Media Star Matt Mathews Embarking On ‘Boujee On A Budget’ Tour,https://news.pollstar.com/2024/08/13/social-media-star-matt-mathews-embarking-on-boujee-on-a-budget-tour/,2024-08-13,2025-10-25,2026-05-03,Buffalo State Performing Arts Center,"Buffalo, NY",Other,FALSE,,,TRUE
Social Media Star Matt Mathews Embarking On ‘Boujee On A Budget’ Tour,Social Media Star Matt Mathews Embarking On ‘Boujee On A Budget’ Tour,https://news.pollstar.com/2024/08/13/social-media-star-matt-mathews-embarking-on-boujee-on-a-budget-tour/,2024-08-13,2025-10-25,2026-05-03,Akron Civic Theatre,"Akron, OH",Theater,FALSE,,,TRUE
Social Media Star Matt Mathews Embarking On ‘Boujee On A Budget’ Tour,Social Media Star Matt Mathews Embarking On ‘Boujee On A Budget’ Tour,https://news.pollstar.com/2024/08/13/social-media-star-matt-mathews-embarking-on-boujee-on-a-budget-tour/,2024-08-13,2025-10-25,2026-05-03,Victory Theatre,"Evansville, IN",Auditorium,FALSE,,,TRUE
Social Media Star Matt Mathews Embarking On ‘Boujee On A Budget’ Tour,Social Media Star Matt Mathews Embarking On ‘Boujee On A Budget’ Tour,https://news.pollstar.com/2024/08/13/social-media-star-matt-mathews-embarking-on-boujee-on-a-budget-tour/,2024-08-13,2025-10-25,2026-05-03,GLC Live at 20 Monroe,"Grand Rapids, MI",Theater,FALSE,,,TRUE
Social Media Star Matt Mathews Embarking On ‘Boujee On A Budget’ Tour,Social Media Star Matt Mathews Embarking On ‘Boujee On A Budget’ Tour,https://news.pollstar.com/2024/08/13/social-media-star-matt-mathews-embarking-on-boujee-on-a-budget-tour/,2024-08-13,2025-10-25,2026-05-03,Pabst Theater,"Milwaukee, WI",Theater,FALSE,,,TRUE
Social Media Star Matt Mathews Embarking On ‘Boujee On A Budget’ Tour,Social Media Star Matt Mathews Embarking On ‘Boujee On A Budget’ Tour,https://news.pollstar.com/2024/08/13/social-media-star-matt-mathews-embarking-on-boujee-on-a-budget-tour/,2024-08-13,2025-10-25,2026-05-03,Coronado Theatre,"Rockford, IL",Auditorium,FALSE,,,TRUE
Social Media Star Matt Mathews Embarking On ‘Boujee On A Budget’ Tour,Social Media Star Matt Mathews Embarking On ‘Boujee On A Budget’ Tour,https://news.pollstar.com/2024/08/13/social-media-star-matt-mathews-embarking-on-boujee-on-a-budget-tour/,2024-08-13,2025-10-25,2026-05-03,Bayou Music Center,"Houston, TX",Amphitheater,LYV,,,TRUE
Social Media Star Matt Mathews Embarking On ‘Boujee On A Budget’ Tour,Social Media Star Matt Mathews Embarking On ‘Boujee On A Budget’ Tour,https://news.pollstar.com/2024/08/13/social-media-star-matt-mathews-embarking-on-boujee-on-a-budget-tour/,2024-08-13,2025-10-25,2026-05-03,Majestic Theatre,"Dallas, TX",Theater,FALSE,,,TRUE
Social Media Star Matt Mathews Embarking On ‘Boujee On A Budget’ Tour,Social Media Star Matt Mathews Embarking On ‘Boujee On A Budget’ Tour,https://news.pollstar.com/2024/08/13/social-media-star-matt-mathews-embarking-on-boujee-on-a-budget-tour/,2024-08-13,2025-10-25,2026-05-03,ACL Live - Moody Theater,"Austin, TX",Theater,FALSE,,,TRUE
Social Media Star Matt Mathews Embarking On ‘Boujee On A Budget’ Tour,Social Media Star Matt Mathews Embarking On ‘Boujee On A Budget’ Tour,https://news.pollstar.com/2024/08/13/social-media-star-matt-mathews-embarking-on-boujee-on-a-budget-tour/,2024-08-13,2025-10-25,2026-05-03,Avalon Theatre,"Grand Junction, CO",Auditorium,FALSE,,,TRUE
Social Media Star Matt Mathews Embarking On ‘Boujee On A Budget’ Tour,Social Media Star Matt Mathews Embarking On ‘Boujee On A Budget’ Tour,https://news.pollstar.com/2024/08/13/social-media-star-matt-mathews-embarking-on-boujee-on-a-budget-tour/,2024-08-13,2025-10-25,2026-05-03,Paramount Theatre,"Denver, CO",Theater,FALSE,,,TRUE
The Hu Plot North American Fall Tour,The Hu Plot North American Fall Tour,https://news.pollstar.com/2024/08/12/the-hu-plot-north-american-fall-tour/,2024-08-12,2024-10-12,2024-11-15,The Catalyst,"Santa Cruz, CA",Club,FALSE,,,TRUE
The Hu Plot North American Fall Tour,The Hu Plot North American Fall Tour,https://news.pollstar.com/2024/08/12/the-hu-plot-north-american-fall-tour/,2024-08-12,2024-10-12,2024-11-15,Knitting Factory,"Spokane, WA",Club,FALSE,,,TRUE
The Hu Plot North American Fall Tour,The Hu Plot North American Fall Tour,https://news.pollstar.com/2024/08/12/the-hu-plot-north-american-fall-tour/,2024-08-12,2024-10-12,2024-11-15,Val Air Ballroom,"West Des Moines, IA",Other,FALSE,,,TRUE
The Hu Plot North American Fall Tour,The Hu Plot North American Fall Tour,https://news.pollstar.com/2024/08/12/the-hu-plot-north-american-fall-tour/,2024-08-12,2024-10-12,2024-11-15,House of Blues,"Cleveland, OH",Club,LYV,,,TRUE
The Hu Plot North American Fall Tour,The Hu Plot North American Fall Tour,https://news.pollstar.com/2024/08/12/the-hu-plot-north-american-fall-tour/,2024-08-12,2024-10-12,2024-11-15,Bronson Centre,"Ottawa, ON",Arena,FALSE,,,TRUE
The Hu Plot North American Fall Tour,The Hu Plot North American Fall Tour,https://news.pollstar.com/2024/08/12/the-hu-plot-north-american-fall-tour/,2024-08-12,2024-10-12,2024-11-15,Electric City,"Buffalo, NY",Club,FALSE,,,TRUE
The Hu Plot North American Fall Tour,The Hu Plot North American Fall Tour,https://news.pollstar.com/2024/08/12/the-hu-plot-north-american-fall-tour/,2024-08-12,2024-10-12,2024-11-15,Empire Live,"Albany, NY",Theater,FALSE,,,TRUE
The Hu Plot North American Fall Tour,The Hu Plot North American Fall Tour,https://news.pollstar.com/2024/08/12/the-hu-plot-north-american-fall-tour/,2024-08-12,2024-10-12,2024-11-15,Harrisburg Midtown Arts Center,"Harrisburg, PA",Other,FALSE,,,TRUE
The Hu Plot North American Fall Tour,The Hu Plot North American Fall Tour,https://news.pollstar.com/2024/08/12/the-hu-plot-north-american-fall-tour/,2024-08-12,2024-10-12,2024-11-15,House of Blues,"Houston, TX",Club,LYV,,,TRUE
Kevin Hart,Kevin Hart Adds Additional Dates To ‘Acting My Age’ Tour,https://news.pollstar.com/2024/08/06/kevin-hart-adds-additional-dates-to-acting-my-age-tour/,2024-08-06,2025-01-03,2025-03-28,The Chicago Theatre,"Chicago, IL",Theater,LYV,,,TRUE
Kevin Hart,Kevin Hart Adds Additional Dates To ‘Acting My Age’ Tour,https://news.pollstar.com/2024/08/06/kevin-hart-adds-additional-dates-to-acting-my-age-tour/,2024-08-06,2025-01-03,2025-03-28,Fox Theatre,"Detroit, MI",Theater,FALSE,,,TRUE
Kevin Hart,Kevin Hart Adds Additional Dates To ‘Acting My Age’ Tour,https://news.pollstar.com/2024/08/06/kevin-hart-adds-additional-dates-to-acting-my-age-tour/,2024-08-06,2025-01-03,2025-03-28,Ovens Auditorium,"Charlotte, NC",Theater,FALSE,,,TRUE
Kevin Hart,Kevin Hart Adds Additional Dates To ‘Acting My Age’ Tour,https://news.pollstar.com/2024/08/06/kevin-hart-adds-additional-dates-to-acting-my-age-tour/,2024-08-06,2025-01-03,2025-03-28,Shea’s Performing Arts Center,"Buffalo, NY",Other,FALSE,,,TRUE
Kevin Hart,Kevin Hart Adds Additional Dates To ‘Acting My Age’ Tour,https://news.pollstar.com/2024/08/06/kevin-hart-adds-additional-dates-to-acting-my-age-tour/,2024-08-06,2025-01-03,2025-03-28,Bass Concert Hall,"Austin, TX",Theater,FALSE,,,TRUE
Kevin Hart,Kevin Hart Adds Additional Dates To ‘Acting My Age’ Tour,https://news.pollstar.com/2024/08/06/kevin-hart-adds-additional-dates-to-acting-my-age-tour/,2024-08-06,2025-01-03,2025-03-28,Saenger Theatre,"New Orleans, LA",Theater,FALSE,,,TRUE
Kevin Hart,Kevin Hart Adds Additional Dates To ‘Acting My Age’ Tour,https://news.pollstar.com/2024/08/06/kevin-hart-adds-additional-dates-to-acting-my-age-tour/,2024-08-06,2025-01-03,2025-03-28,DPAC,"Durham, NC",Theater,FALSE,,,TRUE
Kevin Hart,Kevin Hart Adds Additional Dates To ‘Acting My Age’ Tour,https://news.pollstar.com/2024/08/06/kevin-hart-adds-additional-dates-to-acting-my-age-tour/,2024-08-06,2025-01-03,2025-03-28,The Armory,"Minneapolis, MN",Theater,FALSE,,,TRUE
Kevin Hart,Kevin Hart Adds Additional Dates To ‘Acting My Age’ Tour,https://news.pollstar.com/2024/08/06/kevin-hart-adds-additional-dates-to-acting-my-age-tour/,2024-08-06,2025-01-03,2025-03-28,Radio City Music Hall,"New York, NY",Theater,FALSE,,,TRUE
Kevin Hart,Kevin Hart Adds Additional Dates To ‘Acting My Age’ Tour,https://news.pollstar.com/2024/08/06/kevin-hart-adds-additional-dates-to-acting-my-age-tour/,2024-08-06,2025-01-03,2025-03-28,Lyric Baltimore,"Baltimore, MD",Auditorium,FALSE,,,TRUE
Chicago,Chicago Extends 2024 Run With North American Fall Tour,https://news.pollstar.com/2024/08/05/chicago-extends-2024-run-with-north-american-fall-tour/,2024-08-05,2024-10-22,2024-11-17,Brown County Music Center,"Nashville, IN",Other,FALSE,,,TRUE
Chicago,Chicago Extends 2024 Run With North American Fall Tour,https://news.pollstar.com/2024/08/05/chicago-extends-2024-run-with-north-american-fall-tour/,2024-08-05,2024-10-22,2024-11-17,Warner Theatre,"Erie, PA",Theater,LYV,,,TRUE
Chicago,Chicago Extends 2024 Run With North American Fall Tour,https://news.pollstar.com/2024/08/05/chicago-extends-2024-run-with-north-american-fall-tour/,2024-08-05,2024-10-22,2024-11-17,Wind Creek Event Center,"Bethlehem, PA",Arena,FALSE,,,TRUE
Chicago,Chicago Extends 2024 Run With North American Fall Tour,https://news.pollstar.com/2024/08/05/chicago-extends-2024-run-with-north-american-fall-tour/,2024-08-05,2024-10-22,2024-11-17,Mayo Performing Arts Center,"Morristown, NJ",Other,FALSE,,,TRUE
Chicago,Chicago Extends 2024 Run With North American Fall Tour,https://news.pollstar.com/2024/08/05/chicago-extends-2024-run-with-north-american-fall-tour/,2024-08-05,2024-10-22,2024-11-17,The Capitol Theatre,"Port Chester, NY",Theater,FALSE,,,TRUE
Chicago,Chicago Extends 2024 Run With North American Fall Tour,https://news.pollstar.com/2024/08/05/chicago-extends-2024-run-with-north-american-fall-tour/,2024-08-05,2024-10-22,2024-11-17,The Capitol Theatre,"Port Chester, NY",Theater,FALSE,,,TRUE
Chicago,Chicago Extends 2024 Run With North American Fall Tour,https://news.pollstar.com/2024/08/05/chicago-extends-2024-run-with-north-american-fall-tour/,2024-08-05,2024-10-22,2024-11-17,Hard Rock Live,"Atlantic City, NJ",Theater,FALSE,,,TRUE
Chicago,Chicago Extends 2024 Run With North American Fall Tour,https://news.pollstar.com/2024/08/05/chicago-extends-2024-run-with-north-american-fall-tour/,2024-08-05,2024-10-22,2024-11-17,Hard Rock Live,"Atlantic City, NJ",Theater,FALSE,,,TRUE
Chicago,Chicago Extends 2024 Run With North American Fall Tour,https://news.pollstar.com/2024/08/05/chicago-extends-2024-run-with-north-american-fall-tour/,2024-08-05,2024-10-22,2024-11-17,The Lyric,"Baltimore, MD",Auditorium,FALSE,,,TRUE
Chicago,Chicago Extends 2024 Run With North American Fall Tour,https://news.pollstar.com/2024/08/05/chicago-extends-2024-run-with-north-american-fall-tour/,2024-08-05,2024-10-22,2024-11-17,The Stanley Theatre,"Utica, NY",Auditorium,FALSE,,,TRUE
Chicago,Chicago Extends 2024 Run With North American Fall Tour,https://news.pollstar.com/2024/08/05/chicago-extends-2024-run-with-north-american-fall-tour/,2024-08-05,2024-10-22,2024-11-17,The Colosseum at Caesars Windsor,"Windsor, ON",Theater,FALSE,,,TRUE
Chicago,Chicago Extends 2024 Run With North American Fall Tour,https://news.pollstar.com/2024/08/05/chicago-extends-2024-run-with-north-american-fall-tour/,2024-08-05,2024-10-22,2024-11-17,OLG Stage at Fallsview Casino,"Niagara Falls, ON",Theater,FALSE,,,TRUE
Chicago,Chicago Extends 2024 Run With North American Fall Tour,https://news.pollstar.com/2024/08/05/chicago-extends-2024-run-with-north-american-fall-tour/,2024-08-05,2024-10-22,2024-11-17,Stranahan Theater,"Toledo, OH",Theater,FALSE,,,TRUE
Chicago,Chicago Extends 2024 Run With North American Fall Tour,https://news.pollstar.com/2024/08/05/chicago-extends-2024-run-with-north-american-fall-tour/,2024-08-05,2024-10-22,2024-11-17,Mershon Auditorium,"Columbus, OH",Theater,FALSE,,,TRUE
Chicago,Chicago Extends 2024 Run With North American Fall Tour,https://news.pollstar.com/2024/08/05/chicago-extends-2024-run-with-north-american-fall-tour/,2024-08-05,2024-10-22,2024-11-17,Silver Creek Event Center,"New Buffalo, MI",Other,FALSE,,,TRUE
Chicago,Chicago Extends 2024 Run With North American Fall Tour,https://news.pollstar.com/2024/08/05/chicago-extends-2024-run-with-north-american-fall-tour/,2024-08-05,2024-10-22,2024-11-17,DeVos Performance Hall,"Grand Rapids, MI",Theater,FALSE,,,TRUE
Colombian Rapper Nanpa Básico Bringing ‘Duelo Tour’ To U.S. This Fall,Colombian Rapper Nanpa Básico Bringing ‘Duelo Tour’ To U.S. This Fall,https://news.pollstar.com/2024/08/01/colombian-rapper-nanpa-basico-bringing-duelo-tour-to-u-s-this-fall/,2024-08-01,2024-10-09,2024-11-21,Racket NYC,"New York, NY",Club,FALSE,,,TRUE
Colombian Rapper Nanpa Básico Bringing ‘Duelo Tour’ To U.S. This Fall,Colombian Rapper Nanpa Básico Bringing ‘Duelo Tour’ To U.S. This Fall,https://news.pollstar.com/2024/08/01/colombian-rapper-nanpa-basico-bringing-duelo-tour-to-u-s-this-fall/,2024-08-01,2024-10-09,2024-11-21,The Forge,"Joliet, IL",Club,FALSE,,,TRUE
Colombian Rapper Nanpa Básico Bringing ‘Duelo Tour’ To U.S. This Fall,Colombian Rapper Nanpa Básico Bringing ‘Duelo Tour’ To U.S. This Fall,https://news.pollstar.com/2024/08/01/colombian-rapper-nanpa-basico-bringing-duelo-tour-to-u-s-this-fall/,2024-08-01,2024-10-09,2024-11-21,Miami Beach Bandshell,"Miami Beach, FL",Amphitheater,FALSE,,,TRUE
Colombian Rapper Nanpa Básico Bringing ‘Duelo Tour’ To U.S. This Fall,Colombian Rapper Nanpa Básico Bringing ‘Duelo Tour’ To U.S. This Fall,https://news.pollstar.com/2024/08/01/colombian-rapper-nanpa-basico-bringing-duelo-tour-to-u-s-this-fall/,2024-08-01,2024-10-09,2024-11-21,Paramount Theatre,"Denver, CO",Theater,FALSE,,,TRUE
Colombian Rapper Nanpa Básico Bringing ‘Duelo Tour’ To U.S. This Fall,Colombian Rapper Nanpa Básico Bringing ‘Duelo Tour’ To U.S. This Fall,https://news.pollstar.com/2024/08/01/colombian-rapper-nanpa-basico-bringing-duelo-tour-to-u-s-this-fall/,2024-08-01,2024-10-09,2024-11-21,Santana 27,"Bilbao, ES",Club,FALSE,,,TRUE
Colombian Rapper Nanpa Básico Bringing ‘Duelo Tour’ To U.S. This Fall,Colombian Rapper Nanpa Básico Bringing ‘Duelo Tour’ To U.S. This Fall,https://news.pollstar.com/2024/08/01/colombian-rapper-nanpa-basico-bringing-duelo-tour-to-u-s-this-fall/,2024-08-01,2024-10-09,2024-11-21,Sala Apolo,"Barcelona, ES",Club,FALSE,,,TRUE
Colombian Rapper Nanpa Básico Bringing ‘Duelo Tour’ To U.S. This Fall,Colombian Rapper Nanpa Básico Bringing ‘Duelo Tour’ To U.S. This Fall,https://news.pollstar.com/2024/08/01/colombian-rapper-nanpa-basico-bringing-duelo-tour-to-u-s-this-fall/,2024-08-01,2024-10-09,2024-11-21,Alameda Palace,"Valencia, ES",Auditorium,FALSE,,,TRUE
Colombian Rapper Nanpa Básico Bringing ‘Duelo Tour’ To U.S. This Fall,Colombian Rapper Nanpa Básico Bringing ‘Duelo Tour’ To U.S. This Fall,https://news.pollstar.com/2024/08/01/colombian-rapper-nanpa-basico-bringing-duelo-tour-to-u-s-this-fall/,2024-08-01,2024-10-09,2024-11-21,Auditorio Telmex,"Zapopan, MX",Theater,FALSE,,,TRUE
Colombian Rapper Nanpa Básico Bringing ‘Duelo Tour’ To U.S. This Fall,Colombian Rapper Nanpa Básico Bringing ‘Duelo Tour’ To U.S. This Fall,https://news.pollstar.com/2024/08/01/colombian-rapper-nanpa-basico-bringing-duelo-tour-to-u-s-this-fall/,2024-08-01,2024-10-09,2024-11-21,Auditorio Nacional,"Mexico City, MX",Theater,LYV,,,TRUE
Colombian Rapper Nanpa Básico Bringing ‘Duelo Tour’ To U.S. This Fall,Colombian Rapper Nanpa Básico Bringing ‘Duelo Tour’ To U.S. This Fall,https://news.pollstar.com/2024/08/01/colombian-rapper-nanpa-basico-bringing-duelo-tour-to-u-s-this-fall/,2024-08-01,2024-10-09,2024-11-21,Escenario GNP Seguros,"Monterrey, MX",Amphitheater,FALSE,,,TRUE
Slowdive,Slowdive Announces 10-Date North American Tour,https://news.pollstar.com/2024/07/24/slowdive-announces-10-date-north-american-tour/,2024-07-24,2024-08-01,2024-11-23,All Together Now Festival,"Portlaw, Ireland",Other,FALSE,,,TRUE
Slowdive,Slowdive Announces 10-Date North American Tour,https://news.pollstar.com/2024/07/24/slowdive-announces-10-date-north-american-tour/,2024-07-24,2024-08-01,2024-11-23,"Oslo, Norway",Øyafestivalen,Other,FALSE,,,TRUE
Slowdive,Slowdive Announces 10-Date North American Tour,https://news.pollstar.com/2024/07/24/slowdive-announces-10-date-north-american-tour/,2024-07-24,2024-08-01,2024-11-23,"Gothenburg, Sweden",Way Out West,Other,FALSE,,,TRUE
Slowdive,Slowdive Announces 10-Date North American Tour,https://news.pollstar.com/2024/07/24/slowdive-announces-10-date-north-american-tour/,2024-07-24,2024-08-01,2024-11-23,Outside Lands,"San Francisco, CA",Amphitheater,LYV,,,TRUE
Slowdive,Slowdive Announces 10-Date North American Tour,https://news.pollstar.com/2024/07/24/slowdive-announces-10-date-north-american-tour/,2024-07-24,2024-08-01,2024-11-23,"Paredes de Coura, Portugal",Praia Fluvial do Taboão,Other,FALSE,,,TRUE
Slowdive,Slowdive Announces 10-Date North American Tour,https://news.pollstar.com/2024/07/24/slowdive-announces-10-date-north-american-tour/,2024-07-24,2024-08-01,2024-11-23,"Saint-Malo, France",La Route du Rock,Other,FALSE,,,TRUE
Slowdive,Slowdive Announces 10-Date North American Tour,https://news.pollstar.com/2024/07/24/slowdive-announces-10-date-north-american-tour/,2024-07-24,2024-08-01,2024-11-23,"Tollard Royal, England",End of the Road Festival,Other,FALSE,,,TRUE
Slowdive,Slowdive Announces 10-Date North American Tour,https://news.pollstar.com/2024/07/24/slowdive-announces-10-date-north-american-tour/,2024-07-24,2024-08-01,2024-11-23,"London, England",EartH,Other,FALSE,,,TRUE
Slowdive,Slowdive Announces 10-Date North American Tour,https://news.pollstar.com/2024/07/24/slowdive-announces-10-date-north-american-tour/,2024-07-24,2024-08-01,2024-11-23,"Mexico City, Mexico",Hipnosis Festival,Other,FALSE,,,TRUE
Slowdive,Slowdive Announces 10-Date North American Tour,https://news.pollstar.com/2024/07/24/slowdive-announces-10-date-north-american-tour/,2024-07-24,2024-08-01,2024-11-23,The Far Out Lounge (Levitation Festival,"Austin, TX",Other,FALSE,,,TRUE
Slowdive,Slowdive Announces 10-Date North American Tour,https://news.pollstar.com/2024/07/24/slowdive-announces-10-date-north-american-tour/,2024-07-24,2024-08-01,2024-11-23,"Querétaro, Mexico",Cervecería Hércules,Other,FALSE,,,TRUE
Slowdive,Slowdive Announces 10-Date North American Tour,https://news.pollstar.com/2024/07/24/slowdive-announces-10-date-north-american-tour/,2024-07-24,2024-08-01,2024-11-23,"Guadalajara, Mexico",C4 Concert House,Other,FALSE,,,TRUE
Slowdive,Slowdive Announces 10-Date North American Tour,https://news.pollstar.com/2024/07/24/slowdive-announces-10-date-north-american-tour/,2024-07-24,2024-08-01,2024-11-23,St. Augustine Amphitheatre,"St. Augustine, FL",Amphitheater,LYV,,,TRUE
Slowdive,Slowdive Announces 10-Date North American Tour,https://news.pollstar.com/2024/07/24/slowdive-announces-10-date-north-american-tour/,2024-07-24,2024-08-01,2024-11-23,The Refinery,"Charleston, SC",Club,FALSE,,,TRUE
Slowdive,Slowdive Announces 10-Date North American Tour,https://news.pollstar.com/2024/07/24/slowdive-announces-10-date-north-american-tour/,2024-07-24,2024-08-01,2024-11-23,The Ritz,"Raleigh, NC",Club,FALSE,,,TRUE
Slowdive,Slowdive Announces 10-Date North American Tour,https://news.pollstar.com/2024/07/24/slowdive-announces-10-date-north-american-tour/,2024-07-24,2024-08-01,2024-11-23,The National,"Richmond, VA",Arena,FALSE,,,TRUE
Slowdive,Slowdive Announces 10-Date North American Tour,https://news.pollstar.com/2024/07/24/slowdive-announces-10-date-north-american-tour/,2024-07-24,2024-08-01,2024-11-23,Franklin Music Hall,"Philadelphia, PA",Other,FALSE,,,TRUE
Slowdive,Slowdive Announces 10-Date North American Tour,https://news.pollstar.com/2024/07/24/slowdive-announces-10-date-north-american-tour/,2024-07-24,2024-08-01,2024-11-23,The Anthem,"Washington, DC",Club,FALSE,,,TRUE
Slowdive,Slowdive Announces 10-Date North American Tour,https://news.pollstar.com/2024/07/24/slowdive-announces-10-date-north-american-tour/,2024-07-24,2024-08-01,2024-11-23,Brooklyn Paramount,"Brooklyn, NY",Theater,LYV,,,TRUE
Slowdive,Slowdive Announces 10-Date North American Tour,https://news.pollstar.com/2024/07/24/slowdive-announces-10-date-north-american-tour/,2024-07-24,2024-08-01,2024-11-23,Stage AE,"Pittsburgh, PA",Amphitheater,LYV,,,TRUE
Slowdive,Slowdive Announces 10-Date North American Tour,https://news.pollstar.com/2024/07/24/slowdive-announces-10-date-north-american-tour/,2024-07-24,2024-08-01,2024-11-23,Kemba Live!,"Columbus, OH",Club,FALSE,,,TRUE
Slowdive,Slowdive Announces 10-Date North American Tour,https://news.pollstar.com/2024/07/24/slowdive-announces-10-date-north-american-tour/,2024-07-24,2024-08-01,2024-11-23,Royal Oak Music Theatre,"Detroit, MI",Amphitheater,LYV,,,TRUE
keshi Embarking On 35-Date ‘Requiem World Tour’ In October,keshi Embarking On 35-Date ‘Requiem World Tour’ In October,https://news.pollstar.com/2024/07/19/keshi-embarking-on-35-date-requiem-world-tour-in-october/,2024-07-19,2024-10-06,2025-03-28,Scotiabank Arena,"Toronto, ON",Arena,FALSE,,,TRUE
keshi Embarking On 35-Date ‘Requiem World Tour’ In October,keshi Embarking On 35-Date ‘Requiem World Tour’ In October,https://news.pollstar.com/2024/07/19/keshi-embarking-on-35-date-requiem-world-tour-in-october/,2024-07-19,2024-10-06,2025-03-28,Madison Square Garden,"New York, NY",Arena,FALSE,,,TRUE
keshi Embarking On 35-Date ‘Requiem World Tour’ In October,keshi Embarking On 35-Date ‘Requiem World Tour’ In October,https://news.pollstar.com/2024/07/19/keshi-embarking-on-35-date-requiem-world-tour-in-october/,2024-07-19,2024-10-06,2025-03-28,Agganis Arena,"Boston, MA",Arena,FALSE,,,TRUE
keshi Embarking On 35-Date ‘Requiem World Tour’ In October,keshi Embarking On 35-Date ‘Requiem World Tour’ In October,https://news.pollstar.com/2024/07/19/keshi-embarking-on-35-date-requiem-world-tour-in-october/,2024-07-19,2024-10-06,2025-03-28,Place Bell,"Montreal, QC",Arena,FALSE,,,TRUE
keshi Embarking On 35-Date ‘Requiem World Tour’ In October,keshi Embarking On 35-Date ‘Requiem World Tour’ In October,https://news.pollstar.com/2024/07/19/keshi-embarking-on-35-date-requiem-world-tour-in-october/,2024-07-19,2024-10-06,2025-03-28,Credit Union 1 Arena,"Chicago, IL",Arena,FALSE,,,TRUE
keshi Embarking On 35-Date ‘Requiem World Tour’ In October,keshi Embarking On 35-Date ‘Requiem World Tour’ In October,https://news.pollstar.com/2024/07/19/keshi-embarking-on-35-date-requiem-world-tour-in-october/,2024-07-19,2024-10-06,2025-03-28,Liacouras Center,"Philadelphia, PA",Arena,FALSE,,,TRUE
keshi Embarking On 35-Date ‘Requiem World Tour’ In October,keshi Embarking On 35-Date ‘Requiem World Tour’ In October,https://news.pollstar.com/2024/07/19/keshi-embarking-on-35-date-requiem-world-tour-in-october/,2024-07-19,2024-10-06,2025-03-28,EagleBank Arena,"Fairfax, VA",Arena,FALSE,,,TRUE
keshi Embarking On 35-Date ‘Requiem World Tour’ In October,keshi Embarking On 35-Date ‘Requiem World Tour’ In October,https://news.pollstar.com/2024/07/19/keshi-embarking-on-35-date-requiem-world-tour-in-october/,2024-07-19,2024-10-06,2025-03-28,Gas South Arena,"Atlanta, GA",Arena,FALSE,,,TRUE
keshi Embarking On 35-Date ‘Requiem World Tour’ In October,keshi Embarking On 35-Date ‘Requiem World Tour’ In October,https://news.pollstar.com/2024/07/19/keshi-embarking-on-35-date-requiem-world-tour-in-october/,2024-07-19,2024-10-06,2025-03-28,Smart Financial Centre,"Sugar Land, TX",Theater,FALSE,,,TRUE
keshi Embarking On 35-Date ‘Requiem World Tour’ In October,keshi Embarking On 35-Date ‘Requiem World Tour’ In October,https://news.pollstar.com/2024/07/19/keshi-embarking-on-35-date-requiem-world-tour-in-october/,2024-07-19,2024-10-06,2025-03-28,Dickies Arena,"Ft. Worth, TX",Arena,FALSE,,,TRUE
keshi Embarking On 35-Date ‘Requiem World Tour’ In October,keshi Embarking On 35-Date ‘Requiem World Tour’ In October,https://news.pollstar.com/2024/07/19/keshi-embarking-on-35-date-requiem-world-tour-in-october/,2024-07-19,2024-10-06,2025-03-28,Desert Diamond Arena,"Glendale, AZ",Arena,FALSE,,,TRUE
keshi Embarking On 35-Date ‘Requiem World Tour’ In October,keshi Embarking On 35-Date ‘Requiem World Tour’ In October,https://news.pollstar.com/2024/07/19/keshi-embarking-on-35-date-requiem-world-tour-in-october/,2024-07-19,2024-10-06,2025-03-28,Pechanga Arena,"San Diego, CA",Arena,FALSE,,,TRUE
keshi Embarking On 35-Date ‘Requiem World Tour’ In October,keshi Embarking On 35-Date ‘Requiem World Tour’ In October,https://news.pollstar.com/2024/07/19/keshi-embarking-on-35-date-requiem-world-tour-in-october/,2024-07-19,2024-10-06,2025-03-28,The Kia Forum,"Inglewood, CA",Arena,FALSE,,,TRUE
keshi Embarking On 35-Date ‘Requiem World Tour’ In October,keshi Embarking On 35-Date ‘Requiem World Tour’ In October,https://news.pollstar.com/2024/07/19/keshi-embarking-on-35-date-requiem-world-tour-in-october/,2024-07-19,2024-10-06,2025-03-28,Moda Center,"Portland, OR",Arena,FALSE,,,TRUE
keshi Embarking On 35-Date ‘Requiem World Tour’ In October,keshi Embarking On 35-Date ‘Requiem World Tour’ In October,https://news.pollstar.com/2024/07/19/keshi-embarking-on-35-date-requiem-world-tour-in-october/,2024-07-19,2024-10-06,2025-03-28,Climate Pledge Arena,"Seattle, WA",Arena,FALSE,,,TRUE
keshi Embarking On 35-Date ‘Requiem World Tour’ In October,keshi Embarking On 35-Date ‘Requiem World Tour’ In October,https://news.pollstar.com/2024/07/19/keshi-embarking-on-35-date-requiem-world-tour-in-october/,2024-07-19,2024-10-06,2025-03-28,Golden 1 Center,"Sacramento, CA",Arena,FALSE,,,TRUE
keshi Embarking On 35-Date ‘Requiem World Tour’ In October,keshi Embarking On 35-Date ‘Requiem World Tour’ In October,https://news.pollstar.com/2024/07/19/keshi-embarking-on-35-date-requiem-world-tour-in-october/,2024-07-19,2024-10-06,2025-03-28,Chase Center,"San Francisco, CA",Arena,FALSE,,,TRUE
keshi Embarking On 35-Date ‘Requiem World Tour’ In October,keshi Embarking On 35-Date ‘Requiem World Tour’ In October,https://news.pollstar.com/2024/07/19/keshi-embarking-on-35-date-requiem-world-tour-in-october/,2024-07-19,2024-10-06,2025-03-28,Rogers Arena,"Vancouver, BC",Arena,FALSE,,,TRUE
keshi Embarking On 35-Date ‘Requiem World Tour’ In October,keshi Embarking On 35-Date ‘Requiem World Tour’ In October,https://news.pollstar.com/2024/07/19/keshi-embarking-on-35-date-requiem-world-tour-in-october/,2024-07-19,2024-10-06,2025-03-28,Rogers Place,"Edmonton, AB",Arena,FALSE,,,TRUE
keshi Embarking On 35-Date ‘Requiem World Tour’ In October,keshi Embarking On 35-Date ‘Requiem World Tour’ In October,https://news.pollstar.com/2024/07/19/keshi-embarking-on-35-date-requiem-world-tour-in-october/,2024-07-19,2024-10-06,2025-03-28,RTM Stage,"Rotterdam, NL",Auditorium,FALSE,,,TRUE
keshi Embarking On 35-Date ‘Requiem World Tour’ In October,keshi Embarking On 35-Date ‘Requiem World Tour’ In October,https://news.pollstar.com/2024/07/19/keshi-embarking-on-35-date-requiem-world-tour-in-october/,2024-07-19,2024-10-06,2025-03-28,Zénith Paris,"Paris, FR",Arena,FALSE,,,TRUE
keshi Embarking On 35-Date ‘Requiem World Tour’ In October,keshi Embarking On 35-Date ‘Requiem World Tour’ In October,https://news.pollstar.com/2024/07/19/keshi-embarking-on-35-date-requiem-world-tour-in-october/,2024-07-19,2024-10-06,2025-03-28,The 02,"London, UK",Amphitheater,LYV,,,TRUE
keshi Embarking On 35-Date ‘Requiem World Tour’ In October,keshi Embarking On 35-Date ‘Requiem World Tour’ In October,https://news.pollstar.com/2024/07/19/keshi-embarking-on-35-date-requiem-world-tour-in-october/,2024-07-19,2024-10-06,2025-03-28,Neal S. Blaisdell Center,"Honolulu, HI",Arena,FALSE,,,TRUE
keshi Embarking On 35-Date ‘Requiem World Tour’ In October,keshi Embarking On 35-Date ‘Requiem World Tour’ In October,https://news.pollstar.com/2024/07/19/keshi-embarking-on-35-date-requiem-world-tour-in-october/,2024-07-19,2024-10-06,2025-03-28,Spark Arena,"Auckland, NZ",Arena,FALSE,,,TRUE
keshi Embarking On 35-Date ‘Requiem World Tour’ In October,keshi Embarking On 35-Date ‘Requiem World Tour’ In October,https://news.pollstar.com/2024/07/19/keshi-embarking-on-35-date-requiem-world-tour-in-october/,2024-07-19,2024-10-06,2025-03-28,Qudos Bank Arena,"Sydney, AU",Arena,FALSE,,,TRUE
keshi Embarking On 35-Date ‘Requiem World Tour’ In October,keshi Embarking On 35-Date ‘Requiem World Tour’ In October,https://news.pollstar.com/2024/07/19/keshi-embarking-on-35-date-requiem-world-tour-in-october/,2024-07-19,2024-10-06,2025-03-28,Brisbane Entertainment Center,"Brisbane, AU",Arena,FALSE,,,TRUE
keshi Embarking On 35-Date ‘Requiem World Tour’ In October,keshi Embarking On 35-Date ‘Requiem World Tour’ In October,https://news.pollstar.com/2024/07/19/keshi-embarking-on-35-date-requiem-world-tour-in-october/,2024-07-19,2024-10-06,2025-03-28,Rod Laver Arena,"Melbourne, AU",Arena,FALSE,,,TRUE
keshi Embarking On 35-Date ‘Requiem World Tour’ In October,keshi Embarking On 35-Date ‘Requiem World Tour’ In October,https://news.pollstar.com/2024/07/19/keshi-embarking-on-35-date-requiem-world-tour-in-october/,2024-07-19,2024-10-06,2025-03-28,PIA Arena MM,Tokyo,Arena,FALSE,,,TRUE
keshi Embarking On 35-Date ‘Requiem World Tour’ In October,keshi Embarking On 35-Date ‘Requiem World Tour’ In October,https://news.pollstar.com/2024/07/19/keshi-embarking-on-35-date-requiem-world-tour-in-october/,2024-07-19,2024-10-06,2025-03-28,AWE Arena,Hong Kong,Arena,FALSE,,,TRUE
keshi Embarking On 35-Date ‘Requiem World Tour’ In October,keshi Embarking On 35-Date ‘Requiem World Tour’ In October,https://news.pollstar.com/2024/07/19/keshi-embarking-on-35-date-requiem-world-tour-in-october/,2024-07-19,2024-10-06,2025-03-28,Istora Senayan,Jakarta,Arena,FALSE,,,TRUE
keshi Embarking On 35-Date ‘Requiem World Tour’ In October,keshi Embarking On 35-Date ‘Requiem World Tour’ In October,https://news.pollstar.com/2024/07/19/keshi-embarking-on-35-date-requiem-world-tour-in-october/,2024-07-19,2024-10-06,2025-03-28,Axiata Arena,Kuala Lumpur,Arena,FALSE,,,TRUE
keshi Embarking On 35-Date ‘Requiem World Tour’ In October,keshi Embarking On 35-Date ‘Requiem World Tour’ In October,https://news.pollstar.com/2024/07/19/keshi-embarking-on-35-date-requiem-world-tour-in-october/,2024-07-19,2024-10-06,2025-03-28,Impact Arena,Bangkok,Arena,FALSE,,,TRUE
keshi Embarking On 35-Date ‘Requiem World Tour’ In October,keshi Embarking On 35-Date ‘Requiem World Tour’ In October,https://news.pollstar.com/2024/07/19/keshi-embarking-on-35-date-requiem-world-tour-in-october/,2024-07-19,2024-10-06,2025-03-28,SM Mall of Asia Arena,Manila,Arena,FALSE,,,TRUE
keshi Embarking On 35-Date ‘Requiem World Tour’ In October,keshi Embarking On 35-Date ‘Requiem World Tour’ In October,https://news.pollstar.com/2024/07/19/keshi-embarking-on-35-date-requiem-world-tour-in-october/,2024-07-19,2024-10-06,2025-03-28,Singapore Indoor Stadium,Singapore,Stadium,FALSE,,,TRUE
keshi Embarking On 35-Date ‘Requiem World Tour’ In October,keshi Embarking On 35-Date ‘Requiem World Tour’ In October,https://news.pollstar.com/2024/07/19/keshi-embarking-on-35-date-requiem-world-tour-in-october/,2024-07-19,2024-10-06,2025-03-28,NTSU Arena,Taipei,Arena,FALSE,,,TRUE
Trap Singer Big Soto Embarking On 16-Date U.S. Tour,Trap Singer Big Soto Embarking On 16-Date U.S. Tour,https://news.pollstar.com/2024/07/10/trap-singer-big-soto-embarking-on-16-date-u-s-tour/,2024-07-10,2024-11-14,2024-12-22,Summit,"Denver, CO",Theater,FALSE,,,TRUE
Trap Singer Big Soto Embarking On 16-Date U.S. Tour,Trap Singer Big Soto Embarking On 16-Date U.S. Tour,https://news.pollstar.com/2024/07/10/trap-singer-big-soto-embarking-on-16-date-u-s-tour/,2024-07-10,2024-11-14,2024-12-22,The Complex,"Salt Lake City, UT",Club,FALSE,,,TRUE
Trap Singer Big Soto Embarking On 16-Date U.S. Tour,Trap Singer Big Soto Embarking On 16-Date U.S. Tour,https://news.pollstar.com/2024/07/10/trap-singer-big-soto-embarking-on-16-date-u-s-tour/,2024-07-10,2024-11-14,2024-12-22,Belasco,"Los Angeles, CA",Theater,LYV,,,TRUE
Trap Singer Big Soto Embarking On 16-Date U.S. Tour,Trap Singer Big Soto Embarking On 16-Date U.S. Tour,https://news.pollstar.com/2024/07/10/trap-singer-big-soto-embarking-on-16-date-u-s-tour/,2024-07-10,2024-11-14,2024-12-22,House of Blues,"San Diego, CA",Club,LYV,,,TRUE
Trap Singer Big Soto Embarking On 16-Date U.S. Tour,Trap Singer Big Soto Embarking On 16-Date U.S. Tour,https://news.pollstar.com/2024/07/10/trap-singer-big-soto-embarking-on-16-date-u-s-tour/,2024-07-10,2024-11-14,2024-12-22,Emo’s,"Austin, TX",Club,FALSE,,,TRUE
Trap Singer Big Soto Embarking On 16-Date U.S. Tour,Trap Singer Big Soto Embarking On 16-Date U.S. Tour,https://news.pollstar.com/2024/07/10/trap-singer-big-soto-embarking-on-16-date-u-s-tour/,2024-07-10,2024-11-14,2024-12-22,The Echo Lounge & Music Hall,"Dallas, TX",Theater,FALSE,,,TRUE
Trap Singer Big Soto Embarking On 16-Date U.S. Tour,Trap Singer Big Soto Embarking On 16-Date U.S. Tour,https://news.pollstar.com/2024/07/10/trap-singer-big-soto-embarking-on-16-date-u-s-tour/,2024-07-10,2024-11-14,2024-12-22,House of Blues,"Houston, TX",Club,LYV,,,TRUE
Trap Singer Big Soto Embarking On 16-Date U.S. Tour,Trap Singer Big Soto Embarking On 16-Date U.S. Tour,https://news.pollstar.com/2024/07/10/trap-singer-big-soto-embarking-on-16-date-u-s-tour/,2024-07-10,2024-11-14,2024-12-22,House of Blues,"Chicago, IL",Club,LYV,,,TRUE
Trap Singer Big Soto Embarking On 16-Date U.S. Tour,Trap Singer Big Soto Embarking On 16-Date U.S. Tour,https://news.pollstar.com/2024/07/10/trap-singer-big-soto-embarking-on-16-date-u-s-tour/,2024-07-10,2024-11-14,2024-12-22,Irving Plaza,"New York, NY",Club,LYV,,,TRUE
Trap Singer Big Soto Embarking On 16-Date U.S. Tour,Trap Singer Big Soto Embarking On 16-Date U.S. Tour,https://news.pollstar.com/2024/07/10/trap-singer-big-soto-embarking-on-16-date-u-s-tour/,2024-07-10,2024-11-14,2024-12-22,The Howard Theatre,"Washington, DC",Theater,FALSE,,,TRUE
Trap Singer Big Soto Embarking On 16-Date U.S. Tour,Trap Singer Big Soto Embarking On 16-Date U.S. Tour,https://news.pollstar.com/2024/07/10/trap-singer-big-soto-embarking-on-16-date-u-s-tour/,2024-07-10,2024-11-14,2024-12-22,Toads,"New Haven, CT",Club,FALSE,,,TRUE
Trap Singer Big Soto Embarking On 16-Date U.S. Tour,Trap Singer Big Soto Embarking On 16-Date U.S. Tour,https://news.pollstar.com/2024/07/10/trap-singer-big-soto-embarking-on-16-date-u-s-tour/,2024-07-10,2024-11-14,2024-12-22,Theatre of Living Arts,"Philadelphia, PA",Theater,FALSE,,,TRUE
Trap Singer Big Soto Embarking On 16-Date U.S. Tour,Trap Singer Big Soto Embarking On 16-Date U.S. Tour,https://news.pollstar.com/2024/07/10/trap-singer-big-soto-embarking-on-16-date-u-s-tour/,2024-07-10,2024-11-14,2024-12-22,The Underground,"Charlotte, NC",Club,FALSE,,,TRUE
Trap Singer Big Soto Embarking On 16-Date U.S. Tour,Trap Singer Big Soto Embarking On 16-Date U.S. Tour,https://news.pollstar.com/2024/07/10/trap-singer-big-soto-embarking-on-16-date-u-s-tour/,2024-07-10,2024-11-14,2024-12-22,Buckhead Theatre,"Atlanta, GA",Theater,FALSE,,,TRUE
Trap Singer Big Soto Embarking On 16-Date U.S. Tour,Trap Singer Big Soto Embarking On 16-Date U.S. Tour,https://news.pollstar.com/2024/07/10/trap-singer-big-soto-embarking-on-16-date-u-s-tour/,2024-07-10,2024-11-14,2024-12-22,House of Blues,"Lake Buena Vista, FL",Club,LYV,,,TRUE
Trap Singer Big Soto Embarking On 16-Date U.S. Tour,Trap Singer Big Soto Embarking On 16-Date U.S. Tour,https://news.pollstar.com/2024/07/10/trap-singer-big-soto-embarking-on-16-date-u-s-tour/,2024-07-10,2024-11-14,2024-12-22,Miami Beach Bandshell,"Miami Beach, FL",Amphitheater,FALSE,,,TRUE
Luke Combs To Perform Two Nights At Gorge Amphitheatre,Luke Combs To Perform Two Nights At Gorge Amphitheatre,https://news.pollstar.com/2024/07/08/luke-combs-to-perform-two-nights-at-gorge-amphitheatre/,2024-07-08,2024-07-13,2024-10-20,INDYCAR Race Weekend at Iowa Speedway,"Newton, IA",Other,FALSE,,,TRUE
Luke Combs To Perform Two Nights At Gorge Amphitheatre,Luke Combs To Perform Two Nights At Gorge Amphitheatre,https://news.pollstar.com/2024/07/08/luke-combs-to-perform-two-nights-at-gorge-amphitheatre/,2024-07-08,2024-07-13,2024-10-20,Country Thunder Saskatchewan,"Craven, Saskatchewan",Other,FALSE,,,TRUE
Luke Combs To Perform Two Nights At Gorge Amphitheatre,Luke Combs To Perform Two Nights At Gorge Amphitheatre,https://news.pollstar.com/2024/07/08/luke-combs-to-perform-two-nights-at-gorge-amphitheatre/,2024-07-08,2024-07-13,2024-10-20,MetLife Stadium§ (SOLD OUT),"East Rutherford, NJ",Stadium,FALSE,,,TRUE
Luke Combs To Perform Two Nights At Gorge Amphitheatre,Luke Combs To Perform Two Nights At Gorge Amphitheatre,https://news.pollstar.com/2024/07/08/luke-combs-to-perform-two-nights-at-gorge-amphitheatre/,2024-07-08,2024-07-13,2024-10-20,MetLife Stadium‡ (SOLD OUT),"East Rutherford, NJ",Stadium,FALSE,,,TRUE
Luke Combs To Perform Two Nights At Gorge Amphitheatre,Luke Combs To Perform Two Nights At Gorge Amphitheatre,https://news.pollstar.com/2024/07/08/luke-combs-to-perform-two-nights-at-gorge-amphitheatre/,2024-07-08,2024-07-13,2024-10-20,Paycor Stadium§ (SOLD OUT),"Cincinnati, OH",Stadium,FALSE,,,TRUE
Luke Combs To Perform Two Nights At Gorge Amphitheatre,Luke Combs To Perform Two Nights At Gorge Amphitheatre,https://news.pollstar.com/2024/07/08/luke-combs-to-perform-two-nights-at-gorge-amphitheatre/,2024-07-08,2024-07-13,2024-10-20,Paycor Stadium‡ (SOLD OUT),"Cincinnati, OH",Stadium,FALSE,,,TRUE
Luke Combs To Perform Two Nights At Gorge Amphitheatre,Luke Combs To Perform Two Nights At Gorge Amphitheatre,https://news.pollstar.com/2024/07/08/luke-combs-to-perform-two-nights-at-gorge-amphitheatre/,2024-07-08,2024-07-13,2024-10-20,NRG Stadium§,"Houston, TX",Stadium,FALSE,,,TRUE
Luke Combs To Perform Two Nights At Gorge Amphitheatre,Luke Combs To Perform Two Nights At Gorge Amphitheatre,https://news.pollstar.com/2024/07/08/luke-combs-to-perform-two-nights-at-gorge-amphitheatre/,2024-07-08,2024-07-13,2024-10-20,NRG Stadium‡,"Houston, TX",Stadium,FALSE,,,TRUE
Luke Combs To Perform Two Nights At Gorge Amphitheatre,Luke Combs To Perform Two Nights At Gorge Amphitheatre,https://news.pollstar.com/2024/07/08/luke-combs-to-perform-two-nights-at-gorge-amphitheatre/,2024-07-08,2024-07-13,2024-10-20,Country Thunder Alberta,"Calgary, Alberta",Other,FALSE,,,TRUE
Luke Combs To Perform Two Nights At Gorge Amphitheatre,Luke Combs To Perform Two Nights At Gorge Amphitheatre,https://news.pollstar.com/2024/07/08/luke-combs-to-perform-two-nights-at-gorge-amphitheatre/,2024-07-08,2024-07-13,2024-10-20,Maine Savings Amphitheater (SOLD OUT),"Bangor, ME",Amphitheater,LYV,,,TRUE
Luke Combs To Perform Two Nights At Gorge Amphitheatre,Luke Combs To Perform Two Nights At Gorge Amphitheatre,https://news.pollstar.com/2024/07/08/luke-combs-to-perform-two-nights-at-gorge-amphitheatre/,2024-07-08,2024-07-13,2024-10-20,Brunswick,"Dieppe, New",Theater,FALSE,,,TRUE
Luke Combs To Perform Two Nights At Gorge Amphitheatre,Luke Combs To Perform Two Nights At Gorge Amphitheatre,https://news.pollstar.com/2024/07/08/luke-combs-to-perform-two-nights-at-gorge-amphitheatre/,2024-07-08,2024-07-13,2024-10-20,Gorge Amphitheatre,"Quincy, WA",Amphitheater,LYV,,,TRUE
Luke Combs To Perform Two Nights At Gorge Amphitheatre,Luke Combs To Perform Two Nights At Gorge Amphitheatre,https://news.pollstar.com/2024/07/08/luke-combs-to-perform-two-nights-at-gorge-amphitheatre/,2024-07-08,2024-07-13,2024-10-20,Gorge Amphitheatre,"Quincy, WA",Amphitheater,LYV,,,TRUE
Luke Combs To Perform Two Nights At Gorge Amphitheatre,Luke Combs To Perform Two Nights At Gorge Amphitheatre,https://news.pollstar.com/2024/07/08/luke-combs-to-perform-two-nights-at-gorge-amphitheatre/,2024-07-08,2024-07-13,2024-10-20,Bootleggers Bonfire,"Miramar Beach, FL",Club,FALSE,,,TRUE
Luke Combs To Perform Two Nights At Gorge Amphitheatre,Luke Combs To Perform Two Nights At Gorge Amphitheatre,https://news.pollstar.com/2024/07/08/luke-combs-to-perform-two-nights-at-gorge-amphitheatre/,2024-07-08,2024-07-13,2024-10-20,Country Thunder Florida,"Kissimmee, FL",Other,FALSE,,,TRUE
Goose,"Goose Announce More Fall Dates, Including Annual Goosemas Shows",https://news.pollstar.com/2024/06/24/goose-announce-more-fall-dates-including-annual-goosemas-shows/,2024-06-24,2024-06-25,2024-12-14,Thompson’s Point,"Portland, ME",Other,FALSE,,,TRUE
Goose,"Goose Announce More Fall Dates, Including Annual Goosemas Shows",https://news.pollstar.com/2024/06/24/goose-announce-more-fall-dates-including-annual-goosemas-shows/,2024-06-24,2024-06-25,2024-12-14,Thompson’s Point,"Portland, ME",Other,FALSE,,,TRUE
Goose,"Goose Announce More Fall Dates, Including Annual Goosemas Shows",https://news.pollstar.com/2024/06/24/goose-announce-more-fall-dates-including-annual-goosemas-shows/,2024-06-24,2024-06-25,2024-12-14,Mann Center,"Philadelphia, PA",Arena,FALSE,,,TRUE
Goose,"Goose Announce More Fall Dates, Including Annual Goosemas Shows",https://news.pollstar.com/2024/06/24/goose-announce-more-fall-dates-including-annual-goosemas-shows/,2024-06-24,2024-06-25,2024-12-14,Forest Hills Stadium,"Forest Hills, NY",Stadium,FALSE,,,TRUE
Goose,"Goose Announce More Fall Dates, Including Annual Goosemas Shows",https://news.pollstar.com/2024/06/24/goose-announce-more-fall-dates-including-annual-goosemas-shows/,2024-06-24,2024-06-25,2024-12-14,Westville Music Bowl,"New Haven, CT",Other,FALSE,,,TRUE
Goose,"Goose Announce More Fall Dates, Including Annual Goosemas Shows",https://news.pollstar.com/2024/06/24/goose-announce-more-fall-dates-including-annual-goosemas-shows/,2024-06-24,2024-06-25,2024-12-14,PNC Bank Arts Center,"Holmdel, NJ",Arena,LYV,,,TRUE
Goose,"Goose Announce More Fall Dates, Including Annual Goosemas Shows",https://news.pollstar.com/2024/06/24/goose-announce-more-fall-dates-including-annual-goosemas-shows/,2024-06-24,2024-06-25,2024-12-14,MGM Music Hall at Fenway,"Boston, MA",Theater,LYV,,,TRUE
Goose,"Goose Announce More Fall Dates, Including Annual Goosemas Shows",https://news.pollstar.com/2024/06/24/goose-announce-more-fall-dates-including-annual-goosemas-shows/,2024-06-24,2024-06-25,2024-12-14,MGM Music Hall at Fenway,"Boston, MA",Theater,LYV,,,TRUE
Goose,"Goose Announce More Fall Dates, Including Annual Goosemas Shows",https://news.pollstar.com/2024/06/24/goose-announce-more-fall-dates-including-annual-goosemas-shows/,2024-06-24,2024-06-25,2024-12-14,MGM Music Hall at Fenway,"Boston, MA",Theater,LYV,,,TRUE
Goose,"Goose Announce More Fall Dates, Including Annual Goosemas Shows",https://news.pollstar.com/2024/06/24/goose-announce-more-fall-dates-including-annual-goosemas-shows/,2024-06-24,2024-06-25,2024-12-14,Broadview Stage at SPAC,"Saratoga Springs, NY",Amphitheater,LYV,,,TRUE
Goose,"Goose Announce More Fall Dates, Including Annual Goosemas Shows",https://news.pollstar.com/2024/06/24/goose-announce-more-fall-dates-including-annual-goosemas-shows/,2024-06-24,2024-06-25,2024-12-14,Broadview Stage at SPAC,"Saratoga Springs, NY",Amphitheater,LYV,,,TRUE
Goose,"Goose Announce More Fall Dates, Including Annual Goosemas Shows",https://news.pollstar.com/2024/06/24/goose-announce-more-fall-dates-including-annual-goosemas-shows/,2024-06-24,2024-06-25,2024-12-14,Ting Pavilion (SOLD OUT),"Charlottesville, VA",Amphitheater,LYV,,,TRUE
Goose,"Goose Announce More Fall Dates, Including Annual Goosemas Shows",https://news.pollstar.com/2024/06/24/goose-announce-more-fall-dates-including-annual-goosemas-shows/,2024-06-24,2024-06-25,2024-12-14,The Salt Shed,"Chicago, IL",Amphitheater,LYV,,,TRUE
Goose,"Goose Announce More Fall Dates, Including Annual Goosemas Shows",https://news.pollstar.com/2024/06/24/goose-announce-more-fall-dates-including-annual-goosemas-shows/,2024-06-24,2024-06-25,2024-12-14,The Salt Shed,"Chicago, IL",Amphitheater,LYV,,,TRUE
Goose,"Goose Announce More Fall Dates, Including Annual Goosemas Shows",https://news.pollstar.com/2024/06/24/goose-announce-more-fall-dates-including-annual-goosemas-shows/,2024-06-24,2024-06-25,2024-12-14,The Salt Shed,"Chicago, IL",Amphitheater,LYV,,,TRUE
Goose,"Goose Announce More Fall Dates, Including Annual Goosemas Shows",https://news.pollstar.com/2024/06/24/goose-announce-more-fall-dates-including-annual-goosemas-shows/,2024-06-24,2024-06-25,2024-12-14,The Armory,"Minneapolis, MN",Theater,FALSE,,,TRUE
Goose,"Goose Announce More Fall Dates, Including Annual Goosemas Shows",https://news.pollstar.com/2024/06/24/goose-announce-more-fall-dates-including-annual-goosemas-shows/,2024-06-24,2024-06-25,2024-12-14,Vibrant Music Hall,"Waukee, IA",Theater,FALSE,,,TRUE
Goose,"Goose Announce More Fall Dates, Including Annual Goosemas Shows",https://news.pollstar.com/2024/06/24/goose-announce-more-fall-dates-including-annual-goosemas-shows/,2024-06-24,2024-06-25,2024-12-14,The Plaza at America First Field,"Salt Lake City, UT",Stadium,FALSE,,,TRUE
Goose,"Goose Announce More Fall Dates, Including Annual Goosemas Shows",https://news.pollstar.com/2024/06/24/goose-announce-more-fall-dates-including-annual-goosemas-shows/,2024-06-24,2024-06-25,2024-12-14,KettleHouse Amphitheater,"Missoula, MT",Amphitheater,LYV,,,TRUE
Goose,"Goose Announce More Fall Dates, Including Annual Goosemas Shows",https://news.pollstar.com/2024/06/24/goose-announce-more-fall-dates-including-annual-goosemas-shows/,2024-06-24,2024-06-25,2024-12-14,KettleHouse Amphitheater,"Missoula, MT",Amphitheater,LYV,,,TRUE
Goose,"Goose Announce More Fall Dates, Including Annual Goosemas Shows",https://news.pollstar.com/2024/06/24/goose-announce-more-fall-dates-including-annual-goosemas-shows/,2024-06-24,2024-06-25,2024-12-14,Remlinger Farms,"Seattle, WA",Other,FALSE,,,TRUE
Goose,"Goose Announce More Fall Dates, Including Annual Goosemas Shows",https://news.pollstar.com/2024/06/24/goose-announce-more-fall-dates-including-annual-goosemas-shows/,2024-06-24,2024-06-25,2024-12-14,Edgefield Concerts on the Lawn,"Troutdale, OR",Amphitheater,LYV,,,TRUE
Goose,"Goose Announce More Fall Dates, Including Annual Goosemas Shows",https://news.pollstar.com/2024/06/24/goose-announce-more-fall-dates-including-annual-goosemas-shows/,2024-06-24,2024-06-25,2024-12-14,Cuthbert Amphitheater,"Eugene, OR",Theater,FALSE,,,TRUE
Goose,"Goose Announce More Fall Dates, Including Annual Goosemas Shows",https://news.pollstar.com/2024/06/24/goose-announce-more-fall-dates-including-annual-goosemas-shows/,2024-06-24,2024-06-25,2024-12-14,Cal Coast Credit Union Open Air Theatre,"San Diego, CA",Theater,FALSE,,,TRUE
Goose,"Goose Announce More Fall Dates, Including Annual Goosemas Shows",https://news.pollstar.com/2024/06/24/goose-announce-more-fall-dates-including-annual-goosemas-shows/,2024-06-24,2024-06-25,2024-12-14,The Greek Theatre,"Los Angeles, CA",Amphitheater,FALSE,,,TRUE
Goose,"Goose Announce More Fall Dates, Including Annual Goosemas Shows",https://news.pollstar.com/2024/06/24/goose-announce-more-fall-dates-including-annual-goosemas-shows/,2024-06-24,2024-06-25,2024-12-14,Frost Amphitheater,"Stanford, CA",Theater,FALSE,,,TRUE
Goose,"Goose Announce More Fall Dates, Including Annual Goosemas Shows",https://news.pollstar.com/2024/06/24/goose-announce-more-fall-dates-including-annual-goosemas-shows/,2024-06-24,2024-06-25,2024-12-14,Mempho Music Festival,"Memphis, TN",Other,FALSE,,,TRUE
Goose,"Goose Announce More Fall Dates, Including Annual Goosemas Shows",https://news.pollstar.com/2024/06/24/goose-announce-more-fall-dates-including-annual-goosemas-shows/,2024-06-24,2024-06-25,2024-12-14,Ascend Amphitheater,"Nashville, TN",Amphitheater,LYV,,,TRUE
Goose,"Goose Announce More Fall Dates, Including Annual Goosemas Shows",https://news.pollstar.com/2024/06/24/goose-announce-more-fall-dates-including-annual-goosemas-shows/,2024-06-24,2024-06-25,2024-12-14,ExploreAsheville.com Arena,"Asheville, NC",Arena,FALSE,,,TRUE
Goose,"Goose Announce More Fall Dates, Including Annual Goosemas Shows",https://news.pollstar.com/2024/06/24/goose-announce-more-fall-dates-including-annual-goosemas-shows/,2024-06-24,2024-06-25,2024-12-14,ExploreAsheville.com Arena,"Asheville, NC",Arena,FALSE,,,TRUE
Goose,"Goose Announce More Fall Dates, Including Annual Goosemas Shows",https://news.pollstar.com/2024/06/24/goose-announce-more-fall-dates-including-annual-goosemas-shows/,2024-06-24,2024-06-25,2024-12-14,The Fillmore Miami Beach,"Miami, FL",Club,LYV,,,TRUE
Goose,"Goose Announce More Fall Dates, Including Annual Goosemas Shows",https://news.pollstar.com/2024/06/24/goose-announce-more-fall-dates-including-annual-goosemas-shows/,2024-06-24,2024-06-25,2024-12-14,The Fillmore Miami Beach,"Miami, FL",Club,LYV,,,TRUE
Goose,"Goose Announce More Fall Dates, Including Annual Goosemas Shows",https://news.pollstar.com/2024/06/24/goose-announce-more-fall-dates-including-annual-goosemas-shows/,2024-06-24,2024-06-25,2024-12-14,St. Pete Pier,"St. Petersburg, FL",Other,FALSE,,,TRUE
Goose,"Goose Announce More Fall Dates, Including Annual Goosemas Shows",https://news.pollstar.com/2024/06/24/goose-announce-more-fall-dates-including-annual-goosemas-shows/,2024-06-24,2024-06-25,2024-12-14,St. Augustine Amphitheatre,"St. Augustine, FL",Amphitheater,LYV,,,TRUE
Goose,"Goose Announce More Fall Dates, Including Annual Goosemas Shows",https://news.pollstar.com/2024/06/24/goose-announce-more-fall-dates-including-annual-goosemas-shows/,2024-06-24,2024-06-25,2024-12-14,St. Augustine Amphitheatre,"St. Augustine, FL",Amphitheater,LYV,,,TRUE
Goose,"Goose Announce More Fall Dates, Including Annual Goosemas Shows",https://news.pollstar.com/2024/06/24/goose-announce-more-fall-dates-including-annual-goosemas-shows/,2024-06-24,2024-06-25,2024-12-14,Petersen Events Center,"Pittsburgh, PA",Arena,FALSE,,,TRUE
Goose,"Goose Announce More Fall Dates, Including Annual Goosemas Shows",https://news.pollstar.com/2024/06/24/goose-announce-more-fall-dates-including-annual-goosemas-shows/,2024-06-24,2024-06-25,2024-12-14,Andrew J Brady Music Center,"Cincinnati, OH",Amphitheater,LYV,,,TRUE
Goose,"Goose Announce More Fall Dates, Including Annual Goosemas Shows",https://news.pollstar.com/2024/06/24/goose-announce-more-fall-dates-including-annual-goosemas-shows/,2024-06-24,2024-06-25,2024-12-14,Andrew J Brady Music Center,"Cincinnati, OH",Amphitheater,LYV,,,TRUE
Goose,"Goose Announce More Fall Dates, Including Annual Goosemas Shows",https://news.pollstar.com/2024/06/24/goose-announce-more-fall-dates-including-annual-goosemas-shows/,2024-06-24,2024-06-25,2024-12-14,The Anthem,"Washington, DC",Club,FALSE,,,TRUE
Goose,"Goose Announce More Fall Dates, Including Annual Goosemas Shows",https://news.pollstar.com/2024/06/24/goose-announce-more-fall-dates-including-annual-goosemas-shows/,2024-06-24,2024-06-25,2024-12-14,The Anthem,"Washington, DC",Club,FALSE,,,TRUE
Goose,"Goose Announce More Fall Dates, Including Annual Goosemas Shows",https://news.pollstar.com/2024/06/24/goose-announce-more-fall-dates-including-annual-goosemas-shows/,2024-06-24,2024-06-25,2024-12-14,Goosemas @ North Charleston Coliseum,"North Charleston, SC",Arena,FALSE,,,TRUE
Goose,"Goose Announce More Fall Dates, Including Annual Goosemas Shows",https://news.pollstar.com/2024/06/24/goose-announce-more-fall-dates-including-annual-goosemas-shows/,2024-06-24,2024-06-25,2024-12-14,Goosemas @ North Charleston Coliseum,"North Charleston, SC",Arena,FALSE,,,TRUE
Bob Mould,Bob Mould Unveils Solo Fall Tour Dates,https://news.pollstar.com/2024/06/18/bob-mould-unveils-solo-fall-tour-dates/,2024-06-18,2024-07-25,2024-10-25,The Empty Bottle,"Chicago, IL",Club,FALSE,,,TRUE
Bob Mould,Bob Mould Unveils Solo Fall Tour Dates,https://news.pollstar.com/2024/06/18/bob-mould-unveils-solo-fall-tour-dates/,2024-06-18,2024-07-25,2024-10-25,Out of Space Skokie,"Skokie, IL",Club,FALSE,,,TRUE
Bob Mould,Bob Mould Unveils Solo Fall Tour Dates,https://news.pollstar.com/2024/06/18/bob-mould-unveils-solo-fall-tour-dates/,2024-06-18,2024-07-25,2024-10-25,Nelsonville Music Festival,"Nelsonville, OH",Other,FALSE,,,TRUE
Bob Mould,Bob Mould Unveils Solo Fall Tour Dates,https://news.pollstar.com/2024/06/18/bob-mould-unveils-solo-fall-tour-dates/,2024-06-18,2024-07-25,2024-10-25,City Winery Hudson Valley,"Montgomery, NY",Club,FALSE,,,TRUE
Bob Mould,Bob Mould Unveils Solo Fall Tour Dates,https://news.pollstar.com/2024/06/18/bob-mould-unveils-solo-fall-tour-dates/,2024-06-18,2024-07-25,2024-10-25,Iron Horse,"Northampton, MA",Club,FALSE,,,TRUE
Bob Mould,Bob Mould Unveils Solo Fall Tour Dates,https://news.pollstar.com/2024/06/18/bob-mould-unveils-solo-fall-tour-dates/,2024-06-18,2024-07-25,2024-10-25,3S Artspace,"Portsmouth, NH",Club,FALSE,,,TRUE
Bob Mould,Bob Mould Unveils Solo Fall Tour Dates,https://news.pollstar.com/2024/06/18/bob-mould-unveils-solo-fall-tour-dates/,2024-06-18,2024-07-25,2024-10-25,Narrows Center for the Arts,"Fall River, MA",Other,FALSE,,,TRUE
Bob Mould,Bob Mould Unveils Solo Fall Tour Dates,https://news.pollstar.com/2024/06/18/bob-mould-unveils-solo-fall-tour-dates/,2024-06-18,2024-07-25,2024-10-25,The Kate,"Old Saybrook, CT",Auditorium,FALSE,,,TRUE
Bob Mould,Bob Mould Unveils Solo Fall Tour Dates,https://news.pollstar.com/2024/06/18/bob-mould-unveils-solo-fall-tour-dates/,2024-06-18,2024-07-25,2024-10-25,SOPAC,"South Orange, NJ",Auditorium,FALSE,,,TRUE
Bob Mould,Bob Mould Unveils Solo Fall Tour Dates,https://news.pollstar.com/2024/06/18/bob-mould-unveils-solo-fall-tour-dates/,2024-06-18,2024-07-25,2024-10-25,Elkton Music Hall,"Elkton, MD",Other,FALSE,,,TRUE
Bob Mould,Bob Mould Unveils Solo Fall Tour Dates,https://news.pollstar.com/2024/06/18/bob-mould-unveils-solo-fall-tour-dates/,2024-06-18,2024-07-25,2024-10-25,Musikfest Cafe,"Bethlehem, PA",Club,FALSE,,,TRUE
Bob Mould,Bob Mould Unveils Solo Fall Tour Dates,https://news.pollstar.com/2024/06/18/bob-mould-unveils-solo-fall-tour-dates/,2024-06-18,2024-07-25,2024-10-25,Thunderbird Café & Music Hall,"Pittsburgh, PA",Other,FALSE,,,TRUE
Bob Mould,Bob Mould Unveils Solo Fall Tour Dates,https://news.pollstar.com/2024/06/18/bob-mould-unveils-solo-fall-tour-dates/,2024-06-18,2024-07-25,2024-10-25,The Ark,"Ann Arbor, MI",Amphitheater,LYV,,,TRUE
Bob Mould,Bob Mould Unveils Solo Fall Tour Dates,https://news.pollstar.com/2024/06/18/bob-mould-unveils-solo-fall-tour-dates/,2024-06-18,2024-07-25,2024-10-25,Prairie Center,"Schaumburg, IL",Other,FALSE,,,TRUE
Bob Mould,Bob Mould Unveils Solo Fall Tour Dates,https://news.pollstar.com/2024/06/18/bob-mould-unveils-solo-fall-tour-dates/,2024-06-18,2024-07-25,2024-10-25,Pygmalion Festival,"Champaign, IL",Other,FALSE,,,TRUE
Bob Mould,Bob Mould Unveils Solo Fall Tour Dates,https://news.pollstar.com/2024/06/18/bob-mould-unveils-solo-fall-tour-dates/,2024-06-18,2024-07-25,2024-10-25,Delmar Hall,"St. Louis, MO",Theater,FALSE,,,TRUE
Bob Mould,Bob Mould Unveils Solo Fall Tour Dates,https://news.pollstar.com/2024/06/18/bob-mould-unveils-solo-fall-tour-dates/,2024-06-18,2024-07-25,2024-10-25,Toulouse Theatre,"New Orleans, LA",Auditorium,FALSE,,,TRUE
Bob Mould,Bob Mould Unveils Solo Fall Tour Dates,https://news.pollstar.com/2024/06/18/bob-mould-unveils-solo-fall-tour-dates/,2024-06-18,2024-07-25,2024-10-25,Duling Hall,"Jackson, MS",Other,FALSE,,,TRUE
Bob Mould,Bob Mould Unveils Solo Fall Tour Dates,https://news.pollstar.com/2024/06/18/bob-mould-unveils-solo-fall-tour-dates/,2024-06-18,2024-07-25,2024-10-25,1884 Lounge at Minglewood Hall,"Memphis, TN",Other,FALSE,,,TRUE
Bob Mould,Bob Mould Unveils Solo Fall Tour Dates,https://news.pollstar.com/2024/06/18/bob-mould-unveils-solo-fall-tour-dates/,2024-06-18,2024-07-25,2024-10-25,Third Man Records: Blue Room,"Nashville, TN",Other,FALSE,,,TRUE
Bob Mould,Bob Mould Unveils Solo Fall Tour Dates,https://news.pollstar.com/2024/06/18/bob-mould-unveils-solo-fall-tour-dates/,2024-06-18,2024-07-25,2024-10-25,The Saturn,"Birmingham, AL",Club,FALSE,,,TRUE
Bob Mould,Bob Mould Unveils Solo Fall Tour Dates,https://news.pollstar.com/2024/06/18/bob-mould-unveils-solo-fall-tour-dates/,2024-06-18,2024-07-25,2024-10-25,The Wooly,"Gainesville, FL",Club,FALSE,,,TRUE
Bob Mould,Bob Mould Unveils Solo Fall Tour Dates,https://news.pollstar.com/2024/06/18/bob-mould-unveils-solo-fall-tour-dates/,2024-06-18,2024-07-25,2024-10-25,The Social,"Orlando, FL",Club,FALSE,,,TRUE
Bob Mould,Bob Mould Unveils Solo Fall Tour Dates,https://news.pollstar.com/2024/06/18/bob-mould-unveils-solo-fall-tour-dates/,2024-06-18,2024-07-25,2024-10-25,Cats Cradle,"Carrboro, NC",Club,FALSE,,,TRUE
Bob Mould,Bob Mould Unveils Solo Fall Tour Dates,https://news.pollstar.com/2024/06/18/bob-mould-unveils-solo-fall-tour-dates/,2024-06-18,2024-07-25,2024-10-25,Booth Playhouse,"Charlotte, NC",Other,FALSE,,,TRUE
Bob Mould,Bob Mould Unveils Solo Fall Tour Dates,https://news.pollstar.com/2024/06/18/bob-mould-unveils-solo-fall-tour-dates/,2024-06-18,2024-07-25,2024-10-25,40 Watt Club,"Athens, GA",Club,FALSE,,,TRUE
Bob Mould,Bob Mould Unveils Solo Fall Tour Dates,https://news.pollstar.com/2024/06/18/bob-mould-unveils-solo-fall-tour-dates/,2024-06-18,2024-07-25,2024-10-25,The Earl,"Atlanta, GA",Theater,FALSE,,,TRUE
UPSAHL,UPSAHL Unveils Routing For ‘Melt Me Down’ International Tour,https://news.pollstar.com/2024/06/17/upsahl-unveils-routing-for-melt-me-down-international-tour/,2024-06-17,2024-08-09,2024-11-26,Smukfest 2024,"Skanderborg, Denmark",Other,FALSE,,,TRUE
UPSAHL,UPSAHL Unveils Routing For ‘Melt Me Down’ International Tour,https://news.pollstar.com/2024/06/17/upsahl-unveils-routing-for-melt-me-down-international-tour/,2024-06-17,2024-08-09,2024-11-26,Tivoli,"Utrecht, Netherlands",Theater,FALSE,,,TRUE
UPSAHL,UPSAHL Unveils Routing For ‘Melt Me Down’ International Tour,https://news.pollstar.com/2024/06/17/upsahl-unveils-routing-for-melt-me-down-international-tour/,2024-06-17,2024-08-09,2024-11-26,Werk 2,"Leipzig, Germany",Club,FALSE,,,TRUE
UPSAHL,UPSAHL Unveils Routing For ‘Melt Me Down’ International Tour,https://news.pollstar.com/2024/06/17/upsahl-unveils-routing-for-melt-me-down-international-tour/,2024-06-17,2024-08-09,2024-11-26,Storm,"Munich, Germany",Club,FALSE,,,TRUE
UPSAHL,UPSAHL Unveils Routing For ‘Melt Me Down’ International Tour,https://news.pollstar.com/2024/06/17/upsahl-unveils-routing-for-melt-me-down-international-tour/,2024-06-17,2024-08-09,2024-11-26,FM4 Frequency 2024,"Sankt Pölten, Austria",Other,FALSE,,,TRUE
UPSAHL,UPSAHL Unveils Routing For ‘Melt Me Down’ International Tour,https://news.pollstar.com/2024/06/17/upsahl-unveils-routing-for-melt-me-down-international-tour/,2024-06-17,2024-08-09,2024-11-26,Klub Hydrozagadka,"Warszawa, Poland",Club,FALSE,,,TRUE
UPSAHL,UPSAHL Unveils Routing For ‘Melt Me Down’ International Tour,https://news.pollstar.com/2024/06/17/upsahl-unveils-routing-for-melt-me-down-international-tour/,2024-06-17,2024-08-09,2024-11-26,On The Rocks,"Helsinki, Finland",Club,FALSE,,,TRUE
UPSAHL,UPSAHL Unveils Routing For ‘Melt Me Down’ International Tour,https://news.pollstar.com/2024/06/17/upsahl-unveils-routing-for-melt-me-down-international-tour/,2024-06-17,2024-08-09,2024-11-26,Feelings 2024,"Bergen, Norway",Other,FALSE,,,TRUE
UPSAHL,UPSAHL Unveils Routing For ‘Melt Me Down’ International Tour,https://news.pollstar.com/2024/06/17/upsahl-unveils-routing-for-melt-me-down-international-tour/,2024-06-17,2024-08-09,2024-11-26,Soma Sidestage,"San Diego, CA",Club,FALSE,,,TRUE
UPSAHL,UPSAHL Unveils Routing For ‘Melt Me Down’ International Tour,https://news.pollstar.com/2024/06/17/upsahl-unveils-routing-for-melt-me-down-international-tour/,2024-06-17,2024-08-09,2024-11-26,El Rey Theatre,"Los Angeles, CA",Auditorium,FALSE,,,TRUE
UPSAHL,UPSAHL Unveils Routing For ‘Melt Me Down’ International Tour,https://news.pollstar.com/2024/06/17/upsahl-unveils-routing-for-melt-me-down-international-tour/,2024-06-17,2024-08-09,2024-11-26,The Rebel Lounge,"Phoenix, AZ",Other,FALSE,,,TRUE
UPSAHL,UPSAHL Unveils Routing For ‘Melt Me Down’ International Tour,https://news.pollstar.com/2024/06/17/upsahl-unveils-routing-for-melt-me-down-international-tour/,2024-06-17,2024-08-09,2024-11-26,Tulips,"Fort Worth, TX",Club,FALSE,,,TRUE
UPSAHL,UPSAHL Unveils Routing For ‘Melt Me Down’ International Tour,https://news.pollstar.com/2024/06/17/upsahl-unveils-routing-for-melt-me-down-international-tour/,2024-06-17,2024-08-09,2024-11-26,Parish,"Austin, TX",Club,FALSE,,,TRUE
UPSAHL,UPSAHL Unveils Routing For ‘Melt Me Down’ International Tour,https://news.pollstar.com/2024/06/17/upsahl-unveils-routing-for-melt-me-down-international-tour/,2024-06-17,2024-08-09,2024-11-26,White Oak Music Hall - Upstairs,"Houston, TX",Other,FALSE,,,TRUE
UPSAHL,UPSAHL Unveils Routing For ‘Melt Me Down’ International Tour,https://news.pollstar.com/2024/06/17/upsahl-unveils-routing-for-melt-me-down-international-tour/,2024-06-17,2024-08-09,2024-11-26,Terminal West,"Atlanta, GA",Club,FALSE,,,TRUE
UPSAHL,UPSAHL Unveils Routing For ‘Melt Me Down’ International Tour,https://news.pollstar.com/2024/06/17/upsahl-unveils-routing-for-melt-me-down-international-tour/,2024-06-17,2024-08-09,2024-11-26,Motorco Music Hall,"Durham, NC",Other,FALSE,,,TRUE
UPSAHL,UPSAHL Unveils Routing For ‘Melt Me Down’ International Tour,https://news.pollstar.com/2024/06/17/upsahl-unveils-routing-for-melt-me-down-international-tour/,2024-06-17,2024-08-09,2024-11-26,Richmond Music Hall,"Richmond, VA",Other,FALSE,,,TRUE
UPSAHL,UPSAHL Unveils Routing For ‘Melt Me Down’ International Tour,https://news.pollstar.com/2024/06/17/upsahl-unveils-routing-for-melt-me-down-international-tour/,2024-06-17,2024-08-09,2024-11-26,The Foundry at The Fillmore Philadelphia,"Philadelphia, PA",Club,LYV,,,TRUE
UPSAHL,UPSAHL Unveils Routing For ‘Melt Me Down’ International Tour,https://news.pollstar.com/2024/06/17/upsahl-unveils-routing-for-melt-me-down-international-tour/,2024-06-17,2024-08-09,2024-11-26,The Howard Theatre,"Washington, DC",Theater,FALSE,,,TRUE
UPSAHL,UPSAHL Unveils Routing For ‘Melt Me Down’ International Tour,https://news.pollstar.com/2024/06/17/upsahl-unveils-routing-for-melt-me-down-international-tour/,2024-06-17,2024-08-09,2024-11-26,Velvet Underground,"Toronto, ON",Club,FALSE,,,TRUE
UPSAHL,UPSAHL Unveils Routing For ‘Melt Me Down’ International Tour,https://news.pollstar.com/2024/06/17/upsahl-unveils-routing-for-melt-me-down-international-tour/,2024-06-17,2024-08-09,2024-11-26,Rec Room,"Buffalo, NY",Club,FALSE,,,TRUE
UPSAHL,UPSAHL Unveils Routing For ‘Melt Me Down’ International Tour,https://news.pollstar.com/2024/06/17/upsahl-unveils-routing-for-melt-me-down-international-tour/,2024-06-17,2024-08-09,2024-11-26,Paradise Rock Club,"Boston, MA",Club,FALSE,,,TRUE
UPSAHL,UPSAHL Unveils Routing For ‘Melt Me Down’ International Tour,https://news.pollstar.com/2024/06/17/upsahl-unveils-routing-for-melt-me-down-international-tour/,2024-06-17,2024-08-09,2024-11-26,Bowery Ballroom,"New York, NY",Other,FALSE,,,TRUE
UPSAHL,UPSAHL Unveils Routing For ‘Melt Me Down’ International Tour,https://news.pollstar.com/2024/06/17/upsahl-unveils-routing-for-melt-me-down-international-tour/,2024-06-17,2024-08-09,2024-11-26,Chop Shop,"Chicago, IL",Club,FALSE,,,TRUE
UPSAHL,UPSAHL Unveils Routing For ‘Melt Me Down’ International Tour,https://news.pollstar.com/2024/06/17/upsahl-unveils-routing-for-melt-me-down-international-tour/,2024-06-17,2024-08-09,2024-11-26,Meow Wolf Denver - Perplexiplex at Convergence Station,"Denver, CO",Other,FALSE,,,TRUE
UPSAHL,UPSAHL Unveils Routing For ‘Melt Me Down’ International Tour,https://news.pollstar.com/2024/06/17/upsahl-unveils-routing-for-melt-me-down-international-tour/,2024-06-17,2024-08-09,2024-11-26,Soundwell,"Salt Lake City, UT",Club,FALSE,,,TRUE
UPSAHL,UPSAHL Unveils Routing For ‘Melt Me Down’ International Tour,https://news.pollstar.com/2024/06/17/upsahl-unveils-routing-for-melt-me-down-international-tour/,2024-06-17,2024-08-09,2024-11-26,The Crocodile,"Seattle, WA",Club,FALSE,,,TRUE
UPSAHL,UPSAHL Unveils Routing For ‘Melt Me Down’ International Tour,https://news.pollstar.com/2024/06/17/upsahl-unveils-routing-for-melt-me-down-international-tour/,2024-06-17,2024-08-09,2024-11-26,Wonder Ballroom,"Portland, OR",Other,FALSE,,,TRUE
UPSAHL,UPSAHL Unveils Routing For ‘Melt Me Down’ International Tour,https://news.pollstar.com/2024/06/17/upsahl-unveils-routing-for-melt-me-down-international-tour/,2024-06-17,2024-08-09,2024-11-26,The Chapel,"San Francisco, CA",Club,FALSE,,,TRUE
UPSAHL,UPSAHL Unveils Routing For ‘Melt Me Down’ International Tour,https://news.pollstar.com/2024/06/17/upsahl-unveils-routing-for-melt-me-down-international-tour/,2024-06-17,2024-08-09,2024-11-26,Academy 2,"Dublin, Ireland",Theater,FALSE,,,TRUE
UPSAHL,UPSAHL Unveils Routing For ‘Melt Me Down’ International Tour,https://news.pollstar.com/2024/06/17/upsahl-unveils-routing-for-melt-me-down-international-tour/,2024-06-17,2024-08-09,2024-11-26,G2,"Glasgow, UK",Club,FALSE,,,TRUE
UPSAHL,UPSAHL Unveils Routing For ‘Melt Me Down’ International Tour,https://news.pollstar.com/2024/06/17/upsahl-unveils-routing-for-melt-me-down-international-tour/,2024-06-17,2024-08-09,2024-11-26,Manchester Academy 3,"Manchester, UK",Theater,FALSE,,,TRUE
UPSAHL,UPSAHL Unveils Routing For ‘Melt Me Down’ International Tour,https://news.pollstar.com/2024/06/17/upsahl-unveils-routing-for-melt-me-down-international-tour/,2024-06-17,2024-08-09,2024-11-26,Mama Roux’s,"Birmingham, UK",Other,FALSE,,,TRUE
UPSAHL,UPSAHL Unveils Routing For ‘Melt Me Down’ International Tour,https://news.pollstar.com/2024/06/17/upsahl-unveils-routing-for-melt-me-down-international-tour/,2024-06-17,2024-08-09,2024-11-26,The Bodega,"Nottingham, UK",Club,FALSE,,,TRUE
UPSAHL,UPSAHL Unveils Routing For ‘Melt Me Down’ International Tour,https://news.pollstar.com/2024/06/17/upsahl-unveils-routing-for-melt-me-down-international-tour/,2024-06-17,2024-08-09,2024-11-26,Exchange,"Bristol, UK",Club,FALSE,,,TRUE
UPSAHL,UPSAHL Unveils Routing For ‘Melt Me Down’ International Tour,https://news.pollstar.com/2024/06/17/upsahl-unveils-routing-for-melt-me-down-international-tour/,2024-06-17,2024-08-09,2024-11-26,Lafayette,"London, UK",Auditorium,FALSE,,,TRUE
UPSAHL,UPSAHL Unveils Routing For ‘Melt Me Down’ International Tour,https://news.pollstar.com/2024/06/17/upsahl-unveils-routing-for-melt-me-down-international-tour/,2024-06-17,2024-08-09,2024-11-26,Kavka,"Antwerp, Belgium",Club,FALSE,,,TRUE
UPSAHL,UPSAHL Unveils Routing For ‘Melt Me Down’ International Tour,https://news.pollstar.com/2024/06/17/upsahl-unveils-routing-for-melt-me-down-international-tour/,2024-06-17,2024-08-09,2024-11-26,Melkweg OZ,"Amsterdam, Netherlands",Club,FALSE,,,TRUE
UPSAHL,UPSAHL Unveils Routing For ‘Melt Me Down’ International Tour,https://news.pollstar.com/2024/06/17/upsahl-unveils-routing-for-melt-me-down-international-tour/,2024-06-17,2024-08-09,2024-11-26,KENT Club,"Hamburg, Germany",Club,FALSE,,,TRUE
UPSAHL,UPSAHL Unveils Routing For ‘Melt Me Down’ International Tour,https://news.pollstar.com/2024/06/17/upsahl-unveils-routing-for-melt-me-down-international-tour/,2024-06-17,2024-08-09,2024-11-26,Hole44,"Berlin, Germany",Club,FALSE,,,TRUE
UPSAHL,UPSAHL Unveils Routing For ‘Melt Me Down’ International Tour,https://news.pollstar.com/2024/06/17/upsahl-unveils-routing-for-melt-me-down-international-tour/,2024-06-17,2024-08-09,2024-11-26,Futurum Music Bar,"Prague, Czech Republic",Other,FALSE,,,TRUE
UPSAHL,UPSAHL Unveils Routing For ‘Melt Me Down’ International Tour,https://news.pollstar.com/2024/06/17/upsahl-unveils-routing-for-melt-me-down-international-tour/,2024-06-17,2024-08-09,2024-11-26,Zoom,"Frankfurt, Germany",Other,FALSE,,,TRUE
UPSAHL,UPSAHL Unveils Routing For ‘Melt Me Down’ International Tour,https://news.pollstar.com/2024/06/17/upsahl-unveils-routing-for-melt-me-down-international-tour/,2024-06-17,2024-08-09,2024-11-26,Luxor,"Cologne, Germany",Other,FALSE,,,TRUE
UPSAHL,UPSAHL Unveils Routing For ‘Melt Me Down’ International Tour,https://news.pollstar.com/2024/06/17/upsahl-unveils-routing-for-melt-me-down-international-tour/,2024-06-17,2024-08-09,2024-11-26,Badaboum,"Paris, France",Club,FALSE,,,TRUE
Tape B,Tape B Announces Fall Tour Dates,https://news.pollstar.com/2024/06/12/tape-b-announces-fall-tour-dates/,2024-06-12,2024-08-10,2024-11-23,"Pensacola, Florida",Laguna’s Beach Bar,Other,FALSE,,,TRUE
Tape B,Tape B Announces Fall Tour Dates,https://news.pollstar.com/2024/06/12/tape-b-announces-fall-tour-dates/,2024-06-12,2024-08-10,2024-11-23,The Ritz Ybor,"Tampa, FL",Club,FALSE,,,TRUE
Tape B,Tape B Announces Fall Tour Dates,https://news.pollstar.com/2024/06/12/tape-b-announces-fall-tour-dates/,2024-06-12,2024-08-10,2024-11-23,Kemistry,"Ft. Lauderdale, FL",Club,FALSE,,,TRUE
Tape B,Tape B Announces Fall Tour Dates,https://news.pollstar.com/2024/06/12/tape-b-announces-fall-tour-dates/,2024-06-12,2024-08-10,2024-11-23,Republic,"New Orleans, LA",Theater,FALSE,,,TRUE
Tape B,Tape B Announces Fall Tour Dates,https://news.pollstar.com/2024/06/12/tape-b-announces-fall-tour-dates/,2024-06-12,2024-08-10,2024-11-23,Vivid Music Hall,"Gainesville, FL",Other,FALSE,,,TRUE
Tape B,Tape B Announces Fall Tour Dates,https://news.pollstar.com/2024/06/12/tape-b-announces-fall-tour-dates/,2024-06-12,2024-08-10,2024-11-23,The Senate,"Columbia, SC",Club,FALSE,,,TRUE
Tape B,Tape B Announces Fall Tour Dates,https://news.pollstar.com/2024/06/12/tape-b-announces-fall-tour-dates/,2024-06-12,2024-08-10,2024-11-23,11:11,"El Paso, TX",Other,FALSE,,,TRUE
Tape B,Tape B Announces Fall Tour Dates,https://news.pollstar.com/2024/06/12/tape-b-announces-fall-tour-dates/,2024-06-12,2024-08-10,2024-11-23,The Marc,"San Marcos, TX",Arena,FALSE,,,TRUE
Tape B,Tape B Announces Fall Tour Dates,https://news.pollstar.com/2024/06/12/tape-b-announces-fall-tour-dates/,2024-06-12,2024-08-10,2024-11-23,9 PM,"Houston, TX",Club,FALSE,,,TRUE
Tape B,Tape B Announces Fall Tour Dates,https://news.pollstar.com/2024/06/12/tape-b-announces-fall-tour-dates/,2024-06-12,2024-08-10,2024-11-23,Senator,"Chico, CA",Club,FALSE,,,TRUE
Tape B,Tape B Announces Fall Tour Dates,https://news.pollstar.com/2024/06/12/tape-b-announces-fall-tour-dates/,2024-06-12,2024-08-10,2024-11-23,Lincon Theatre,"Raleigh, NC",Auditorium,FALSE,,,TRUE
Tape B,Tape B Announces Fall Tour Dates,https://news.pollstar.com/2024/06/12/tape-b-announces-fall-tour-dates/,2024-06-12,2024-08-10,2024-11-23,Fairmount,"Montreal, QC",Other,FALSE,,,TRUE
Tape B,Tape B Announces Fall Tour Dates,https://news.pollstar.com/2024/06/12/tape-b-announces-fall-tour-dates/,2024-06-12,2024-08-10,2024-11-23,Knitting Factory,"Boise, ID",Club,FALSE,,,TRUE
Tape B,Tape B Announces Fall Tour Dates,https://news.pollstar.com/2024/06/12/tape-b-announces-fall-tour-dates/,2024-06-12,2024-08-10,2024-11-23,Revel,"Albuquerque, NM",Arena,FALSE,,,TRUE
Tape B,Tape B Announces Fall Tour Dates,https://news.pollstar.com/2024/06/12/tape-b-announces-fall-tour-dates/,2024-06-12,2024-08-10,2024-11-23,Mission Ballroom,"Denver, CO",Club,FALSE,,,TRUE
Mexican Singer Yuridia Returning To U.S. Venues With ‘Sin Llorar Tour’,Mexican Singer Yuridia Returning To U.S. Venues With ‘Sin Llorar Tour’,https://news.pollstar.com/2024/06/10/mexican-singer-yuridia-returning-to-u-s-venues-with-sin-llorar-tour/,2024-06-10,2024-10-24,2024-12-08,Paramount Theatre,"Denver, CO",Theater,FALSE,,,TRUE
Mexican Singer Yuridia Returning To U.S. Venues With ‘Sin Llorar Tour’,Mexican Singer Yuridia Returning To U.S. Venues With ‘Sin Llorar Tour’,https://news.pollstar.com/2024/06/10/mexican-singer-yuridia-returning-to-u-s-venues-with-sin-llorar-tour/,2024-06-10,2024-10-24,2024-12-08,The Pearl,"Las Vegas, NV",Theater,FALSE,,,TRUE
Mexican Singer Yuridia Returning To U.S. Venues With ‘Sin Llorar Tour’,Mexican Singer Yuridia Returning To U.S. Venues With ‘Sin Llorar Tour’,https://news.pollstar.com/2024/06/10/mexican-singer-yuridia-returning-to-u-s-venues-with-sin-llorar-tour/,2024-06-10,2024-10-24,2024-12-08,Silver Legacy Resort,"Reno, NV",Other,FALSE,,,TRUE
Mexican Singer Yuridia Returning To U.S. Venues With ‘Sin Llorar Tour’,Mexican Singer Yuridia Returning To U.S. Venues With ‘Sin Llorar Tour’,https://news.pollstar.com/2024/06/10/mexican-singer-yuridia-returning-to-u-s-venues-with-sin-llorar-tour/,2024-06-10,2024-10-24,2024-12-08,El Paso County Coliseum,"El Paso, TX",Arena,FALSE,,,TRUE
Mexican Singer Yuridia Returning To U.S. Venues With ‘Sin Llorar Tour’,Mexican Singer Yuridia Returning To U.S. Venues With ‘Sin Llorar Tour’,https://news.pollstar.com/2024/06/10/mexican-singer-yuridia-returning-to-u-s-venues-with-sin-llorar-tour/,2024-06-10,2024-10-24,2024-12-08,Arizona Financial Theatre,"Phoenix, AZ",Theater,LYV,,,TRUE
Mexican Singer Yuridia Returning To U.S. Venues With ‘Sin Llorar Tour’,Mexican Singer Yuridia Returning To U.S. Venues With ‘Sin Llorar Tour’,https://news.pollstar.com/2024/06/10/mexican-singer-yuridia-returning-to-u-s-venues-with-sin-llorar-tour/,2024-06-10,2024-10-24,2024-12-08,Tucson Arena,"Tucson, AZ",Arena,FALSE,,,TRUE
Mexican Singer Yuridia Returning To U.S. Venues With ‘Sin Llorar Tour’,Mexican Singer Yuridia Returning To U.S. Venues With ‘Sin Llorar Tour’,https://news.pollstar.com/2024/06/10/mexican-singer-yuridia-returning-to-u-s-venues-with-sin-llorar-tour/,2024-06-10,2024-10-24,2024-12-08,Bob Hope Theatre,"Stockton, CA",Auditorium,FALSE,,,TRUE
Mexican Singer Yuridia Returning To U.S. Venues With ‘Sin Llorar Tour’,Mexican Singer Yuridia Returning To U.S. Venues With ‘Sin Llorar Tour’,https://news.pollstar.com/2024/06/10/mexican-singer-yuridia-returning-to-u-s-venues-with-sin-llorar-tour/,2024-06-10,2024-10-24,2024-12-08,Cal Coast Credit Union Open Air Theatre,"San Diego, CA",Theater,FALSE,,,TRUE
Mexican Singer Yuridia Returning To U.S. Venues With ‘Sin Llorar Tour’,Mexican Singer Yuridia Returning To U.S. Venues With ‘Sin Llorar Tour’,https://news.pollstar.com/2024/06/10/mexican-singer-yuridia-returning-to-u-s-venues-with-sin-llorar-tour/,2024-06-10,2024-10-24,2024-12-08,San Jose Civic,"San Jose, CA",Theater,FALSE,,,TRUE
Mexican Singer Yuridia Returning To U.S. Venues With ‘Sin Llorar Tour’,Mexican Singer Yuridia Returning To U.S. Venues With ‘Sin Llorar Tour’,https://news.pollstar.com/2024/06/10/mexican-singer-yuridia-returning-to-u-s-venues-with-sin-llorar-tour/,2024-06-10,2024-10-24,2024-12-08,Acrisure Arena,"Palm Desert, CA",Arena,FALSE,,,TRUE
Mexican Singer Yuridia Returning To U.S. Venues With ‘Sin Llorar Tour’,Mexican Singer Yuridia Returning To U.S. Venues With ‘Sin Llorar Tour’,https://news.pollstar.com/2024/06/10/mexican-singer-yuridia-returning-to-u-s-venues-with-sin-llorar-tour/,2024-06-10,2024-10-24,2024-12-08,Arlene Schnitzer Concert Hall,"Portland, OR",Theater,FALSE,,,TRUE
Mexican Singer Yuridia Returning To U.S. Venues With ‘Sin Llorar Tour’,Mexican Singer Yuridia Returning To U.S. Venues With ‘Sin Llorar Tour’,https://news.pollstar.com/2024/06/10/mexican-singer-yuridia-returning-to-u-s-venues-with-sin-llorar-tour/,2024-06-10,2024-10-24,2024-12-08,Paramount Theatre,"Seattle, WA",Theater,FALSE,,,TRUE
Mexican Singer Yuridia Returning To U.S. Venues With ‘Sin Llorar Tour’,Mexican Singer Yuridia Returning To U.S. Venues With ‘Sin Llorar Tour’,https://news.pollstar.com/2024/06/10/mexican-singer-yuridia-returning-to-u-s-venues-with-sin-llorar-tour/,2024-06-10,2024-10-24,2024-12-08,Queen Elizabeth Theatre,"Vancouver, BC",Theater,FALSE,,,TRUE
Imagine Dragons,Imagine Dragons Add Fourth Hollywood Bowl Date,https://news.pollstar.com/2024/06/06/imagine-dragons-add-fourth-hollywood-bowl-date/,2024-06-06,2024-07-30,2024-10-27,Freedom Mortgage Pavilion,"Camden, NJ",Amphitheater,LYV,,,TRUE
Imagine Dragons,Imagine Dragons Add Fourth Hollywood Bowl Date,https://news.pollstar.com/2024/06/06/imagine-dragons-add-fourth-hollywood-bowl-date/,2024-06-06,2024-07-30,2024-10-27,Northwell Health at Jones Beach Theater,"Wantagh, NY",Theater,FALSE,,,TRUE
Imagine Dragons,Imagine Dragons Add Fourth Hollywood Bowl Date,https://news.pollstar.com/2024/06/06/imagine-dragons-add-fourth-hollywood-bowl-date/,2024-06-06,2024-07-30,2024-10-27,PNC Bank Arts Center,"Holmdel, NJ",Arena,LYV,,,TRUE
Imagine Dragons,Imagine Dragons Add Fourth Hollywood Bowl Date,https://news.pollstar.com/2024/06/06/imagine-dragons-add-fourth-hollywood-bowl-date/,2024-06-06,2024-07-30,2024-10-27,Xfinity Center,"Mansfield, MA",Arena,LYV,,,TRUE
Imagine Dragons,Imagine Dragons Add Fourth Hollywood Bowl Date,https://news.pollstar.com/2024/06/06/imagine-dragons-add-fourth-hollywood-bowl-date/,2024-06-06,2024-07-30,2024-10-27,Budweiser Stage,"Toronto, ON",Amphitheater,LYV,,,TRUE
Imagine Dragons,Imagine Dragons Add Fourth Hollywood Bowl Date,https://news.pollstar.com/2024/06/06/imagine-dragons-add-fourth-hollywood-bowl-date/,2024-06-06,2024-07-30,2024-10-27,Budweiser Stage,"Toronto, ON",Amphitheater,LYV,,,TRUE
Imagine Dragons,Imagine Dragons Add Fourth Hollywood Bowl Date,https://news.pollstar.com/2024/06/06/imagine-dragons-add-fourth-hollywood-bowl-date/,2024-06-06,2024-07-30,2024-10-27,Pine Knob Music Theatre,"Clarkston, MI",Amphitheater,LYV,,,TRUE
Imagine Dragons,Imagine Dragons Add Fourth Hollywood Bowl Date,https://news.pollstar.com/2024/06/06/imagine-dragons-add-fourth-hollywood-bowl-date/,2024-06-06,2024-07-30,2024-10-27,The Pavilion at Star Lake,"Burgettstown, PA",Amphitheater,LYV,,,TRUE
Imagine Dragons,Imagine Dragons Add Fourth Hollywood Bowl Date,https://news.pollstar.com/2024/06/06/imagine-dragons-add-fourth-hollywood-bowl-date/,2024-06-06,2024-07-30,2024-10-27,Hollywood Casino Amphitheatre,"St. Louis, MO",Amphitheater,LYV,,,TRUE
Imagine Dragons,Imagine Dragons Add Fourth Hollywood Bowl Date,https://news.pollstar.com/2024/06/06/imagine-dragons-add-fourth-hollywood-bowl-date/,2024-06-06,2024-07-30,2024-10-27,Credit Union 1 Amphitheatre,"Tinley Park, IL",Amphitheater,LYV,,,TRUE
Imagine Dragons,Imagine Dragons Add Fourth Hollywood Bowl Date,https://news.pollstar.com/2024/06/06/imagine-dragons-add-fourth-hollywood-bowl-date/,2024-06-06,2024-07-30,2024-10-27,Ruoff Music Center,"Noblesville, IN",Amphitheater,LYV,,,TRUE
Imagine Dragons,Imagine Dragons Add Fourth Hollywood Bowl Date,https://news.pollstar.com/2024/06/06/imagine-dragons-add-fourth-hollywood-bowl-date/,2024-06-06,2024-07-30,2024-10-27,Jiffy Lube Live,"Bristow, VA",Amphitheater,LYV,,,TRUE
Imagine Dragons,Imagine Dragons Add Fourth Hollywood Bowl Date,https://news.pollstar.com/2024/06/06/imagine-dragons-add-fourth-hollywood-bowl-date/,2024-06-06,2024-07-30,2024-10-27,Merriweather Post Pavilion,"Columbia, MD",Amphitheater,LYV,,,TRUE
Imagine Dragons,Imagine Dragons Add Fourth Hollywood Bowl Date,https://news.pollstar.com/2024/06/06/imagine-dragons-add-fourth-hollywood-bowl-date/,2024-06-06,2024-07-30,2024-10-27,Veterans United Home Loans Amphitheater,"Virginia Beach, VA",Amphitheater,LYV,,,TRUE
Imagine Dragons,Imagine Dragons Add Fourth Hollywood Bowl Date,https://news.pollstar.com/2024/06/06/imagine-dragons-add-fourth-hollywood-bowl-date/,2024-06-06,2024-07-30,2024-10-27,PNC Music Pavilion,"Charlotte, NC",Amphitheater,LYV,,,TRUE
Imagine Dragons,Imagine Dragons Add Fourth Hollywood Bowl Date,https://news.pollstar.com/2024/06/06/imagine-dragons-add-fourth-hollywood-bowl-date/,2024-06-06,2024-07-30,2024-10-27,iTHINK Financial Amphitheatre,"West Palm Beach, FL",Amphitheater,LYV,,,TRUE
Imagine Dragons,Imagine Dragons Add Fourth Hollywood Bowl Date,https://news.pollstar.com/2024/06/06/imagine-dragons-add-fourth-hollywood-bowl-date/,2024-06-06,2024-07-30,2024-10-27,MIDFLORIDA Credit Union Amphitheatre,"Tampa, FL",Amphitheater,LYV,,,TRUE
Imagine Dragons,Imagine Dragons Add Fourth Hollywood Bowl Date,https://news.pollstar.com/2024/06/06/imagine-dragons-add-fourth-hollywood-bowl-date/,2024-06-06,2024-07-30,2024-10-27,Dos Equis Pavilion,"Dallas, TX",Amphitheater,LYV,,,TRUE
Imagine Dragons,Imagine Dragons Add Fourth Hollywood Bowl Date,https://news.pollstar.com/2024/06/06/imagine-dragons-add-fourth-hollywood-bowl-date/,2024-06-06,2024-07-30,2024-10-27,The Cynthia Woods Mitchell Pavilion presented by Huntsman,"Houston, TX",Amphitheater,LYV,,,TRUE
Imagine Dragons,Imagine Dragons Add Fourth Hollywood Bowl Date,https://news.pollstar.com/2024/06/06/imagine-dragons-add-fourth-hollywood-bowl-date/,2024-06-06,2024-07-30,2024-10-27,Thunder Ridge Nature Arena,"Ridgedale, MO",Arena,FALSE,,,TRUE
Imagine Dragons,Imagine Dragons Add Fourth Hollywood Bowl Date,https://news.pollstar.com/2024/06/06/imagine-dragons-add-fourth-hollywood-bowl-date/,2024-06-06,2024-07-30,2024-10-27,The Gorge Amphitheatre,"Seattle, WA",Amphitheater,LYV,,,TRUE
Imagine Dragons,Imagine Dragons Add Fourth Hollywood Bowl Date,https://news.pollstar.com/2024/06/06/imagine-dragons-add-fourth-hollywood-bowl-date/,2024-06-06,2024-07-30,2024-10-27,RV Inn Style Resorts Amphitheater,"Ridgefield, WA",Amphitheater,LYV,,,TRUE
Imagine Dragons,Imagine Dragons Add Fourth Hollywood Bowl Date,https://news.pollstar.com/2024/06/06/imagine-dragons-add-fourth-hollywood-bowl-date/,2024-06-06,2024-07-30,2024-10-27,Toyota Amphitheatre,"Wheatland, CA",Amphitheater,LYV,,,TRUE
Imagine Dragons,Imagine Dragons Add Fourth Hollywood Bowl Date,https://news.pollstar.com/2024/06/06/imagine-dragons-add-fourth-hollywood-bowl-date/,2024-06-06,2024-07-30,2024-10-27,North Island Credit Union Amphitheatre,"Chula Vista, CA",Amphitheater,LYV,,,TRUE
Imagine Dragons,Imagine Dragons Add Fourth Hollywood Bowl Date,https://news.pollstar.com/2024/06/06/imagine-dragons-add-fourth-hollywood-bowl-date/,2024-06-06,2024-07-30,2024-10-27,Talking Stick Resort Amphitheatre,"Phoenix, AZ",Amphitheater,LYV,,,TRUE
Imagine Dragons,Imagine Dragons Add Fourth Hollywood Bowl Date,https://news.pollstar.com/2024/06/06/imagine-dragons-add-fourth-hollywood-bowl-date/,2024-06-06,2024-07-30,2024-10-27,Isleta Amphitheater,"Albuquerque, NM",Amphitheater,LYV,,,TRUE
Imagine Dragons,Imagine Dragons Add Fourth Hollywood Bowl Date,https://news.pollstar.com/2024/06/06/imagine-dragons-add-fourth-hollywood-bowl-date/,2024-06-06,2024-07-30,2024-10-27,Utah First Credit Union Amphitheatre,"Salt Lake City, UT",Amphitheater,LYV,,,TRUE
Imagine Dragons,Imagine Dragons Add Fourth Hollywood Bowl Date,https://news.pollstar.com/2024/06/06/imagine-dragons-add-fourth-hollywood-bowl-date/,2024-06-06,2024-07-30,2024-10-27,Utah First Credit Union Amphitheatre,"Salt Lake City, UT",Amphitheater,LYV,,,TRUE
Imagine Dragons,Imagine Dragons Add Fourth Hollywood Bowl Date,https://news.pollstar.com/2024/06/06/imagine-dragons-add-fourth-hollywood-bowl-date/,2024-06-06,2024-07-30,2024-10-27,Red Rocks Amphitheatre,"Denver, CO",Amphitheater,FALSE,,,TRUE
Imagine Dragons,Imagine Dragons Add Fourth Hollywood Bowl Date,https://news.pollstar.com/2024/06/06/imagine-dragons-add-fourth-hollywood-bowl-date/,2024-06-06,2024-07-30,2024-10-27,Shoreline Amphitheatre,"Mountain View, CA",Amphitheater,LYV,,,TRUE
Imagine Dragons,Imagine Dragons Add Fourth Hollywood Bowl Date,https://news.pollstar.com/2024/06/06/imagine-dragons-add-fourth-hollywood-bowl-date/,2024-06-06,2024-07-30,2024-10-27,Hollywood Bowl,"Los Angeles, CA",Amphitheater,FALSE,,,TRUE
Imagine Dragons,Imagine Dragons Add Fourth Hollywood Bowl Date,https://news.pollstar.com/2024/06/06/imagine-dragons-add-fourth-hollywood-bowl-date/,2024-06-06,2024-07-30,2024-10-27,Hollywood Bowl,"Los Angeles, CA",Amphitheater,FALSE,,,TRUE
Imagine Dragons,Imagine Dragons Add Fourth Hollywood Bowl Date,https://news.pollstar.com/2024/06/06/imagine-dragons-add-fourth-hollywood-bowl-date/,2024-06-06,2024-07-30,2024-10-27,Hollywood Bowl,"Los Angeles, CA",Amphitheater,FALSE,,,TRUE
Imagine Dragons,Imagine Dragons Add Fourth Hollywood Bowl Date,https://news.pollstar.com/2024/06/06/imagine-dragons-add-fourth-hollywood-bowl-date/,2024-06-06,2024-07-30,2024-10-27,Hollywood Bowl - JUST ADDED,"Los Angeles, CA",Amphitheater,FALSE,,,TRUE
André Rieu,André Rieu Announces 2025 UK & Ireland Dates,https://news.pollstar.com/2024/06/05/andre-rieu-announces-2025-uk-ireland-dates/,2024-06-05,2024-04-02,2024-05-10,"Nottingham, England",Motorpoint Arena,Other,FALSE,,,TRUE
André Rieu,André Rieu Announces 2025 UK & Ireland Dates,https://news.pollstar.com/2024/06/05/andre-rieu-announces-2025-uk-ireland-dates/,2024-06-05,2024-04-02,2024-05-10,"Manchester, England",Co-op Live,Other,FALSE,,,TRUE
André Rieu,André Rieu Announces 2025 UK & Ireland Dates,https://news.pollstar.com/2024/06/05/andre-rieu-announces-2025-uk-ireland-dates/,2024-06-05,2024-04-02,2024-05-10,"Liverpool, England",M&S Bank Arena,Other,FALSE,,,TRUE
André Rieu,André Rieu Announces 2025 UK & Ireland Dates,https://news.pollstar.com/2024/06/05/andre-rieu-announces-2025-uk-ireland-dates/,2024-06-05,2024-04-02,2024-05-10,"Glasgow, Scotland",OVO Hydro,Other,FALSE,,,TRUE
André Rieu,André Rieu Announces 2025 UK & Ireland Dates,https://news.pollstar.com/2024/06/05/andre-rieu-announces-2025-uk-ireland-dates/,2024-06-05,2024-04-02,2024-05-10,"Belfast, Northern Ireland",The SSE Arena,Other,FALSE,,,TRUE
André Rieu,André Rieu Announces 2025 UK & Ireland Dates,https://news.pollstar.com/2024/06/05/andre-rieu-announces-2025-uk-ireland-dates/,2024-06-05,2024-04-02,2024-05-10,3Arena,"Dublin, Ireland",Arena,LYV,,,TRUE
André Rieu,André Rieu Announces 2025 UK & Ireland Dates,https://news.pollstar.com/2024/06/05/andre-rieu-announces-2025-uk-ireland-dates/,2024-06-05,2024-04-02,2024-05-10,"London, England",OVO Arena Wembley,Other,FALSE,,,TRUE
André Rieu,André Rieu Announces 2025 UK & Ireland Dates,https://news.pollstar.com/2024/06/05/andre-rieu-announces-2025-uk-ireland-dates/,2024-06-05,2024-04-02,2024-05-10,"Birmingham, England",Resorts World Arena,Other,FALSE,,,TRUE
BABYMETAL,BABYMETAL Announces Tour Dates,https://news.pollstar.com/2024/06/04/babymetal-announces-tour-dates/,2024-06-04,2024-11-05,2024-12-03,Hard Rock Orlando,"Orlando, FL",Club,FALSE,,,TRUE
BABYMETAL,BABYMETAL Announces Tour Dates,https://news.pollstar.com/2024/06/04/babymetal-announces-tour-dates/,2024-06-04,2024-11-05,2024-12-03,Hard Rock Hollywood,"Hollywood, FL",Other,FALSE,,,TRUE
BABYMETAL,BABYMETAL Announces Tour Dates,https://news.pollstar.com/2024/06/04/babymetal-announces-tour-dates/,2024-06-04,2024-11-05,2024-12-03,The Fillmore,"Charlotte, NC",Club,LYV,,,TRUE
BABYMETAL,BABYMETAL Announces Tour Dates,https://news.pollstar.com/2024/06/04/babymetal-announces-tour-dates/,2024-06-04,2024-11-05,2024-12-03,The Ritz,"Raleigh, NC",Club,FALSE,,,TRUE
BABYMETAL,BABYMETAL Announces Tour Dates,https://news.pollstar.com/2024/06/04/babymetal-announces-tour-dates/,2024-06-04,2024-11-05,2024-12-03,The Anthem,"Washington, DC",Club,FALSE,,,TRUE
BABYMETAL,BABYMETAL Announces Tour Dates,https://news.pollstar.com/2024/06/04/babymetal-announces-tour-dates/,2024-06-04,2024-11-05,2024-12-03,The National,"Richmond, VA",Arena,FALSE,,,TRUE
BABYMETAL,BABYMETAL Announces Tour Dates,https://news.pollstar.com/2024/06/04/babymetal-announces-tour-dates/,2024-06-04,2024-11-05,2024-12-03,Terminal 5,"New York, NY",Club,FALSE,,,TRUE
BABYMETAL,BABYMETAL Announces Tour Dates,https://news.pollstar.com/2024/06/04/babymetal-announces-tour-dates/,2024-06-04,2024-11-05,2024-12-03,WindStar Creek Event Center,"Bethlehem, PA",Other,FALSE,,,TRUE
BABYMETAL,BABYMETAL Announces Tour Dates,https://news.pollstar.com/2024/06/04/babymetal-announces-tour-dates/,2024-06-04,2024-11-05,2024-12-03,Andrew J. Brady Music Center,"Cincinnati, OH",Amphitheater,LYV,,,TRUE
BABYMETAL,BABYMETAL Announces Tour Dates,https://news.pollstar.com/2024/06/04/babymetal-announces-tour-dates/,2024-06-04,2024-11-05,2024-12-03,The Sylvee,"Madison, WI",Club,LYV,,,TRUE
BABYMETAL,BABYMETAL Announces Tour Dates,https://news.pollstar.com/2024/06/04/babymetal-announces-tour-dates/,2024-06-04,2024-11-05,2024-12-03,Egyptian Room,"Indianapolis, IN",Arena,FALSE,,,TRUE
BABYMETAL,BABYMETAL Announces Tour Dates,https://news.pollstar.com/2024/06/04/babymetal-announces-tour-dates/,2024-06-04,2024-11-05,2024-12-03,Vibrant,"Des Moines, IA",Theater,FALSE,,,TRUE
BABYMETAL,BABYMETAL Announces Tour Dates,https://news.pollstar.com/2024/06/04/babymetal-announces-tour-dates/,2024-06-04,2024-11-05,2024-12-03,The Criterion,"Oklahoma City, OK",Theater,FALSE,,,TRUE
BABYMETAL,BABYMETAL Announces Tour Dates,https://news.pollstar.com/2024/06/04/babymetal-announces-tour-dates/,2024-06-04,2024-11-05,2024-12-03,Reven Entertainment Center,"Albuquerque, NM",Arena,FALSE,,,TRUE
BABYMETAL,BABYMETAL Announces Tour Dates,https://news.pollstar.com/2024/06/04/babymetal-announces-tour-dates/,2024-06-04,2024-11-05,2024-12-03,House of Blues,"Anaheim, CA",Club,LYV,,,TRUE
Puerto Rican Singer Kany García Embarking On North American Tour This Fall,Puerto Rican Singer Kany García Embarking On North American Tour This Fall,https://news.pollstar.com/2024/06/04/puerto-rican-singer-kany-garcia-embarking-on-north-american-tour-this-fall/,2024-06-04,2024-10-09,2024-12-01,Majestic Theatre,"Dallas, TX",Theater,FALSE,,,TRUE
Puerto Rican Singer Kany García Embarking On North American Tour This Fall,Puerto Rican Singer Kany García Embarking On North American Tour This Fall,https://news.pollstar.com/2024/06/04/puerto-rican-singer-kany-garcia-embarking-on-north-american-tour-this-fall/,2024-06-04,2024-10-09,2024-12-01,Rialto Theatre,"Tucson, AZ",Theater,FALSE,,,TRUE
Puerto Rican Singer Kany García Embarking On North American Tour This Fall,Puerto Rican Singer Kany García Embarking On North American Tour This Fall,https://news.pollstar.com/2024/06/04/puerto-rican-singer-kany-garcia-embarking-on-north-american-tour-this-fall/,2024-06-04,2024-10-09,2024-12-01,The Van Buren,"Phoenix, AZ",Theater,LYV,,,TRUE
Puerto Rican Singer Kany García Embarking On North American Tour This Fall,Puerto Rican Singer Kany García Embarking On North American Tour This Fall,https://news.pollstar.com/2024/06/04/puerto-rican-singer-kany-garcia-embarking-on-north-american-tour-this-fall/,2024-06-04,2024-10-09,2024-12-01,House of Blues,"Anaheim, CA",Club,LYV,,,TRUE
Puerto Rican Singer Kany García Embarking On North American Tour This Fall,Puerto Rican Singer Kany García Embarking On North American Tour This Fall,https://news.pollstar.com/2024/06/04/puerto-rican-singer-kany-garcia-embarking-on-north-american-tour-this-fall/,2024-06-04,2024-10-09,2024-12-01,San Jose Civic,"San Jose, CA",Theater,FALSE,,,TRUE
Puerto Rican Singer Kany García Embarking On North American Tour This Fall,Puerto Rican Singer Kany García Embarking On North American Tour This Fall,https://news.pollstar.com/2024/06/04/puerto-rican-singer-kany-garcia-embarking-on-north-american-tour-this-fall/,2024-06-04,2024-10-09,2024-12-01,YouTube Theater,"Inglewood, CA",Theater,FALSE,,,TRUE
Puerto Rican Singer Kany García Embarking On North American Tour This Fall,Puerto Rican Singer Kany García Embarking On North American Tour This Fall,https://news.pollstar.com/2024/06/04/puerto-rican-singer-kany-garcia-embarking-on-north-american-tour-this-fall/,2024-06-04,2024-10-09,2024-12-01,The Magnolia,"El Cajon, CA",Theater,FALSE,,,TRUE
Puerto Rican Singer Kany García Embarking On North American Tour This Fall,Puerto Rican Singer Kany García Embarking On North American Tour This Fall,https://news.pollstar.com/2024/06/04/puerto-rican-singer-kany-garcia-embarking-on-north-american-tour-this-fall/,2024-06-04,2024-10-09,2024-12-01,Chicago Theatre,"Chicago, IL",Theater,LYV,,,TRUE
Puerto Rican Singer Kany García Embarking On North American Tour This Fall,Puerto Rican Singer Kany García Embarking On North American Tour This Fall,https://news.pollstar.com/2024/06/04/puerto-rican-singer-kany-garcia-embarking-on-north-american-tour-this-fall/,2024-06-04,2024-10-09,2024-12-01,The Palace Stamford,"Stamford, CT",Auditorium,FALSE,,,TRUE
Puerto Rican Singer Kany García Embarking On North American Tour This Fall,Puerto Rican Singer Kany García Embarking On North American Tour This Fall,https://news.pollstar.com/2024/06/04/puerto-rican-singer-kany-garcia-embarking-on-north-american-tour-this-fall/,2024-06-04,2024-10-09,2024-12-01,Theater at Madison Square Garden,"New York, NY",Arena,FALSE,,,TRUE
Puerto Rican Singer Kany García Embarking On North American Tour This Fall,Puerto Rican Singer Kany García Embarking On North American Tour This Fall,https://news.pollstar.com/2024/06/04/puerto-rican-singer-kany-garcia-embarking-on-north-american-tour-this-fall/,2024-06-04,2024-10-09,2024-12-01,Orpheum Theatre,"Boston, MA",Theater,LYV,,,TRUE
Puerto Rican Singer Kany García Embarking On North American Tour This Fall,Puerto Rican Singer Kany García Embarking On North American Tour This Fall,https://news.pollstar.com/2024/06/04/puerto-rican-singer-kany-garcia-embarking-on-north-american-tour-this-fall/,2024-06-04,2024-10-09,2024-12-01,The Fillmore Philadelphia,"Philadelphia, PA",Club,LYV,,,TRUE
Puerto Rican Singer Kany García Embarking On North American Tour This Fall,Puerto Rican Singer Kany García Embarking On North American Tour This Fall,https://news.pollstar.com/2024/06/04/puerto-rican-singer-kany-garcia-embarking-on-north-american-tour-this-fall/,2024-06-04,2024-10-09,2024-12-01,Warner Theatre,"Washington, DC",Theater,LYV,,,TRUE
Puerto Rican Singer Kany García Embarking On North American Tour This Fall,Puerto Rican Singer Kany García Embarking On North American Tour This Fall,https://news.pollstar.com/2024/06/04/puerto-rican-singer-kany-garcia-embarking-on-north-american-tour-this-fall/,2024-06-04,2024-10-09,2024-12-01,Coca-Cola Roxy,"Atlanta, GA",Club,LYV,,,TRUE
Puerto Rican Singer Kany García Embarking On North American Tour This Fall,Puerto Rican Singer Kany García Embarking On North American Tour This Fall,https://news.pollstar.com/2024/06/04/puerto-rican-singer-kany-garcia-embarking-on-north-american-tour-this-fall/,2024-06-04,2024-10-09,2024-12-01,713 Music Hall,"Houston, TX",Theater,FALSE,,,TRUE
Puerto Rican Singer Kany García Embarking On North American Tour This Fall,Puerto Rican Singer Kany García Embarking On North American Tour This Fall,https://news.pollstar.com/2024/06/04/puerto-rican-singer-kany-garcia-embarking-on-north-american-tour-this-fall/,2024-06-04,2024-10-09,2024-12-01,McAllen Performing Arts Center,"McAllen, TX",Theater,FALSE,,,TRUE
Puerto Rican Singer Kany García Embarking On North American Tour This Fall,Puerto Rican Singer Kany García Embarking On North American Tour This Fall,https://news.pollstar.com/2024/06/04/puerto-rican-singer-kany-garcia-embarking-on-north-american-tour-this-fall/,2024-06-04,2024-10-09,2024-12-01,The Aztec Theater,"San Antonio, TX",Theater,FALSE,,,TRUE
Puerto Rican Singer Kany García Embarking On North American Tour This Fall,Puerto Rican Singer Kany García Embarking On North American Tour This Fall,https://news.pollstar.com/2024/06/04/puerto-rican-singer-kany-garcia-embarking-on-north-american-tour-this-fall/,2024-06-04,2024-10-09,2024-12-01,Danforth Music Hall,"Toronto, ON",Theater,FALSE,,,TRUE
Puerto Rican Singer Kany García Embarking On North American Tour This Fall,Puerto Rican Singer Kany García Embarking On North American Tour This Fall,https://news.pollstar.com/2024/06/04/puerto-rican-singer-kany-garcia-embarking-on-north-american-tour-this-fall/,2024-06-04,2024-10-09,2024-12-01,The Fillmore Charlotte,"Charlotte, NC",Club,LYV,,,TRUE
Puerto Rican Singer Kany García Embarking On North American Tour This Fall,Puerto Rican Singer Kany García Embarking On North American Tour This Fall,https://news.pollstar.com/2024/06/04/puerto-rican-singer-kany-garcia-embarking-on-north-american-tour-this-fall/,2024-06-04,2024-10-09,2024-12-01,Kia Center,"Orlando, FL",Arena,FALSE,,,TRUE
Puerto Rican Singer Kany García Embarking On North American Tour This Fall,Puerto Rican Singer Kany García Embarking On North American Tour This Fall,https://news.pollstar.com/2024/06/04/puerto-rican-singer-kany-garcia-embarking-on-north-american-tour-this-fall/,2024-06-04,2024-10-09,2024-12-01,Kaseya Center,"Miami, FL",Arena,FALSE,,,TRUE
Jane’s Addiction,Jane’s Addiction & Love And Rockets Announce ’24 Tour,https://news.pollstar.com/2024/05/28/janes-addiction-love-and-rockets-announce-24-tour/,2024-05-28,2024-08-09,2024-09-29,Fontainebleau Las Vegas,"Las Vegas, NV",Theater,FALSE,,,TRUE
Jane’s Addiction,Jane’s Addiction & Love And Rockets Announce ’24 Tour,https://news.pollstar.com/2024/05/28/janes-addiction-love-and-rockets-announce-24-tour/,2024-05-28,2024-08-09,2024-09-29,Gallagher Square at Petco Park,"San Diego, CA",Stadium,FALSE,,,TRUE
Jane’s Addiction,Jane’s Addiction & Love And Rockets Announce ’24 Tour,https://news.pollstar.com/2024/05/28/janes-addiction-love-and-rockets-announce-24-tour/,2024-05-28,2024-08-09,2024-09-29,YouTube Theater,"Los Angeles, CA",Theater,FALSE,,,TRUE
Jane’s Addiction,Jane’s Addiction & Love And Rockets Announce ’24 Tour,https://news.pollstar.com/2024/05/28/janes-addiction-love-and-rockets-announce-24-tour/,2024-05-28,2024-08-09,2024-09-29,Arizona Financial Theatre,"Phoenix, AZ",Theater,LYV,,,TRUE
Jane’s Addiction,Jane’s Addiction & Love And Rockets Announce ’24 Tour,https://news.pollstar.com/2024/05/28/janes-addiction-love-and-rockets-announce-24-tour/,2024-05-28,2024-08-09,2024-09-29,The Pavilion at Toyota Music Factory,"Irving, TX",Amphitheater,LYV,,,TRUE
Jane’s Addiction,Jane’s Addiction & Love And Rockets Announce ’24 Tour,https://news.pollstar.com/2024/05/28/janes-addiction-love-and-rockets-announce-24-tour/,2024-05-28,2024-08-09,2024-09-29,713 Music Hall,"Houston, TX",Theater,FALSE,,,TRUE
Jane’s Addiction,Jane’s Addiction & Love And Rockets Announce ’24 Tour,https://news.pollstar.com/2024/05/28/janes-addiction-love-and-rockets-announce-24-tour/,2024-05-28,2024-08-09,2024-09-29,Walmart AMP,"Rogers, AR",Amphitheater,LYV,,,TRUE
Jane’s Addiction,Jane’s Addiction & Love And Rockets Announce ’24 Tour,https://news.pollstar.com/2024/05/28/janes-addiction-love-and-rockets-announce-24-tour/,2024-05-28,2024-08-09,2024-09-29,Choctaw Grand Theater,"Durant, OK",Theater,FALSE,,,TRUE
Jane’s Addiction,Jane’s Addiction & Love And Rockets Announce ’24 Tour,https://news.pollstar.com/2024/05/28/janes-addiction-love-and-rockets-announce-24-tour/,2024-05-28,2024-08-09,2024-09-29,The Fillmore,"New Orleans, LA",Club,LYV,,,TRUE
Jane’s Addiction,Jane’s Addiction & Love And Rockets Announce ’24 Tour,https://news.pollstar.com/2024/05/28/janes-addiction-love-and-rockets-announce-24-tour/,2024-05-28,2024-08-09,2024-09-29,Daily’s Place,"Jacksonville, FL",Other,FALSE,,,TRUE
Jane’s Addiction,Jane’s Addiction & Love And Rockets Announce ’24 Tour,https://news.pollstar.com/2024/05/28/janes-addiction-love-and-rockets-announce-24-tour/,2024-05-28,2024-08-09,2024-09-29,MIDFLORIDA Credit Union Amphitheatre,"Tampa, FL",Amphitheater,LYV,,,TRUE
Jane’s Addiction,Jane’s Addiction & Love And Rockets Announce ’24 Tour,https://news.pollstar.com/2024/05/28/janes-addiction-love-and-rockets-announce-24-tour/,2024-05-28,2024-08-09,2024-09-29,Hard Rock Live,"Hollywood, FL",Theater,FALSE,,,TRUE
Jane’s Addiction,Jane’s Addiction & Love And Rockets Announce ’24 Tour,https://news.pollstar.com/2024/05/28/janes-addiction-love-and-rockets-announce-24-tour/,2024-05-28,2024-08-09,2024-09-29,Red Hat Amphtiheater,"Raleigh, NC",Amphitheater,FALSE,,,TRUE
Jane’s Addiction,Jane’s Addiction & Love And Rockets Announce ’24 Tour,https://news.pollstar.com/2024/05/28/janes-addiction-love-and-rockets-announce-24-tour/,2024-05-28,2024-08-09,2024-09-29,Atlantic Union Bank Pavilion,"Portsmouth, VA",Amphitheater,FALSE,,,TRUE
Jane’s Addiction,Jane’s Addiction & Love And Rockets Announce ’24 Tour,https://news.pollstar.com/2024/05/28/janes-addiction-love-and-rockets-announce-24-tour/,2024-05-28,2024-08-09,2024-09-29,Hard Rock Live at Etess Arena,"Atlantic City, NJ",Theater,FALSE,,,TRUE
Jane’s Addiction,Jane’s Addiction & Love And Rockets Announce ’24 Tour,https://news.pollstar.com/2024/05/28/janes-addiction-love-and-rockets-announce-24-tour/,2024-05-28,2024-08-09,2024-09-29,The Rooftop at Pier 17,"New York, NY",Amphitheater,LYV,,,TRUE
Jane’s Addiction,Jane’s Addiction & Love And Rockets Announce ’24 Tour,https://news.pollstar.com/2024/05/28/janes-addiction-love-and-rockets-announce-24-tour/,2024-05-28,2024-08-09,2024-09-29,Leader Bank Pavilion,"Boston, MA",Amphitheater,LYV,,,TRUE
Jane’s Addiction,Jane’s Addiction & Love And Rockets Announce ’24 Tour,https://news.pollstar.com/2024/05/28/janes-addiction-love-and-rockets-announce-24-tour/,2024-05-28,2024-08-09,2024-09-29,Hartford HealthCare Amphitheater,"Bridgeport, CT",Amphitheater,LYV,,,TRUE
Jane’s Addiction,Jane’s Addiction & Love And Rockets Announce ’24 Tour,https://news.pollstar.com/2024/05/28/janes-addiction-love-and-rockets-announce-24-tour/,2024-05-28,2024-08-09,2024-09-29,Budweiser Stage,"Toronto, ON",Amphitheater,LYV,,,TRUE
Jane’s Addiction,Jane’s Addiction & Love And Rockets Announce ’24 Tour,https://news.pollstar.com/2024/05/28/janes-addiction-love-and-rockets-announce-24-tour/,2024-05-28,2024-08-09,2024-09-29,Meadow Brook Amphtiheater,"Rockester Hills, MI",Amphitheater,FALSE,,,TRUE
Jane’s Addiction,Jane’s Addiction & Love And Rockets Announce ’24 Tour,https://news.pollstar.com/2024/05/28/janes-addiction-love-and-rockets-announce-24-tour/,2024-05-28,2024-08-09,2024-09-29,BMO Pavilion,"Milwaukee, WI",Amphitheater,FALSE,,,TRUE
Jane’s Addiction,Jane’s Addiction & Love And Rockets Announce ’24 Tour,https://news.pollstar.com/2024/05/28/janes-addiction-love-and-rockets-announce-24-tour/,2024-05-28,2024-08-09,2024-09-29,Byline Bank Aragon Ballroom,"Chicago, IL",Club,LYV,,,TRUE
Jane’s Addiction,Jane’s Addiction & Love And Rockets Announce ’24 Tour,https://news.pollstar.com/2024/05/28/janes-addiction-love-and-rockets-announce-24-tour/,2024-05-28,2024-08-09,2024-09-29,Everwise Amphitheater at White River State Park,"Indianapolis, IN",Amphitheater,LYV,,,TRUE
Jane’s Addiction,Jane’s Addiction & Love And Rockets Announce ’24 Tour,https://news.pollstar.com/2024/05/28/janes-addiction-love-and-rockets-announce-24-tour/,2024-05-28,2024-08-09,2024-09-29,South Star Music Festival,"Huntsville, AL",Other,FALSE,,,TRUE
Jane’s Addiction,Jane’s Addiction & Love And Rockets Announce ’24 Tour,https://news.pollstar.com/2024/05/28/janes-addiction-love-and-rockets-announce-24-tour/,2024-05-28,2024-08-09,2024-09-29,Evolution Festival,"St. Louis, MO",Other,FALSE,,,TRUE
Rolling Stones,Rolling Stones Add ‘Hackney Diamonds’ Date,https://news.pollstar.com/2024/05/23/rolling-stones-add-hackney-diamonds-date/,2024-05-23,2024-05-23,2024-07-21,MetLife Stadium,"East Rutherford, NJ",Stadium,FALSE,,,TRUE
Rolling Stones,Rolling Stones Add ‘Hackney Diamonds’ Date,https://news.pollstar.com/2024/05/23/rolling-stones-add-hackney-diamonds-date/,2024-05-23,2024-05-23,2024-07-21,MetLife Stadium,"East Rutherford, NJ",Stadium,FALSE,,,TRUE
Rolling Stones,Rolling Stones Add ‘Hackney Diamonds’ Date,https://news.pollstar.com/2024/05/23/rolling-stones-add-hackney-diamonds-date/,2024-05-23,2024-05-23,2024-07-21,Gillette Stadium,"Foxboro, MA",Stadium,FALSE,,,TRUE
Rolling Stones,Rolling Stones Add ‘Hackney Diamonds’ Date,https://news.pollstar.com/2024/05/23/rolling-stones-add-hackney-diamonds-date/,2024-05-23,2024-05-23,2024-07-21,Thunder Ridge Nature Arena,"Ridgedale, MO",Arena,FALSE,,,TRUE
Rolling Stones,Rolling Stones Add ‘Hackney Diamonds’ Date,https://news.pollstar.com/2024/05/23/rolling-stones-add-hackney-diamonds-date/,2024-05-23,2024-05-23,2024-07-21,Camping World Stadium,"Orlando, FL",Stadium,FALSE,,,TRUE
Rolling Stones,Rolling Stones Add ‘Hackney Diamonds’ Date,https://news.pollstar.com/2024/05/23/rolling-stones-add-hackney-diamonds-date/,2024-05-23,2024-05-23,2024-07-21,Mercedes-Benz Stadium,"Atlanta, GA",Stadium,FALSE,,,TRUE
Rolling Stones,Rolling Stones Add ‘Hackney Diamonds’ Date,https://news.pollstar.com/2024/05/23/rolling-stones-add-hackney-diamonds-date/,2024-05-23,2024-05-23,2024-07-21,Lincoln Financial Field,"Philadelphia, PA",Stadium,FALSE,,,TRUE
Rolling Stones,Rolling Stones Add ‘Hackney Diamonds’ Date,https://news.pollstar.com/2024/05/23/rolling-stones-add-hackney-diamonds-date/,2024-05-23,2024-05-23,2024-07-21,Cleveland Browns Stadium,"Cleveland, OH",Stadium,FALSE,,,TRUE
Rolling Stones,Rolling Stones Add ‘Hackney Diamonds’ Date,https://news.pollstar.com/2024/05/23/rolling-stones-add-hackney-diamonds-date/,2024-05-23,2024-05-23,2024-07-21,Empower Field at Mile High,"Denver, CO",Stadium,FALSE,,,TRUE
Rolling Stones,Rolling Stones Add ‘Hackney Diamonds’ Date,https://news.pollstar.com/2024/05/23/rolling-stones-add-hackney-diamonds-date/,2024-05-23,2024-05-23,2024-07-21,Soldier Field,"Chicago, IL",Stadium,FALSE,,,TRUE
Rolling Stones,Rolling Stones Add ‘Hackney Diamonds’ Date,https://news.pollstar.com/2024/05/23/rolling-stones-add-hackney-diamonds-date/,2024-05-23,2024-05-23,2024-07-21,Soldier Field,"Chicago, IL",Stadium,FALSE,,,TRUE
Rolling Stones,Rolling Stones Add ‘Hackney Diamonds’ Date,https://news.pollstar.com/2024/05/23/rolling-stones-add-hackney-diamonds-date/,2024-05-23,2024-05-23,2024-07-21,BC Place,"Vancouver, BC",Arena,FALSE,,,TRUE
Rolling Stones,Rolling Stones Add ‘Hackney Diamonds’ Date,https://news.pollstar.com/2024/05/23/rolling-stones-add-hackney-diamonds-date/,2024-05-23,2024-05-23,2024-07-21,SoFi Stadium,"Los Angeles, CA",Stadium,FALSE,,,TRUE
Rolling Stones,Rolling Stones Add ‘Hackney Diamonds’ Date,https://news.pollstar.com/2024/05/23/rolling-stones-add-hackney-diamonds-date/,2024-05-23,2024-05-23,2024-07-21,SoFi Stadium,"Los Angeles, CA",Stadium,FALSE,,,TRUE
Rolling Stones,Rolling Stones Add ‘Hackney Diamonds’ Date,https://news.pollstar.com/2024/05/23/rolling-stones-add-hackney-diamonds-date/,2024-05-23,2024-05-23,2024-07-21,Levi’s Stadium,"Santa Clara, CA",Stadium,FALSE,,,TRUE
Rolling Stones,Rolling Stones Add ‘Hackney Diamonds’ Date,https://news.pollstar.com/2024/05/23/rolling-stones-add-hackney-diamonds-date/,2024-05-23,2024-05-23,2024-07-21,Thunder Ridge Nature Arena,"Ridgedale, MO",Arena,FALSE,,,TRUE
Peso Pluma,"Peso Pluma Adds 6 Dates To ‘Éxodo Tour,’ Including Show At Intuit Dome",https://news.pollstar.com/2024/05/17/peso-pluma-adds-6-dates-to-exodo-tour-including-show-at-intuit-dome/,2024-05-17,2024-05-26,2024-10-18,"Chicago, IL *",Sueños Festival,Other,FALSE,,,TRUE
Peso Pluma,"Peso Pluma Adds 6 Dates To ‘Éxodo Tour,’ Including Show At Intuit Dome",https://news.pollstar.com/2024/05/17/peso-pluma-adds-6-dates-to-exodo-tour-including-show-at-intuit-dome/,2024-05-17,2024-05-26,2024-10-18,"New York, NY *",Governor’s Ball,Other,FALSE,,,TRUE
Peso Pluma,"Peso Pluma Adds 6 Dates To ‘Éxodo Tour,’ Including Show At Intuit Dome",https://news.pollstar.com/2024/05/17/peso-pluma-adds-6-dates-to-exodo-tour-including-show-at-intuit-dome/,2024-05-17,2024-05-26,2024-10-18,Moody Center,"Austin, TX",Arena,FALSE,,,TRUE
Peso Pluma,"Peso Pluma Adds 6 Dates To ‘Éxodo Tour,’ Including Show At Intuit Dome",https://news.pollstar.com/2024/05/17/peso-pluma-adds-6-dates-to-exodo-tour-including-show-at-intuit-dome/,2024-05-17,2024-05-26,2024-10-18,American Airlines,"Dallas, TX",Arena,FALSE,,,TRUE
Peso Pluma,"Peso Pluma Adds 6 Dates To ‘Éxodo Tour,’ Including Show At Intuit Dome",https://news.pollstar.com/2024/05/17/peso-pluma-adds-6-dates-to-exodo-tour-including-show-at-intuit-dome/,2024-05-17,2024-05-26,2024-10-18,"Edinburg, TX +",Bert Ogden Arena,Other,FALSE,,,TRUE
Peso Pluma,"Peso Pluma Adds 6 Dates To ‘Éxodo Tour,’ Including Show At Intuit Dome",https://news.pollstar.com/2024/05/17/peso-pluma-adds-6-dates-to-exodo-tour-including-show-at-intuit-dome/,2024-05-17,2024-05-26,2024-10-18,"Laredo, TX +",Sames Auto Arena,Other,FALSE,,,TRUE
Peso Pluma,"Peso Pluma Adds 6 Dates To ‘Éxodo Tour,’ Including Show At Intuit Dome",https://news.pollstar.com/2024/05/17/peso-pluma-adds-6-dates-to-exodo-tour-including-show-at-intuit-dome/,2024-05-17,2024-05-26,2024-10-18,Toyota Center,"Houston, TX",Arena,FALSE,,,TRUE
Peso Pluma,"Peso Pluma Adds 6 Dates To ‘Éxodo Tour,’ Including Show At Intuit Dome",https://news.pollstar.com/2024/05/17/peso-pluma-adds-6-dates-to-exodo-tour-including-show-at-intuit-dome/,2024-05-17,2024-05-26,2024-10-18,Frost Bank Center,"San Antonio, TX",Arena,FALSE,,,TRUE
Peso Pluma,"Peso Pluma Adds 6 Dates To ‘Éxodo Tour,’ Including Show At Intuit Dome",https://news.pollstar.com/2024/05/17/peso-pluma-adds-6-dates-to-exodo-tour-including-show-at-intuit-dome/,2024-05-17,2024-05-26,2024-10-18,Dickies Arena,"Fort Worth, TX",Arena,FALSE,,,TRUE
Peso Pluma,"Peso Pluma Adds 6 Dates To ‘Éxodo Tour,’ Including Show At Intuit Dome",https://news.pollstar.com/2024/05/17/peso-pluma-adds-6-dates-to-exodo-tour-including-show-at-intuit-dome/,2024-05-17,2024-05-26,2024-10-18,Gainbridge Fieldhouse,"Indianapolis, IN",Arena,FALSE,,,TRUE
Peso Pluma,"Peso Pluma Adds 6 Dates To ‘Éxodo Tour,’ Including Show At Intuit Dome",https://news.pollstar.com/2024/05/17/peso-pluma-adds-6-dates-to-exodo-tour-including-show-at-intuit-dome/,2024-05-17,2024-05-26,2024-10-18,Target Center,"Minneapolis, MN",Arena,FALSE,,,TRUE
Peso Pluma,"Peso Pluma Adds 6 Dates To ‘Éxodo Tour,’ Including Show At Intuit Dome",https://news.pollstar.com/2024/05/17/peso-pluma-adds-6-dates-to-exodo-tour-including-show-at-intuit-dome/,2024-05-17,2024-05-26,2024-10-18,CHI Health Center,"Omaha, NE",Arena,FALSE,,,TRUE
Peso Pluma,"Peso Pluma Adds 6 Dates To ‘Éxodo Tour,’ Including Show At Intuit Dome",https://news.pollstar.com/2024/05/17/peso-pluma-adds-6-dates-to-exodo-tour-including-show-at-intuit-dome/,2024-05-17,2024-05-26,2024-10-18,Fiserv Forum,"Milwaukee, WI",Arena,FALSE,,,TRUE
Peso Pluma,"Peso Pluma Adds 6 Dates To ‘Éxodo Tour,’ Including Show At Intuit Dome",https://news.pollstar.com/2024/05/17/peso-pluma-adds-6-dates-to-exodo-tour-including-show-at-intuit-dome/,2024-05-17,2024-05-26,2024-10-18,Ball Arena,"Denver, CO",Arena,FALSE,,,TRUE
Peso Pluma,"Peso Pluma Adds 6 Dates To ‘Éxodo Tour,’ Including Show At Intuit Dome",https://news.pollstar.com/2024/05/17/peso-pluma-adds-6-dates-to-exodo-tour-including-show-at-intuit-dome/,2024-05-17,2024-05-26,2024-10-18,"Rosarito, MX *",Baja Beach Fest,Other,FALSE,,,TRUE
Peso Pluma,"Peso Pluma Adds 6 Dates To ‘Éxodo Tour,’ Including Show At Intuit Dome",https://news.pollstar.com/2024/05/17/peso-pluma-adds-6-dates-to-exodo-tour-including-show-at-intuit-dome/,2024-05-17,2024-05-26,2024-10-18,Delta Center,"Salt Lake City, UT",Arena,FALSE,,,TRUE
Peso Pluma,"Peso Pluma Adds 6 Dates To ‘Éxodo Tour,’ Including Show At Intuit Dome",https://news.pollstar.com/2024/05/17/peso-pluma-adds-6-dates-to-exodo-tour-including-show-at-intuit-dome/,2024-05-17,2024-05-26,2024-10-18,Climate Pledge Arena,"Seattle, WA",Arena,FALSE,,,TRUE
Peso Pluma,"Peso Pluma Adds 6 Dates To ‘Éxodo Tour,’ Including Show At Intuit Dome",https://news.pollstar.com/2024/05/17/peso-pluma-adds-6-dates-to-exodo-tour-including-show-at-intuit-dome/,2024-05-17,2024-05-26,2024-10-18,"Portland, OR|",Moda Center,Other,FALSE,,,TRUE
Peso Pluma,"Peso Pluma Adds 6 Dates To ‘Éxodo Tour,’ Including Show At Intuit Dome",https://news.pollstar.com/2024/05/17/peso-pluma-adds-6-dates-to-exodo-tour-including-show-at-intuit-dome/,2024-05-17,2024-05-26,2024-10-18,"Anaheim, CA +",Honda Center,Other,FALSE,,,TRUE
Peso Pluma,"Peso Pluma Adds 6 Dates To ‘Éxodo Tour,’ Including Show At Intuit Dome",https://news.pollstar.com/2024/05/17/peso-pluma-adds-6-dates-to-exodo-tour-including-show-at-intuit-dome/,2024-05-17,2024-05-26,2024-10-18,"Inglewood, CA +",Intuit Dome,Other,FALSE,,,TRUE
Peso Pluma,"Peso Pluma Adds 6 Dates To ‘Éxodo Tour,’ Including Show At Intuit Dome",https://news.pollstar.com/2024/05/17/peso-pluma-adds-6-dates-to-exodo-tour-including-show-at-intuit-dome/,2024-05-17,2024-05-26,2024-10-18,SAP Center,"San Jose, CA",Arena,FALSE,,,TRUE
Peso Pluma,"Peso Pluma Adds 6 Dates To ‘Éxodo Tour,’ Including Show At Intuit Dome",https://news.pollstar.com/2024/05/17/peso-pluma-adds-6-dates-to-exodo-tour-including-show-at-intuit-dome/,2024-05-17,2024-05-26,2024-10-18,Golden 1 Center,"Sacramento, CA",Arena,FALSE,,,TRUE
Peso Pluma,"Peso Pluma Adds 6 Dates To ‘Éxodo Tour,’ Including Show At Intuit Dome",https://news.pollstar.com/2024/05/17/peso-pluma-adds-6-dates-to-exodo-tour-including-show-at-intuit-dome/,2024-05-17,2024-05-26,2024-10-18,San Francisco,Chase Center,Arena,FALSE,,,TRUE
Peso Pluma,"Peso Pluma Adds 6 Dates To ‘Éxodo Tour,’ Including Show At Intuit Dome",https://news.pollstar.com/2024/05/17/peso-pluma-adds-6-dates-to-exodo-tour-including-show-at-intuit-dome/,2024-05-17,2024-05-26,2024-10-18,Pechanga Arena,"San Diego, CA",Arena,FALSE,,,TRUE
Peso Pluma,"Peso Pluma Adds 6 Dates To ‘Éxodo Tour,’ Including Show At Intuit Dome",https://news.pollstar.com/2024/05/17/peso-pluma-adds-6-dates-to-exodo-tour-including-show-at-intuit-dome/,2024-05-17,2024-05-26,2024-10-18,"Palm Desert, CA +",Acrisure Arena,Other,FALSE,,,TRUE
Peso Pluma,"Peso Pluma Adds 6 Dates To ‘Éxodo Tour,’ Including Show At Intuit Dome",https://news.pollstar.com/2024/05/17/peso-pluma-adds-6-dates-to-exodo-tour-including-show-at-intuit-dome/,2024-05-17,2024-05-26,2024-10-18,Save Mart Center,"Fresno, CA",Arena,LYV,,,TRUE
Peso Pluma,"Peso Pluma Adds 6 Dates To ‘Éxodo Tour,’ Including Show At Intuit Dome",https://news.pollstar.com/2024/05/17/peso-pluma-adds-6-dates-to-exodo-tour-including-show-at-intuit-dome/,2024-05-17,2024-05-26,2024-10-18,T-Mobile Arena,"Las Vegas, NV",Arena,FALSE,,,TRUE
Peso Pluma,"Peso Pluma Adds 6 Dates To ‘Éxodo Tour,’ Including Show At Intuit Dome",https://news.pollstar.com/2024/05/17/peso-pluma-adds-6-dates-to-exodo-tour-including-show-at-intuit-dome/,2024-05-17,2024-05-26,2024-10-18,Footprint Center,"Phoenix, AZ",Arena,FALSE,,,TRUE
Peso Pluma,"Peso Pluma Adds 6 Dates To ‘Éxodo Tour,’ Including Show At Intuit Dome",https://news.pollstar.com/2024/05/17/peso-pluma-adds-6-dates-to-exodo-tour-including-show-at-intuit-dome/,2024-05-17,2024-05-26,2024-10-18,State Farm Arena,"Atlanta, CA",Arena,FALSE,,,TRUE
Peso Pluma,"Peso Pluma Adds 6 Dates To ‘Éxodo Tour,’ Including Show At Intuit Dome",https://news.pollstar.com/2024/05/17/peso-pluma-adds-6-dates-to-exodo-tour-including-show-at-intuit-dome/,2024-05-17,2024-05-26,2024-10-18,Wells Fargo Center,"Philadelphia, PA",Arena,FALSE,,,TRUE
Peso Pluma,"Peso Pluma Adds 6 Dates To ‘Éxodo Tour,’ Including Show At Intuit Dome",https://news.pollstar.com/2024/05/17/peso-pluma-adds-6-dates-to-exodo-tour-including-show-at-intuit-dome/,2024-05-17,2024-05-26,2024-10-18,United Center,"Chicago, IL",Arena,FALSE,,,TRUE
Peso Pluma,"Peso Pluma Adds 6 Dates To ‘Éxodo Tour,’ Including Show At Intuit Dome",https://news.pollstar.com/2024/05/17/peso-pluma-adds-6-dates-to-exodo-tour-including-show-at-intuit-dome/,2024-05-17,2024-05-26,2024-10-18,Capital One Arena,"Washington, DC",Arena,FALSE,,,TRUE
Peso Pluma,"Peso Pluma Adds 6 Dates To ‘Éxodo Tour,’ Including Show At Intuit Dome",https://news.pollstar.com/2024/05/17/peso-pluma-adds-6-dates-to-exodo-tour-including-show-at-intuit-dome/,2024-05-17,2024-05-26,2024-10-18,Mohegan Sun Arena,"Uncasville, CT",Arena,FALSE,,,TRUE
Peso Pluma,"Peso Pluma Adds 6 Dates To ‘Éxodo Tour,’ Including Show At Intuit Dome",https://news.pollstar.com/2024/05/17/peso-pluma-adds-6-dates-to-exodo-tour-including-show-at-intuit-dome/,2024-05-17,2024-05-26,2024-10-18,Greensboro Coliseum Complex,"Greensboro, NC",Club,FALSE,,,TRUE
Peso Pluma,"Peso Pluma Adds 6 Dates To ‘Éxodo Tour,’ Including Show At Intuit Dome",https://news.pollstar.com/2024/05/17/peso-pluma-adds-6-dates-to-exodo-tour-including-show-at-intuit-dome/,2024-05-17,2024-05-26,2024-10-18,Tampa FL,Amalie Arena,Arena,FALSE,,,TRUE
Peso Pluma,"Peso Pluma Adds 6 Dates To ‘Éxodo Tour,’ Including Show At Intuit Dome",https://news.pollstar.com/2024/05/17/peso-pluma-adds-6-dates-to-exodo-tour-including-show-at-intuit-dome/,2024-05-17,2024-05-26,2024-10-18,Amerant Bank Arena,"Sunrise, FL",Arena,LYV,,,TRUE
Allison Russell,Allison Russell Announces ‘All Returners’ Fall Tour,https://news.pollstar.com/2024/05/14/allison-russell-announces-all-returners-fall-tour/,2024-05-14,2024-05-14,2024-11-17,Live Oak Bank Pavilion at Riverfront Park,"Wilmington, NC",Amphitheater,LYV,,,TRUE
Allison Russell,Allison Russell Announces ‘All Returners’ Fall Tour,https://news.pollstar.com/2024/05/14/allison-russell-announces-all-returners-fall-tour/,2024-05-14,2024-05-14,2024-11-17,Veterans United Home Loans Amphitheater at Virginia Beach,"Virginia Beach, VA",Amphitheater,LYV,,,TRUE
Allison Russell,Allison Russell Announces ‘All Returners’ Fall Tour,https://news.pollstar.com/2024/05/14/allison-russell-announces-all-returners-fall-tour/,2024-05-14,2024-05-14,2024-11-17,Merriweather Post Pavilion,"Columbia, MD",Amphitheater,LYV,,,TRUE
Allison Russell,Allison Russell Announces ‘All Returners’ Fall Tour,https://news.pollstar.com/2024/05/14/allison-russell-announces-all-returners-fall-tour/,2024-05-14,2024-05-14,2024-11-17,Broadview Stage at SPAC,"Saratoga Springs, NY",Amphitheater,LYV,,,TRUE
Allison Russell,Allison Russell Announces ‘All Returners’ Fall Tour,https://news.pollstar.com/2024/05/14/allison-russell-announces-all-returners-fall-tour/,2024-05-14,2024-05-14,2024-11-17,Empower Federal Credit Union Amphitheater at Lakeview,"Syracuse, NY",Amphitheater,LYV,,,TRUE
Allison Russell,Allison Russell Announces ‘All Returners’ Fall Tour,https://news.pollstar.com/2024/05/14/allison-russell-announces-all-returners-fall-tour/,2024-05-14,2024-05-14,2024-11-17,Darien Lake Amphitheater,"Darien Center, NY",Amphitheater,LYV,,,TRUE
Allison Russell,Allison Russell Announces ‘All Returners’ Fall Tour,https://news.pollstar.com/2024/05/14/allison-russell-announces-all-returners-fall-tour/,2024-05-14,2024-05-14,2024-11-17,Massey Hall,"Toronto, ON",Theater,FALSE,,,TRUE
Allison Russell,Allison Russell Announces ‘All Returners’ Fall Tour,https://news.pollstar.com/2024/05/14/allison-russell-announces-all-returners-fall-tour/,2024-05-14,2024-05-14,2024-11-17,Old Dutch Church,"Kingston, NY",Auditorium,FALSE,,,TRUE
Allison Russell,Allison Russell Announces ‘All Returners’ Fall Tour,https://news.pollstar.com/2024/05/14/allison-russell-announces-all-returners-fall-tour/,2024-05-14,2024-05-14,2024-11-17,Freedom Mortgage Pavilion,"Camden, NJ",Amphitheater,LYV,,,TRUE
Allison Russell,Allison Russell Announces ‘All Returners’ Fall Tour,https://news.pollstar.com/2024/05/14/allison-russell-announces-all-returners-fall-tour/,2024-05-14,2024-05-14,2024-11-17,"Baltimore, MD#-",CFG Bank Arena,Other,FALSE,,,TRUE
Allison Russell,Allison Russell Announces ‘All Returners’ Fall Tour,https://news.pollstar.com/2024/05/14/allison-russell-announces-all-returners-fall-tour/,2024-05-14,2024-05-14,2024-11-17,Ruoff Music Center,"Noblesville, IN",Amphitheater,LYV,,,TRUE
Allison Russell,Allison Russell Announces ‘All Returners’ Fall Tour,https://news.pollstar.com/2024/05/14/allison-russell-announces-all-returners-fall-tour/,2024-05-14,2024-05-14,2024-11-17,Van Andel Arena,"Grand Rapids, MI",Arena,FALSE,,,TRUE
Allison Russell,Allison Russell Announces ‘All Returners’ Fall Tour,https://news.pollstar.com/2024/05/14/allison-russell-announces-all-returners-fall-tour/,2024-05-14,2024-05-14,2024-11-17,Pine Knob Music Theatre,"Clarkston, MI",Amphitheater,LYV,,,TRUE
Allison Russell,Allison Russell Announces ‘All Returners’ Fall Tour,https://news.pollstar.com/2024/05/14/allison-russell-announces-all-returners-fall-tour/,2024-05-14,2024-05-14,2024-11-17,Railbird Music Festival,"Lexington, KY",Amphitheater,LYV,,,TRUE
Allison Russell,Allison Russell Announces ‘All Returners’ Fall Tour,https://news.pollstar.com/2024/05/14/allison-russell-announces-all-returners-fall-tour/,2024-05-14,2024-05-14,2024-11-17,Forest Hills Stadium,"Forest Hills, NY",Stadium,FALSE,,,TRUE
Allison Russell,Allison Russell Announces ‘All Returners’ Fall Tour,https://news.pollstar.com/2024/05/14/allison-russell-announces-all-returners-fall-tour/,2024-05-14,2024-05-14,2024-11-17,Forest Hills Stadium,"Forest Hills, NY",Stadium,FALSE,,,TRUE
Allison Russell,Allison Russell Announces ‘All Returners’ Fall Tour,https://news.pollstar.com/2024/05/14/allison-russell-announces-all-returners-fall-tour/,2024-05-14,2024-05-14,2024-11-17,Forest Hills Stadium,"Forest Hills, NY",Stadium,FALSE,,,TRUE
Allison Russell,Allison Russell Announces ‘All Returners’ Fall Tour,https://news.pollstar.com/2024/05/14/allison-russell-announces-all-returners-fall-tour/,2024-05-14,2024-05-14,2024-11-17,Forest Hills Stadium,"Forest Hills, NY",Stadium,FALSE,,,TRUE
Allison Russell,Allison Russell Announces ‘All Returners’ Fall Tour,https://news.pollstar.com/2024/05/14/allison-russell-announces-all-returners-fall-tour/,2024-05-14,2024-05-14,2024-11-17,Budweiser Stage,"Toronto, ON",Amphitheater,LYV,,,TRUE
Allison Russell,Allison Russell Announces ‘All Returners’ Fall Tour,https://news.pollstar.com/2024/05/14/allison-russell-announces-all-returners-fall-tour/,2024-05-14,2024-05-14,2024-11-17,"Bangor, Maine",Maine Savings Amphitheater,Other,FALSE,,,TRUE
Allison Russell,Allison Russell Announces ‘All Returners’ Fall Tour,https://news.pollstar.com/2024/05/14/allison-russell-announces-all-returners-fall-tour/,2024-05-14,2024-05-14,2024-11-17,Newport Folk Festival,"Newport, RI",Other,FALSE,,,TRUE
Allison Russell,Allison Russell Announces ‘All Returners’ Fall Tour,https://news.pollstar.com/2024/05/14/allison-russell-announces-all-returners-fall-tour/,2024-05-14,2024-05-14,2024-11-17,Bethel Woods Center for the Arts,"Bethel, NY",Arena,FALSE,,,TRUE
Allison Russell,Allison Russell Announces ‘All Returners’ Fall Tour,https://news.pollstar.com/2024/05/14/allison-russell-announces-all-returners-fall-tour/,2024-05-14,2024-05-14,2024-11-17,The Pavilion at Star Lake,"Burgettstown, PA",Amphitheater,LYV,,,TRUE
Allison Russell,Allison Russell Announces ‘All Returners’ Fall Tour,https://news.pollstar.com/2024/05/14/allison-russell-announces-all-returners-fall-tour/,2024-05-14,2024-05-14,2024-11-17,"Vancouver, BC #",Rogers Arena,Other,FALSE,,,TRUE
Allison Russell,Allison Russell Announces ‘All Returners’ Fall Tour,https://news.pollstar.com/2024/05/14/allison-russell-announces-all-returners-fall-tour/,2024-05-14,2024-05-14,2024-11-17,Hollywood Casino Amphitheater,"Maryland Heights, MO",Amphitheater,LYV,,,TRUE
Allison Russell,Allison Russell Announces ‘All Returners’ Fall Tour,https://news.pollstar.com/2024/05/14/allison-russell-announces-all-returners-fall-tour/,2024-05-14,2024-05-14,2024-11-17,Pinnacle Bank Arena,"Lincoln, NE",Theater,FALSE,,,TRUE
Allison Russell,Allison Russell Announces ‘All Returners’ Fall Tour,https://news.pollstar.com/2024/05/14/allison-russell-announces-all-returners-fall-tour/,2024-05-14,2024-05-14,2024-11-17,Breese Stevens Field,"Madison, WI",Stadium,FALSE,,,TRUE
Allison Russell,Allison Russell Announces ‘All Returners’ Fall Tour,https://news.pollstar.com/2024/05/14/allison-russell-announces-all-returners-fall-tour/,2024-05-14,2024-05-14,2024-11-17,Xcel Energy Center,"Saint Paul, MN",Arena,FALSE,,,TRUE
Allison Russell,Allison Russell Announces ‘All Returners’ Fall Tour,https://news.pollstar.com/2024/05/14/allison-russell-announces-all-returners-fall-tour/,2024-05-14,2024-05-14,2024-11-17,Canada Life Centre,"Winnipeg, MB",Arena,FALSE,,,TRUE
Allison Russell,Allison Russell Announces ‘All Returners’ Fall Tour,https://news.pollstar.com/2024/05/14/allison-russell-announces-all-returners-fall-tour/,2024-05-14,2024-05-14,2024-11-17,SaskTel Centre,"Saskatoon, SK",Arena,FALSE,,,TRUE
Allison Russell,Allison Russell Announces ‘All Returners’ Fall Tour,https://news.pollstar.com/2024/05/14/allison-russell-announces-all-returners-fall-tour/,2024-05-14,2024-05-14,2024-11-17,Scotiabank Saddledome,"Calgary, AB",Arena,FALSE,,,TRUE
Allison Russell,Allison Russell Announces ‘All Returners’ Fall Tour,https://news.pollstar.com/2024/05/14/allison-russell-announces-all-returners-fall-tour/,2024-05-14,2024-05-14,2024-11-17,Rogers Place,"Edmonton, AB",Arena,FALSE,,,TRUE
Allison Russell,Allison Russell Announces ‘All Returners’ Fall Tour,https://news.pollstar.com/2024/05/14/allison-russell-announces-all-returners-fall-tour/,2024-05-14,2024-05-14,2024-11-17,First Interstate Arena at MetraPark,"Billings, MT",Arena,FALSE,,,TRUE
Allison Russell,Allison Russell Announces ‘All Returners’ Fall Tour,https://news.pollstar.com/2024/05/14/allison-russell-announces-all-returners-fall-tour/,2024-05-14,2024-05-14,2024-11-17,Ford Wyoming Center,"Casper, WY",Arena,FALSE,,,TRUE
Allison Russell,Allison Russell Announces ‘All Returners’ Fall Tour,https://news.pollstar.com/2024/05/14/allison-russell-announces-all-returners-fall-tour/,2024-05-14,2024-05-14,2024-11-17,Fiddler’s Green Amphitheatre,"Greenwood Village, CO",Amphitheater,LYV,,,TRUE
Allison Russell,Allison Russell Announces ‘All Returners’ Fall Tour,https://news.pollstar.com/2024/05/14/allison-russell-announces-all-returners-fall-tour/,2024-05-14,2024-05-14,2024-11-17,Utah First Credit Union Amphitheatre,"West Valley City, UT",Amphitheater,LYV,,,TRUE
Allison Russell,Allison Russell Announces ‘All Returners’ Fall Tour,https://news.pollstar.com/2024/05/14/allison-russell-announces-all-returners-fall-tour/,2024-05-14,2024-05-14,2024-11-17,Ford Idaho Center Ampitheater,"Nampa, ID",Theater,FALSE,,,TRUE
Allison Russell,Allison Russell Announces ‘All Returners’ Fall Tour,https://news.pollstar.com/2024/05/14/allison-russell-announces-all-returners-fall-tour/,2024-05-14,2024-05-14,2024-11-17,Hayden Homes Amphitheater,"Bend, OR",Amphitheater,LYV,,,TRUE
Allison Russell,Allison Russell Announces ‘All Returners’ Fall Tour,https://news.pollstar.com/2024/05/14/allison-russell-announces-all-returners-fall-tour/,2024-05-14,2024-05-14,2024-11-17,The Gorge Amphitheater,"George, WA",Theater,FALSE,,,TRUE
Allison Russell,Allison Russell Announces ‘All Returners’ Fall Tour,https://news.pollstar.com/2024/05/14/allison-russell-announces-all-returners-fall-tour/,2024-05-14,2024-05-14,2024-11-17,RV Inn Style Resorts Amphitheater,"Ridgefield, WA",Amphitheater,LYV,,,TRUE
Allison Russell,Allison Russell Announces ‘All Returners’ Fall Tour,https://news.pollstar.com/2024/05/14/allison-russell-announces-all-returners-fall-tour/,2024-05-14,2024-05-14,2024-11-17,Golden 1 Center,"Sacramento, CA",Arena,FALSE,,,TRUE
Allison Russell,Allison Russell Announces ‘All Returners’ Fall Tour,https://news.pollstar.com/2024/05/14/allison-russell-announces-all-returners-fall-tour/,2024-05-14,2024-05-14,2024-11-17,Shoreline Amphitheatre,"Mountain View, CA",Amphitheater,LYV,,,TRUE
Allison Russell,Allison Russell Announces ‘All Returners’ Fall Tour,https://news.pollstar.com/2024/05/14/allison-russell-announces-all-returners-fall-tour/,2024-05-14,2024-05-14,2024-11-17,Tucson Arena,"Tucson, AZ",Arena,FALSE,,,TRUE
Allison Russell,Allison Russell Announces ‘All Returners’ Fall Tour,https://news.pollstar.com/2024/05/14/allison-russell-announces-all-returners-fall-tour/,2024-05-14,2024-05-14,2024-11-17,North Island Credit Union Amphitheatre,"Chula Vista, CA",Amphitheater,LYV,,,TRUE
Allison Russell,Allison Russell Announces ‘All Returners’ Fall Tour,https://news.pollstar.com/2024/05/14/allison-russell-announces-all-returners-fall-tour/,2024-05-14,2024-05-14,2024-11-17,Whale Rock Music & Arts Festival,"Templeton, CA",Amphitheater,LYV,,,TRUE
Allison Russell,Allison Russell Announces ‘All Returners’ Fall Tour,https://news.pollstar.com/2024/05/14/allison-russell-announces-all-returners-fall-tour/,2024-05-14,2024-05-14,2024-11-17,Kia Forum,"Inglewood, CA",Arena,FALSE,,,TRUE
Allison Russell,Allison Russell Announces ‘All Returners’ Fall Tour,https://news.pollstar.com/2024/05/14/allison-russell-announces-all-returners-fall-tour/,2024-05-14,2024-05-14,2024-11-17,Kia Forum,"Inglewood, CA",Arena,FALSE,,,TRUE
Allison Russell,Allison Russell Announces ‘All Returners’ Fall Tour,https://news.pollstar.com/2024/05/14/allison-russell-announces-all-returners-fall-tour/,2024-05-14,2024-05-14,2024-11-17,Kia Forum,"Inglewood, CA",Arena,FALSE,,,TRUE
Allison Russell,Allison Russell Announces ‘All Returners’ Fall Tour,https://news.pollstar.com/2024/05/14/allison-russell-announces-all-returners-fall-tour/,2024-05-14,2024-05-14,2024-11-17,Isleta Amphitheater,"Albuquerque, NM",Amphitheater,LYV,,,TRUE
Allison Russell,Allison Russell Announces ‘All Returners’ Fall Tour,https://news.pollstar.com/2024/05/14/allison-russell-announces-all-returners-fall-tour/,2024-05-14,2024-05-14,2024-11-17,Frost Bank Center,"San Antonio, TX",Arena,FALSE,,,TRUE
Allison Russell,Allison Russell Announces ‘All Returners’ Fall Tour,https://news.pollstar.com/2024/05/14/allison-russell-announces-all-returners-fall-tour/,2024-05-14,2024-05-14,2024-11-17,Paycom Center,"Oklahoma City, OK",Arena,FALSE,,,TRUE
Allison Russell,Allison Russell Announces ‘All Returners’ Fall Tour,https://news.pollstar.com/2024/05/14/allison-russell-announces-all-returners-fall-tour/,2024-05-14,2024-05-14,2024-11-17,Pilgrimage Music & Cultural Festival,"Franklin, TN",Other,FALSE,,,TRUE
Allison Russell,Allison Russell Announces ‘All Returners’ Fall Tour,https://news.pollstar.com/2024/05/14/allison-russell-announces-all-returners-fall-tour/,2024-05-14,2024-05-14,2024-11-17,"South Burlington, VT+",Higher Ground Ballroom,Other,FALSE,,,TRUE
Allison Russell,Allison Russell Announces ‘All Returners’ Fall Tour,https://news.pollstar.com/2024/05/14/allison-russell-announces-all-returners-fall-tour/,2024-05-14,2024-05-14,2024-11-17,"Boston, MA+",Royale,Other,FALSE,,,TRUE
Allison Russell,Allison Russell Announces ‘All Returners’ Fall Tour,https://news.pollstar.com/2024/05/14/allison-russell-announces-all-returners-fall-tour/,2024-05-14,2024-05-14,2024-11-17,"New York, NY+",Webster Hall,Other,FALSE,,,TRUE
Allison Russell,Allison Russell Announces ‘All Returners’ Fall Tour,https://news.pollstar.com/2024/05/14/allison-russell-announces-all-returners-fall-tour/,2024-05-14,2024-05-14,2024-11-17,Theatre of Living Arts,"Philadelphia, PA",Theater,FALSE,,,TRUE
Allison Russell,Allison Russell Announces ‘All Returners’ Fall Tour,https://news.pollstar.com/2024/05/14/allison-russell-announces-all-returners-fall-tour/,2024-05-14,2024-05-14,2024-11-17,Washington D.C.+,9:30 Club,Other,FALSE,,,TRUE
Allison Russell,Allison Russell Announces ‘All Returners’ Fall Tour,https://news.pollstar.com/2024/05/14/allison-russell-announces-all-returners-fall-tour/,2024-05-14,2024-05-14,2024-11-17,The Vic Theatre,"Chicago, IL",Theater,FALSE,,,TRUE
Allison Russell,Allison Russell Announces ‘All Returners’ Fall Tour,https://news.pollstar.com/2024/05/14/allison-russell-announces-all-returners-fall-tour/,2024-05-14,2024-05-14,2024-11-17,"Minneapolis, MN+",First Avenue,Other,FALSE,,,TRUE
Allison Russell,Allison Russell Announces ‘All Returners’ Fall Tour,https://news.pollstar.com/2024/05/14/allison-russell-announces-all-returners-fall-tour/,2024-05-14,2024-05-14,2024-11-17,"Englewood, CO+",Gothic Theatre,Other,FALSE,,,TRUE
Allison Russell,Allison Russell Announces ‘All Returners’ Fall Tour,https://news.pollstar.com/2024/05/14/allison-russell-announces-all-returners-fall-tour/,2024-05-14,2024-05-14,2024-11-17,"South Salt Lake, UT+",The Commonwealth Room,Other,FALSE,,,TRUE
Allison Russell,Allison Russell Announces ‘All Returners’ Fall Tour,https://news.pollstar.com/2024/05/14/allison-russell-announces-all-returners-fall-tour/,2024-05-14,2024-05-14,2024-11-17,"Boise, ID+",Egyptian Theatre,Other,FALSE,,,TRUE
Allison Russell,Allison Russell Announces ‘All Returners’ Fall Tour,https://news.pollstar.com/2024/05/14/allison-russell-announces-all-returners-fall-tour/,2024-05-14,2024-05-14,2024-11-17,"Portland, OR+a",Wonder Ballroom,Other,FALSE,,,TRUE
Allison Russell,Allison Russell Announces ‘All Returners’ Fall Tour,https://news.pollstar.com/2024/05/14/allison-russell-announces-all-returners-fall-tour/,2024-05-14,2024-05-14,2024-11-17,"San Francisco, CA+",The Fillmore,Other,FALSE,,,TRUE
Allison Russell,Allison Russell Announces ‘All Returners’ Fall Tour,https://news.pollstar.com/2024/05/14/allison-russell-announces-all-returners-fall-tour/,2024-05-14,2024-05-14,2024-11-17,"Los Angeles, CA+",The Belasco,Other,FALSE,,,TRUE
Allison Russell,Allison Russell Announces ‘All Returners’ Fall Tour,https://news.pollstar.com/2024/05/14/allison-russell-announces-all-returners-fall-tour/,2024-05-14,2024-05-14,2024-11-17,The Heights Theater,"Houston, TX",Theater,LYV,,,TRUE
Allison Russell,Allison Russell Announces ‘All Returners’ Fall Tour,https://news.pollstar.com/2024/05/14/allison-russell-announces-all-returners-fall-tour/,2024-05-14,2024-05-14,2024-11-17,"Fort Worth, TX+",Tannahill’s Tavern & Music Hall,Other,FALSE,,,TRUE
Allison Russell,Allison Russell Announces ‘All Returners’ Fall Tour,https://news.pollstar.com/2024/05/14/allison-russell-announces-all-returners-fall-tour/,2024-05-14,2024-05-14,2024-11-17,"Austin, TX+",The Scoot Inn,Club,LYV,,,TRUE
Christian Nodal Bringing ‘Pa’l Cora Tour’ To U.S. Arenas This Fall,Christian Nodal Bringing ‘Pa’l Cora Tour’ To U.S. Arenas This Fall,https://news.pollstar.com/2024/05/13/christian-nodal-bringing-pal-cora-tour-to-u-s-arenas-this-fall/,2024-05-13,2024-09-11,2024-11-10,WAMU Theater,"Seattle, WA",Theater,FALSE,,,TRUE
Christian Nodal Bringing ‘Pa’l Cora Tour’ To U.S. Arenas This Fall,Christian Nodal Bringing ‘Pa’l Cora Tour’ To U.S. Arenas This Fall,https://news.pollstar.com/2024/05/13/christian-nodal-bringing-pal-cora-tour-to-u-s-arenas-this-fall/,2024-05-13,2024-09-11,2024-11-10,Toyota Center,"Kennewick, WA",Arena,FALSE,,,TRUE
Christian Nodal Bringing ‘Pa’l Cora Tour’ To U.S. Arenas This Fall,Christian Nodal Bringing ‘Pa’l Cora Tour’ To U.S. Arenas This Fall,https://news.pollstar.com/2024/05/13/christian-nodal-bringing-pal-cora-tour-to-u-s-arenas-this-fall/,2024-05-13,2024-09-11,2024-11-10,SAP Center,"San Jose, CA",Arena,FALSE,,,TRUE
Christian Nodal Bringing ‘Pa’l Cora Tour’ To U.S. Arenas This Fall,Christian Nodal Bringing ‘Pa’l Cora Tour’ To U.S. Arenas This Fall,https://news.pollstar.com/2024/05/13/christian-nodal-bringing-pal-cora-tour-to-u-s-arenas-this-fall/,2024-05-13,2024-09-11,2024-11-10,Toyota Arena,"Ontario, CA",Arena,FALSE,,,TRUE
Christian Nodal Bringing ‘Pa’l Cora Tour’ To U.S. Arenas This Fall,Christian Nodal Bringing ‘Pa’l Cora Tour’ To U.S. Arenas This Fall,https://news.pollstar.com/2024/05/13/christian-nodal-bringing-pal-cora-tour-to-u-s-arenas-this-fall/,2024-05-13,2024-09-11,2024-11-10,Honda Center,"Anaheim, CA",Arena,FALSE,,,TRUE
Christian Nodal Bringing ‘Pa’l Cora Tour’ To U.S. Arenas This Fall,Christian Nodal Bringing ‘Pa’l Cora Tour’ To U.S. Arenas This Fall,https://news.pollstar.com/2024/05/13/christian-nodal-bringing-pal-cora-tour-to-u-s-arenas-this-fall/,2024-05-13,2024-09-11,2024-11-10,Kia Forum,"Los Angeles, CA",Arena,FALSE,,,TRUE
Christian Nodal Bringing ‘Pa’l Cora Tour’ To U.S. Arenas This Fall,Christian Nodal Bringing ‘Pa’l Cora Tour’ To U.S. Arenas This Fall,https://news.pollstar.com/2024/05/13/christian-nodal-bringing-pal-cora-tour-to-u-s-arenas-this-fall/,2024-05-13,2024-09-11,2024-11-10,Desert Diamond Arena,"Glendale, AZ",Arena,FALSE,,,TRUE
Christian Nodal Bringing ‘Pa’l Cora Tour’ To U.S. Arenas This Fall,Christian Nodal Bringing ‘Pa’l Cora Tour’ To U.S. Arenas This Fall,https://news.pollstar.com/2024/05/13/christian-nodal-bringing-pal-cora-tour-to-u-s-arenas-this-fall/,2024-05-13,2024-09-11,2024-11-10,Ball Arena,"Denver, CO",Arena,FALSE,,,TRUE
Christian Nodal Bringing ‘Pa’l Cora Tour’ To U.S. Arenas This Fall,Christian Nodal Bringing ‘Pa’l Cora Tour’ To U.S. Arenas This Fall,https://news.pollstar.com/2024/05/13/christian-nodal-bringing-pal-cora-tour-to-u-s-arenas-this-fall/,2024-05-13,2024-09-11,2024-11-10,Delta Center,"Salt Lake City, UT",Arena,FALSE,,,TRUE
Christian Nodal Bringing ‘Pa’l Cora Tour’ To U.S. Arenas This Fall,Christian Nodal Bringing ‘Pa’l Cora Tour’ To U.S. Arenas This Fall,https://news.pollstar.com/2024/05/13/christian-nodal-bringing-pal-cora-tour-to-u-s-arenas-this-fall/,2024-05-13,2024-09-11,2024-11-10,Payne Arena,"Hidalgo, TX",Arena,FALSE,,,TRUE
Christian Nodal Bringing ‘Pa’l Cora Tour’ To U.S. Arenas This Fall,Christian Nodal Bringing ‘Pa’l Cora Tour’ To U.S. Arenas This Fall,https://news.pollstar.com/2024/05/13/christian-nodal-bringing-pal-cora-tour-to-u-s-arenas-this-fall/,2024-05-13,2024-09-11,2024-11-10,Dickies Arena,"Fort Worth, TX",Arena,FALSE,,,TRUE
Christian Nodal Bringing ‘Pa’l Cora Tour’ To U.S. Arenas This Fall,Christian Nodal Bringing ‘Pa’l Cora Tour’ To U.S. Arenas This Fall,https://news.pollstar.com/2024/05/13/christian-nodal-bringing-pal-cora-tour-to-u-s-arenas-this-fall/,2024-05-13,2024-09-11,2024-11-10,Moody Center,"Austin, TX",Arena,FALSE,,,TRUE
Christian Nodal Bringing ‘Pa’l Cora Tour’ To U.S. Arenas This Fall,Christian Nodal Bringing ‘Pa’l Cora Tour’ To U.S. Arenas This Fall,https://news.pollstar.com/2024/05/13/christian-nodal-bringing-pal-cora-tour-to-u-s-arenas-this-fall/,2024-05-13,2024-09-11,2024-11-10,Smart Financial Centre,"Sugar Land, TX",Theater,FALSE,,,TRUE
Christian Nodal Bringing ‘Pa’l Cora Tour’ To U.S. Arenas This Fall,Christian Nodal Bringing ‘Pa’l Cora Tour’ To U.S. Arenas This Fall,https://news.pollstar.com/2024/05/13/christian-nodal-bringing-pal-cora-tour-to-u-s-arenas-this-fall/,2024-05-13,2024-09-11,2024-11-10,Allstate Arena,"Chicago, IL",Arena,FALSE,,,TRUE
Christian Nodal Bringing ‘Pa’l Cora Tour’ To U.S. Arenas This Fall,Christian Nodal Bringing ‘Pa’l Cora Tour’ To U.S. Arenas This Fall,https://news.pollstar.com/2024/05/13/christian-nodal-bringing-pal-cora-tour-to-u-s-arenas-this-fall/,2024-05-13,2024-09-11,2024-11-10,Prudential Center,"Newark, NJ",Arena,FALSE,,,TRUE
Christian Nodal Bringing ‘Pa’l Cora Tour’ To U.S. Arenas This Fall,Christian Nodal Bringing ‘Pa’l Cora Tour’ To U.S. Arenas This Fall,https://news.pollstar.com/2024/05/13/christian-nodal-bringing-pal-cora-tour-to-u-s-arenas-this-fall/,2024-05-13,2024-09-11,2024-11-10,Place Bell,"Montreal, CAN",Arena,FALSE,,,TRUE
Christian Nodal Bringing ‘Pa’l Cora Tour’ To U.S. Arenas This Fall,Christian Nodal Bringing ‘Pa’l Cora Tour’ To U.S. Arenas This Fall,https://news.pollstar.com/2024/05/13/christian-nodal-bringing-pal-cora-tour-to-u-s-arenas-this-fall/,2024-05-13,2024-09-11,2024-11-10,Coca-Cola Coliseum,"Toronto, CAN",Arena,LYV,,,TRUE
Christian Nodal Bringing ‘Pa’l Cora Tour’ To U.S. Arenas This Fall,Christian Nodal Bringing ‘Pa’l Cora Tour’ To U.S. Arenas This Fall,https://news.pollstar.com/2024/05/13/christian-nodal-bringing-pal-cora-tour-to-u-s-arenas-this-fall/,2024-05-13,2024-09-11,2024-11-10,Barclays Center,"Brooklyn, NY",Arena,FALSE,,,TRUE
Christian Nodal Bringing ‘Pa’l Cora Tour’ To U.S. Arenas This Fall,Christian Nodal Bringing ‘Pa’l Cora Tour’ To U.S. Arenas This Fall,https://news.pollstar.com/2024/05/13/christian-nodal-bringing-pal-cora-tour-to-u-s-arenas-this-fall/,2024-05-13,2024-09-11,2024-11-10,Agganis Arena,"Boston, MA",Arena,FALSE,,,TRUE
Christian Nodal Bringing ‘Pa’l Cora Tour’ To U.S. Arenas This Fall,Christian Nodal Bringing ‘Pa’l Cora Tour’ To U.S. Arenas This Fall,https://news.pollstar.com/2024/05/13/christian-nodal-bringing-pal-cora-tour-to-u-s-arenas-this-fall/,2024-05-13,2024-09-11,2024-11-10,Kia Center,"Orlando, FL",Arena,FALSE,,,TRUE
Christian Nodal Bringing ‘Pa’l Cora Tour’ To U.S. Arenas This Fall,Christian Nodal Bringing ‘Pa’l Cora Tour’ To U.S. Arenas This Fall,https://news.pollstar.com/2024/05/13/christian-nodal-bringing-pal-cora-tour-to-u-s-arenas-this-fall/,2024-05-13,2024-09-11,2024-11-10,Kaseya Center,"Miami, FL",Arena,FALSE,,,TRUE
Christian Nodal Bringing ‘Pa’l Cora Tour’ To U.S. Arenas This Fall,Christian Nodal Bringing ‘Pa’l Cora Tour’ To U.S. Arenas This Fall,https://news.pollstar.com/2024/05/13/christian-nodal-bringing-pal-cora-tour-to-u-s-arenas-this-fall/,2024-05-13,2024-09-11,2024-11-10,Hertz Arena,"Ft. Myers, FL",Arena,FALSE,,,TRUE
Christian Nodal Bringing ‘Pa’l Cora Tour’ To U.S. Arenas This Fall,Christian Nodal Bringing ‘Pa’l Cora Tour’ To U.S. Arenas This Fall,https://news.pollstar.com/2024/05/13/christian-nodal-bringing-pal-cora-tour-to-u-s-arenas-this-fall/,2024-05-13,2024-09-11,2024-11-10,Gas South Arena,"Atlanta, GA",Arena,FALSE,,,TRUE
Christian Nodal Bringing ‘Pa’l Cora Tour’ To U.S. Arenas This Fall,Christian Nodal Bringing ‘Pa’l Cora Tour’ To U.S. Arenas This Fall,https://news.pollstar.com/2024/05/13/christian-nodal-bringing-pal-cora-tour-to-u-s-arenas-this-fall/,2024-05-13,2024-09-11,2024-11-10,Greensboro Coliseum,"Greensboro, NC",Other,FALSE,,,TRUE
Christian Nodal Bringing ‘Pa’l Cora Tour’ To U.S. Arenas This Fall,Christian Nodal Bringing ‘Pa’l Cora Tour’ To U.S. Arenas This Fall,https://news.pollstar.com/2024/05/13/christian-nodal-bringing-pal-cora-tour-to-u-s-arenas-this-fall/,2024-05-13,2024-09-11,2024-11-10,CFG Bank Arena,"Baltimore, MD",Arena,FALSE,,,TRUE
Doobie Brothers,Doobie Brothers Add Canadian Dates,https://news.pollstar.com/2024/05/06/doobie-brothers-add-canadian-dates/,2024-05-06,2024-10-08,2024-10-16,BUDWEISER GARDENS,"LONDON, ON",Arena,FALSE,,,TRUE
Doobie Brothers,Doobie Brothers Add Canadian Dates,https://news.pollstar.com/2024/05/06/doobie-brothers-add-canadian-dates/,2024-05-06,2024-10-08,2024-10-16,THE AUD,"KITCHENER, ON",Theater,LYV,,,TRUE
Doobie Brothers,Doobie Brothers Add Canadian Dates,https://news.pollstar.com/2024/05/06/doobie-brothers-add-canadian-dates/,2024-05-06,2024-10-08,2024-10-16,PLACE BELL,"LAVAL, QC",Arena,FALSE,,,TRUE
Doobie Brothers,Doobie Brothers Add Canadian Dates,https://news.pollstar.com/2024/05/06/doobie-brothers-add-canadian-dates/,2024-05-06,2024-10-08,2024-10-16,SLUSH PUPPIE PLACE,"KINGSTON, ON",Arena,FALSE,,,TRUE
Doobie Brothers,Doobie Brothers Add Canadian Dates,https://news.pollstar.com/2024/05/06/doobie-brothers-add-canadian-dates/,2024-05-06,2024-10-08,2024-10-16,TD STATION,"SAINT JOHN, NB",Arena,FALSE,,,TRUE
Mexican Singer Ana Gabriel To Celebrate 50-Year Career With Arena Tour,Mexican Singer Ana Gabriel To Celebrate 50-Year Career With Arena Tour,https://news.pollstar.com/2024/05/06/mexican-singer-ana-gabriel-to-celebrate-50-year-career-with-arena-tour/,2024-05-06,2024-09-13,2024-11-30,Prudential Center,"Newark, NJ",Arena,FALSE,,,TRUE
Mexican Singer Ana Gabriel To Celebrate 50-Year Career With Arena Tour,Mexican Singer Ana Gabriel To Celebrate 50-Year Career With Arena Tour,https://news.pollstar.com/2024/05/06/mexican-singer-ana-gabriel-to-celebrate-50-year-career-with-arena-tour/,2024-05-06,2024-09-13,2024-11-30,Agganis Arena,"Boston, MA",Arena,FALSE,,,TRUE
Mexican Singer Ana Gabriel To Celebrate 50-Year Career With Arena Tour,Mexican Singer Ana Gabriel To Celebrate 50-Year Career With Arena Tour,https://news.pollstar.com/2024/05/06/mexican-singer-ana-gabriel-to-celebrate-50-year-career-with-arena-tour/,2024-05-06,2024-09-13,2024-11-30,Capital One Arena,"Washington, DC",Arena,FALSE,,,TRUE
Mexican Singer Ana Gabriel To Celebrate 50-Year Career With Arena Tour,Mexican Singer Ana Gabriel To Celebrate 50-Year Career With Arena Tour,https://news.pollstar.com/2024/05/06/mexican-singer-ana-gabriel-to-celebrate-50-year-career-with-arena-tour/,2024-05-06,2024-09-13,2024-11-30,Barclays Center,"Brooklyn, NY",Arena,FALSE,,,TRUE
Mexican Singer Ana Gabriel To Celebrate 50-Year Career With Arena Tour,Mexican Singer Ana Gabriel To Celebrate 50-Year Career With Arena Tour,https://news.pollstar.com/2024/05/06/mexican-singer-ana-gabriel-to-celebrate-50-year-career-with-arena-tour/,2024-05-06,2024-09-13,2024-11-30,Allstate Arena,"Chicago, IL",Arena,FALSE,,,TRUE
Mexican Singer Ana Gabriel To Celebrate 50-Year Career With Arena Tour,Mexican Singer Ana Gabriel To Celebrate 50-Year Career With Arena Tour,https://news.pollstar.com/2024/05/06/mexican-singer-ana-gabriel-to-celebrate-50-year-career-with-arena-tour/,2024-05-06,2024-09-13,2024-11-30,State Farm Arena,"Atlanta, GA",Arena,FALSE,,,TRUE
Mexican Singer Ana Gabriel To Celebrate 50-Year Career With Arena Tour,Mexican Singer Ana Gabriel To Celebrate 50-Year Career With Arena Tour,https://news.pollstar.com/2024/05/06/mexican-singer-ana-gabriel-to-celebrate-50-year-career-with-arena-tour/,2024-05-06,2024-09-13,2024-11-30,Frost Bank Center,"San Antonio, TX",Arena,FALSE,,,TRUE
Mexican Singer Ana Gabriel To Celebrate 50-Year Career With Arena Tour,Mexican Singer Ana Gabriel To Celebrate 50-Year Career With Arena Tour,https://news.pollstar.com/2024/05/06/mexican-singer-ana-gabriel-to-celebrate-50-year-career-with-arena-tour/,2024-05-06,2024-09-13,2024-11-30,Texas Trust CU Theatre,"Dallas, TX",Auditorium,FALSE,,,TRUE
Mexican Singer Ana Gabriel To Celebrate 50-Year Career With Arena Tour,Mexican Singer Ana Gabriel To Celebrate 50-Year Career With Arena Tour,https://news.pollstar.com/2024/05/06/mexican-singer-ana-gabriel-to-celebrate-50-year-career-with-arena-tour/,2024-05-06,2024-09-13,2024-11-30,El Paso Coliseum,"El Paso, TX",Other,FALSE,,,TRUE
Mexican Singer Ana Gabriel To Celebrate 50-Year Career With Arena Tour,Mexican Singer Ana Gabriel To Celebrate 50-Year Career With Arena Tour,https://news.pollstar.com/2024/05/06/mexican-singer-ana-gabriel-to-celebrate-50-year-career-with-arena-tour/,2024-05-06,2024-09-13,2024-11-30,Footprint Center,"Phoenix, AZ",Arena,FALSE,,,TRUE
Mexican Singer Ana Gabriel To Celebrate 50-Year Career With Arena Tour,Mexican Singer Ana Gabriel To Celebrate 50-Year Career With Arena Tour,https://news.pollstar.com/2024/05/06/mexican-singer-ana-gabriel-to-celebrate-50-year-career-with-arena-tour/,2024-05-06,2024-09-13,2024-11-30,Grand Garden Arena,"Las Vegas, NV",Arena,FALSE,,,TRUE
Mexican Singer Ana Gabriel To Celebrate 50-Year Career With Arena Tour,Mexican Singer Ana Gabriel To Celebrate 50-Year Career With Arena Tour,https://news.pollstar.com/2024/05/06/mexican-singer-ana-gabriel-to-celebrate-50-year-career-with-arena-tour/,2024-05-06,2024-09-13,2024-11-30,Intuit Dome,"Los Angeles, CA",Arena,FALSE,,,TRUE
Mexican Singer Ana Gabriel To Celebrate 50-Year Career With Arena Tour,Mexican Singer Ana Gabriel To Celebrate 50-Year Career With Arena Tour,https://news.pollstar.com/2024/05/06/mexican-singer-ana-gabriel-to-celebrate-50-year-career-with-arena-tour/,2024-05-06,2024-09-13,2024-11-30,Toyota Arena,"Ontario, CA",Arena,FALSE,,,TRUE
Mexican Singer Ana Gabriel To Celebrate 50-Year Career With Arena Tour,Mexican Singer Ana Gabriel To Celebrate 50-Year Career With Arena Tour,https://news.pollstar.com/2024/05/06/mexican-singer-ana-gabriel-to-celebrate-50-year-career-with-arena-tour/,2024-05-06,2024-09-13,2024-11-30,Oakland Arena,"Oakland, CA",Arena,FALSE,,,TRUE
Mexican Singer Ana Gabriel To Celebrate 50-Year Career With Arena Tour,Mexican Singer Ana Gabriel To Celebrate 50-Year Career With Arena Tour,https://news.pollstar.com/2024/05/06/mexican-singer-ana-gabriel-to-celebrate-50-year-career-with-arena-tour/,2024-05-06,2024-09-13,2024-11-30,Graton Event Center (Casino),"Rohnert Park, CA",Other,FALSE,,,TRUE
Mexican Singer Ana Gabriel To Celebrate 50-Year Career With Arena Tour,Mexican Singer Ana Gabriel To Celebrate 50-Year Career With Arena Tour,https://news.pollstar.com/2024/05/06/mexican-singer-ana-gabriel-to-celebrate-50-year-career-with-arena-tour/,2024-05-06,2024-09-13,2024-11-30,Wamu Theater,"Seattle, WA",Theater,FALSE,,,TRUE
Mexican Singer Ana Gabriel To Celebrate 50-Year Career With Arena Tour,Mexican Singer Ana Gabriel To Celebrate 50-Year Career With Arena Tour,https://news.pollstar.com/2024/05/06/mexican-singer-ana-gabriel-to-celebrate-50-year-career-with-arena-tour/,2024-05-06,2024-09-13,2024-11-30,Delta Center,"Salt Lake City, UT",Arena,FALSE,,,TRUE
Mexican Singer Ana Gabriel To Celebrate 50-Year Career With Arena Tour,Mexican Singer Ana Gabriel To Celebrate 50-Year Career With Arena Tour,https://news.pollstar.com/2024/05/06/mexican-singer-ana-gabriel-to-celebrate-50-year-career-with-arena-tour/,2024-05-06,2024-09-13,2024-11-30,Bellco Theater,"Denver, CO",Theater,FALSE,,,TRUE
Mexican Singer Ana Gabriel To Celebrate 50-Year Career With Arena Tour,Mexican Singer Ana Gabriel To Celebrate 50-Year Career With Arena Tour,https://news.pollstar.com/2024/05/06/mexican-singer-ana-gabriel-to-celebrate-50-year-career-with-arena-tour/,2024-05-06,2024-09-13,2024-11-30,Target Center,"Minneapolis, MN",Arena,FALSE,,,TRUE
Mexican Singer Ana Gabriel To Celebrate 50-Year Career With Arena Tour,Mexican Singer Ana Gabriel To Celebrate 50-Year Career With Arena Tour,https://news.pollstar.com/2024/05/06/mexican-singer-ana-gabriel-to-celebrate-50-year-career-with-arena-tour/,2024-05-06,2024-09-13,2024-11-30,Amalie Arena,"Tampa, FL",Arena,FALSE,,,TRUE
Mexican Singer Ana Gabriel To Celebrate 50-Year Career With Arena Tour,Mexican Singer Ana Gabriel To Celebrate 50-Year Career With Arena Tour,https://news.pollstar.com/2024/05/06/mexican-singer-ana-gabriel-to-celebrate-50-year-career-with-arena-tour/,2024-05-06,2024-09-13,2024-11-30,Greensboro Coliseum,"Greensboro, NC",Other,FALSE,,,TRUE
Mexican Singer Ana Gabriel To Celebrate 50-Year Career With Arena Tour,Mexican Singer Ana Gabriel To Celebrate 50-Year Career With Arena Tour,https://news.pollstar.com/2024/05/06/mexican-singer-ana-gabriel-to-celebrate-50-year-career-with-arena-tour/,2024-05-06,2024-09-13,2024-11-30,Coca Cola Coliseum,"Toronto, CA",Arena,LYV,,,TRUE
Mexican Singer Ana Gabriel To Celebrate 50-Year Career With Arena Tour,Mexican Singer Ana Gabriel To Celebrate 50-Year Career With Arena Tour,https://news.pollstar.com/2024/05/06/mexican-singer-ana-gabriel-to-celebrate-50-year-career-with-arena-tour/,2024-05-06,2024-09-13,2024-11-30,Place Bell,"Montreal, CA",Arena,FALSE,,,TRUE
Mexican Singer Ana Gabriel To Celebrate 50-Year Career With Arena Tour,Mexican Singer Ana Gabriel To Celebrate 50-Year Career With Arena Tour,https://news.pollstar.com/2024/05/06/mexican-singer-ana-gabriel-to-celebrate-50-year-career-with-arena-tour/,2024-05-06,2024-09-13,2024-11-30,Kaseya Center,"Miami, FL",Arena,FALSE,,,TRUE
Porter Robinson,Porter Robinson Unveils 70+ Date ‘SMILE! :D’ World Tour,https://news.pollstar.com/2024/04/26/porter-robinson-unveils-70-date-smile-d-world-tour/,2024-04-26,2024-08-29,2025-03-10,MGM Music Hall at Fenway,"Boston, MA",Theater,LYV,,,TRUE
Porter Robinson,Porter Robinson Unveils 70+ Date ‘SMILE! :D’ World Tour,https://news.pollstar.com/2024/04/26/porter-robinson-unveils-70-date-smile-d-world-tour/,2024-04-26,2024-08-29,2025-03-10,MGM Music Hall at Fenway,"Boston, MA",Theater,LYV,,,TRUE
Porter Robinson,Porter Robinson Unveils 70+ Date ‘SMILE! :D’ World Tour,https://news.pollstar.com/2024/04/26/porter-robinson-unveils-70-date-smile-d-world-tour/,2024-04-26,2024-08-29,2025-03-10,Forest Hills Stadium,"New York, NY",Stadium,FALSE,,,TRUE
Porter Robinson,Porter Robinson Unveils 70+ Date ‘SMILE! :D’ World Tour,https://news.pollstar.com/2024/04/26/porter-robinson-unveils-70-date-smile-d-world-tour/,2024-04-26,2024-08-29,2025-03-10,Coca-Cola Roxy,"Atlanta, GA",Club,LYV,,,TRUE
Porter Robinson,Porter Robinson Unveils 70+ Date ‘SMILE! :D’ World Tour,https://news.pollstar.com/2024/04/26/porter-robinson-unveils-70-date-smile-d-world-tour/,2024-04-26,2024-08-29,2025-03-10,Addition Financial Arena,"Orlando, FL",Arena,FALSE,,,TRUE
Porter Robinson,Porter Robinson Unveils 70+ Date ‘SMILE! :D’ World Tour,https://news.pollstar.com/2024/04/26/porter-robinson-unveils-70-date-smile-d-world-tour/,2024-04-26,2024-08-29,2025-03-10,FPL Solar Amphitheater at Bayfront Park,"Miami, FL",Amphitheater,LYV,,,TRUE
Porter Robinson,Porter Robinson Unveils 70+ Date ‘SMILE! :D’ World Tour,https://news.pollstar.com/2024/04/26/porter-robinson-unveils-70-date-smile-d-world-tour/,2024-04-26,2024-08-29,2025-03-10,Municipal Auditorium,"Nashville, TN",Theater,FALSE,,,TRUE
Porter Robinson,Porter Robinson Unveils 70+ Date ‘SMILE! :D’ World Tour,https://news.pollstar.com/2024/04/26/porter-robinson-unveils-70-date-smile-d-world-tour/,2024-04-26,2024-08-29,2025-03-10,Skyla Credit Union Amphitheatre,"Charlotte, NC",Amphitheater,LYV,,,TRUE
Porter Robinson,Porter Robinson Unveils 70+ Date ‘SMILE! :D’ World Tour,https://news.pollstar.com/2024/04/26/porter-robinson-unveils-70-date-smile-d-world-tour/,2024-04-26,2024-08-29,2025-03-10,TD Pavilion at the Mann,"Philadelphia, PA",Amphitheater,LYV,,,TRUE
Porter Robinson,Porter Robinson Unveils 70+ Date ‘SMILE! :D’ World Tour,https://news.pollstar.com/2024/04/26/porter-robinson-unveils-70-date-smile-d-world-tour/,2024-04-26,2024-08-29,2025-03-10,Merriweather Post Pavilion,"Washington, DC",Amphitheater,LYV,,,TRUE
Porter Robinson,Porter Robinson Unveils 70+ Date ‘SMILE! :D’ World Tour,https://news.pollstar.com/2024/04/26/porter-robinson-unveils-70-date-smile-d-world-tour/,2024-04-26,2024-08-29,2025-03-10,UPMC Events Center,"Pittsburgh, PA",Arena,FALSE,,,TRUE
Porter Robinson,Porter Robinson Unveils 70+ Date ‘SMILE! :D’ World Tour,https://news.pollstar.com/2024/04/26/porter-robinson-unveils-70-date-smile-d-world-tour/,2024-04-26,2024-08-29,2025-03-10,MTELUS,"Montreal, BC",Theater,LYV,,,TRUE
Porter Robinson,Porter Robinson Unveils 70+ Date ‘SMILE! :D’ World Tour,https://news.pollstar.com/2024/04/26/porter-robinson-unveils-70-date-smile-d-world-tour/,2024-04-26,2024-08-29,2025-03-10,HISTORY,"Toronto, BC",Club,LYV,,,TRUE
Porter Robinson,Porter Robinson Unveils 70+ Date ‘SMILE! :D’ World Tour,https://news.pollstar.com/2024/04/26/porter-robinson-unveils-70-date-smile-d-world-tour/,2024-04-26,2024-08-29,2025-03-10,HISTORY,"Toronto, BC",Club,LYV,,,TRUE
Porter Robinson,Porter Robinson Unveils 70+ Date ‘SMILE! :D’ World Tour,https://news.pollstar.com/2024/04/26/porter-robinson-unveils-70-date-smile-d-world-tour/,2024-04-26,2024-08-29,2025-03-10,The Fillmore,"Detroit, MI",Club,LYV,,,TRUE
Porter Robinson,Porter Robinson Unveils 70+ Date ‘SMILE! :D’ World Tour,https://news.pollstar.com/2024/04/26/porter-robinson-unveils-70-date-smile-d-world-tour/,2024-04-26,2024-08-29,2025-03-10,Everwise Amphitheater,"Indianapolis, IN",Amphitheater,LYV,,,TRUE
Porter Robinson,Porter Robinson Unveils 70+ Date ‘SMILE! :D’ World Tour,https://news.pollstar.com/2024/04/26/porter-robinson-unveils-70-date-smile-d-world-tour/,2024-04-26,2024-08-29,2025-03-10,The Sylvee,"Madison, WI",Club,LYV,,,TRUE
Porter Robinson,Porter Robinson Unveils 70+ Date ‘SMILE! :D’ World Tour,https://news.pollstar.com/2024/04/26/porter-robinson-unveils-70-date-smile-d-world-tour/,2024-04-26,2024-08-29,2025-03-10,Huntington Bank Pavilion at Northerly Island,"Chicago, IL",Amphitheater,LYV,,,TRUE
Porter Robinson,Porter Robinson Unveils 70+ Date ‘SMILE! :D’ World Tour,https://news.pollstar.com/2024/04/26/porter-robinson-unveils-70-date-smile-d-world-tour/,2024-04-26,2024-08-29,2025-03-10,The Armory,"Minneapolis, MN",Theater,FALSE,,,TRUE
Porter Robinson,Porter Robinson Unveils 70+ Date ‘SMILE! :D’ World Tour,https://news.pollstar.com/2024/04/26/porter-robinson-unveils-70-date-smile-d-world-tour/,2024-04-26,2024-08-29,2025-03-10,Saint Louis Music Park,"St. Louis, MO",Amphitheater,LYV,,,TRUE
Porter Robinson,Porter Robinson Unveils 70+ Date ‘SMILE! :D’ World Tour,https://news.pollstar.com/2024/04/26/porter-robinson-unveils-70-date-smile-d-world-tour/,2024-04-26,2024-08-29,2025-03-10,The Criterion,"Oklahoma City, OK",Theater,FALSE,,,TRUE
Porter Robinson,Porter Robinson Unveils 70+ Date ‘SMILE! :D’ World Tour,https://news.pollstar.com/2024/04/26/porter-robinson-unveils-70-date-smile-d-world-tour/,2024-04-26,2024-08-29,2025-03-10,El Paso County Coliseum,"El Paso, TX",Arena,FALSE,,,TRUE
Porter Robinson,Porter Robinson Unveils 70+ Date ‘SMILE! :D’ World Tour,https://news.pollstar.com/2024/04/26/porter-robinson-unveils-70-date-smile-d-world-tour/,2024-04-26,2024-08-29,2025-03-10,Hollywood Bowl,"Los Angeles, CA",Amphitheater,FALSE,,,TRUE
Porter Robinson,Porter Robinson Unveils 70+ Date ‘SMILE! :D’ World Tour,https://news.pollstar.com/2024/04/26/porter-robinson-unveils-70-date-smile-d-world-tour/,2024-04-26,2024-08-29,2025-03-10,Talking Stick Resort Amphitheatre,"Phoenix, AZ",Amphitheater,LYV,,,TRUE
Porter Robinson,Porter Robinson Unveils 70+ Date ‘SMILE! :D’ World Tour,https://news.pollstar.com/2024/04/26/porter-robinson-unveils-70-date-smile-d-world-tour/,2024-04-26,2024-08-29,2025-03-10,The Rady Shell at Jacobs Park,"San Diego, CA",Other,FALSE,,,TRUE
Porter Robinson,Porter Robinson Unveils 70+ Date ‘SMILE! :D’ World Tour,https://news.pollstar.com/2024/04/26/porter-robinson-unveils-70-date-smile-d-world-tour/,2024-04-26,2024-08-29,2025-03-10,Revel,"Albuquerque, NM",Arena,FALSE,,,TRUE
Porter Robinson,Porter Robinson Unveils 70+ Date ‘SMILE! :D’ World Tour,https://news.pollstar.com/2024/04/26/porter-robinson-unveils-70-date-smile-d-world-tour/,2024-04-26,2024-08-29,2025-03-10,Ball Arena,"Denver, CO",Arena,FALSE,,,TRUE
Porter Robinson,Porter Robinson Unveils 70+ Date ‘SMILE! :D’ World Tour,https://news.pollstar.com/2024/04/26/porter-robinson-unveils-70-date-smile-d-world-tour/,2024-04-26,2024-08-29,2025-03-10,Utah First Credit Union Amphitheatre,"Salt Lake City, UT",Amphitheater,LYV,,,TRUE
Porter Robinson,Porter Robinson Unveils 70+ Date ‘SMILE! :D’ World Tour,https://news.pollstar.com/2024/04/26/porter-robinson-unveils-70-date-smile-d-world-tour/,2024-04-26,2024-08-29,2025-03-10,BleauLive Theater,"Las Vegas, NV",Theater,FALSE,,,TRUE
Porter Robinson,Porter Robinson Unveils 70+ Date ‘SMILE! :D’ World Tour,https://news.pollstar.com/2024/04/26/porter-robinson-unveils-70-date-smile-d-world-tour/,2024-04-26,2024-08-29,2025-03-10,Wheatland Toyota Amphitheatre,"Sacramento, CA",Amphitheater,LYV,,,TRUE
Porter Robinson,Porter Robinson Unveils 70+ Date ‘SMILE! :D’ World Tour,https://news.pollstar.com/2024/04/26/porter-robinson-unveils-70-date-smile-d-world-tour/,2024-04-26,2024-08-29,2025-03-10,Shoreline Amphitheatre,"San Francisco, CA",Amphitheater,LYV,,,TRUE
Porter Robinson,Porter Robinson Unveils 70+ Date ‘SMILE! :D’ World Tour,https://news.pollstar.com/2024/04/26/porter-robinson-unveils-70-date-smile-d-world-tour/,2024-04-26,2024-08-29,2025-03-10,Revolution Concert House,"Boise, ID",Arena,FALSE,,,TRUE
Porter Robinson,Porter Robinson Unveils 70+ Date ‘SMILE! :D’ World Tour,https://news.pollstar.com/2024/04/26/porter-robinson-unveils-70-date-smile-d-world-tour/,2024-04-26,2024-08-29,2025-03-10,Alaska Airlines’ Theater of the Clouds,"Portland, OR",Theater,FALSE,,,TRUE
Porter Robinson,Porter Robinson Unveils 70+ Date ‘SMILE! :D’ World Tour,https://news.pollstar.com/2024/04/26/porter-robinson-unveils-70-date-smile-d-world-tour/,2024-04-26,2024-08-29,2025-03-10,Doug Mitchell Thunderbird Sports Centre,"Vancouver, BC",Arena,FALSE,,,TRUE
Porter Robinson,Porter Robinson Unveils 70+ Date ‘SMILE! :D’ World Tour,https://news.pollstar.com/2024/04/26/porter-robinson-unveils-70-date-smile-d-world-tour/,2024-04-26,2024-08-29,2025-03-10,Climate Pledge Arena,"Seattle, WA",Arena,FALSE,,,TRUE
Porter Robinson,Porter Robinson Unveils 70+ Date ‘SMILE! :D’ World Tour,https://news.pollstar.com/2024/04/26/porter-robinson-unveils-70-date-smile-d-world-tour/,2024-04-26,2024-08-29,2025-03-10,Samyan Mitrtown Hall,Bangkok,Theater,FALSE,,,TRUE
Porter Robinson,Porter Robinson Unveils 70+ Date ‘SMILE! :D’ World Tour,https://news.pollstar.com/2024/04/26/porter-robinson-unveils-70-date-smile-d-world-tour/,2024-04-26,2024-08-29,2025-03-10,The Podium,Manila,Theater,FALSE,,,TRUE
Porter Robinson,Porter Robinson Unveils 70+ Date ‘SMILE! :D’ World Tour,https://news.pollstar.com/2024/04/26/porter-robinson-unveils-70-date-smile-d-world-tour/,2024-04-26,2024-08-29,2025-03-10,Zepp New Taipei,Taipei,Club,FALSE,,,TRUE
Porter Robinson,Porter Robinson Unveils 70+ Date ‘SMILE! :D’ World Tour,https://news.pollstar.com/2024/04/26/porter-robinson-unveils-70-date-smile-d-world-tour/,2024-04-26,2024-08-29,2025-03-10,Myunghwa Live Hall,Seoul,Other,FALSE,,,TRUE
Porter Robinson,Porter Robinson Unveils 70+ Date ‘SMILE! :D’ World Tour,https://news.pollstar.com/2024/04/26/porter-robinson-unveils-70-date-smile-d-world-tour/,2024-04-26,2024-08-29,2025-03-10,Tokyo Garden Theater,Tokyo,Theater,FALSE,,,TRUE
Porter Robinson,Porter Robinson Unveils 70+ Date ‘SMILE! :D’ World Tour,https://news.pollstar.com/2024/04/26/porter-robinson-unveils-70-date-smile-d-world-tour/,2024-04-26,2024-08-29,2025-03-10,Namba Hatch,Osaka,Club,FALSE,,,TRUE
Porter Robinson,Porter Robinson Unveils 70+ Date ‘SMILE! :D’ World Tour,https://news.pollstar.com/2024/04/26/porter-robinson-unveils-70-date-smile-d-world-tour/,2024-04-26,2024-08-29,2025-03-10,Diamond Hall,Nagoya,Other,FALSE,,,TRUE
Porter Robinson,Porter Robinson Unveils 70+ Date ‘SMILE! :D’ World Tour,https://news.pollstar.com/2024/04/26/porter-robinson-unveils-70-date-smile-d-world-tour/,2024-04-26,2024-08-29,2025-03-10,UNITEDLAB,Fukuoka,Other,FALSE,,,TRUE
Porter Robinson,Porter Robinson Unveils 70+ Date ‘SMILE! :D’ World Tour,https://news.pollstar.com/2024/04/26/porter-robinson-unveils-70-date-smile-d-world-tour/,2024-04-26,2024-08-29,2025-03-10,Huxleys Neue Welt,Berlin,Theater,FALSE,,,TRUE
Porter Robinson,Porter Robinson Unveils 70+ Date ‘SMILE! :D’ World Tour,https://news.pollstar.com/2024/04/26/porter-robinson-unveils-70-date-smile-d-world-tour/,2024-04-26,2024-08-29,2025-03-10,Fabrik,Hamburg,Club,FALSE,,,TRUE
Porter Robinson,Porter Robinson Unveils 70+ Date ‘SMILE! :D’ World Tour,https://news.pollstar.com/2024/04/26/porter-robinson-unveils-70-date-smile-d-world-tour/,2024-04-26,2024-08-29,2025-03-10,Rockefeller Music Hall,Oslo,Other,FALSE,,,TRUE
Porter Robinson,Porter Robinson Unveils 70+ Date ‘SMILE! :D’ World Tour,https://news.pollstar.com/2024/04/26/porter-robinson-unveils-70-date-smile-d-world-tour/,2024-04-26,2024-08-29,2025-03-10,Berns,Stockholm,Club,FALSE,,,TRUE
Porter Robinson,Porter Robinson Unveils 70+ Date ‘SMILE! :D’ World Tour,https://news.pollstar.com/2024/04/26/porter-robinson-unveils-70-date-smile-d-world-tour/,2024-04-26,2024-08-29,2025-03-10,Vega,Copenhagen,Club,FALSE,,,TRUE
Porter Robinson,Porter Robinson Unveils 70+ Date ‘SMILE! :D’ World Tour,https://news.pollstar.com/2024/04/26/porter-robinson-unveils-70-date-smile-d-world-tour/,2024-04-26,2024-08-29,2025-03-10,Melkweg,Amsterdam,Club,FALSE,,,TRUE
Porter Robinson,Porter Robinson Unveils 70+ Date ‘SMILE! :D’ World Tour,https://news.pollstar.com/2024/04/26/porter-robinson-unveils-70-date-smile-d-world-tour/,2024-04-26,2024-08-29,2025-03-10,Live Music Hall,Cologne,Theater,FALSE,,,TRUE
Porter Robinson,Porter Robinson Unveils 70+ Date ‘SMILE! :D’ World Tour,https://news.pollstar.com/2024/04/26/porter-robinson-unveils-70-date-smile-d-world-tour/,2024-04-26,2024-08-29,2025-03-10,Salle Pleyel,Paris,Theater,FALSE,,,TRUE
Porter Robinson,Porter Robinson Unveils 70+ Date ‘SMILE! :D’ World Tour,https://news.pollstar.com/2024/04/26/porter-robinson-unveils-70-date-smile-d-world-tour/,2024-04-26,2024-08-29,2025-03-10,O2 Academy Brixton,London,Theater,LYV,,,TRUE
Porter Robinson,Porter Robinson Unveils 70+ Date ‘SMILE! :D’ World Tour,https://news.pollstar.com/2024/04/26/porter-robinson-unveils-70-date-smile-d-world-tour/,2024-04-26,2024-08-29,2025-03-10,Albert Hall,Manchester,Other,FALSE,,,TRUE
Porter Robinson,Porter Robinson Unveils 70+ Date ‘SMILE! :D’ World Tour,https://news.pollstar.com/2024/04/26/porter-robinson-unveils-70-date-smile-d-world-tour/,2024-04-26,2024-08-29,2025-03-10,SWG3 Galvanizers,Glasgow,Club,FALSE,,,TRUE
Porter Robinson,Porter Robinson Unveils 70+ Date ‘SMILE! :D’ World Tour,https://news.pollstar.com/2024/04/26/porter-robinson-unveils-70-date-smile-d-world-tour/,2024-04-26,2024-08-29,2025-03-10,3Olympia Theatre,Dublin,Theater,FALSE,,,TRUE
Mexican Star Carin León Going International With ‘Boca Chueca Tour’,Mexican Star Carin León Going International With ‘Boca Chueca Tour’,https://news.pollstar.com/2024/04/25/mexican-star-carin-leon-going-international-with-boca-chueca-tour/,2024-04-26,2024-07-22,2024-11-05,Mid-State Fair,"Paso Robles, CA",Amphitheater,LYV,,,TRUE
Mexican Star Carin León Going International With ‘Boca Chueca Tour’,Mexican Star Carin León Going International With ‘Boca Chueca Tour’,https://news.pollstar.com/2024/04/25/mexican-star-carin-leon-going-international-with-boca-chueca-tour/,2024-04-26,2024-07-22,2024-11-05,Fiddler’s Green Amphitheatre,"Greenwood Village, CO",Amphitheater,LYV,,,TRUE
Mexican Star Carin León Going International With ‘Boca Chueca Tour’,Mexican Star Carin León Going International With ‘Boca Chueca Tour’,https://news.pollstar.com/2024/04/25/mexican-star-carin-leon-going-international-with-boca-chueca-tour/,2024-04-26,2024-07-22,2024-11-05,Pechanga Arena San Diego,"San Diego, CA",Arena,FALSE,,,TRUE
Mexican Star Carin León Going International With ‘Boca Chueca Tour’,Mexican Star Carin León Going International With ‘Boca Chueca Tour’,https://news.pollstar.com/2024/04/25/mexican-star-carin-leon-going-international-with-boca-chueca-tour/,2024-04-26,2024-07-22,2024-11-05,Acrisure Arena,"Greater Palm Springs, CA",Arena,FALSE,,,TRUE
Mexican Star Carin León Going International With ‘Boca Chueca Tour’,Mexican Star Carin León Going International With ‘Boca Chueca Tour’,https://news.pollstar.com/2024/04/25/mexican-star-carin-leon-going-international-with-boca-chueca-tour/,2024-04-26,2024-07-22,2024-11-05,Golden 1 Center,"Sacramento, CA",Arena,FALSE,,,TRUE
Mexican Star Carin León Going International With ‘Boca Chueca Tour’,Mexican Star Carin León Going International With ‘Boca Chueca Tour’,https://news.pollstar.com/2024/04/25/mexican-star-carin-leon-going-international-with-boca-chueca-tour/,2024-04-26,2024-07-22,2024-11-05,Chase Center,"San Francisco, CA",Arena,FALSE,,,TRUE
Mexican Star Carin León Going International With ‘Boca Chueca Tour’,Mexican Star Carin León Going International With ‘Boca Chueca Tour’,https://news.pollstar.com/2024/04/25/mexican-star-carin-leon-going-international-with-boca-chueca-tour/,2024-04-26,2024-07-22,2024-11-05,Climate Pledge Arena,"Seattle, WA",Arena,FALSE,,,TRUE
Mexican Star Carin León Going International With ‘Boca Chueca Tour’,Mexican Star Carin León Going International With ‘Boca Chueca Tour’,https://news.pollstar.com/2024/04/25/mexican-star-carin-leon-going-international-with-boca-chueca-tour/,2024-04-26,2024-07-22,2024-11-05,Footprint Center,"Phoenix, AZ",Arena,FALSE,,,TRUE
Mexican Star Carin León Going International With ‘Boca Chueca Tour’,Mexican Star Carin León Going International With ‘Boca Chueca Tour’,https://news.pollstar.com/2024/04/25/mexican-star-carin-leon-going-international-with-boca-chueca-tour/,2024-04-26,2024-07-22,2024-11-05,BMO Stadium,"Los Angeles, CA",Stadium,FALSE,,,TRUE
Mexican Star Carin León Going International With ‘Boca Chueca Tour’,Mexican Star Carin León Going International With ‘Boca Chueca Tour’,https://news.pollstar.com/2024/04/25/mexican-star-carin-leon-going-international-with-boca-chueca-tour/,2024-04-26,2024-07-22,2024-11-05,Michelob ULTRA Arena,"Las Vegas, NV",Arena,FALSE,,,TRUE
Mexican Star Carin León Going International With ‘Boca Chueca Tour’,Mexican Star Carin León Going International With ‘Boca Chueca Tour’,https://news.pollstar.com/2024/04/25/mexican-star-carin-leon-going-international-with-boca-chueca-tour/,2024-04-26,2024-07-22,2024-11-05,United Center,"Chicago, IL",Arena,FALSE,,,TRUE
Mexican Star Carin León Going International With ‘Boca Chueca Tour’,Mexican Star Carin León Going International With ‘Boca Chueca Tour’,https://news.pollstar.com/2024/04/25/mexican-star-carin-leon-going-international-with-boca-chueca-tour/,2024-04-26,2024-07-22,2024-11-05,United Center,"Chicago, IL",Arena,FALSE,,,TRUE
Mexican Star Carin León Going International With ‘Boca Chueca Tour’,Mexican Star Carin León Going International With ‘Boca Chueca Tour’,https://news.pollstar.com/2024/04/25/mexican-star-carin-leon-going-international-with-boca-chueca-tour/,2024-04-26,2024-07-22,2024-11-05,Coca-Cola Coliseum,"Toronto, ON",Arena,LYV,,,TRUE
Mexican Star Carin León Going International With ‘Boca Chueca Tour’,Mexican Star Carin León Going International With ‘Boca Chueca Tour’,https://news.pollstar.com/2024/04/25/mexican-star-carin-leon-going-international-with-boca-chueca-tour/,2024-04-26,2024-07-22,2024-11-05,Capital One Arena,"Washington, DC",Arena,FALSE,,,TRUE
Mexican Star Carin León Going International With ‘Boca Chueca Tour’,Mexican Star Carin León Going International With ‘Boca Chueca Tour’,https://news.pollstar.com/2024/04/25/mexican-star-carin-leon-going-international-with-boca-chueca-tour/,2024-04-26,2024-07-22,2024-11-05,Santander Arena,"Reading, PA",Arena,FALSE,,,TRUE
Mexican Star Carin León Going International With ‘Boca Chueca Tour’,Mexican Star Carin León Going International With ‘Boca Chueca Tour’,https://news.pollstar.com/2024/04/25/mexican-star-carin-leon-going-international-with-boca-chueca-tour/,2024-04-26,2024-07-22,2024-11-05,Mohegan Sun Arena,"Uncasville, CT",Arena,FALSE,,,TRUE
Mexican Star Carin León Going International With ‘Boca Chueca Tour’,Mexican Star Carin León Going International With ‘Boca Chueca Tour’,https://news.pollstar.com/2024/04/25/mexican-star-carin-leon-going-international-with-boca-chueca-tour/,2024-04-26,2024-07-22,2024-11-05,Madison Square Garden,"New York, NY",Arena,FALSE,,,TRUE
Mexican Star Carin León Going International With ‘Boca Chueca Tour’,Mexican Star Carin León Going International With ‘Boca Chueca Tour’,https://news.pollstar.com/2024/04/25/mexican-star-carin-leon-going-international-with-boca-chueca-tour/,2024-04-26,2024-07-22,2024-11-05,Toyota Center,"Houston, TX",Arena,FALSE,,,TRUE
Mexican Star Carin León Going International With ‘Boca Chueca Tour’,Mexican Star Carin León Going International With ‘Boca Chueca Tour’,https://news.pollstar.com/2024/04/25/mexican-star-carin-leon-going-international-with-boca-chueca-tour/,2024-04-26,2024-07-22,2024-11-05,Dickies Arena,"Ft. Worth, TX",Arena,FALSE,,,TRUE
Mexican Star Carin León Going International With ‘Boca Chueca Tour’,Mexican Star Carin León Going International With ‘Boca Chueca Tour’,https://news.pollstar.com/2024/04/25/mexican-star-carin-leon-going-international-with-boca-chueca-tour/,2024-04-26,2024-07-22,2024-11-05,Bridgestone Arena,"Nashville, TN",Arena,FALSE,,,TRUE
Mexican Star Carin León Going International With ‘Boca Chueca Tour’,Mexican Star Carin León Going International With ‘Boca Chueca Tour’,https://news.pollstar.com/2024/04/25/mexican-star-carin-leon-going-international-with-boca-chueca-tour/,2024-04-26,2024-07-22,2024-11-05,Spectrum Center,"Charlotte, NC",Arena,FALSE,,,TRUE
Mexican Star Carin León Going International With ‘Boca Chueca Tour’,Mexican Star Carin León Going International With ‘Boca Chueca Tour’,https://news.pollstar.com/2024/04/25/mexican-star-carin-leon-going-international-with-boca-chueca-tour/,2024-04-26,2024-07-22,2024-11-05,Amalie Arena,"Tampa, FL",Arena,FALSE,,,TRUE
Mexican Star Carin León Going International With ‘Boca Chueca Tour’,Mexican Star Carin León Going International With ‘Boca Chueca Tour’,https://news.pollstar.com/2024/04/25/mexican-star-carin-leon-going-international-with-boca-chueca-tour/,2024-04-26,2024-07-22,2024-11-05,Amerant Bank Arena,"Sunrise, FL",Arena,LYV,,,TRUE
Mexican Star Carin León Going International With ‘Boca Chueca Tour’,Mexican Star Carin León Going International With ‘Boca Chueca Tour’,https://news.pollstar.com/2024/04/25/mexican-star-carin-leon-going-international-with-boca-chueca-tour/,2024-04-26,2024-07-22,2024-11-05,Wizink Center,"Madrid, ESP",Arena,FALSE,,,TRUE
Mexican Star Carin León Going International With ‘Boca Chueca Tour’,Mexican Star Carin León Going International With ‘Boca Chueca Tour’,https://news.pollstar.com/2024/04/25/mexican-star-carin-leon-going-international-with-boca-chueca-tour/,2024-04-26,2024-07-22,2024-11-05,Electric Brixton,"London, UK",Club,FALSE,,,TRUE
Mexican Star Carin León Going International With ‘Boca Chueca Tour’,Mexican Star Carin León Going International With ‘Boca Chueca Tour’,https://news.pollstar.com/2024/04/25/mexican-star-carin-leon-going-international-with-boca-chueca-tour/,2024-04-26,2024-07-22,2024-11-05,Paradiso,"Amsterdam, NL",Club,FALSE,,,TRUE
Mexican Star Carin León Going International With ‘Boca Chueca Tour’,Mexican Star Carin León Going International With ‘Boca Chueca Tour’,https://news.pollstar.com/2024/04/25/mexican-star-carin-leon-going-international-with-boca-chueca-tour/,2024-04-26,2024-07-22,2024-11-05,Alhambra,"Paris, FR",Theater,FALSE,,,TRUE
Aerosmith To Relaunch Farewell Tour This Fall,Aerosmith To Relaunch Farewell Tour This Fall,https://news.pollstar.com/2024/04/10/aerosmith-to-relaunch-farewell-tour-this-fall/,2024-04-10,2024-09-20,2025-02-26,PPG Paints Arena (NEW SHOW),"Pittsburgh, PA",Arena,FALSE,,,TRUE
Aerosmith To Relaunch Farewell Tour This Fall,Aerosmith To Relaunch Farewell Tour This Fall,https://news.pollstar.com/2024/04/10/aerosmith-to-relaunch-farewell-tour-this-fall/,2024-04-10,2024-09-20,2025-02-26,Wells Fargo Center (NEW SHOW),"Philadelphia, PA",Arena,FALSE,,,TRUE
Aerosmith To Relaunch Farewell Tour This Fall,Aerosmith To Relaunch Farewell Tour This Fall,https://news.pollstar.com/2024/04/10/aerosmith-to-relaunch-farewell-tour-this-fall/,2024-04-10,2024-09-20,2025-02-26,KFC Yum! Center,"Louisville, KY",Arena,FALSE,,,TRUE
Aerosmith To Relaunch Farewell Tour This Fall,Aerosmith To Relaunch Farewell Tour This Fall,https://news.pollstar.com/2024/04/10/aerosmith-to-relaunch-farewell-tour-this-fall/,2024-04-10,2024-09-20,2025-02-26,Rocket Mortgage FieldHouse,"Cleveland, OH",Arena,FALSE,,,TRUE
Aerosmith To Relaunch Farewell Tour This Fall,Aerosmith To Relaunch Farewell Tour This Fall,https://news.pollstar.com/2024/04/10/aerosmith-to-relaunch-farewell-tour-this-fall/,2024-04-10,2024-09-20,2025-02-26,Spectrum Center,"Charlotte, NC",Arena,FALSE,,,TRUE
Aerosmith To Relaunch Farewell Tour This Fall,Aerosmith To Relaunch Farewell Tour This Fall,https://news.pollstar.com/2024/04/10/aerosmith-to-relaunch-farewell-tour-this-fall/,2024-04-10,2024-09-20,2025-02-26,Thompson-Boling Arena,"Knoxville, TN",Arena,FALSE,,,TRUE
Aerosmith To Relaunch Farewell Tour This Fall,Aerosmith To Relaunch Farewell Tour This Fall,https://news.pollstar.com/2024/04/10/aerosmith-to-relaunch-farewell-tour-this-fall/,2024-04-10,2024-09-20,2025-02-26,Capital One Arena,"Washington, DC",Arena,FALSE,,,TRUE
Aerosmith To Relaunch Farewell Tour This Fall,Aerosmith To Relaunch Farewell Tour This Fall,https://news.pollstar.com/2024/04/10/aerosmith-to-relaunch-farewell-tour-this-fall/,2024-04-10,2024-09-20,2025-02-26,State Farm Arena,"Atlanta, GA",Arena,FALSE,,,TRUE
Aerosmith To Relaunch Farewell Tour This Fall,Aerosmith To Relaunch Farewell Tour This Fall,https://news.pollstar.com/2024/04/10/aerosmith-to-relaunch-farewell-tour-this-fall/,2024-04-10,2024-09-20,2025-02-26,Enterprise Center,"St Louis, MO",Arena,FALSE,,,TRUE
Aerosmith To Relaunch Farewell Tour This Fall,Aerosmith To Relaunch Farewell Tour This Fall,https://news.pollstar.com/2024/04/10/aerosmith-to-relaunch-farewell-tour-this-fall/,2024-04-10,2024-09-20,2025-02-26,Heritage Bank Arena,"Cincinnati, OH",Arena,FALSE,,,TRUE
Aerosmith To Relaunch Farewell Tour This Fall,Aerosmith To Relaunch Farewell Tour This Fall,https://news.pollstar.com/2024/04/10/aerosmith-to-relaunch-farewell-tour-this-fall/,2024-04-10,2024-09-20,2025-02-26,Bridgestone Arena,"Nashville, TN",Arena,FALSE,,,TRUE
Aerosmith To Relaunch Farewell Tour This Fall,Aerosmith To Relaunch Farewell Tour This Fall,https://news.pollstar.com/2024/04/10/aerosmith-to-relaunch-farewell-tour-this-fall/,2024-04-10,2024-09-20,2025-02-26,Footprint Center,"Phoenix, AZ",Arena,FALSE,,,TRUE
Aerosmith To Relaunch Farewell Tour This Fall,Aerosmith To Relaunch Farewell Tour This Fall,https://news.pollstar.com/2024/04/10/aerosmith-to-relaunch-farewell-tour-this-fall/,2024-04-10,2024-09-20,2025-02-26,Frost Bank Center,"San Antonio, TX",Arena,FALSE,,,TRUE
Aerosmith To Relaunch Farewell Tour This Fall,Aerosmith To Relaunch Farewell Tour This Fall,https://news.pollstar.com/2024/04/10/aerosmith-to-relaunch-farewell-tour-this-fall/,2024-04-10,2024-09-20,2025-02-26,Moody Center,"Austin, TX",Arena,FALSE,,,TRUE
Aerosmith To Relaunch Farewell Tour This Fall,Aerosmith To Relaunch Farewell Tour This Fall,https://news.pollstar.com/2024/04/10/aerosmith-to-relaunch-farewell-tour-this-fall/,2024-04-10,2024-09-20,2025-02-26,American Airlines Center,"Dallas, TX",Arena,FALSE,,,TRUE
Aerosmith To Relaunch Farewell Tour This Fall,Aerosmith To Relaunch Farewell Tour This Fall,https://news.pollstar.com/2024/04/10/aerosmith-to-relaunch-farewell-tour-this-fall/,2024-04-10,2024-09-20,2025-02-26,BOK Center,"Tulsa, OK",Arena,FALSE,,,TRUE
Aerosmith To Relaunch Farewell Tour This Fall,Aerosmith To Relaunch Farewell Tour This Fall,https://news.pollstar.com/2024/04/10/aerosmith-to-relaunch-farewell-tour-this-fall/,2024-04-10,2024-09-20,2025-02-26,CHI Health Center,"Omaha, NE",Arena,FALSE,,,TRUE
Aerosmith To Relaunch Farewell Tour This Fall,Aerosmith To Relaunch Farewell Tour This Fall,https://news.pollstar.com/2024/04/10/aerosmith-to-relaunch-farewell-tour-this-fall/,2024-04-10,2024-09-20,2025-02-26,Ball Arena,"Denver, CO",Arena,FALSE,,,TRUE
Aerosmith To Relaunch Farewell Tour This Fall,Aerosmith To Relaunch Farewell Tour This Fall,https://news.pollstar.com/2024/04/10/aerosmith-to-relaunch-farewell-tour-this-fall/,2024-04-10,2024-09-20,2025-02-26,Moda Center,"Portland, OR",Arena,FALSE,,,TRUE
Aerosmith To Relaunch Farewell Tour This Fall,Aerosmith To Relaunch Farewell Tour This Fall,https://news.pollstar.com/2024/04/10/aerosmith-to-relaunch-farewell-tour-this-fall/,2024-04-10,2024-09-20,2025-02-26,Climate Pledge Arena,"Seattle, WA",Arena,FALSE,,,TRUE
Aerosmith To Relaunch Farewell Tour This Fall,Aerosmith To Relaunch Farewell Tour This Fall,https://news.pollstar.com/2024/04/10/aerosmith-to-relaunch-farewell-tour-this-fall/,2024-04-10,2024-09-20,2025-02-26,Delta Center,"Salt Lake City, UT",Arena,FALSE,,,TRUE
Aerosmith To Relaunch Farewell Tour This Fall,Aerosmith To Relaunch Farewell Tour This Fall,https://news.pollstar.com/2024/04/10/aerosmith-to-relaunch-farewell-tour-this-fall/,2024-04-10,2024-09-20,2025-02-26,Chase Center,"San Francisco, CA",Arena,FALSE,,,TRUE
Aerosmith To Relaunch Farewell Tour This Fall,Aerosmith To Relaunch Farewell Tour This Fall,https://news.pollstar.com/2024/04/10/aerosmith-to-relaunch-farewell-tour-this-fall/,2024-04-10,2024-09-20,2025-02-26,SAP Center,"San Jose, CA",Arena,FALSE,,,TRUE
Aerosmith To Relaunch Farewell Tour This Fall,Aerosmith To Relaunch Farewell Tour This Fall,https://news.pollstar.com/2024/04/10/aerosmith-to-relaunch-farewell-tour-this-fall/,2024-04-10,2024-09-20,2025-02-26,The Kia Forum,"Los Angeles, CA",Arena,FALSE,,,TRUE
Aerosmith To Relaunch Farewell Tour This Fall,Aerosmith To Relaunch Farewell Tour This Fall,https://news.pollstar.com/2024/04/10/aerosmith-to-relaunch-farewell-tour-this-fall/,2024-04-10,2024-09-20,2025-02-26,Prudential Center,"Newark, NJ",Arena,FALSE,,,TRUE
Aerosmith To Relaunch Farewell Tour This Fall,Aerosmith To Relaunch Farewell Tour This Fall,https://news.pollstar.com/2024/04/10/aerosmith-to-relaunch-farewell-tour-this-fall/,2024-04-10,2024-09-20,2025-02-26,TD Garden,"Boston, MA",Arena,FALSE,,,TRUE
Aerosmith To Relaunch Farewell Tour This Fall,Aerosmith To Relaunch Farewell Tour This Fall,https://news.pollstar.com/2024/04/10/aerosmith-to-relaunch-farewell-tour-this-fall/,2024-04-10,2024-09-20,2025-02-26,Little Caesars Arena,"Detroit, MI",Theater,FALSE,,,TRUE
Aerosmith To Relaunch Farewell Tour This Fall,Aerosmith To Relaunch Farewell Tour This Fall,https://news.pollstar.com/2024/04/10/aerosmith-to-relaunch-farewell-tour-this-fall/,2024-04-10,2024-09-20,2025-02-26,Scotiabank Arena,"Toronto, ON",Arena,FALSE,,,TRUE
Aerosmith To Relaunch Farewell Tour This Fall,Aerosmith To Relaunch Farewell Tour This Fall,https://news.pollstar.com/2024/04/10/aerosmith-to-relaunch-farewell-tour-this-fall/,2024-04-10,2024-09-20,2025-02-26,Bell Centre,"Montreal, QC",Arena,FALSE,,,TRUE
Aerosmith To Relaunch Farewell Tour This Fall,Aerosmith To Relaunch Farewell Tour This Fall,https://news.pollstar.com/2024/04/10/aerosmith-to-relaunch-farewell-tour-this-fall/,2024-04-10,2024-09-20,2025-02-26,Schottenstein Center,"Columbus, OH",Arena,FALSE,,,TRUE
Aerosmith To Relaunch Farewell Tour This Fall,Aerosmith To Relaunch Farewell Tour This Fall,https://news.pollstar.com/2024/04/10/aerosmith-to-relaunch-farewell-tour-this-fall/,2024-04-10,2024-09-20,2025-02-26,Gainbridge Fieldhouse,"Indianapolis, IN",Arena,FALSE,,,TRUE
Aerosmith To Relaunch Farewell Tour This Fall,Aerosmith To Relaunch Farewell Tour This Fall,https://news.pollstar.com/2024/04/10/aerosmith-to-relaunch-farewell-tour-this-fall/,2024-04-10,2024-09-20,2025-02-26,United Center,"Chicago, IL",Arena,FALSE,,,TRUE
Aerosmith To Relaunch Farewell Tour This Fall,Aerosmith To Relaunch Farewell Tour This Fall,https://news.pollstar.com/2024/04/10/aerosmith-to-relaunch-farewell-tour-this-fall/,2024-04-10,2024-09-20,2025-02-26,Xcel Energy Center,"St Paul, MN",Arena,FALSE,,,TRUE
Aerosmith To Relaunch Farewell Tour This Fall,Aerosmith To Relaunch Farewell Tour This Fall,https://news.pollstar.com/2024/04/10/aerosmith-to-relaunch-farewell-tour-this-fall/,2024-04-10,2024-09-20,2025-02-26,T-Mobile Center,"Kansas City, MO",Arena,FALSE,,,TRUE
Aerosmith To Relaunch Farewell Tour This Fall,Aerosmith To Relaunch Farewell Tour This Fall,https://news.pollstar.com/2024/04/10/aerosmith-to-relaunch-farewell-tour-this-fall/,2024-04-10,2024-09-20,2025-02-26,Kia Center (NEW SHOW),"Orlando, FL",Arena,FALSE,,,TRUE
Aerosmith To Relaunch Farewell Tour This Fall,Aerosmith To Relaunch Farewell Tour This Fall,https://news.pollstar.com/2024/04/10/aerosmith-to-relaunch-farewell-tour-this-fall/,2024-04-10,2024-09-20,2025-02-26,Amalie Arena,"Tampa, FL",Arena,FALSE,,,TRUE
Aerosmith To Relaunch Farewell Tour This Fall,Aerosmith To Relaunch Farewell Tour This Fall,https://news.pollstar.com/2024/04/10/aerosmith-to-relaunch-farewell-tour-this-fall/,2024-04-10,2024-09-20,2025-02-26,Amerant Bank Arena,"Sunrise, FL",Arena,LYV,,,TRUE
Aerosmith To Relaunch Farewell Tour This Fall,Aerosmith To Relaunch Farewell Tour This Fall,https://news.pollstar.com/2024/04/10/aerosmith-to-relaunch-farewell-tour-this-fall/,2024-04-10,2024-09-20,2025-02-26,PNC Arena,"Raleigh, NC",Arena,FALSE,,,TRUE
Aerosmith To Relaunch Farewell Tour This Fall,Aerosmith To Relaunch Farewell Tour This Fall,https://news.pollstar.com/2024/04/10/aerosmith-to-relaunch-farewell-tour-this-fall/,2024-04-10,2024-09-20,2025-02-26,Madison Square Garden,"New York, NY",Arena,FALSE,,,TRUE
Aerosmith To Relaunch Farewell Tour This Fall,Aerosmith To Relaunch Farewell Tour This Fall,https://news.pollstar.com/2024/04/10/aerosmith-to-relaunch-farewell-tour-this-fall/,2024-04-10,2024-09-20,2025-02-26,KeyBank Center,"Buffalo, NY",Arena,FALSE,,,TRUE
Fuerza Regida Hitting The Road This Summer To Play U.S. Arenas,Fuerza Regida Hitting The Road This Summer To Play U.S. Arenas,https://news.pollstar.com/2024/04/09/fuerza-regida-hitting-the-road-this-summer-to-play-u-s-arenas/,2024-04-09,2024-06-06,2024-11-16,Moody Center,"Austin, TX",Arena,FALSE,,,TRUE
Fuerza Regida Hitting The Road This Summer To Play U.S. Arenas,Fuerza Regida Hitting The Road This Summer To Play U.S. Arenas,https://news.pollstar.com/2024/04/09/fuerza-regida-hitting-the-road-this-summer-to-play-u-s-arenas/,2024-04-09,2024-06-06,2024-11-16,Bert Ogden Arena,"Edinburg, TX",Arena,FALSE,,,TRUE
Fuerza Regida Hitting The Road This Summer To Play U.S. Arenas,Fuerza Regida Hitting The Road This Summer To Play U.S. Arenas,https://news.pollstar.com/2024/04/09/fuerza-regida-hitting-the-road-this-summer-to-play-u-s-arenas/,2024-04-09,2024-06-06,2024-11-16,Paycom Center,"Oklahoma City, OK",Arena,FALSE,,,TRUE
Fuerza Regida Hitting The Road This Summer To Play U.S. Arenas,Fuerza Regida Hitting The Road This Summer To Play U.S. Arenas,https://news.pollstar.com/2024/04/09/fuerza-regida-hitting-the-road-this-summer-to-play-u-s-arenas/,2024-04-09,2024-06-06,2024-11-16,Thunder Ridge Nature Arena,"Ridgedale, MO",Arena,FALSE,,,TRUE
Fuerza Regida Hitting The Road This Summer To Play U.S. Arenas,Fuerza Regida Hitting The Road This Summer To Play U.S. Arenas,https://news.pollstar.com/2024/04/09/fuerza-regida-hitting-the-road-this-summer-to-play-u-s-arenas/,2024-04-09,2024-06-06,2024-11-16,T-Mobile Center,"Kansas City, MO",Arena,FALSE,,,TRUE
Fuerza Regida Hitting The Road This Summer To Play U.S. Arenas,Fuerza Regida Hitting The Road This Summer To Play U.S. Arenas,https://news.pollstar.com/2024/04/09/fuerza-regida-hitting-the-road-this-summer-to-play-u-s-arenas/,2024-04-09,2024-06-06,2024-11-16,Viejas Arena,"San Diego, CA",Arena,FALSE,,,TRUE
Fuerza Regida Hitting The Road This Summer To Play U.S. Arenas,Fuerza Regida Hitting The Road This Summer To Play U.S. Arenas,https://news.pollstar.com/2024/04/09/fuerza-regida-hitting-the-road-this-summer-to-play-u-s-arenas/,2024-04-09,2024-06-06,2024-11-16,Footprint Center,"Phoenix, AZ",Arena,FALSE,,,TRUE
Fuerza Regida Hitting The Road This Summer To Play U.S. Arenas,Fuerza Regida Hitting The Road This Summer To Play U.S. Arenas,https://news.pollstar.com/2024/04/09/fuerza-regida-hitting-the-road-this-summer-to-play-u-s-arenas/,2024-04-09,2024-06-06,2024-11-16,Moda Center,"Portland, OR",Arena,FALSE,,,TRUE
Fuerza Regida Hitting The Road This Summer To Play U.S. Arenas,Fuerza Regida Hitting The Road This Summer To Play U.S. Arenas,https://news.pollstar.com/2024/04/09/fuerza-regida-hitting-the-road-this-summer-to-play-u-s-arenas/,2024-04-09,2024-06-06,2024-11-16,Climate Pledge Arena,"Seattle, WA",Arena,FALSE,,,TRUE
Fuerza Regida Hitting The Road This Summer To Play U.S. Arenas,Fuerza Regida Hitting The Road This Summer To Play U.S. Arenas,https://news.pollstar.com/2024/04/09/fuerza-regida-hitting-the-road-this-summer-to-play-u-s-arenas/,2024-04-09,2024-06-06,2024-11-16,SAP Center,"San Jose, CA",Arena,FALSE,,,TRUE
Fuerza Regida Hitting The Road This Summer To Play U.S. Arenas,Fuerza Regida Hitting The Road This Summer To Play U.S. Arenas,https://news.pollstar.com/2024/04/09/fuerza-regida-hitting-the-road-this-summer-to-play-u-s-arenas/,2024-04-09,2024-06-06,2024-11-16,Save Mart Center at Fresno State,"Fresno, CA",Arena,FALSE,,,TRUE
Fuerza Regida Hitting The Road This Summer To Play U.S. Arenas,Fuerza Regida Hitting The Road This Summer To Play U.S. Arenas,https://news.pollstar.com/2024/04/09/fuerza-regida-hitting-the-road-this-summer-to-play-u-s-arenas/,2024-04-09,2024-06-06,2024-11-16,Toyota Center,"Houston, TX",Arena,FALSE,,,TRUE
Fuerza Regida Hitting The Road This Summer To Play U.S. Arenas,Fuerza Regida Hitting The Road This Summer To Play U.S. Arenas,https://news.pollstar.com/2024/04/09/fuerza-regida-hitting-the-road-this-summer-to-play-u-s-arenas/,2024-04-09,2024-06-06,2024-11-16,Dos Equis Pavilion,"Dallas, TX",Amphitheater,LYV,,,TRUE
Fuerza Regida Hitting The Road This Summer To Play U.S. Arenas,Fuerza Regida Hitting The Road This Summer To Play U.S. Arenas,https://news.pollstar.com/2024/04/09/fuerza-regida-hitting-the-road-this-summer-to-play-u-s-arenas/,2024-04-09,2024-06-06,2024-11-16,State Farm Arena,"Atlanta, GA",Arena,FALSE,,,TRUE
Fuerza Regida Hitting The Road This Summer To Play U.S. Arenas,Fuerza Regida Hitting The Road This Summer To Play U.S. Arenas,https://news.pollstar.com/2024/04/09/fuerza-regida-hitting-the-road-this-summer-to-play-u-s-arenas/,2024-04-09,2024-06-06,2024-11-16,Amalie Arena,"Tampa, FL",Arena,FALSE,,,TRUE
Fuerza Regida Hitting The Road This Summer To Play U.S. Arenas,Fuerza Regida Hitting The Road This Summer To Play U.S. Arenas,https://news.pollstar.com/2024/04/09/fuerza-regida-hitting-the-road-this-summer-to-play-u-s-arenas/,2024-04-09,2024-06-06,2024-11-16,Amerant Bank Arena,"Sunrise, FL",Arena,LYV,,,TRUE
Fuerza Regida Hitting The Road This Summer To Play U.S. Arenas,Fuerza Regida Hitting The Road This Summer To Play U.S. Arenas,https://news.pollstar.com/2024/04/09/fuerza-regida-hitting-the-road-this-summer-to-play-u-s-arenas/,2024-04-09,2024-06-06,2024-11-16,Greensboro Coliseum Complex,"Greensboro, NC",Club,FALSE,,,TRUE
Fuerza Regida Hitting The Road This Summer To Play U.S. Arenas,Fuerza Regida Hitting The Road This Summer To Play U.S. Arenas,https://news.pollstar.com/2024/04/09/fuerza-regida-hitting-the-road-this-summer-to-play-u-s-arenas/,2024-04-09,2024-06-06,2024-11-16,UBS Arena,"Belmont Park, NY",Arena,FALSE,,,TRUE
Fuerza Regida Hitting The Road This Summer To Play U.S. Arenas,Fuerza Regida Hitting The Road This Summer To Play U.S. Arenas,https://news.pollstar.com/2024/04/09/fuerza-regida-hitting-the-road-this-summer-to-play-u-s-arenas/,2024-04-09,2024-06-06,2024-11-16,Fiserv Forum,"Milwaukee, WI",Arena,FALSE,,,TRUE
Fuerza Regida Hitting The Road This Summer To Play U.S. Arenas,Fuerza Regida Hitting The Road This Summer To Play U.S. Arenas,https://news.pollstar.com/2024/04/09/fuerza-regida-hitting-the-road-this-summer-to-play-u-s-arenas/,2024-04-09,2024-06-06,2024-11-16,Gainbridge Fieldhouse,"Indianapolis, IN",Arena,FALSE,,,TRUE
Fuerza Regida Hitting The Road This Summer To Play U.S. Arenas,Fuerza Regida Hitting The Road This Summer To Play U.S. Arenas,https://news.pollstar.com/2024/04/09/fuerza-regida-hitting-the-road-this-summer-to-play-u-s-arenas/,2024-04-09,2024-06-06,2024-11-16,Credit Union 1 Amphitheatre,"Tinley Park, IL",Amphitheater,LYV,,,TRUE
Fuerza Regida Hitting The Road This Summer To Play U.S. Arenas,Fuerza Regida Hitting The Road This Summer To Play U.S. Arenas,https://news.pollstar.com/2024/04/09/fuerza-regida-hitting-the-road-this-summer-to-play-u-s-arenas/,2024-04-09,2024-06-06,2024-11-16,Delta Center,"Salt Lake City, UT",Arena,FALSE,,,TRUE
Fuerza Regida Hitting The Road This Summer To Play U.S. Arenas,Fuerza Regida Hitting The Road This Summer To Play U.S. Arenas,https://news.pollstar.com/2024/04/09/fuerza-regida-hitting-the-road-this-summer-to-play-u-s-arenas/,2024-04-09,2024-06-06,2024-11-16,Ball Arena,"Denver, CO",Arena,FALSE,,,TRUE
Fuerza Regida Hitting The Road This Summer To Play U.S. Arenas,Fuerza Regida Hitting The Road This Summer To Play U.S. Arenas,https://news.pollstar.com/2024/04/09/fuerza-regida-hitting-the-road-this-summer-to-play-u-s-arenas/,2024-04-09,2024-06-06,2024-11-16,Frost Bank Center,"San Antonio, TX",Arena,FALSE,,,TRUE
Fuerza Regida Hitting The Road This Summer To Play U.S. Arenas,Fuerza Regida Hitting The Road This Summer To Play U.S. Arenas,https://news.pollstar.com/2024/04/09/fuerza-regida-hitting-the-road-this-summer-to-play-u-s-arenas/,2024-04-09,2024-06-06,2024-11-16,Honda Center,"Anaheim, CA",Arena,FALSE,,,TRUE
Fuerza Regida Hitting The Road This Summer To Play U.S. Arenas,Fuerza Regida Hitting The Road This Summer To Play U.S. Arenas,https://news.pollstar.com/2024/04/09/fuerza-regida-hitting-the-road-this-summer-to-play-u-s-arenas/,2024-04-09,2024-06-06,2024-11-16,Golden 1 Center,"Sacramento, CA",Arena,FALSE,,,TRUE
Fuerza Regida Hitting The Road This Summer To Play U.S. Arenas,Fuerza Regida Hitting The Road This Summer To Play U.S. Arenas,https://news.pollstar.com/2024/04/09/fuerza-regida-hitting-the-road-this-summer-to-play-u-s-arenas/,2024-04-09,2024-06-06,2024-11-16,Mega Velaria,"Leon, MX",Other,FALSE,,,TRUE
Fuerza Regida Hitting The Road This Summer To Play U.S. Arenas,Fuerza Regida Hitting The Road This Summer To Play U.S. Arenas,https://news.pollstar.com/2024/04/09/fuerza-regida-hitting-the-road-this-summer-to-play-u-s-arenas/,2024-04-09,2024-06-06,2024-11-16,Plaza De Toros,"Mexico City, MX",Other,FALSE,,,TRUE
Fuerza Regida Hitting The Road This Summer To Play U.S. Arenas,Fuerza Regida Hitting The Road This Summer To Play U.S. Arenas,https://news.pollstar.com/2024/04/09/fuerza-regida-hitting-the-road-this-summer-to-play-u-s-arenas/,2024-04-09,2024-06-06,2024-11-16,Arena Monterrey,"Monterrey, MX",Arena,FALSE,,,TRUE
Fuerza Regida Hitting The Road This Summer To Play U.S. Arenas,Fuerza Regida Hitting The Road This Summer To Play U.S. Arenas,https://news.pollstar.com/2024/04/09/fuerza-regida-hitting-the-road-this-summer-to-play-u-s-arenas/,2024-04-09,2024-06-06,2024-11-16,Arena Monterrey,"Monterrey, MX",Arena,FALSE,,,TRUE
Fuerza Regida Hitting The Road This Summer To Play U.S. Arenas,Fuerza Regida Hitting The Road This Summer To Play U.S. Arenas,https://news.pollstar.com/2024/04/09/fuerza-regida-hitting-the-road-this-summer-to-play-u-s-arenas/,2024-04-09,2024-06-06,2024-11-16,Coliseo Centenario,"Torreon, MX",Arena,FALSE,,,TRUE
Fuerza Regida Hitting The Road This Summer To Play U.S. Arenas,Fuerza Regida Hitting The Road This Summer To Play U.S. Arenas,https://news.pollstar.com/2024/04/09/fuerza-regida-hitting-the-road-this-summer-to-play-u-s-arenas/,2024-04-09,2024-06-06,2024-11-16,Auditorio GNP,"Oaxaca, MX",Theater,FALSE,,,TRUE
Fuerza Regida Hitting The Road This Summer To Play U.S. Arenas,Fuerza Regida Hitting The Road This Summer To Play U.S. Arenas,https://news.pollstar.com/2024/04/09/fuerza-regida-hitting-the-road-this-summer-to-play-u-s-arenas/,2024-04-09,2024-06-06,2024-11-16,El Domo,"San Luis Potosi, MX",Arena,FALSE,,,TRUE
Fuerza Regida Hitting The Road This Summer To Play U.S. Arenas,Fuerza Regida Hitting The Road This Summer To Play U.S. Arenas,https://news.pollstar.com/2024/04/09/fuerza-regida-hitting-the-road-this-summer-to-play-u-s-arenas/,2024-04-09,2024-06-06,2024-11-16,Intuit Dome,"Inglewood, CA",Arena,FALSE,,,TRUE
Is For Lovers,Is For Lovers Announces Performers For 7 Summer Shows,https://news.pollstar.com/2024/04/09/is-for-lovers-announces-performers-for-7-summer-shows/,2024-04-09,2024-06-22,2024-09-07,"Harveys (Lake Tahoe, CA): The All-American Rejects,",Lake Tahoe Is For Lovers,Other,FALSE,,,TRUE
Is For Lovers,Is For Lovers Announces Performers For 7 Summer Shows,https://news.pollstar.com/2024/04/09/is-for-lovers-announces-performers-for-7-summer-shows/,2024-04-09,2024-06-22,2024-09-07,"GoMart Ballpark (Charleston, WV): Underoath,",West Virginia Is For Lovers,Stadium,FALSE,,,TRUE
Is For Lovers,Is For Lovers Announces Performers For 7 Summer Shows,https://news.pollstar.com/2024/04/09/is-for-lovers-announces-performers-for-7-summer-shows/,2024-04-09,2024-06-22,2024-09-07,"Roanoke Island Festival Park (Manteo, NC): Motion City",OBX Is For Lovers,Other,FALSE,,,TRUE
Is For Lovers,Is For Lovers Announces Performers For 7 Summer Shows,https://news.pollstar.com/2024/04/09/is-for-lovers-announces-performers-for-7-summer-shows/,2024-04-09,2024-06-22,2024-09-07,"Pop’s (Sauget, IL): Hawthorne Heights, Thursday, Anberlin, Armor For Sleep, Stick To Your Guns, This Wild Life",Pop’s Is For Lovers,Other,FALSE,,,TRUE
Is For Lovers,Is For Lovers Announces Performers For 7 Summer Shows,https://news.pollstar.com/2024/04/09/is-for-lovers-announces-performers-for-7-summer-shows/,2024-04-09,2024-06-22,2024-09-07,"Harrah’s Stir Cove (Council Bluffs, IA): Yellowcard, State",Iowa Is For Lovers,Theater,FALSE,,,TRUE
Is For Lovers,Is For Lovers Announces Performers For 7 Summer Shows,https://news.pollstar.com/2024/04/09/is-for-lovers-announces-performers-for-7-summer-shows/,2024-04-09,2024-06-22,2024-09-07,"Riverbend Music Center (Cincinnati, OH): Hawthorne",Ohio Is For Lovers,Amphitheater,LYV,,,TRUE
Andrea Bocelli To Perform In U.S. Arenas This Holiday Season,Andrea Bocelli To Perform In U.S. Arenas This Holiday Season,https://news.pollstar.com/2024/04/04/andrea-bocelli-to-perform-in-u-s-arenas-this-holiday-season/,2024-04-04,2024-12-04,2024-12-22,Pechanga Arena,"San Diego, CA",Arena,FALSE,,,TRUE
Andrea Bocelli To Perform In U.S. Arenas This Holiday Season,Andrea Bocelli To Perform In U.S. Arenas This Holiday Season,https://news.pollstar.com/2024/04/04/andrea-bocelli-to-perform-in-u-s-arenas-this-holiday-season/,2024-04-04,2024-12-04,2024-12-22,Footprint Center,"Phoenix, AZ",Arena,FALSE,,,TRUE
Andrea Bocelli To Perform In U.S. Arenas This Holiday Season,Andrea Bocelli To Perform In U.S. Arenas This Holiday Season,https://news.pollstar.com/2024/04/04/andrea-bocelli-to-perform-in-u-s-arenas-this-holiday-season/,2024-04-04,2024-12-04,2024-12-22,MGM Grand Garden,"Las Vegas, NV",Arena,FALSE,,,TRUE
Andrea Bocelli To Perform In U.S. Arenas This Holiday Season,Andrea Bocelli To Perform In U.S. Arenas This Holiday Season,https://news.pollstar.com/2024/04/04/andrea-bocelli-to-perform-in-u-s-arenas-this-holiday-season/,2024-04-04,2024-12-04,2024-12-22,Kia Forum *First performance at the Kia Forum,"Los Angeles, CA",Arena,FALSE,,,TRUE
Andrea Bocelli To Perform In U.S. Arenas This Holiday Season,Andrea Bocelli To Perform In U.S. Arenas This Holiday Season,https://news.pollstar.com/2024/04/04/andrea-bocelli-to-perform-in-u-s-arenas-this-holiday-season/,2024-04-04,2024-12-04,2024-12-22,Allstate Arena,"Rosemont, IL",Arena,FALSE,,,TRUE
Andrea Bocelli To Perform In U.S. Arenas This Holiday Season,Andrea Bocelli To Perform In U.S. Arenas This Holiday Season,https://news.pollstar.com/2024/04/04/andrea-bocelli-to-perform-in-u-s-arenas-this-holiday-season/,2024-04-04,2024-12-04,2024-12-22,TD Garden,"Boston, MA",Arena,FALSE,,,TRUE
Andrea Bocelli To Perform In U.S. Arenas This Holiday Season,Andrea Bocelli To Perform In U.S. Arenas This Holiday Season,https://news.pollstar.com/2024/04/04/andrea-bocelli-to-perform-in-u-s-arenas-this-holiday-season/,2024-04-04,2024-12-04,2024-12-22,Mohegan Sun Arena,"Uncasville, CT",Arena,FALSE,,,TRUE
Andrea Bocelli To Perform In U.S. Arenas This Holiday Season,Andrea Bocelli To Perform In U.S. Arenas This Holiday Season,https://news.pollstar.com/2024/04/04/andrea-bocelli-to-perform-in-u-s-arenas-this-holiday-season/,2024-04-04,2024-12-04,2024-12-22,Madison Square Garden,"New York, NY",Arena,FALSE,,,TRUE
Andrea Bocelli To Perform In U.S. Arenas This Holiday Season,Andrea Bocelli To Perform In U.S. Arenas This Holiday Season,https://news.pollstar.com/2024/04/04/andrea-bocelli-to-perform-in-u-s-arenas-this-holiday-season/,2024-04-04,2024-12-04,2024-12-22,Madison Square Garden,"New York, NY",Arena,FALSE,,,TRUE
Andrea Bocelli To Perform In U.S. Arenas This Holiday Season,Andrea Bocelli To Perform In U.S. Arenas This Holiday Season,https://news.pollstar.com/2024/04/04/andrea-bocelli-to-perform-in-u-s-arenas-this-holiday-season/,2024-04-04,2024-12-04,2024-12-22,Kaseya Arena,"Miami, FL",Arena,FALSE,,,TRUE
Goose,Goose Adds Fall Dates To 2024 Tour,https://news.pollstar.com/2024/04/02/goose-adds-fall-dates-to-2024-tour/,2024-04-02,2024-09-01,2024-09-28,PNC Bank Arts Center,"Holmdel, NJ",Arena,LYV,,,TRUE
Goose,Goose Adds Fall Dates To 2024 Tour,https://news.pollstar.com/2024/04/02/goose-adds-fall-dates-to-2024-tour/,2024-04-02,2024-09-01,2024-09-28,SPAC Broadview Stage,"Saratoga Springs, NY",Amphitheater,FALSE,,,TRUE
Goose,Goose Adds Fall Dates To 2024 Tour,https://news.pollstar.com/2024/04/02/goose-adds-fall-dates-to-2024-tour/,2024-04-02,2024-09-01,2024-09-28,SPAC Broadview Stage,"Saratoga Springs, NY",Amphitheater,FALSE,,,TRUE
Goose,Goose Adds Fall Dates To 2024 Tour,https://news.pollstar.com/2024/04/02/goose-adds-fall-dates-to-2024-tour/,2024-04-02,2024-09-01,2024-09-28,Ting Pavilion,"Charlottesville, VA",Amphitheater,LYV,,,TRUE
Goose,Goose Adds Fall Dates To 2024 Tour,https://news.pollstar.com/2024/04/02/goose-adds-fall-dates-to-2024-tour/,2024-04-02,2024-09-01,2024-09-28,The Armory,"Minneapolis, MN",Theater,FALSE,,,TRUE
Goose,Goose Adds Fall Dates To 2024 Tour,https://news.pollstar.com/2024/04/02/goose-adds-fall-dates-to-2024-tour/,2024-04-02,2024-09-01,2024-09-28,Vibrant Music Hall,"Waukee, IA",Theater,FALSE,,,TRUE
Goose,Goose Adds Fall Dates To 2024 Tour,https://news.pollstar.com/2024/04/02/goose-adds-fall-dates-to-2024-tour/,2024-04-02,2024-09-01,2024-09-28,The Plaza at America First Field,"Salt Lake City, UT",Stadium,FALSE,,,TRUE
Goose,Goose Adds Fall Dates To 2024 Tour,https://news.pollstar.com/2024/04/02/goose-adds-fall-dates-to-2024-tour/,2024-04-02,2024-09-01,2024-09-28,KettleHouse Amphitheater,"Missoula, MT",Amphitheater,LYV,,,TRUE
Goose,Goose Adds Fall Dates To 2024 Tour,https://news.pollstar.com/2024/04/02/goose-adds-fall-dates-to-2024-tour/,2024-04-02,2024-09-01,2024-09-28,KettleHouse Amphitheater,"Missoula, MT",Amphitheater,LYV,,,TRUE
Goose,Goose Adds Fall Dates To 2024 Tour,https://news.pollstar.com/2024/04/02/goose-adds-fall-dates-to-2024-tour/,2024-04-02,2024-09-01,2024-09-28,Remlinger Farms,"Seattle, WA",Other,FALSE,,,TRUE
Goose,Goose Adds Fall Dates To 2024 Tour,https://news.pollstar.com/2024/04/02/goose-adds-fall-dates-to-2024-tour/,2024-04-02,2024-09-01,2024-09-28,Edgefield Concerts on the Lawn,"Troutdale, OR",Amphitheater,LYV,,,TRUE
Goose,Goose Adds Fall Dates To 2024 Tour,https://news.pollstar.com/2024/04/02/goose-adds-fall-dates-to-2024-tour/,2024-04-02,2024-09-01,2024-09-28,Cuthbert Amphitheater,"Eugene, OR",Theater,FALSE,,,TRUE
Goose,Goose Adds Fall Dates To 2024 Tour,https://news.pollstar.com/2024/04/02/goose-adds-fall-dates-to-2024-tour/,2024-04-02,2024-09-01,2024-09-28,Cal Coast Credit Union Open Air Theatre,"San Diego, CA",Theater,FALSE,,,TRUE
Goose,Goose Adds Fall Dates To 2024 Tour,https://news.pollstar.com/2024/04/02/goose-adds-fall-dates-to-2024-tour/,2024-04-02,2024-09-01,2024-09-28,The Greek Theatre,"Los Angeles, CA",Amphitheater,FALSE,,,TRUE
Goose,Goose Adds Fall Dates To 2024 Tour,https://news.pollstar.com/2024/04/02/goose-adds-fall-dates-to-2024-tour/,2024-04-02,2024-09-01,2024-09-28,Frost Amphitheater,"Stanford, CA",Theater,FALSE,,,TRUE
Heart,"Heart Extends ‘Royal Flush Tour,’ Adding 31 North American Shows",https://news.pollstar.com/2024/04/02/heart-extends-royal-flush-tour-adding-31-north-american-shows/,2024-04-02,2024-04-20,2024-12-15,Chase Center,"San Francisco, CA",Arena,FALSE,,,TRUE
Heart,"Heart Extends ‘Royal Flush Tour,’ Adding 31 North American Shows",https://news.pollstar.com/2024/04/02/heart-extends-royal-flush-tour-adding-31-north-american-shows/,2024-04-02,2024-04-20,2024-12-15,Crypto.com Arena,"Los Angeles, CA",Arena,FALSE,,,TRUE
Heart,"Heart Extends ‘Royal Flush Tour,’ Adding 31 North American Shows",https://news.pollstar.com/2024/04/02/heart-extends-royal-flush-tour-adding-31-north-american-shows/,2024-04-02,2024-04-20,2024-12-15,Footprint Center,"Phoenix, AZ",Arena,FALSE,,,TRUE
Heart,"Heart Extends ‘Royal Flush Tour,’ Adding 31 North American Shows",https://news.pollstar.com/2024/04/02/heart-extends-royal-flush-tour-adding-31-north-american-shows/,2024-04-02,2024-04-20,2024-12-15,United Supermarkets Arena,"Lubbock, TX",Arena,FALSE,,,TRUE
Heart,"Heart Extends ‘Royal Flush Tour,’ Adding 31 North American Shows",https://news.pollstar.com/2024/04/02/heart-extends-royal-flush-tour-adding-31-north-american-shows/,2024-04-02,2024-04-20,2024-12-15,T-Mobile Center,"Kansas City, MO",Arena,FALSE,,,TRUE
Heart,"Heart Extends ‘Royal Flush Tour,’ Adding 31 North American Shows",https://news.pollstar.com/2024/04/02/heart-extends-royal-flush-tour-adding-31-north-american-shows/,2024-04-02,2024-04-20,2024-12-15,Enterprise Center,"St. Louis, MO",Arena,FALSE,,,TRUE
Heart,"Heart Extends ‘Royal Flush Tour,’ Adding 31 North American Shows",https://news.pollstar.com/2024/04/02/heart-extends-royal-flush-tour-adding-31-north-american-shows/,2024-04-02,2024-04-20,2024-12-15,Toyota Center,"Houston, TX",Arena,FALSE,,,TRUE
Heart,"Heart Extends ‘Royal Flush Tour,’ Adding 31 North American Shows",https://news.pollstar.com/2024/04/02/heart-extends-royal-flush-tour-adding-31-north-american-shows/,2024-04-02,2024-04-20,2024-12-15,Moody Center,"Austin, TX",Arena,FALSE,,,TRUE
Heart,"Heart Extends ‘Royal Flush Tour,’ Adding 31 North American Shows",https://news.pollstar.com/2024/04/02/heart-extends-royal-flush-tour-adding-31-north-american-shows/,2024-04-02,2024-04-20,2024-12-15,Simmons Bank Arena,"North Little Rock, AR",Arena,FALSE,,,TRUE
Heart,"Heart Extends ‘Royal Flush Tour,’ Adding 31 North American Shows",https://news.pollstar.com/2024/04/02/heart-extends-royal-flush-tour-adding-31-north-american-shows/,2024-04-02,2024-04-20,2024-12-15,Bridgestone Arena,"Nashville, TN",Arena,FALSE,,,TRUE
Heart,"Heart Extends ‘Royal Flush Tour,’ Adding 31 North American Shows",https://news.pollstar.com/2024/04/02/heart-extends-royal-flush-tour-adding-31-north-american-shows/,2024-04-02,2024-04-20,2024-12-15,Greensboro Coliseum,"Greensboro, NC",Other,FALSE,,,TRUE
Heart,"Heart Extends ‘Royal Flush Tour,’ Adding 31 North American Shows",https://news.pollstar.com/2024/04/02/heart-extends-royal-flush-tour-adding-31-north-american-shows/,2024-04-02,2024-04-20,2024-12-15,North Charleston Coliseum,"North Charleston, SC",Arena,FALSE,,,TRUE
Heart,"Heart Extends ‘Royal Flush Tour,’ Adding 31 North American Shows",https://news.pollstar.com/2024/04/02/heart-extends-royal-flush-tour-adding-31-north-american-shows/,2024-04-02,2024-04-20,2024-12-15,John Paul Jones Arena,"Charlottesville, VA",Arena,FALSE,,,TRUE
Heart,"Heart Extends ‘Royal Flush Tour,’ Adding 31 North American Shows",https://news.pollstar.com/2024/04/02/heart-extends-royal-flush-tour-adding-31-north-american-shows/,2024-04-02,2024-04-20,2024-12-15,Madison Square Garden,"New York, NY",Arena,FALSE,,,TRUE
Heart,"Heart Extends ‘Royal Flush Tour,’ Adding 31 North American Shows",https://news.pollstar.com/2024/04/02/heart-extends-royal-flush-tour-adding-31-north-american-shows/,2024-04-02,2024-04-20,2024-12-15,Legacy Arena at BJCC,"Birmingham, AL",Arena,FALSE,,,TRUE
Heart,"Heart Extends ‘Royal Flush Tour,’ Adding 31 North American Shows",https://news.pollstar.com/2024/04/02/heart-extends-royal-flush-tour-adding-31-north-american-shows/,2024-04-02,2024-04-20,2024-12-15,FedExForum,"Memphis, TN",Arena,FALSE,,,TRUE
Heart,"Heart Extends ‘Royal Flush Tour,’ Adding 31 North American Shows",https://news.pollstar.com/2024/04/02/heart-extends-royal-flush-tour-adding-31-north-american-shows/,2024-04-02,2024-04-20,2024-12-15,Intrust Bank Arena,"Wichita, KS",Arena,FALSE,,,TRUE
Heart,"Heart Extends ‘Royal Flush Tour,’ Adding 31 North American Shows",https://news.pollstar.com/2024/04/02/heart-extends-royal-flush-tour-adding-31-north-american-shows/,2024-04-02,2024-04-20,2024-12-15,Wells Fargo Arena,"Des Moines, IA",Arena,FALSE,,,TRUE
Heart,"Heart Extends ‘Royal Flush Tour,’ Adding 31 North American Shows",https://news.pollstar.com/2024/04/02/heart-extends-royal-flush-tour-adding-31-north-american-shows/,2024-04-02,2024-04-20,2024-12-15,Vibrant Arena at The MARK,"Moline, IL",Arena,FALSE,,,TRUE
Heart,"Heart Extends ‘Royal Flush Tour,’ Adding 31 North American Shows",https://news.pollstar.com/2024/04/02/heart-extends-royal-flush-tour-adding-31-north-american-shows/,2024-04-02,2024-04-20,2024-12-15,Resch Center,"Green Bay, WI",Arena,FALSE,,,TRUE
Heart,"Heart Extends ‘Royal Flush Tour,’ Adding 31 North American Shows",https://news.pollstar.com/2024/04/02/heart-extends-royal-flush-tour-adding-31-north-american-shows/,2024-04-02,2024-04-20,2024-12-15,Canada Life Centre*,"Winnipeg, MB",Arena,FALSE,,,TRUE
Heart,"Heart Extends ‘Royal Flush Tour,’ Adding 31 North American Shows",https://news.pollstar.com/2024/04/02/heart-extends-royal-flush-tour-adding-31-north-american-shows/,2024-04-02,2024-04-20,2024-12-15,Sasktel Centre*,"Saskatoon, SK",Arena,FALSE,,,TRUE
Heart,"Heart Extends ‘Royal Flush Tour,’ Adding 31 North American Shows",https://news.pollstar.com/2024/04/02/heart-extends-royal-flush-tour-adding-31-north-american-shows/,2024-04-02,2024-04-20,2024-12-15,Rogers Place*,"Edmonton, AB",Arena,FALSE,,,TRUE
Heart,"Heart Extends ‘Royal Flush Tour,’ Adding 31 North American Shows",https://news.pollstar.com/2024/04/02/heart-extends-royal-flush-tour-adding-31-north-american-shows/,2024-04-02,2024-04-20,2024-12-15,Scotiabank Saddledome*,"Calgary, AB",Arena,FALSE,,,TRUE
Heart,"Heart Extends ‘Royal Flush Tour,’ Adding 31 North American Shows",https://news.pollstar.com/2024/04/02/heart-extends-royal-flush-tour-adding-31-north-american-shows/,2024-04-02,2024-04-20,2024-12-15,Pacific Coliseum,"Vancouver, BC",Arena,FALSE,,,TRUE
Heart,"Heart Extends ‘Royal Flush Tour,’ Adding 31 North American Shows",https://news.pollstar.com/2024/04/02/heart-extends-royal-flush-tour-adding-31-north-american-shows/,2024-04-02,2024-04-20,2024-12-15,Spokane Arena,"Spokane, WA",Arena,FALSE,,,TRUE
Heart,"Heart Extends ‘Royal Flush Tour,’ Adding 31 North American Shows",https://news.pollstar.com/2024/04/02/heart-extends-royal-flush-tour-adding-31-north-american-shows/,2024-04-02,2024-04-20,2024-12-15,Extra Mile Arena,"Boise, ID",Arena,FALSE,,,TRUE
Heart,"Heart Extends ‘Royal Flush Tour,’ Adding 31 North American Shows",https://news.pollstar.com/2024/04/02/heart-extends-royal-flush-tour-adding-31-north-american-shows/,2024-04-02,2024-04-20,2024-12-15,Golden1 Center,"Sacramento, CA",Other,FALSE,,,TRUE
Heart,"Heart Extends ‘Royal Flush Tour,’ Adding 31 North American Shows",https://news.pollstar.com/2024/04/02/heart-extends-royal-flush-tour-adding-31-north-american-shows/,2024-04-02,2024-04-20,2024-12-15,Mechanics Bank Arena (special guest TBA),"Bakersfield, CA",Arena,FALSE,,,TRUE
Heart,"Heart Extends ‘Royal Flush Tour,’ Adding 31 North American Shows",https://news.pollstar.com/2024/04/02/heart-extends-royal-flush-tour-adding-31-north-american-shows/,2024-04-02,2024-04-20,2024-12-15,Pechanga Arena,"San Diego, CA",Arena,FALSE,,,TRUE
Heart,"Heart Extends ‘Royal Flush Tour,’ Adding 31 North American Shows",https://news.pollstar.com/2024/04/02/heart-extends-royal-flush-tour-adding-31-north-american-shows/,2024-04-02,2024-04-20,2024-12-15,Fontainebleau Las Vegas (An Evening With),"Las Vegas, NV",Theater,FALSE,,,TRUE
Heart,"Heart Extends ‘Royal Flush Tour,’ Adding 31 North American Shows",https://news.pollstar.com/2024/04/02/heart-extends-royal-flush-tour-adding-31-north-american-shows/,2024-04-02,2024-04-20,2024-12-15,Bon Secours Wellness Arena,"Greenville, SC",Arena,FALSE,,,TRUE
Heart,"Heart Extends ‘Royal Flush Tour,’ Adding 31 North American Shows",https://news.pollstar.com/2024/04/02/heart-extends-royal-flush-tour-adding-31-north-american-shows/,2024-04-02,2024-04-20,2024-12-15,Enmarket Arena,"Savannah, GA",Arena,FALSE,,,TRUE
Heart,"Heart Extends ‘Royal Flush Tour,’ Adding 31 North American Shows",https://news.pollstar.com/2024/04/02/heart-extends-royal-flush-tour-adding-31-north-american-shows/,2024-04-02,2024-04-20,2024-12-15,Hard Rock Live (in Seminole Hard Rock Hollywood) (Non-AEG event),"Hollywood, FL",Theater,FALSE,,,TRUE
Heart,"Heart Extends ‘Royal Flush Tour,’ Adding 31 North American Shows",https://news.pollstar.com/2024/04/02/heart-extends-royal-flush-tour-adding-31-north-american-shows/,2024-04-02,2024-04-20,2024-12-15,Amalie Arena,"Tampa, FL",Arena,FALSE,,,TRUE
Heart,"Heart Extends ‘Royal Flush Tour,’ Adding 31 North American Shows",https://news.pollstar.com/2024/04/02/heart-extends-royal-flush-tour-adding-31-north-american-shows/,2024-04-02,2024-04-20,2024-12-15,Frost Bank Center,"San Antonio, TX",Arena,FALSE,,,TRUE
Heart,"Heart Extends ‘Royal Flush Tour,’ Adding 31 North American Shows",https://news.pollstar.com/2024/04/02/heart-extends-royal-flush-tour-adding-31-north-american-shows/,2024-04-02,2024-04-20,2024-12-15,Lucas Oil Live at WinStar World Casino and Resort (Non-AEG event),"Thackerville, OK",Theater,FALSE,,,TRUE
Heart,"Heart Extends ‘Royal Flush Tour,’ Adding 31 North American Shows",https://news.pollstar.com/2024/04/02/heart-extends-royal-flush-tour-adding-31-north-american-shows/,2024-04-02,2024-04-20,2024-12-15,BOK Center,"Tulsa, OK",Arena,FALSE,,,TRUE
Heart,"Heart Extends ‘Royal Flush Tour,’ Adding 31 North American Shows",https://news.pollstar.com/2024/04/02/heart-extends-royal-flush-tour-adding-31-north-american-shows/,2024-04-02,2024-04-20,2024-12-15,Gainbridge Fieldhouse,"Indianapolis, IN",Arena,FALSE,,,TRUE
Heart,"Heart Extends ‘Royal Flush Tour,’ Adding 31 North American Shows",https://news.pollstar.com/2024/04/02/heart-extends-royal-flush-tour-adding-31-north-american-shows/,2024-04-02,2024-04-20,2024-12-15,State Farm Arena,"Atlanta, GA",Arena,FALSE,,,TRUE
Heart,"Heart Extends ‘Royal Flush Tour,’ Adding 31 North American Shows",https://news.pollstar.com/2024/04/02/heart-extends-royal-flush-tour-adding-31-north-american-shows/,2024-04-02,2024-04-20,2024-12-15,Spectrum Center,"Charlotte, NC",Arena,FALSE,,,TRUE
Heart,"Heart Extends ‘Royal Flush Tour,’ Adding 31 North American Shows",https://news.pollstar.com/2024/04/02/heart-extends-royal-flush-tour-adding-31-north-american-shows/,2024-04-02,2024-04-20,2024-12-15,CFG Bank Arena,"Baltimore, MD",Arena,FALSE,,,TRUE
Heart,"Heart Extends ‘Royal Flush Tour,’ Adding 31 North American Shows",https://news.pollstar.com/2024/04/02/heart-extends-royal-flush-tour-adding-31-north-american-shows/,2024-04-02,2024-04-20,2024-12-15,Schottenstein Center,"Columbus, OH",Arena,FALSE,,,TRUE
Heart,"Heart Extends ‘Royal Flush Tour,’ Adding 31 North American Shows",https://news.pollstar.com/2024/04/02/heart-extends-royal-flush-tour-adding-31-north-american-shows/,2024-04-02,2024-04-20,2024-12-15,Allstate Arena,"Rosemont, IL",Arena,FALSE,,,TRUE
Heart,"Heart Extends ‘Royal Flush Tour,’ Adding 31 North American Shows",https://news.pollstar.com/2024/04/02/heart-extends-royal-flush-tour-adding-31-north-american-shows/,2024-04-02,2024-04-20,2024-12-15,KFC Yum! Center,"Louisville, KY",Arena,FALSE,,,TRUE
Heart,"Heart Extends ‘Royal Flush Tour,’ Adding 31 North American Shows",https://news.pollstar.com/2024/04/02/heart-extends-royal-flush-tour-adding-31-north-american-shows/,2024-04-02,2024-04-20,2024-12-15,Little Caesars Arena,"Detroit, MI",Theater,FALSE,,,TRUE
Heart,"Heart Extends ‘Royal Flush Tour,’ Adding 31 North American Shows",https://news.pollstar.com/2024/04/02/heart-extends-royal-flush-tour-adding-31-north-american-shows/,2024-04-02,2024-04-20,2024-12-15,PPG Paints Arena,"Pittsburgh, PA",Arena,FALSE,,,TRUE
Heart,"Heart Extends ‘Royal Flush Tour,’ Adding 31 North American Shows",https://news.pollstar.com/2024/04/02/heart-extends-royal-flush-tour-adding-31-north-american-shows/,2024-04-02,2024-04-20,2024-12-15,Hard Rock Live,"Atlantic City, NJ",Theater,FALSE,,,TRUE
Heart,"Heart Extends ‘Royal Flush Tour,’ Adding 31 North American Shows",https://news.pollstar.com/2024/04/02/heart-extends-royal-flush-tour-adding-31-north-american-shows/,2024-04-02,2024-04-20,2024-12-15,Progressive Field (with Def Leppard & Journey),"Cleveland, OH",Stadium,FALSE,,,TRUE
Heart,"Heart Extends ‘Royal Flush Tour,’ Adding 31 North American Shows",https://news.pollstar.com/2024/04/02/heart-extends-royal-flush-tour-adding-31-north-american-shows/,2024-04-02,2024-04-20,2024-12-15,Canadian Tire Centre,"Ottawa, ON",Arena,FALSE,,,TRUE
Heart,"Heart Extends ‘Royal Flush Tour,’ Adding 31 North American Shows",https://news.pollstar.com/2024/04/02/heart-extends-royal-flush-tour-adding-31-north-american-shows/,2024-04-02,2024-04-20,2024-12-15,Rogers Centre (with Def Leppard & Journey),"Toronto, ON",Arena,FALSE,,,TRUE
Heart,"Heart Extends ‘Royal Flush Tour,’ Adding 31 North American Shows",https://news.pollstar.com/2024/04/02/heart-extends-royal-flush-tour-adding-31-north-american-shows/,2024-04-02,2024-04-20,2024-12-15,Fenway Park (with Def Leppard & Journey),"Boston, MA",Stadium,FALSE,,,TRUE
Heart,"Heart Extends ‘Royal Flush Tour,’ Adding 31 North American Shows",https://news.pollstar.com/2024/04/02/heart-extends-royal-flush-tour-adding-31-north-american-shows/,2024-04-02,2024-04-20,2024-12-15,Videotron Centre,"Quebec City, QC",Arena,FALSE,,,TRUE
Heart,"Heart Extends ‘Royal Flush Tour,’ Adding 31 North American Shows",https://news.pollstar.com/2024/04/02/heart-extends-royal-flush-tour-adding-31-north-american-shows/,2024-04-02,2024-04-20,2024-12-15,Bell Centre,"Montreal, QC",Arena,FALSE,,,TRUE
Heart,"Heart Extends ‘Royal Flush Tour,’ Adding 31 North American Shows",https://news.pollstar.com/2024/04/02/heart-extends-royal-flush-tour-adding-31-north-american-shows/,2024-04-02,2024-04-20,2024-12-15,MVP Arena,"Albany, NY",Arena,FALSE,,,TRUE
Heart,"Heart Extends ‘Royal Flush Tour,’ Adding 31 North American Shows",https://news.pollstar.com/2024/04/02/heart-extends-royal-flush-tour-adding-31-north-american-shows/,2024-04-02,2024-04-20,2024-12-15,KeyBank Center,"Buffalo, NY",Arena,FALSE,,,TRUE
Heart,"Heart Extends ‘Royal Flush Tour,’ Adding 31 North American Shows",https://news.pollstar.com/2024/04/02/heart-extends-royal-flush-tour-adding-31-north-american-shows/,2024-04-02,2024-04-20,2024-12-15,Heritage Bank Center,"Cincinnati, OH",Arena,FALSE,,,TRUE
Heart,"Heart Extends ‘Royal Flush Tour,’ Adding 31 North American Shows",https://news.pollstar.com/2024/04/02/heart-extends-royal-flush-tour-adding-31-north-american-shows/,2024-04-02,2024-04-20,2024-12-15,Fiserv Forum,"Milwaukee, WI",Arena,FALSE,,,TRUE
Heart,"Heart Extends ‘Royal Flush Tour,’ Adding 31 North American Shows",https://news.pollstar.com/2024/04/02/heart-extends-royal-flush-tour-adding-31-north-american-shows/,2024-04-02,2024-04-20,2024-12-15,Grand Casino Hinckley Amphitheater (Non-AEG event),"Hinckley, MN",Theater,FALSE,,,TRUE
Heart,"Heart Extends ‘Royal Flush Tour,’ Adding 31 North American Shows",https://news.pollstar.com/2024/04/02/heart-extends-royal-flush-tour-adding-31-north-american-shows/,2024-04-02,2024-04-20,2024-12-15,Pinnacle Bank Arena,"Lincoln, NE",Theater,FALSE,,,TRUE
Heart,"Heart Extends ‘Royal Flush Tour,’ Adding 31 North American Shows",https://news.pollstar.com/2024/04/02/heart-extends-royal-flush-tour-adding-31-north-american-shows/,2024-04-02,2024-04-20,2024-12-15,Van Andel Arena,"Grand Rapids, MI",Arena,FALSE,,,TRUE
Heart,"Heart Extends ‘Royal Flush Tour,’ Adding 31 North American Shows",https://news.pollstar.com/2024/04/02/heart-extends-royal-flush-tour-adding-31-north-american-shows/,2024-04-02,2024-04-20,2024-12-15,Charleston Coliseum,"Charleston, WV",Arena,FALSE,,,TRUE
Heart,"Heart Extends ‘Royal Flush Tour,’ Adding 31 North American Shows",https://news.pollstar.com/2024/04/02/heart-extends-royal-flush-tour-adding-31-north-american-shows/,2024-04-02,2024-04-20,2024-12-15,Thompson Boling Arena at Food City Center,"Knoxville, TN",Arena,FALSE,,,TRUE
Heart,"Heart Extends ‘Royal Flush Tour,’ Adding 31 North American Shows",https://news.pollstar.com/2024/04/02/heart-extends-royal-flush-tour-adding-31-north-american-shows/,2024-04-02,2024-04-20,2024-12-15,Scope Arena,"Norfolk, VA",Arena,FALSE,,,TRUE
Heart,"Heart Extends ‘Royal Flush Tour,’ Adding 31 North American Shows",https://news.pollstar.com/2024/04/02/heart-extends-royal-flush-tour-adding-31-north-american-shows/,2024-04-02,2024-04-20,2024-12-15,The Great Allentown Fair (Non-AEG event),"Allentown, PA",Other,FALSE,,,TRUE
Heart,"Heart Extends ‘Royal Flush Tour,’ Adding 31 North American Shows",https://news.pollstar.com/2024/04/02/heart-extends-royal-flush-tour-adding-31-north-american-shows/,2024-04-02,2024-04-20,2024-12-15,Moda Center,"Portland, OR",Arena,FALSE,,,TRUE
Heart,"Heart Extends ‘Royal Flush Tour,’ Adding 31 North American Shows",https://news.pollstar.com/2024/04/02/heart-extends-royal-flush-tour-adding-31-north-american-shows/,2024-04-02,2024-04-20,2024-12-15,Maverik Center,"West Valley City, UT",Arena,FALSE,,,TRUE
Heart,"Heart Extends ‘Royal Flush Tour,’ Adding 31 North American Shows",https://news.pollstar.com/2024/04/02/heart-extends-royal-flush-tour-adding-31-north-american-shows/,2024-04-02,2024-04-20,2024-12-15,Red Rocks Amphitheatre (An Evening With - SOLD OUT),"Morrison, CO",Amphitheater,FALSE,,,TRUE
Heart,"Heart Extends ‘Royal Flush Tour,’ Adding 31 North American Shows",https://news.pollstar.com/2024/04/02/heart-extends-royal-flush-tour-adding-31-north-american-shows/,2024-04-02,2024-04-20,2024-12-15,Graspop Metal Meeting Festival,"Dessel, BE",Other,FALSE,,,TRUE
Heart,"Heart Extends ‘Royal Flush Tour,’ Adding 31 North American Shows",https://news.pollstar.com/2024/04/02/heart-extends-royal-flush-tour-adding-31-north-american-shows/,2024-04-02,2024-04-20,2024-12-15,UberEats Music Hall,"Berlin, DE",Other,FALSE,,,TRUE
Heart,"Heart Extends ‘Royal Flush Tour,’ Adding 31 North American Shows",https://news.pollstar.com/2024/04/02/heart-extends-royal-flush-tour-adding-31-north-american-shows/,2024-04-02,2024-04-20,2024-12-15,Grona Lund,"Stockholm, SE",Other,FALSE,,,TRUE
Heart,"Heart Extends ‘Royal Flush Tour,’ Adding 31 North American Shows",https://news.pollstar.com/2024/04/02/heart-extends-royal-flush-tour-adding-31-north-american-shows/,2024-04-02,2024-04-20,2024-12-15,Ice Hall,"Helsinki, FI",Theater,FALSE,,,TRUE
Heart,"Heart Extends ‘Royal Flush Tour,’ Adding 31 North American Shows",https://news.pollstar.com/2024/04/02/heart-extends-royal-flush-tour-adding-31-north-american-shows/,2024-04-02,2024-04-20,2024-12-15,Tons of Rock Festival,"Oslo, NO",Other,FALSE,,,TRUE
Heart,"Heart Extends ‘Royal Flush Tour,’ Adding 31 North American Shows",https://news.pollstar.com/2024/04/02/heart-extends-royal-flush-tour-adding-31-north-american-shows/,2024-04-02,2024-04-20,2024-12-15,Hellfest,"Clisson, FR",Other,FALSE,,,TRUE
Heart,"Heart Extends ‘Royal Flush Tour,’ Adding 31 North American Shows",https://news.pollstar.com/2024/04/02/heart-extends-royal-flush-tour-adding-31-north-american-shows/,2024-04-02,2024-04-20,2024-12-15,The O2,"London, UK",Arena,FALSE,,,TRUE
Heart,"Heart Extends ‘Royal Flush Tour,’ Adding 31 North American Shows",https://news.pollstar.com/2024/04/02/heart-extends-royal-flush-tour-adding-31-north-american-shows/,2024-04-02,2024-04-20,2024-12-15,Utilita Arena Birmingham,"Birmingham, UK",Arena,FALSE,,,TRUE
Heart,"Heart Extends ‘Royal Flush Tour,’ Adding 31 North American Shows",https://news.pollstar.com/2024/04/02/heart-extends-royal-flush-tour-adding-31-north-american-shows/,2024-04-02,2024-04-20,2024-12-15,Capital FM Arena,"Nottingham, UK",Arena,FALSE,,,TRUE
Heart,"Heart Extends ‘Royal Flush Tour,’ Adding 31 North American Shows",https://news.pollstar.com/2024/04/02/heart-extends-royal-flush-tour-adding-31-north-american-shows/,2024-04-02,2024-04-20,2024-12-15,AO Arena,"Manchester, UK",Arena,FALSE,,,TRUE
Heart,"Heart Extends ‘Royal Flush Tour,’ Adding 31 North American Shows",https://news.pollstar.com/2024/04/02/heart-extends-royal-flush-tour-adding-31-north-american-shows/,2024-04-02,2024-04-20,2024-12-15,First Direct Arena,"Leeds, UK",Arena,FALSE,,,TRUE
Heart,"Heart Extends ‘Royal Flush Tour,’ Adding 31 North American Shows",https://news.pollstar.com/2024/04/02/heart-extends-royal-flush-tour-adding-31-north-american-shows/,2024-04-02,2024-04-20,2024-12-15,OVO Hydro,"Glasgow, UK",Arena,FALSE,,,TRUE
Heart,"Heart Extends ‘Royal Flush Tour,’ Adding 31 North American Shows",https://news.pollstar.com/2024/04/02/heart-extends-royal-flush-tour-adding-31-north-american-shows/,2024-04-02,2024-04-20,2024-12-15,Rockhal - Club,"Esch-Sur-Alzette, LU",Club,FALSE,,,TRUE
Heart,"Heart Extends ‘Royal Flush Tour,’ Adding 31 North American Shows",https://news.pollstar.com/2024/04/02/heart-extends-royal-flush-tour-adding-31-north-american-shows/,2024-04-02,2024-04-20,2024-12-15,Bospop Festival,"Weert, NL",Other,FALSE,,,TRUE
The Black Keys,The Black Keys Announce 31-Date North American Headline Tour,https://news.pollstar.com/2024/04/01/the-black-keys-announce-31-date-north-american-headline-tour/,2024-04-01,2024-09-17,2024-11-12,BOK Center,"Tulsa, OK",Arena,FALSE,,,TRUE
The Black Keys,The Black Keys Announce 31-Date North American Headline Tour,https://news.pollstar.com/2024/04/01/the-black-keys-announce-31-date-north-american-headline-tour/,2024-04-01,2024-09-17,2024-11-12,Moody Center,"Austin, TX",Arena,FALSE,,,TRUE
The Black Keys,The Black Keys Announce 31-Date North American Headline Tour,https://news.pollstar.com/2024/04/01/the-black-keys-announce-31-date-north-american-headline-tour/,2024-04-01,2024-09-17,2024-11-12,American Airlines Center,"Dallas, TX",Arena,FALSE,,,TRUE
The Black Keys,The Black Keys Announce 31-Date North American Headline Tour,https://news.pollstar.com/2024/04/01/the-black-keys-announce-31-date-north-american-headline-tour/,2024-04-01,2024-09-17,2024-11-12,Toyota Center,"Houston, TX",Arena,FALSE,,,TRUE
The Black Keys,The Black Keys Announce 31-Date North American Headline Tour,https://news.pollstar.com/2024/04/01/the-black-keys-announce-31-date-north-american-headline-tour/,2024-04-01,2024-09-17,2024-11-12,Ball Arena,"Denver, CO",Arena,FALSE,,,TRUE
The Black Keys,The Black Keys Announce 31-Date North American Headline Tour,https://news.pollstar.com/2024/04/01/the-black-keys-announce-31-date-north-american-headline-tour/,2024-04-01,2024-09-17,2024-11-12,Footprint Center,"Phoenix, AZ",Arena,FALSE,,,TRUE
The Black Keys,The Black Keys Announce 31-Date North American Headline Tour,https://news.pollstar.com/2024/04/01/the-black-keys-announce-31-date-north-american-headline-tour/,2024-04-01,2024-09-17,2024-11-12,Kia Forum,"Los Angeles, CA",Arena,FALSE,,,TRUE
The Black Keys,The Black Keys Announce 31-Date North American Headline Tour,https://news.pollstar.com/2024/04/01/the-black-keys-announce-31-date-north-american-headline-tour/,2024-04-01,2024-09-17,2024-11-12,Acrisure Arena,"Palm Desert, CA",Arena,FALSE,,,TRUE
The Black Keys,The Black Keys Announce 31-Date North American Headline Tour,https://news.pollstar.com/2024/04/01/the-black-keys-announce-31-date-north-american-headline-tour/,2024-04-01,2024-09-17,2024-11-12,Shoreline Amphitheatre,"Mountain View, CA",Amphitheater,LYV,,,TRUE
The Black Keys,The Black Keys Announce 31-Date North American Headline Tour,https://news.pollstar.com/2024/04/01/the-black-keys-announce-31-date-north-american-headline-tour/,2024-04-01,2024-09-17,2024-11-12,Moda Center,"Portland, OR",Arena,FALSE,,,TRUE
The Black Keys,The Black Keys Announce 31-Date North American Headline Tour,https://news.pollstar.com/2024/04/01/the-black-keys-announce-31-date-north-american-headline-tour/,2024-04-01,2024-09-17,2024-11-12,Climate Pledge Arena,"Seattle, WA",Arena,FALSE,,,TRUE
The Black Keys,The Black Keys Announce 31-Date North American Headline Tour,https://news.pollstar.com/2024/04/01/the-black-keys-announce-31-date-north-american-headline-tour/,2024-04-01,2024-09-17,2024-11-12,PPG Paints Arena,"Pittsburgh, PA",Arena,FALSE,,,TRUE
The Black Keys,The Black Keys Announce 31-Date North American Headline Tour,https://news.pollstar.com/2024/04/01/the-black-keys-announce-31-date-north-american-headline-tour/,2024-04-01,2024-09-17,2024-11-12,Scotiabank Arena,"Toronto, ON",Arena,FALSE,,,TRUE
The Black Keys,The Black Keys Announce 31-Date North American Headline Tour,https://news.pollstar.com/2024/04/01/the-black-keys-announce-31-date-north-american-headline-tour/,2024-04-01,2024-09-17,2024-11-12,Rocket Mortgage FieldHouse,"Cleveland, OH",Arena,FALSE,,,TRUE
The Black Keys,The Black Keys Announce 31-Date North American Headline Tour,https://news.pollstar.com/2024/04/01/the-black-keys-announce-31-date-north-american-headline-tour/,2024-04-01,2024-09-17,2024-11-12,Van Andel Arena,"Grand Rapids, MI",Arena,FALSE,,,TRUE
The Black Keys,The Black Keys Announce 31-Date North American Headline Tour,https://news.pollstar.com/2024/04/01/the-black-keys-announce-31-date-north-american-headline-tour/,2024-04-01,2024-09-17,2024-11-12,Spectrum Center,"Charlotte, NC",Arena,FALSE,,,TRUE
The Black Keys,The Black Keys Announce 31-Date North American Headline Tour,https://news.pollstar.com/2024/04/01/the-black-keys-announce-31-date-north-american-headline-tour/,2024-04-01,2024-09-17,2024-11-12,Bridgestone Arena,"Nashville, TN",Arena,FALSE,,,TRUE
The Black Keys,The Black Keys Announce 31-Date North American Headline Tour,https://news.pollstar.com/2024/04/01/the-black-keys-announce-31-date-north-american-headline-tour/,2024-04-01,2024-09-17,2024-11-12,State Farm Arena,"Atlanta, GA",Arena,FALSE,,,TRUE
The Black Keys,The Black Keys Announce 31-Date North American Headline Tour,https://news.pollstar.com/2024/04/01/the-black-keys-announce-31-date-north-american-headline-tour/,2024-04-01,2024-09-17,2024-11-12,Wells Fargo Center,"Philadelphia, PA",Arena,FALSE,,,TRUE
The Black Keys,The Black Keys Announce 31-Date North American Headline Tour,https://news.pollstar.com/2024/04/01/the-black-keys-announce-31-date-north-american-headline-tour/,2024-04-01,2024-09-17,2024-11-12,KFC Yum! Center,"Louisville, KY",Arena,FALSE,,,TRUE
The Black Keys,The Black Keys Announce 31-Date North American Headline Tour,https://news.pollstar.com/2024/04/01/the-black-keys-announce-31-date-north-american-headline-tour/,2024-04-01,2024-09-17,2024-11-12,Nationwide Arena,"Columbus, OH",Arena,FALSE,,,TRUE
The Black Keys,The Black Keys Announce 31-Date North American Headline Tour,https://news.pollstar.com/2024/04/01/the-black-keys-announce-31-date-north-american-headline-tour/,2024-04-01,2024-09-17,2024-11-12,Gainbridge Fieldhouse,"Indianapolis, IN",Arena,FALSE,,,TRUE
The Black Keys,The Black Keys Announce 31-Date North American Headline Tour,https://news.pollstar.com/2024/04/01/the-black-keys-announce-31-date-north-american-headline-tour/,2024-04-01,2024-09-17,2024-11-12,Food City Center,"Knoxville, TN",Arena,FALSE,,,TRUE
The Black Keys,The Black Keys Announce 31-Date North American Headline Tour,https://news.pollstar.com/2024/04/01/the-black-keys-announce-31-date-north-american-headline-tour/,2024-04-01,2024-09-17,2024-11-12,Madison Square Garden,"New York, NY",Arena,FALSE,,,TRUE
The Black Keys,The Black Keys Announce 31-Date North American Headline Tour,https://news.pollstar.com/2024/04/01/the-black-keys-announce-31-date-north-american-headline-tour/,2024-04-01,2024-09-17,2024-11-12,TD Garden,"Boston, MA",Arena,FALSE,,,TRUE
The Black Keys,The Black Keys Announce 31-Date North American Headline Tour,https://news.pollstar.com/2024/04/01/the-black-keys-announce-31-date-north-american-headline-tour/,2024-04-01,2024-09-17,2024-11-12,Mohegan Sun Arena,"Uncasville, CT",Arena,FALSE,,,TRUE
The Black Keys,The Black Keys Announce 31-Date North American Headline Tour,https://news.pollstar.com/2024/04/01/the-black-keys-announce-31-date-north-american-headline-tour/,2024-04-01,2024-09-17,2024-11-12,United Center,"Chicago, IL",Arena,FALSE,,,TRUE
The Black Keys,The Black Keys Announce 31-Date North American Headline Tour,https://news.pollstar.com/2024/04/01/the-black-keys-announce-31-date-north-american-headline-tour/,2024-04-01,2024-09-17,2024-11-12,Fiserv Forum,"Milwaukee, WI",Arena,FALSE,,,TRUE
The Black Keys,The Black Keys Announce 31-Date North American Headline Tour,https://news.pollstar.com/2024/04/01/the-black-keys-announce-31-date-north-american-headline-tour/,2024-04-01,2024-09-17,2024-11-12,Target Center,"Minneapolis, MN",Arena,FALSE,,,TRUE
The Black Keys,The Black Keys Announce 31-Date North American Headline Tour,https://news.pollstar.com/2024/04/01/the-black-keys-announce-31-date-north-american-headline-tour/,2024-04-01,2024-09-17,2024-11-12,Little Caesars Arena,"Detroit, MI",Theater,FALSE,,,TRUE
Megan Thee Stallion,Megan Thee Stallion Unveils The ‘Hot Girl Summer Tour’ With GloRilla,https://news.pollstar.com/2024/03/20/megan-thee-stallion-unveils-the-hot-girl-summer-tour-with-glorilla/,2024-03-20,2024-05-14,2024-07-27,Target Center,"Minneapolis, MN",Arena,FALSE,,,TRUE
Megan Thee Stallion,Megan Thee Stallion Unveils The ‘Hot Girl Summer Tour’ With GloRilla,https://news.pollstar.com/2024/03/20/megan-thee-stallion-unveils-the-hot-girl-summer-tour-with-glorilla/,2024-03-20,2024-05-14,2024-07-27,United Center,"Chicago, IL",Arena,FALSE,,,TRUE
Megan Thee Stallion,Megan Thee Stallion Unveils The ‘Hot Girl Summer Tour’ With GloRilla,https://news.pollstar.com/2024/03/20/megan-thee-stallion-unveils-the-hot-girl-summer-tour-with-glorilla/,2024-03-20,2024-05-14,2024-07-27,Little Caesars Arena,"Detroit, MI",Theater,FALSE,,,TRUE
Megan Thee Stallion,Megan Thee Stallion Unveils The ‘Hot Girl Summer Tour’ With GloRilla,https://news.pollstar.com/2024/03/20/megan-thee-stallion-unveils-the-hot-girl-summer-tour-with-glorilla/,2024-03-20,2024-05-14,2024-07-27,Madison Square Garden,"New York, NY",Arena,FALSE,,,TRUE
Megan Thee Stallion,Megan Thee Stallion Unveils The ‘Hot Girl Summer Tour’ With GloRilla,https://news.pollstar.com/2024/03/20/megan-thee-stallion-unveils-the-hot-girl-summer-tour-with-glorilla/,2024-03-20,2024-05-14,2024-07-27,Wells Fargo Center,"Philadelphia, PA",Arena,FALSE,,,TRUE
Megan Thee Stallion,Megan Thee Stallion Unveils The ‘Hot Girl Summer Tour’ With GloRilla,https://news.pollstar.com/2024/03/20/megan-thee-stallion-unveils-the-hot-girl-summer-tour-with-glorilla/,2024-03-20,2024-05-14,2024-07-27,BottleRock Napa Valley Festival,"Napa, CA",Other,FALSE,,,TRUE
Megan Thee Stallion,Megan Thee Stallion Unveils The ‘Hot Girl Summer Tour’ With GloRilla,https://news.pollstar.com/2024/03/20/megan-thee-stallion-unveils-the-hot-girl-summer-tour-with-glorilla/,2024-03-20,2024-05-14,2024-07-27,Boston Calling Festival,"Boston, MA",Other,FALSE,,,TRUE
Megan Thee Stallion,Megan Thee Stallion Unveils The ‘Hot Girl Summer Tour’ With GloRilla,https://news.pollstar.com/2024/03/20/megan-thee-stallion-unveils-the-hot-girl-summer-tour-with-glorilla/,2024-03-20,2024-05-14,2024-07-27,CFG Bank Arena,"Baltimore, MD",Arena,FALSE,,,TRUE
Megan Thee Stallion,Megan Thee Stallion Unveils The ‘Hot Girl Summer Tour’ With GloRilla,https://news.pollstar.com/2024/03/20/megan-thee-stallion-unveils-the-hot-girl-summer-tour-with-glorilla/,2024-03-20,2024-05-14,2024-07-27,FedEx Forum,"Memphis, TN",Other,FALSE,,,TRUE
Megan Thee Stallion,Megan Thee Stallion Unveils The ‘Hot Girl Summer Tour’ With GloRilla,https://news.pollstar.com/2024/03/20/megan-thee-stallion-unveils-the-hot-girl-summer-tour-with-glorilla/,2024-03-20,2024-05-14,2024-07-27,State Farm Arena,"Atlanta, GA",Arena,FALSE,,,TRUE
Megan Thee Stallion,Megan Thee Stallion Unveils The ‘Hot Girl Summer Tour’ With GloRilla,https://news.pollstar.com/2024/03/20/megan-thee-stallion-unveils-the-hot-girl-summer-tour-with-glorilla/,2024-03-20,2024-05-14,2024-07-27,PNC Arena,"Raleigh, NC",Arena,FALSE,,,TRUE
Megan Thee Stallion,Megan Thee Stallion Unveils The ‘Hot Girl Summer Tour’ With GloRilla,https://news.pollstar.com/2024/03/20/megan-thee-stallion-unveils-the-hot-girl-summer-tour-with-glorilla/,2024-03-20,2024-05-14,2024-07-27,Seminole Hard Rock Hotel & Casino,"Hollywood, FL",Theater,FALSE,,,TRUE
Megan Thee Stallion,Megan Thee Stallion Unveils The ‘Hot Girl Summer Tour’ With GloRilla,https://news.pollstar.com/2024/03/20/megan-thee-stallion-unveils-the-hot-girl-summer-tour-with-glorilla/,2024-03-20,2024-05-14,2024-07-27,Amalie Arena,"Tampa, FL",Arena,FALSE,,,TRUE
Megan Thee Stallion,Megan Thee Stallion Unveils The ‘Hot Girl Summer Tour’ With GloRilla,https://news.pollstar.com/2024/03/20/megan-thee-stallion-unveils-the-hot-girl-summer-tour-with-glorilla/,2024-03-20,2024-05-14,2024-07-27,Smoothie King Center,"New Orleans, LA",Arena,FALSE,,,TRUE
Megan Thee Stallion,Megan Thee Stallion Unveils The ‘Hot Girl Summer Tour’ With GloRilla,https://news.pollstar.com/2024/03/20/megan-thee-stallion-unveils-the-hot-girl-summer-tour-with-glorilla/,2024-03-20,2024-05-14,2024-07-27,American Airlines Center,"Dallas, TX",Arena,FALSE,,,TRUE
Megan Thee Stallion,Megan Thee Stallion Unveils The ‘Hot Girl Summer Tour’ With GloRilla,https://news.pollstar.com/2024/03/20/megan-thee-stallion-unveils-the-hot-girl-summer-tour-with-glorilla/,2024-03-20,2024-05-14,2024-07-27,Moody Center,"Austin, TX",Arena,FALSE,,,TRUE
Megan Thee Stallion,Megan Thee Stallion Unveils The ‘Hot Girl Summer Tour’ With GloRilla,https://news.pollstar.com/2024/03/20/megan-thee-stallion-unveils-the-hot-girl-summer-tour-with-glorilla/,2024-03-20,2024-05-14,2024-07-27,Toyota Center,"Houston, TX",Arena,FALSE,,,TRUE
Megan Thee Stallion,Megan Thee Stallion Unveils The ‘Hot Girl Summer Tour’ With GloRilla,https://news.pollstar.com/2024/03/20/megan-thee-stallion-unveils-the-hot-girl-summer-tour-with-glorilla/,2024-03-20,2024-05-14,2024-07-27,Bonnaroo Music & Arts Festival,"Manchester, TN",Amphitheater,LYV,,,TRUE
Megan Thee Stallion,Megan Thee Stallion Unveils The ‘Hot Girl Summer Tour’ With GloRilla,https://news.pollstar.com/2024/03/20/megan-thee-stallion-unveils-the-hot-girl-summer-tour-with-glorilla/,2024-03-20,2024-05-14,2024-07-27,Ball Arena,"Denver, CO",Arena,FALSE,,,TRUE
Megan Thee Stallion,Megan Thee Stallion Unveils The ‘Hot Girl Summer Tour’ With GloRilla,https://news.pollstar.com/2024/03/20/megan-thee-stallion-unveils-the-hot-girl-summer-tour-with-glorilla/,2024-03-20,2024-05-14,2024-07-27,Footprint Center,"Phoenix, AZ",Arena,FALSE,,,TRUE
Megan Thee Stallion,Megan Thee Stallion Unveils The ‘Hot Girl Summer Tour’ With GloRilla,https://news.pollstar.com/2024/03/20/megan-thee-stallion-unveils-the-hot-girl-summer-tour-with-glorilla/,2024-03-20,2024-05-14,2024-07-27,Crypto.com,"Los Angeles, CA",Arena,FALSE,,,TRUE
Megan Thee Stallion,Megan Thee Stallion Unveils The ‘Hot Girl Summer Tour’ With GloRilla,https://news.pollstar.com/2024/03/20/megan-thee-stallion-unveils-the-hot-girl-summer-tour-with-glorilla/,2024-03-20,2024-05-14,2024-07-27,MGM Grand Garden Arena,"Las Vegas, NV",Arena,FALSE,,,TRUE
Megan Thee Stallion,Megan Thee Stallion Unveils The ‘Hot Girl Summer Tour’ With GloRilla,https://news.pollstar.com/2024/03/20/megan-thee-stallion-unveils-the-hot-girl-summer-tour-with-glorilla/,2024-03-20,2024-05-14,2024-07-27,OVO Hydro,"Glasgow, UK",Arena,FALSE,,,TRUE
Megan Thee Stallion,Megan Thee Stallion Unveils The ‘Hot Girl Summer Tour’ With GloRilla,https://news.pollstar.com/2024/03/20/megan-thee-stallion-unveils-the-hot-girl-summer-tour-with-glorilla/,2024-03-20,2024-05-14,2024-07-27,Co-op Live,"Manchester, UK",Arena,FALSE,,,TRUE
Megan Thee Stallion,Megan Thee Stallion Unveils The ‘Hot Girl Summer Tour’ With GloRilla,https://news.pollstar.com/2024/03/20/megan-thee-stallion-unveils-the-hot-girl-summer-tour-with-glorilla/,2024-03-20,2024-05-14,2024-07-27,Zenith,"Paris, FR",Arena,FALSE,,,TRUE
Megan Thee Stallion,Megan Thee Stallion Unveils The ‘Hot Girl Summer Tour’ With GloRilla,https://news.pollstar.com/2024/03/20/megan-thee-stallion-unveils-the-hot-girl-summer-tour-with-glorilla/,2024-03-20,2024-05-14,2024-07-27,Ziggy Dome,"Amsterdam, NL",Other,FALSE,,,TRUE
Megan Thee Stallion,Megan Thee Stallion Unveils The ‘Hot Girl Summer Tour’ With GloRilla,https://news.pollstar.com/2024/03/20/megan-thee-stallion-unveils-the-hot-girl-summer-tour-with-glorilla/,2024-03-20,2024-05-14,2024-07-27,Lanxess Arena,"Cologne, DE",Arena,FALSE,,,TRUE
Megan Thee Stallion,Megan Thee Stallion Unveils The ‘Hot Girl Summer Tour’ With GloRilla,https://news.pollstar.com/2024/03/20/megan-thee-stallion-unveils-the-hot-girl-summer-tour-with-glorilla/,2024-03-20,2024-05-14,2024-07-27,3Arena,"Dublin, IE",Arena,LYV,,,TRUE
Megan Thee Stallion,Megan Thee Stallion Unveils The ‘Hot Girl Summer Tour’ With GloRilla,https://news.pollstar.com/2024/03/20/megan-thee-stallion-unveils-the-hot-girl-summer-tour-with-glorilla/,2024-03-20,2024-05-14,2024-07-27,Utilita Arena,"Birmingham, UK",Arena,FALSE,,,TRUE
Megan Thee Stallion,Megan Thee Stallion Unveils The ‘Hot Girl Summer Tour’ With GloRilla,https://news.pollstar.com/2024/03/20/megan-thee-stallion-unveils-the-hot-girl-summer-tour-with-glorilla/,2024-03-20,2024-05-14,2024-07-27,The O2,"London, UK",Arena,FALSE,,,TRUE
Megan Thee Stallion,Megan Thee Stallion Unveils The ‘Hot Girl Summer Tour’ With GloRilla,https://news.pollstar.com/2024/03/20/megan-thee-stallion-unveils-the-hot-girl-summer-tour-with-glorilla/,2024-03-20,2024-05-14,2024-07-27,Broccoli City Festival,"Washington, DC",Other,FALSE,,,TRUE
Hans Zimmer To Tour Arenas This Fall,Hans Zimmer To Tour Arenas This Fall,https://news.pollstar.com/2024/03/15/hans-zimmer-to-tour-arenas-with-fall-tour/,2024-03-15,2024-09-06,2024-10-06,Gas South Arena,"Duluth, GA",Arena,FALSE,,,TRUE
Hans Zimmer To Tour Arenas This Fall,Hans Zimmer To Tour Arenas This Fall,https://news.pollstar.com/2024/03/15/hans-zimmer-to-tour-arenas-with-fall-tour/,2024-03-15,2024-09-06,2024-10-06,"Seminole Hard Rock Hotel & Casino, Hard Rock Live","Hollywood, FL",Theater,FALSE,,,TRUE
Hans Zimmer To Tour Arenas This Fall,Hans Zimmer To Tour Arenas This Fall,https://news.pollstar.com/2024/03/15/hans-zimmer-to-tour-arenas-with-fall-tour/,2024-03-15,2024-09-06,2024-10-06,PNC Arena,"Raleigh, NC",Arena,FALSE,,,TRUE
Hans Zimmer To Tour Arenas This Fall,Hans Zimmer To Tour Arenas This Fall,https://news.pollstar.com/2024/03/15/hans-zimmer-to-tour-arenas-with-fall-tour/,2024-03-15,2024-09-06,2024-10-06,Madison Square Garden,"New York, NY",Arena,FALSE,,,TRUE
Hans Zimmer To Tour Arenas This Fall,Hans Zimmer To Tour Arenas This Fall,https://news.pollstar.com/2024/03/15/hans-zimmer-to-tour-arenas-with-fall-tour/,2024-03-15,2024-09-06,2024-10-06,CFG Bank Arena,"Baltimore, MD",Arena,FALSE,,,TRUE
Hans Zimmer To Tour Arenas This Fall,Hans Zimmer To Tour Arenas This Fall,https://news.pollstar.com/2024/03/15/hans-zimmer-to-tour-arenas-with-fall-tour/,2024-03-15,2024-09-06,2024-10-06,TD Garden,"Boston, MA",Arena,FALSE,,,TRUE
Hans Zimmer To Tour Arenas This Fall,Hans Zimmer To Tour Arenas This Fall,https://news.pollstar.com/2024/03/15/hans-zimmer-to-tour-arenas-with-fall-tour/,2024-03-15,2024-09-06,2024-10-06,Bell Centre,"Montreal, QC",Arena,FALSE,,,TRUE
Hans Zimmer To Tour Arenas This Fall,Hans Zimmer To Tour Arenas This Fall,https://news.pollstar.com/2024/03/15/hans-zimmer-to-tour-arenas-with-fall-tour/,2024-03-15,2024-09-06,2024-10-06,Scotiabank Arena,"Toronto, ON",Arena,FALSE,,,TRUE
Hans Zimmer To Tour Arenas This Fall,Hans Zimmer To Tour Arenas This Fall,https://news.pollstar.com/2024/03/15/hans-zimmer-to-tour-arenas-with-fall-tour/,2024-03-15,2024-09-06,2024-10-06,Target Center,"Minneapolis, MN",Arena,FALSE,,,TRUE
Hans Zimmer To Tour Arenas This Fall,Hans Zimmer To Tour Arenas This Fall,https://news.pollstar.com/2024/03/15/hans-zimmer-to-tour-arenas-with-fall-tour/,2024-03-15,2024-09-06,2024-10-06,United Center,"Chicago, IL",Arena,FALSE,,,TRUE
Hans Zimmer To Tour Arenas This Fall,Hans Zimmer To Tour Arenas This Fall,https://news.pollstar.com/2024/03/15/hans-zimmer-to-tour-arenas-with-fall-tour/,2024-03-15,2024-09-06,2024-10-06,Dickies Arena,"Fort Worth, TX",Arena,FALSE,,,TRUE
Hans Zimmer To Tour Arenas This Fall,Hans Zimmer To Tour Arenas This Fall,https://news.pollstar.com/2024/03/15/hans-zimmer-to-tour-arenas-with-fall-tour/,2024-03-15,2024-09-06,2024-10-06,Ball Arena,"Denver, CO",Arena,FALSE,,,TRUE
Hans Zimmer To Tour Arenas This Fall,Hans Zimmer To Tour Arenas This Fall,https://news.pollstar.com/2024/03/15/hans-zimmer-to-tour-arenas-with-fall-tour/,2024-03-15,2024-09-06,2024-10-06,The Theater at Resorts World,"Las Vegas, NV",Theater,FALSE,,,TRUE
Hans Zimmer To Tour Arenas This Fall,Hans Zimmer To Tour Arenas This Fall,https://news.pollstar.com/2024/03/15/hans-zimmer-to-tour-arenas-with-fall-tour/,2024-03-15,2024-09-06,2024-10-06,Crypto.com Arena,"Los Angeles, CA",Arena,FALSE,,,TRUE
Hans Zimmer To Tour Arenas This Fall,Hans Zimmer To Tour Arenas This Fall,https://news.pollstar.com/2024/03/15/hans-zimmer-to-tour-arenas-with-fall-tour/,2024-03-15,2024-09-06,2024-10-06,Oakland Arena,"Oakland, CA",Arena,FALSE,,,TRUE
Hans Zimmer To Tour Arenas This Fall,Hans Zimmer To Tour Arenas This Fall,https://news.pollstar.com/2024/03/15/hans-zimmer-to-tour-arenas-with-fall-tour/,2024-03-15,2024-09-06,2024-10-06,Climate Pledge Arena,"Seattle, WA",Arena,FALSE,,,TRUE
Hans Zimmer To Tour Arenas This Fall,Hans Zimmer To Tour Arenas This Fall,https://news.pollstar.com/2024/03/15/hans-zimmer-to-tour-arenas-with-fall-tour/,2024-03-15,2024-09-06,2024-10-06,Rogers Arena,"Vancouver, BC",Arena,FALSE,,,TRUE
Jeff Lynne’s ELO,Jeff Lynne’s ELO Announces Final Tour,https://news.pollstar.com/2024/03/18/jeff-lynnes-elo-announces-final-tour/,2024-03-18,2024-08-24,2024-10-25,Acrisure Arena,"Palm Desert, CA",Arena,FALSE,,,TRUE
Jeff Lynne’s ELO,Jeff Lynne’s ELO Announces Final Tour,https://news.pollstar.com/2024/03/18/jeff-lynnes-elo-announces-final-tour/,2024-03-18,2024-08-24,2024-10-25,Climate Pledge Arena,"Seattle, WA",Arena,FALSE,,,TRUE
Jeff Lynne’s ELO,Jeff Lynne’s ELO Announces Final Tour,https://news.pollstar.com/2024/03/18/jeff-lynnes-elo-announces-final-tour/,2024-03-18,2024-08-24,2024-10-25,Rogers Arena,"Vancouver, BC",Arena,FALSE,,,TRUE
Jeff Lynne’s ELO,Jeff Lynne’s ELO Announces Final Tour,https://news.pollstar.com/2024/03/18/jeff-lynnes-elo-announces-final-tour/,2024-03-18,2024-08-24,2024-10-25,Moda Center,"Portland, OR",Arena,FALSE,,,TRUE
Jeff Lynne’s ELO,Jeff Lynne’s ELO Announces Final Tour,https://news.pollstar.com/2024/03/18/jeff-lynnes-elo-announces-final-tour/,2024-03-18,2024-08-24,2024-10-25,Chase Center,"San Francisco, CA",Arena,FALSE,,,TRUE
Jeff Lynne’s ELO,Jeff Lynne’s ELO Announces Final Tour,https://news.pollstar.com/2024/03/18/jeff-lynnes-elo-announces-final-tour/,2024-03-18,2024-08-24,2024-10-25,Enterprise Center,"St. Louis, MO",Arena,FALSE,,,TRUE
Jeff Lynne’s ELO,Jeff Lynne’s ELO Announces Final Tour,https://news.pollstar.com/2024/03/18/jeff-lynnes-elo-announces-final-tour/,2024-03-18,2024-08-24,2024-10-25,Gainbridge Fieldhouse,"Indianapolis, IN",Arena,FALSE,,,TRUE
Jeff Lynne’s ELO,Jeff Lynne’s ELO Announces Final Tour,https://news.pollstar.com/2024/03/18/jeff-lynnes-elo-announces-final-tour/,2024-03-18,2024-08-24,2024-10-25,Scotiabank Arena,"Toronto, ON",Arena,FALSE,,,TRUE
Jeff Lynne’s ELO,Jeff Lynne’s ELO Announces Final Tour,https://news.pollstar.com/2024/03/18/jeff-lynnes-elo-announces-final-tour/,2024-03-18,2024-08-24,2024-10-25,PPG Paints Arena,"Pittsburgh, PA",Arena,FALSE,,,TRUE
Jeff Lynne’s ELO,Jeff Lynne’s ELO Announces Final Tour,https://news.pollstar.com/2024/03/18/jeff-lynnes-elo-announces-final-tour/,2024-03-18,2024-08-24,2024-10-25,Heritage Bank Center,"Cincinnati, OH",Arena,FALSE,,,TRUE
Jeff Lynne’s ELO,Jeff Lynne’s ELO Announces Final Tour,https://news.pollstar.com/2024/03/18/jeff-lynnes-elo-announces-final-tour/,2024-03-18,2024-08-24,2024-10-25,Rocket Mortgage Fieldhouse,"Cleveland, OH",Arena,FALSE,,,TRUE
Jeff Lynne’s ELO,Jeff Lynne’s ELO Announces Final Tour,https://news.pollstar.com/2024/03/18/jeff-lynnes-elo-announces-final-tour/,2024-03-18,2024-08-24,2024-10-25,Madison Square Garden,"New York, NY",Arena,FALSE,,,TRUE
Jeff Lynne’s ELO,Jeff Lynne’s ELO Announces Final Tour,https://news.pollstar.com/2024/03/18/jeff-lynnes-elo-announces-final-tour/,2024-03-18,2024-08-24,2024-10-25,Wells Fargo Center,"Philadelphia, PA",Arena,FALSE,,,TRUE
Jeff Lynne’s ELO,Jeff Lynne’s ELO Announces Final Tour,https://news.pollstar.com/2024/03/18/jeff-lynnes-elo-announces-final-tour/,2024-03-18,2024-08-24,2024-10-25,TD Garden,"Boston, MA",Arena,FALSE,,,TRUE
Jeff Lynne’s ELO,Jeff Lynne’s ELO Announces Final Tour,https://news.pollstar.com/2024/03/18/jeff-lynnes-elo-announces-final-tour/,2024-03-18,2024-08-24,2024-10-25,Capital One Arena,"Washington, DC",Arena,FALSE,,,TRUE
Jeff Lynne’s ELO,Jeff Lynne’s ELO Announces Final Tour,https://news.pollstar.com/2024/03/18/jeff-lynnes-elo-announces-final-tour/,2024-03-18,2024-08-24,2024-10-25,United Center,"Chicago, IL",Arena,FALSE,,,TRUE
Jeff Lynne’s ELO,Jeff Lynne’s ELO Announces Final Tour,https://news.pollstar.com/2024/03/18/jeff-lynnes-elo-announces-final-tour/,2024-03-18,2024-08-24,2024-10-25,Xcel Energy Center,"Saint Paul, MN",Arena,FALSE,,,TRUE
Jeff Lynne’s ELO,Jeff Lynne’s ELO Announces Final Tour,https://news.pollstar.com/2024/03/18/jeff-lynnes-elo-announces-final-tour/,2024-03-18,2024-08-24,2024-10-25,Ball Arena,"Denver, CO",Arena,FALSE,,,TRUE
Jeff Lynne’s ELO,Jeff Lynne’s ELO Announces Final Tour,https://news.pollstar.com/2024/03/18/jeff-lynnes-elo-announces-final-tour/,2024-03-18,2024-08-24,2024-10-25,Little Caesars Arena,"Detroit, MI",Theater,FALSE,,,TRUE
Jeff Lynne’s ELO,Jeff Lynne’s ELO Announces Final Tour,https://news.pollstar.com/2024/03/18/jeff-lynnes-elo-announces-final-tour/,2024-03-18,2024-08-24,2024-10-25,Bridgestone Arena,"Nashville, TN",Arena,FALSE,,,TRUE
Jeff Lynne’s ELO,Jeff Lynne’s ELO Announces Final Tour,https://news.pollstar.com/2024/03/18/jeff-lynnes-elo-announces-final-tour/,2024-03-18,2024-08-24,2024-10-25,State Farm Arena,"Atlanta, GA",Arena,FALSE,,,TRUE
Jeff Lynne’s ELO,Jeff Lynne’s ELO Announces Final Tour,https://news.pollstar.com/2024/03/18/jeff-lynnes-elo-announces-final-tour/,2024-03-18,2024-08-24,2024-10-25,Moody Center,"Austin, TX",Arena,FALSE,,,TRUE
Jeff Lynne’s ELO,Jeff Lynne’s ELO Announces Final Tour,https://news.pollstar.com/2024/03/18/jeff-lynnes-elo-announces-final-tour/,2024-03-18,2024-08-24,2024-10-25,Toyota Center,"Houston, TX",Arena,FALSE,,,TRUE
Jeff Lynne’s ELO,Jeff Lynne’s ELO Announces Final Tour,https://news.pollstar.com/2024/03/18/jeff-lynnes-elo-announces-final-tour/,2024-03-18,2024-08-24,2024-10-25,American Airlines Center,"Dallas, TX",Arena,FALSE,,,TRUE
Jeff Lynne’s ELO,Jeff Lynne’s ELO Announces Final Tour,https://news.pollstar.com/2024/03/18/jeff-lynnes-elo-announces-final-tour/,2024-03-18,2024-08-24,2024-10-25,Footprint Center,"Phoenix, AZ",Arena,FALSE,,,TRUE
Jeff Lynne’s ELO,Jeff Lynne’s ELO Announces Final Tour,https://news.pollstar.com/2024/03/18/jeff-lynnes-elo-announces-final-tour/,2024-03-18,2024-08-24,2024-10-25,Golden 1 Center,"Sacramento, CA",Arena,FALSE,,,TRUE
Jeff Lynne’s ELO,Jeff Lynne’s ELO Announces Final Tour,https://news.pollstar.com/2024/03/18/jeff-lynnes-elo-announces-final-tour/,2024-03-18,2024-08-24,2024-10-25,Kia Forum,"Los Angeles, CA",Arena,FALSE,,,TRUE
Stone Temple Pilots,Stone Temple Pilots & LIVE Announce Co-Head ‘Jubilee Tour’,https://news.pollstar.com/2024/03/18/stone-temple-pilots-live-announce-co-head-jubilee-tour/,2024-03-18,2024-08-16,2024-09-15,Toyota Pavilion at Concord,"Concord, CA",Amphitheater,LYV,,,TRUE
Stone Temple Pilots,Stone Temple Pilots & LIVE Announce Co-Head ‘Jubilee Tour’,https://news.pollstar.com/2024/03/18/stone-temple-pilots-live-announce-co-head-jubilee-tour/,2024-03-18,2024-08-16,2024-09-15,YouTube Theater,"Inglewood, CA",Theater,FALSE,,,TRUE
Stone Temple Pilots,Stone Temple Pilots & LIVE Announce Co-Head ‘Jubilee Tour’,https://news.pollstar.com/2024/03/18/stone-temple-pilots-live-announce-co-head-jubilee-tour/,2024-03-18,2024-08-16,2024-09-15,Arizona Financial Theatre,"Phoenix, AZ",Theater,LYV,,,TRUE
Stone Temple Pilots,Stone Temple Pilots & LIVE Announce Co-Head ‘Jubilee Tour’,https://news.pollstar.com/2024/03/18/stone-temple-pilots-live-announce-co-head-jubilee-tour/,2024-03-18,2024-08-16,2024-09-15,The Cynthia Woods Mitchell Pavilion presented by Huntsman,"Houston, TX",Amphitheater,LYV,,,TRUE
Stone Temple Pilots,Stone Temple Pilots & LIVE Announce Co-Head ‘Jubilee Tour’,https://news.pollstar.com/2024/03/18/stone-temple-pilots-live-announce-co-head-jubilee-tour/,2024-03-18,2024-08-16,2024-09-15,Dos Equis Pavilion,"Dallas, TX",Amphitheater,LYV,,,TRUE
Stone Temple Pilots,Stone Temple Pilots & LIVE Announce Co-Head ‘Jubilee Tour’,https://news.pollstar.com/2024/03/18/stone-temple-pilots-live-announce-co-head-jubilee-tour/,2024-03-18,2024-08-16,2024-09-15,Walmart AMP,"Rogers, AR",Amphitheater,LYV,,,TRUE
Stone Temple Pilots,Stone Temple Pilots & LIVE Announce Co-Head ‘Jubilee Tour’,https://news.pollstar.com/2024/03/18/stone-temple-pilots-live-announce-co-head-jubilee-tour/,2024-03-18,2024-08-16,2024-09-15,Oak Mountain Amphitheatre,"Pelham, AL",Amphitheater,FALSE,,,TRUE
Stone Temple Pilots,Stone Temple Pilots & LIVE Announce Co-Head ‘Jubilee Tour’,https://news.pollstar.com/2024/03/18/stone-temple-pilots-live-announce-co-head-jubilee-tour/,2024-03-18,2024-08-16,2024-09-15,Dally’s Place,"Jacksonville, FL",Other,FALSE,,,TRUE
Stone Temple Pilots,Stone Temple Pilots & LIVE Announce Co-Head ‘Jubilee Tour’,https://news.pollstar.com/2024/03/18/stone-temple-pilots-live-announce-co-head-jubilee-tour/,2024-03-18,2024-08-16,2024-09-15,Ameris Bank Amphitheatre,"Alpharetta, GA",Amphitheater,LYV,,,TRUE
Stone Temple Pilots,Stone Temple Pilots & LIVE Announce Co-Head ‘Jubilee Tour’,https://news.pollstar.com/2024/03/18/stone-temple-pilots-live-announce-co-head-jubilee-tour/,2024-03-18,2024-08-16,2024-09-15,The Red Hat Amphitheater,"Raleigh, NC",Amphitheater,LYV,,,TRUE
Stone Temple Pilots,Stone Temple Pilots & LIVE Announce Co-Head ‘Jubilee Tour’,https://news.pollstar.com/2024/03/18/stone-temple-pilots-live-announce-co-head-jubilee-tour/,2024-03-18,2024-08-16,2024-09-15,Jiffy Lube Live,"Bristow, VA",Amphitheater,LYV,,,TRUE
Stone Temple Pilots,Stone Temple Pilots & LIVE Announce Co-Head ‘Jubilee Tour’,https://news.pollstar.com/2024/03/18/stone-temple-pilots-live-announce-co-head-jubilee-tour/,2024-03-18,2024-08-16,2024-09-15,Xfinity Center,"Mansfield, WA",Arena,LYV,,,TRUE
Stone Temple Pilots,Stone Temple Pilots & LIVE Announce Co-Head ‘Jubilee Tour’,https://news.pollstar.com/2024/03/18/stone-temple-pilots-live-announce-co-head-jubilee-tour/,2024-03-18,2024-08-16,2024-09-15,PNC Bank Arts Center,"Holmdel, NJ",Arena,LYV,,,TRUE
Stone Temple Pilots,Stone Temple Pilots & LIVE Announce Co-Head ‘Jubilee Tour’,https://news.pollstar.com/2024/03/18/stone-temple-pilots-live-announce-co-head-jubilee-tour/,2024-03-18,2024-08-16,2024-09-15,Budweiser Stage,"Toronto, ON",Amphitheater,LYV,,,TRUE
Stone Temple Pilots,Stone Temple Pilots & LIVE Announce Co-Head ‘Jubilee Tour’,https://news.pollstar.com/2024/03/18/stone-temple-pilots-live-announce-co-head-jubilee-tour/,2024-03-18,2024-08-16,2024-09-15,Blossom Music Center,"Cuyahoga Falls, OH",Amphitheater,LYV,,,TRUE
Stone Temple Pilots,Stone Temple Pilots & LIVE Announce Co-Head ‘Jubilee Tour’,https://news.pollstar.com/2024/03/18/stone-temple-pilots-live-announce-co-head-jubilee-tour/,2024-03-18,2024-08-16,2024-09-15,Huntington Bank Pavilion,"Chicago, IL",Amphitheater,LYV,,,TRUE
Stone Temple Pilots,Stone Temple Pilots & LIVE Announce Co-Head ‘Jubilee Tour’,https://news.pollstar.com/2024/03/18/stone-temple-pilots-live-announce-co-head-jubilee-tour/,2024-03-18,2024-08-16,2024-09-15,American Family Insurance Amphitheater,"Milwaukee, WI",Amphitheater,LYV,,,TRUE
Stone Temple Pilots,Stone Temple Pilots & LIVE Announce Co-Head ‘Jubilee Tour’,https://news.pollstar.com/2024/03/18/stone-temple-pilots-live-announce-co-head-jubilee-tour/,2024-03-18,2024-08-16,2024-09-15,Ruoff Music Center,"Indianapolis, IN",Amphitheater,LYV,,,TRUE
Mexican Pop Group Reik Back On The Road With ‘Panorama Tour’,Mexican Pop Group Reik Back On The Road With ‘Panorama Tour’,https://news.pollstar.com/2024/03/05/mexican-pop-group-reik-back-on-the-road-with-panorama-tour/,2024-03-05,2024-05-11,2024-06-30,Hard Rock Live,"Orlando, FL",Theater,FALSE,,,TRUE
Mexican Pop Group Reik Back On The Road With ‘Panorama Tour’,Mexican Pop Group Reik Back On The Road With ‘Panorama Tour’,https://news.pollstar.com/2024/03/05/mexican-pop-group-reik-back-on-the-road-with-panorama-tour/,2024-03-05,2024-05-11,2024-06-30,Seminole Hard Rock Hotel & Casino Hollywood,"Hollywood, FL",Theater,FALSE,,,TRUE
Mexican Pop Group Reik Back On The Road With ‘Panorama Tour’,Mexican Pop Group Reik Back On The Road With ‘Panorama Tour’,https://news.pollstar.com/2024/03/05/mexican-pop-group-reik-back-on-the-road-with-panorama-tour/,2024-03-05,2024-05-11,2024-06-30,Smart Financial Centre,"Houston, TX",Theater,FALSE,,,TRUE
Mexican Pop Group Reik Back On The Road With ‘Panorama Tour’,Mexican Pop Group Reik Back On The Road With ‘Panorama Tour’,https://news.pollstar.com/2024/03/05/mexican-pop-group-reik-back-on-the-road-with-panorama-tour/,2024-03-05,2024-05-11,2024-06-30,McAllen Performing Arts Center,"McAllen, TX",Theater,FALSE,,,TRUE
Mexican Pop Group Reik Back On The Road With ‘Panorama Tour’,Mexican Pop Group Reik Back On The Road With ‘Panorama Tour’,https://news.pollstar.com/2024/03/05/mexican-pop-group-reik-back-on-the-road-with-panorama-tour/,2024-03-05,2024-05-11,2024-06-30,Boeing Center at Tech Port,"San Antonio, TX",Arena,FALSE,,,TRUE
Mexican Pop Group Reik Back On The Road With ‘Panorama Tour’,Mexican Pop Group Reik Back On The Road With ‘Panorama Tour’,https://news.pollstar.com/2024/03/05/mexican-pop-group-reik-back-on-the-road-with-panorama-tour/,2024-03-05,2024-05-11,2024-06-30,Martin Marietta Center for the Performing Arts,"Raleigh, NC",Theater,FALSE,,,TRUE
Mexican Pop Group Reik Back On The Road With ‘Panorama Tour’,Mexican Pop Group Reik Back On The Road With ‘Panorama Tour’,https://news.pollstar.com/2024/03/05/mexican-pop-group-reik-back-on-the-road-with-panorama-tour/,2024-03-05,2024-05-11,2024-06-30,North Charleston Performing Arts Center,"North Charleston, SC",Theater,FALSE,,,TRUE
Mexican Pop Group Reik Back On The Road With ‘Panorama Tour’,Mexican Pop Group Reik Back On The Road With ‘Panorama Tour’,https://news.pollstar.com/2024/03/05/mexican-pop-group-reik-back-on-the-road-with-panorama-tour/,2024-03-05,2024-05-11,2024-06-30,Wang Theatre,"Boston, MA",Theater,FALSE,,,TRUE
Mexican Pop Group Reik Back On The Road With ‘Panorama Tour’,Mexican Pop Group Reik Back On The Road With ‘Panorama Tour’,https://news.pollstar.com/2024/03/05/mexican-pop-group-reik-back-on-the-road-with-panorama-tour/,2024-03-05,2024-05-11,2024-06-30,Xcite Center at Parx Casino,"Bensalem, PA",Other,FALSE,,,TRUE
Mexican Pop Group Reik Back On The Road With ‘Panorama Tour’,Mexican Pop Group Reik Back On The Road With ‘Panorama Tour’,https://news.pollstar.com/2024/03/05/mexican-pop-group-reik-back-on-the-road-with-panorama-tour/,2024-03-05,2024-05-11,2024-06-30,Radio City Music Hall,"New York, NY",Theater,FALSE,,,TRUE
Mexican Pop Group Reik Back On The Road With ‘Panorama Tour’,Mexican Pop Group Reik Back On The Road With ‘Panorama Tour’,https://news.pollstar.com/2024/03/05/mexican-pop-group-reik-back-on-the-road-with-panorama-tour/,2024-03-05,2024-05-11,2024-06-30,DAR Constitution Hall,"Washington, DC",Other,FALSE,,,TRUE
Mexican Pop Group Reik Back On The Road With ‘Panorama Tour’,Mexican Pop Group Reik Back On The Road With ‘Panorama Tour’,https://news.pollstar.com/2024/03/05/mexican-pop-group-reik-back-on-the-road-with-panorama-tour/,2024-03-05,2024-05-11,2024-06-30,Rosemont Theatre,"Rosemont, IL",Theater,FALSE,,,TRUE
Mexican Pop Group Reik Back On The Road With ‘Panorama Tour’,Mexican Pop Group Reik Back On The Road With ‘Panorama Tour’,https://news.pollstar.com/2024/03/05/mexican-pop-group-reik-back-on-the-road-with-panorama-tour/,2024-03-05,2024-05-11,2024-06-30,The Mission Ballroom,"Denver, CO",Club,FALSE,,,TRUE
Mexican Pop Group Reik Back On The Road With ‘Panorama Tour’,Mexican Pop Group Reik Back On The Road With ‘Panorama Tour’,https://news.pollstar.com/2024/03/05/mexican-pop-group-reik-back-on-the-road-with-panorama-tour/,2024-03-05,2024-05-11,2024-06-30,Eccles Theater,"Salt Lake City, UT",Theater,FALSE,,,TRUE
Mexican Pop Group Reik Back On The Road With ‘Panorama Tour’,Mexican Pop Group Reik Back On The Road With ‘Panorama Tour’,https://news.pollstar.com/2024/03/05/mexican-pop-group-reik-back-on-the-road-with-panorama-tour/,2024-03-05,2024-05-11,2024-06-30,Abraham Chavez Theatre,"El Paso, TX",Theater,FALSE,,,TRUE
Mexican Pop Group Reik Back On The Road With ‘Panorama Tour’,Mexican Pop Group Reik Back On The Road With ‘Panorama Tour’,https://news.pollstar.com/2024/03/05/mexican-pop-group-reik-back-on-the-road-with-panorama-tour/,2024-03-05,2024-05-11,2024-06-30,Kiva Auditorium,"Albuquerque, NM",Theater,FALSE,,,TRUE
Mexican Pop Group Reik Back On The Road With ‘Panorama Tour’,Mexican Pop Group Reik Back On The Road With ‘Panorama Tour’,https://news.pollstar.com/2024/03/05/mexican-pop-group-reik-back-on-the-road-with-panorama-tour/,2024-03-05,2024-05-11,2024-06-30,The Linda Ronstadt Music Hall,"Tucson, AZ",Theater,FALSE,,,TRUE
Mexican Pop Group Reik Back On The Road With ‘Panorama Tour’,Mexican Pop Group Reik Back On The Road With ‘Panorama Tour’,https://news.pollstar.com/2024/03/05/mexican-pop-group-reik-back-on-the-road-with-panorama-tour/,2024-03-05,2024-05-11,2024-06-30,Pechanga Arena,"San Diego, CA",Arena,FALSE,,,TRUE
Mexican Pop Group Reik Back On The Road With ‘Panorama Tour’,Mexican Pop Group Reik Back On The Road With ‘Panorama Tour’,https://news.pollstar.com/2024/03/05/mexican-pop-group-reik-back-on-the-road-with-panorama-tour/,2024-03-05,2024-05-11,2024-06-30,The Theater at Virgin Hotels,"Las Vegas, NV",Theater,FALSE,,,TRUE
Mexican Pop Group Reik Back On The Road With ‘Panorama Tour’,Mexican Pop Group Reik Back On The Road With ‘Panorama Tour’,https://news.pollstar.com/2024/03/05/mexican-pop-group-reik-back-on-the-road-with-panorama-tour/,2024-03-05,2024-05-11,2024-06-30,Honda Center,"Anaheim, CA",Arena,FALSE,,,TRUE
Mexican Pop Group Reik Back On The Road With ‘Panorama Tour’,Mexican Pop Group Reik Back On The Road With ‘Panorama Tour’,https://news.pollstar.com/2024/03/05/mexican-pop-group-reik-back-on-the-road-with-panorama-tour/,2024-03-05,2024-05-11,2024-06-30,Sacramento Memorial Auditorium,"Sacramento, CA",Theater,FALSE,,,TRUE
Mexican Pop Group Reik Back On The Road With ‘Panorama Tour’,Mexican Pop Group Reik Back On The Road With ‘Panorama Tour’,https://news.pollstar.com/2024/03/05/mexican-pop-group-reik-back-on-the-road-with-panorama-tour/,2024-03-05,2024-05-11,2024-06-30,San Jose Civic,"San Jose, CA",Theater,FALSE,,,TRUE
Mexican Pop Group Reik Back On The Road With ‘Panorama Tour’,Mexican Pop Group Reik Back On The Road With ‘Panorama Tour’,https://news.pollstar.com/2024/03/05/mexican-pop-group-reik-back-on-the-road-with-panorama-tour/,2024-03-05,2024-05-11,2024-06-30,WAMU Theater,"Seattle, WA",Theater,FALSE,,,TRUE
Cage The Elephant,Cage The Elephant Announces 45-Date Summer Tour,https://news.pollstar.com/2024/02/29/cage-the-elephant-announces-45-date-summer-tour/,2024-02-29,2024-06-20,2024-09-18,Utah First Credit Union Amphitheatre,"West Valley City, UT",Amphitheater,LYV,,,TRUE
Cage The Elephant,Cage The Elephant Announces 45-Date Summer Tour,https://news.pollstar.com/2024/02/29/cage-the-elephant-announces-45-date-summer-tour/,2024-02-29,2024-06-20,2024-09-18,Climate Pledge Arena,"Seattle, WA",Arena,FALSE,,,TRUE
Cage The Elephant,Cage The Elephant Announces 45-Date Summer Tour,https://news.pollstar.com/2024/02/29/cage-the-elephant-announces-45-date-summer-tour/,2024-02-29,2024-06-20,2024-09-18,RV Inn Style Resorts Amphitheater,"Ridgefield, WA",Amphitheater,LYV,,,TRUE
Cage The Elephant,Cage The Elephant Announces 45-Date Summer Tour,https://news.pollstar.com/2024/02/29/cage-the-elephant-announces-45-date-summer-tour/,2024-02-29,2024-06-20,2024-09-18,Hayden Homes Amphitheater,"Bend, OR",Amphitheater,LYV,,,TRUE
Cage The Elephant,Cage The Elephant Announces 45-Date Summer Tour,https://news.pollstar.com/2024/02/29/cage-the-elephant-announces-45-date-summer-tour/,2024-02-29,2024-06-20,2024-09-18,Rogers Arena,"Vancouver, BC",Arena,FALSE,,,TRUE
Cage The Elephant,Cage The Elephant Announces 45-Date Summer Tour,https://news.pollstar.com/2024/02/29/cage-the-elephant-announces-45-date-summer-tour/,2024-02-29,2024-06-20,2024-09-18,Rogers Place,"Edmonton, AB",Arena,FALSE,,,TRUE
Cage The Elephant,Cage The Elephant Announces 45-Date Summer Tour,https://news.pollstar.com/2024/02/29/cage-the-elephant-announces-45-date-summer-tour/,2024-02-29,2024-06-20,2024-09-18,BECU Live at Northern Quest,"Spokane, WA",Amphitheater,LYV,,,TRUE
Cage The Elephant,Cage The Elephant Announces 45-Date Summer Tour,https://news.pollstar.com/2024/02/29/cage-the-elephant-announces-45-date-summer-tour/,2024-02-29,2024-06-20,2024-09-18,Bill Graham Civic Auditorium,"San Francisco, CA",Theater,FALSE,,,TRUE
Cage The Elephant,Cage The Elephant Announces 45-Date Summer Tour,https://news.pollstar.com/2024/02/29/cage-the-elephant-announces-45-date-summer-tour/,2024-02-29,2024-06-20,2024-09-18,Santa Barbara Bowl,"Santa Barbara, CA",Amphitheater,LYV,,,TRUE
Cage The Elephant,Cage The Elephant Announces 45-Date Summer Tour,https://news.pollstar.com/2024/02/29/cage-the-elephant-announces-45-date-summer-tour/,2024-02-29,2024-06-20,2024-09-18,Talking Stick Resort Amphitheatre,"Phoenix, AZ",Amphitheater,LYV,,,TRUE
Cage The Elephant,Cage The Elephant Announces 45-Date Summer Tour,https://news.pollstar.com/2024/02/29/cage-the-elephant-announces-45-date-summer-tour/,2024-02-29,2024-06-20,2024-09-18,Viejas Arena,"San Diego, CA",Arena,FALSE,,,TRUE
Cage The Elephant,Cage The Elephant Announces 45-Date Summer Tour,https://news.pollstar.com/2024/02/29/cage-the-elephant-announces-45-date-summer-tour/,2024-02-29,2024-06-20,2024-09-18,Kia Forum,"Los Angeles, CA",Arena,FALSE,,,TRUE
Cage The Elephant,Cage The Elephant Announces 45-Date Summer Tour,https://news.pollstar.com/2024/02/29/cage-the-elephant-announces-45-date-summer-tour/,2024-02-29,2024-06-20,2024-09-18,Isleta Amphitheater,"Albuquerque, NM",Amphitheater,LYV,,,TRUE
Cage The Elephant,Cage The Elephant Announces 45-Date Summer Tour,https://news.pollstar.com/2024/02/29/cage-the-elephant-announces-45-date-summer-tour/,2024-02-29,2024-06-20,2024-09-18,Moody Center,"Austin, TX",Arena,FALSE,,,TRUE
Cage The Elephant,Cage The Elephant Announces 45-Date Summer Tour,https://news.pollstar.com/2024/02/29/cage-the-elephant-announces-45-date-summer-tour/,2024-02-29,2024-06-20,2024-09-18,The Cynthia Woods Mitchell Pavilion,"Houston, TX",Amphitheater,LYV,,,TRUE
Cage The Elephant,Cage The Elephant Announces 45-Date Summer Tour,https://news.pollstar.com/2024/02/29/cage-the-elephant-announces-45-date-summer-tour/,2024-02-29,2024-06-20,2024-09-18,Dickies Arena,"Fort Worth, TX",Arena,FALSE,,,TRUE
Cage The Elephant,Cage The Elephant Announces 45-Date Summer Tour,https://news.pollstar.com/2024/02/29/cage-the-elephant-announces-45-date-summer-tour/,2024-02-29,2024-06-20,2024-09-18,Walmart AMP,"Rogers, AR",Amphitheater,LYV,,,TRUE
Cage The Elephant,Cage The Elephant Announces 45-Date Summer Tour,https://news.pollstar.com/2024/02/29/cage-the-elephant-announces-45-date-summer-tour/,2024-02-29,2024-06-20,2024-09-18,Ameris Bank Amphitheatre,"Alpharetta, GA",Amphitheater,LYV,,,TRUE
Cage The Elephant,Cage The Elephant Announces 45-Date Summer Tour,https://news.pollstar.com/2024/02/29/cage-the-elephant-announces-45-date-summer-tour/,2024-02-29,2024-06-20,2024-09-18,Coastal Credit Union Music Park at Walnut Creek,"Raleigh, NC",Amphitheater,LYV,,,TRUE
Cage The Elephant,Cage The Elephant Announces 45-Date Summer Tour,https://news.pollstar.com/2024/02/29/cage-the-elephant-announces-45-date-summer-tour/,2024-02-29,2024-06-20,2024-09-18,PNC Music Pavilion,"Charlotte, NC",Amphitheater,LYV,,,TRUE
Cage The Elephant,Cage The Elephant Announces 45-Date Summer Tour,https://news.pollstar.com/2024/02/29/cage-the-elephant-announces-45-date-summer-tour/,2024-02-29,2024-06-20,2024-09-18,Ruoff Music Center,"Noblesville, IN",Amphitheater,LYV,,,TRUE
Cage The Elephant,Cage The Elephant Announces 45-Date Summer Tour,https://news.pollstar.com/2024/02/29/cage-the-elephant-announces-45-date-summer-tour/,2024-02-29,2024-06-20,2024-09-18,Breese Stevens Field,"Madison, WI",Stadium,FALSE,,,TRUE
Cage The Elephant,Cage The Elephant Announces 45-Date Summer Tour,https://news.pollstar.com/2024/02/29/cage-the-elephant-announces-45-date-summer-tour/,2024-02-29,2024-06-20,2024-09-18,Canada Life Centre,"Winnipeg, MB",Arena,FALSE,,,TRUE
Cage The Elephant,Cage The Elephant Announces 45-Date Summer Tour,https://news.pollstar.com/2024/02/29/cage-the-elephant-announces-45-date-summer-tour/,2024-02-29,2024-06-20,2024-09-18,Target Center,"Minneapolis, MN",Arena,FALSE,,,TRUE
Cage The Elephant,Cage The Elephant Announces 45-Date Summer Tour,https://news.pollstar.com/2024/02/29/cage-the-elephant-announces-45-date-summer-tour/,2024-02-29,2024-06-20,2024-09-18,Credit Union 1 Arena at UIC,"Chicago, IL",Arena,FALSE,,,TRUE
Cage The Elephant,Cage The Elephant Announces 45-Date Summer Tour,https://news.pollstar.com/2024/02/29/cage-the-elephant-announces-45-date-summer-tour/,2024-02-29,2024-06-20,2024-09-18,Van Andel Arena,"Grand Rapids, MI",Arena,FALSE,,,TRUE
Cage The Elephant,Cage The Elephant Announces 45-Date Summer Tour,https://news.pollstar.com/2024/02/29/cage-the-elephant-announces-45-date-summer-tour/,2024-02-29,2024-06-20,2024-09-18,Broadview Stage at SPAC,"Saratoga Springs, NY",Amphitheater,LYV,,,TRUE
Cage The Elephant,Cage The Elephant Announces 45-Date Summer Tour,https://news.pollstar.com/2024/02/29/cage-the-elephant-announces-45-date-summer-tour/,2024-02-29,2024-06-20,2024-09-18,Hartford HealthCare Amphitheater,"Bridgeport, CT",Amphitheater,LYV,,,TRUE
Cage The Elephant,Cage The Elephant Announces 45-Date Summer Tour,https://news.pollstar.com/2024/02/29/cage-the-elephant-announces-45-date-summer-tour/,2024-02-29,2024-06-20,2024-09-18,BankNH Pavilion,"Gilford, NH",Amphitheater,LYV,,,TRUE
Cage The Elephant,Cage The Elephant Announces 45-Date Summer Tour,https://news.pollstar.com/2024/02/29/cage-the-elephant-announces-45-date-summer-tour/,2024-02-29,2024-06-20,2024-09-18,Xfinity Center,"Mansfield, MA",Arena,LYV,,,TRUE
Cage The Elephant,Cage The Elephant Announces 45-Date Summer Tour,https://news.pollstar.com/2024/02/29/cage-the-elephant-announces-45-date-summer-tour/,2024-02-29,2024-06-20,2024-09-18,PNC Bank Arts Center,"Holmdel, NJ",Arena,LYV,,,TRUE
Cage The Elephant,Cage The Elephant Announces 45-Date Summer Tour,https://news.pollstar.com/2024/02/29/cage-the-elephant-announces-45-date-summer-tour/,2024-02-29,2024-06-20,2024-09-18,Bell Centre,"Montreal, QC",Arena,FALSE,,,TRUE
Cage The Elephant,Cage The Elephant Announces 45-Date Summer Tour,https://news.pollstar.com/2024/02/29/cage-the-elephant-announces-45-date-summer-tour/,2024-02-29,2024-06-20,2024-09-18,Budweiser Stage,"Toronto, ON",Amphitheater,LYV,,,TRUE
Cage The Elephant,Cage The Elephant Announces 45-Date Summer Tour,https://news.pollstar.com/2024/02/29/cage-the-elephant-announces-45-date-summer-tour/,2024-02-29,2024-06-20,2024-09-18,The Pavilion at Star Lake,"Burgettstown, PA",Amphitheater,LYV,,,TRUE
Cage The Elephant,Cage The Elephant Announces 45-Date Summer Tour,https://news.pollstar.com/2024/02/29/cage-the-elephant-announces-45-date-summer-tour/,2024-02-29,2024-06-20,2024-09-18,Riverbend Music Center,"Cincinnati, OH",Amphitheater,LYV,,,TRUE
Cage The Elephant,Cage The Elephant Announces 45-Date Summer Tour,https://news.pollstar.com/2024/02/29/cage-the-elephant-announces-45-date-summer-tour/,2024-02-29,2024-06-20,2024-09-18,Madison Square Garden,"New York, NY",Arena,FALSE,,,TRUE
Cage The Elephant,Cage The Elephant Announces 45-Date Summer Tour,https://news.pollstar.com/2024/02/29/cage-the-elephant-announces-45-date-summer-tour/,2024-02-29,2024-06-20,2024-09-18,TD Pavilion at the Mann,"Philadelphia, PA",Amphitheater,LYV,,,TRUE
Cage The Elephant,Cage The Elephant Announces 45-Date Summer Tour,https://news.pollstar.com/2024/02/29/cage-the-elephant-announces-45-date-summer-tour/,2024-02-29,2024-06-20,2024-09-18,Artpark Mainstage Theater,"Lewiston, NY",Theater,FALSE,,,TRUE
Cage The Elephant,Cage The Elephant Announces 45-Date Summer Tour,https://news.pollstar.com/2024/02/29/cage-the-elephant-announces-45-date-summer-tour/,2024-02-29,2024-06-20,2024-09-18,Blossom Music Center,"Cleveland, OH",Amphitheater,LYV,,,TRUE
Cage The Elephant,Cage The Elephant Announces 45-Date Summer Tour,https://news.pollstar.com/2024/02/29/cage-the-elephant-announces-45-date-summer-tour/,2024-02-29,2024-06-20,2024-09-18,Pine Knob Music Theatre,"Detroit, MI",Amphitheater,LYV,,,TRUE
Cage The Elephant,Cage The Elephant Announces 45-Date Summer Tour,https://news.pollstar.com/2024/02/29/cage-the-elephant-announces-45-date-summer-tour/,2024-02-29,2024-06-20,2024-09-18,Hollywood Casino Amphitheatre,"St. Louis, MO",Amphitheater,LYV,,,TRUE
Cage The Elephant,Cage The Elephant Announces 45-Date Summer Tour,https://news.pollstar.com/2024/02/29/cage-the-elephant-announces-45-date-summer-tour/,2024-02-29,2024-06-20,2024-09-18,Wells Fargo Arena,"Des Moines, IA",Arena,FALSE,,,TRUE
Cage The Elephant,Cage The Elephant Announces 45-Date Summer Tour,https://news.pollstar.com/2024/02/29/cage-the-elephant-announces-45-date-summer-tour/,2024-02-29,2024-06-20,2024-09-18,Starlight Theatre,"Kansas City, MO",Theater,FALSE,,,TRUE
Cage The Elephant,Cage The Elephant Announces 45-Date Summer Tour,https://news.pollstar.com/2024/02/29/cage-the-elephant-announces-45-date-summer-tour/,2024-02-29,2024-06-20,2024-09-18,Health Center Omaha,"Omaha, NE",Other,FALSE,,,TRUE
Cage The Elephant,Cage The Elephant Announces 45-Date Summer Tour,https://news.pollstar.com/2024/02/29/cage-the-elephant-announces-45-date-summer-tour/,2024-02-29,2024-06-20,2024-09-18,Red Rocks Amphitheatre,"Denver, CO",Amphitheater,FALSE,,,TRUE
Cigarettes After Sex Releasing New Album,"Cigarettes After Sex Releasing New Album, Embarking On Global Tour",https://news.pollstar.com/2024/02/28/cigarettes-after-sex-releasing-new-album-embarking-on-global-tour/,2024-02-28,2025-06-15,2026-03-19,Bonnaroo,"Manchester, TN",Amphitheater,LYV,,,TRUE
Cigarettes After Sex Releasing New Album,"Cigarettes After Sex Releasing New Album, Embarking On Global Tour",https://news.pollstar.com/2024/02/28/cigarettes-after-sex-releasing-new-album-embarking-on-global-tour/,2024-02-28,2025-06-15,2026-03-19,Centre Bell,"Montreal, QC",Arena,FALSE,,,TRUE
Cigarettes After Sex Releasing New Album,"Cigarettes After Sex Releasing New Album, Embarking On Global Tour",https://news.pollstar.com/2024/02/28/cigarettes-after-sex-releasing-new-album-embarking-on-global-tour/,2024-02-28,2025-06-15,2026-03-19,Scotiabank Arena,"Toronto, ON",Arena,FALSE,,,TRUE
Cigarettes After Sex Releasing New Album,"Cigarettes After Sex Releasing New Album, Embarking On Global Tour",https://news.pollstar.com/2024/02/28/cigarettes-after-sex-releasing-new-album-embarking-on-global-tour/,2024-02-28,2025-06-15,2026-03-19,Wells Fargo Center,"Philadelphia, PA",Arena,FALSE,,,TRUE
Cigarettes After Sex Releasing New Album,"Cigarettes After Sex Releasing New Album, Embarking On Global Tour",https://news.pollstar.com/2024/02/28/cigarettes-after-sex-releasing-new-album-embarking-on-global-tour/,2024-02-28,2025-06-15,2026-03-19,TD Garden,"Boston, MA",Arena,FALSE,,,TRUE
Cigarettes After Sex Releasing New Album,"Cigarettes After Sex Releasing New Album, Embarking On Global Tour",https://news.pollstar.com/2024/02/28/cigarettes-after-sex-releasing-new-album-embarking-on-global-tour/,2024-02-28,2025-06-15,2026-03-19,Madison Square Garden,"New York, NY",Arena,FALSE,,,TRUE
Cigarettes After Sex Releasing New Album,"Cigarettes After Sex Releasing New Album, Embarking On Global Tour",https://news.pollstar.com/2024/02/28/cigarettes-after-sex-releasing-new-album-embarking-on-global-tour/,2024-02-28,2025-06-15,2026-03-19,Merriweather Post Pavilion,"Columbia, MD",Amphitheater,LYV,,,TRUE
Cigarettes After Sex Releasing New Album,"Cigarettes After Sex Releasing New Album, Embarking On Global Tour",https://news.pollstar.com/2024/02/28/cigarettes-after-sex-releasing-new-album-embarking-on-global-tour/,2024-02-28,2025-06-15,2026-03-19,PNC Arena,"Raleigh, NC",Arena,FALSE,,,TRUE
Cigarettes After Sex Releasing New Album,"Cigarettes After Sex Releasing New Album, Embarking On Global Tour",https://news.pollstar.com/2024/02/28/cigarettes-after-sex-releasing-new-album-embarking-on-global-tour/,2024-02-28,2025-06-15,2026-03-19,Kia Center,"Orlando, FL",Arena,FALSE,,,TRUE
Cigarettes After Sex Releasing New Album,"Cigarettes After Sex Releasing New Album, Embarking On Global Tour",https://news.pollstar.com/2024/02/28/cigarettes-after-sex-releasing-new-album-embarking-on-global-tour/,2024-02-28,2025-06-15,2026-03-19,State Farm Arena,"Atlanta, GA",Arena,FALSE,,,TRUE
Cigarettes After Sex Releasing New Album,"Cigarettes After Sex Releasing New Album, Embarking On Global Tour",https://news.pollstar.com/2024/02/28/cigarettes-after-sex-releasing-new-album-embarking-on-global-tour/,2024-02-28,2025-06-15,2026-03-19,Frost Bank Center,"San Antonio, TX",Arena,FALSE,,,TRUE
Cigarettes After Sex Releasing New Album,"Cigarettes After Sex Releasing New Album, Embarking On Global Tour",https://news.pollstar.com/2024/02/28/cigarettes-after-sex-releasing-new-album-embarking-on-global-tour/,2024-02-28,2025-06-15,2026-03-19,Toyota Center,"Houston, TX",Arena,FALSE,,,TRUE
Cigarettes After Sex Releasing New Album,"Cigarettes After Sex Releasing New Album, Embarking On Global Tour",https://news.pollstar.com/2024/02/28/cigarettes-after-sex-releasing-new-album-embarking-on-global-tour/,2024-02-28,2025-06-15,2026-03-19,Moody Center,"Austin, TX",Arena,FALSE,,,TRUE
Cigarettes After Sex Releasing New Album,"Cigarettes After Sex Releasing New Album, Embarking On Global Tour",https://news.pollstar.com/2024/02/28/cigarettes-after-sex-releasing-new-album-embarking-on-global-tour/,2024-02-28,2025-06-15,2026-03-19,Dickies Arena,"Fort Worth, TX",Arena,FALSE,,,TRUE
Cigarettes After Sex Releasing New Album,"Cigarettes After Sex Releasing New Album, Embarking On Global Tour",https://news.pollstar.com/2024/02/28/cigarettes-after-sex-releasing-new-album-embarking-on-global-tour/,2024-02-28,2025-06-15,2026-03-19,United Center,"Chicago, IL",Arena,FALSE,,,TRUE
Cigarettes After Sex Releasing New Album,"Cigarettes After Sex Releasing New Album, Embarking On Global Tour",https://news.pollstar.com/2024/02/28/cigarettes-after-sex-releasing-new-album-embarking-on-global-tour/,2024-02-28,2025-06-15,2026-03-19,Xcel Energy Center,"Saint Paul, MN",Arena,FALSE,,,TRUE
Cigarettes After Sex Releasing New Album,"Cigarettes After Sex Releasing New Album, Embarking On Global Tour",https://news.pollstar.com/2024/02/28/cigarettes-after-sex-releasing-new-album-embarking-on-global-tour/,2024-02-28,2025-06-15,2026-03-19,Rogers Arena,"Vancouver, BC",Arena,FALSE,,,TRUE
Cigarettes After Sex Releasing New Album,"Cigarettes After Sex Releasing New Album, Embarking On Global Tour",https://news.pollstar.com/2024/02/28/cigarettes-after-sex-releasing-new-album-embarking-on-global-tour/,2024-02-28,2025-06-15,2026-03-19,Climate Pledge Arena,"Seattle, WA",Arena,FALSE,,,TRUE
Cigarettes After Sex Releasing New Album,"Cigarettes After Sex Releasing New Album, Embarking On Global Tour",https://news.pollstar.com/2024/02/28/cigarettes-after-sex-releasing-new-album-embarking-on-global-tour/,2024-02-28,2025-06-15,2026-03-19,Moda Center,"Portland, OR",Arena,FALSE,,,TRUE
Cigarettes After Sex Releasing New Album,"Cigarettes After Sex Releasing New Album, Embarking On Global Tour",https://news.pollstar.com/2024/02/28/cigarettes-after-sex-releasing-new-album-embarking-on-global-tour/,2024-02-28,2025-06-15,2026-03-19,Fiddler’s Green Amphitheatre,"Greenwood Village, CO",Amphitheater,LYV,,,TRUE
Cigarettes After Sex Releasing New Album,"Cigarettes After Sex Releasing New Album, Embarking On Global Tour",https://news.pollstar.com/2024/02/28/cigarettes-after-sex-releasing-new-album-embarking-on-global-tour/,2024-02-28,2025-06-15,2026-03-19,Delta Center,"Salt Lake City, UT",Arena,FALSE,,,TRUE
Cigarettes After Sex Releasing New Album,"Cigarettes After Sex Releasing New Album, Embarking On Global Tour",https://news.pollstar.com/2024/02/28/cigarettes-after-sex-releasing-new-album-embarking-on-global-tour/,2024-02-28,2025-06-15,2026-03-19,Oakland Arena,"Oakland, CA",Arena,FALSE,,,TRUE
Cigarettes After Sex Releasing New Album,"Cigarettes After Sex Releasing New Album, Embarking On Global Tour",https://news.pollstar.com/2024/02/28/cigarettes-after-sex-releasing-new-album-embarking-on-global-tour/,2024-02-28,2025-06-15,2026-03-19,Viejas Arena,"San Diego, CA",Arena,FALSE,,,TRUE
Cigarettes After Sex Releasing New Album,"Cigarettes After Sex Releasing New Album, Embarking On Global Tour",https://news.pollstar.com/2024/02/28/cigarettes-after-sex-releasing-new-album-embarking-on-global-tour/,2024-02-28,2025-06-15,2026-03-19,Desert Diamond Arena,"Phoenix, AZ",Arena,FALSE,,,TRUE
Cigarettes After Sex Releasing New Album,"Cigarettes After Sex Releasing New Album, Embarking On Global Tour",https://news.pollstar.com/2024/02/28/cigarettes-after-sex-releasing-new-album-embarking-on-global-tour/,2024-02-28,2025-06-15,2026-03-19,Kia Forum,"Los Angeles, CA",Arena,FALSE,,,TRUE
Cigarettes After Sex Releasing New Album,"Cigarettes After Sex Releasing New Album, Embarking On Global Tour",https://news.pollstar.com/2024/02/28/cigarettes-after-sex-releasing-new-album-embarking-on-global-tour/,2024-02-28,2025-06-15,2026-03-19,Palacio de los Deportes,"Mexico City, MX",Arena,LYV,,,TRUE
Cigarettes After Sex Releasing New Album,"Cigarettes After Sex Releasing New Album, Embarking On Global Tour",https://news.pollstar.com/2024/02/28/cigarettes-after-sex-releasing-new-album-embarking-on-global-tour/,2024-02-28,2025-06-15,2026-03-19,OAKA Indoor Arena,"Athens, GR",Arena,FALSE,,,TRUE
Cigarettes After Sex Releasing New Album,"Cigarettes After Sex Releasing New Album, Embarking On Global Tour",https://news.pollstar.com/2024/02/28/cigarettes-after-sex-releasing-new-album-embarking-on-global-tour/,2024-02-28,2025-06-15,2026-03-19,Ziggo Dome,"Amsterdam, NL",Arena,FALSE,,,TRUE
Cigarettes After Sex Releasing New Album,"Cigarettes After Sex Releasing New Album, Embarking On Global Tour",https://news.pollstar.com/2024/02/28/cigarettes-after-sex-releasing-new-album-embarking-on-global-tour/,2024-02-28,2025-06-15,2026-03-19,Forest National,"Brussels, BE",Arena,FALSE,,,TRUE
Cigarettes After Sex Releasing New Album,"Cigarettes After Sex Releasing New Album, Embarking On Global Tour",https://news.pollstar.com/2024/02/28/cigarettes-after-sex-releasing-new-album-embarking-on-global-tour/,2024-02-28,2025-06-15,2026-03-19,Forum,"Milan, IT",Arena,FALSE,,,TRUE
Cigarettes After Sex Releasing New Album,"Cigarettes After Sex Releasing New Album, Embarking On Global Tour",https://news.pollstar.com/2024/02/28/cigarettes-after-sex-releasing-new-album-embarking-on-global-tour/,2024-02-28,2025-06-15,2026-03-19,Wiener Stadthalle,"Vienna, AT",Arena,FALSE,,,TRUE
Cigarettes After Sex Releasing New Album,"Cigarettes After Sex Releasing New Album, Embarking On Global Tour",https://news.pollstar.com/2024/02/28/cigarettes-after-sex-releasing-new-album-embarking-on-global-tour/,2024-02-28,2025-06-15,2026-03-19,COS Torwar,"Warsaw, PL",Arena,FALSE,,,TRUE
Cigarettes After Sex Releasing New Album,"Cigarettes After Sex Releasing New Album, Embarking On Global Tour",https://news.pollstar.com/2024/02/28/cigarettes-after-sex-releasing-new-album-embarking-on-global-tour/,2024-02-28,2025-06-15,2026-03-19,Uber Arena,"Berlin, DE",Arena,FALSE,,,TRUE
Cigarettes After Sex Releasing New Album,"Cigarettes After Sex Releasing New Album, Embarking On Global Tour",https://news.pollstar.com/2024/02/28/cigarettes-after-sex-releasing-new-album-embarking-on-global-tour/,2024-02-28,2025-06-15,2026-03-19,St Jakobshalle,"Basel, CH",Arena,FALSE,,,TRUE
Cigarettes After Sex Releasing New Album,"Cigarettes After Sex Releasing New Album, Embarking On Global Tour",https://news.pollstar.com/2024/02/28/cigarettes-after-sex-releasing-new-album-embarking-on-global-tour/,2024-02-28,2025-06-15,2026-03-19,Lanxess Arena,"Cologne, DE",Arena,FALSE,,,TRUE
Cigarettes After Sex Releasing New Album,"Cigarettes After Sex Releasing New Album, Embarking On Global Tour",https://news.pollstar.com/2024/02/28/cigarettes-after-sex-releasing-new-album-embarking-on-global-tour/,2024-02-28,2025-06-15,2026-03-19,The O2,"London, UK",Arena,FALSE,,,TRUE
Cigarettes After Sex Releasing New Album,"Cigarettes After Sex Releasing New Album, Embarking On Global Tour",https://news.pollstar.com/2024/02/28/cigarettes-after-sex-releasing-new-album-embarking-on-global-tour/,2024-02-28,2025-06-15,2026-03-19,Accor Arena,"Paris, FR",Arena,FALSE,,,TRUE
Cigarettes After Sex Releasing New Album,"Cigarettes After Sex Releasing New Album, Embarking On Global Tour",https://news.pollstar.com/2024/02/28/cigarettes-after-sex-releasing-new-album-embarking-on-global-tour/,2024-02-28,2025-06-15,2026-03-19,Halle Tony Garnier,"Lyon, FR",Auditorium,FALSE,,,TRUE
Cigarettes After Sex Releasing New Album,"Cigarettes After Sex Releasing New Album, Embarking On Global Tour",https://news.pollstar.com/2024/02/28/cigarettes-after-sex-releasing-new-album-embarking-on-global-tour/,2024-02-28,2025-06-15,2026-03-19,WiZink Center,"Madrid, ES",Arena,FALSE,,,TRUE
Cigarettes After Sex Releasing New Album,"Cigarettes After Sex Releasing New Album, Embarking On Global Tour",https://news.pollstar.com/2024/02/28/cigarettes-after-sex-releasing-new-album-embarking-on-global-tour/,2024-02-28,2025-06-15,2026-03-19,Altice Arena,"Lisbon, PT",Arena,FALSE,,,TRUE
Cigarettes After Sex Releasing New Album,"Cigarettes After Sex Releasing New Album, Embarking On Global Tour",https://news.pollstar.com/2024/02/28/cigarettes-after-sex-releasing-new-album-embarking-on-global-tour/,2024-02-28,2025-06-15,2026-03-19,"Asia World-Expo, Hall 5","Hong Kong, HK",Other,FALSE,,,TRUE
Cigarettes After Sex Releasing New Album,"Cigarettes After Sex Releasing New Album, Embarking On Global Tour",https://news.pollstar.com/2024/02/28/cigarettes-after-sex-releasing-new-album-embarking-on-global-tour/,2024-02-28,2025-06-15,2026-03-19,Sunway Lagoon,"Kuala Lumpur, MY",Other,FALSE,,,TRUE
Cigarettes After Sex Releasing New Album,"Cigarettes After Sex Releasing New Album, Embarking On Global Tour",https://news.pollstar.com/2024/02/28/cigarettes-after-sex-releasing-new-album-embarking-on-global-tour/,2024-02-28,2025-06-15,2026-03-19,MOA Arena,"Manila, PH",Arena,FALSE,,,TRUE
Cigarettes After Sex Releasing New Album,"Cigarettes After Sex Releasing New Album, Embarking On Global Tour",https://news.pollstar.com/2024/02/28/cigarettes-after-sex-releasing-new-album-embarking-on-global-tour/,2024-02-28,2025-06-15,2026-03-19,Beach City International,"Jakarta, ID",Other,FALSE,,,TRUE
Cigarettes After Sex Releasing New Album,"Cigarettes After Sex Releasing New Album, Embarking On Global Tour",https://news.pollstar.com/2024/02/28/cigarettes-after-sex-releasing-new-album-embarking-on-global-tour/,2024-02-28,2025-06-15,2026-03-19,Impact Exhibition Hall 5,"Bangkok, TH",Theater,FALSE,,,TRUE
Cigarettes After Sex Releasing New Album,"Cigarettes After Sex Releasing New Album, Embarking On Global Tour",https://news.pollstar.com/2024/02/28/cigarettes-after-sex-releasing-new-album-embarking-on-global-tour/,2024-02-28,2025-06-15,2026-03-19,Grand Arena at GrandWest,"Cape Town, ZA",Arena,FALSE,,,TRUE
Cigarettes After Sex Releasing New Album,"Cigarettes After Sex Releasing New Album, Embarking On Global Tour",https://news.pollstar.com/2024/02/28/cigarettes-after-sex-releasing-new-album-embarking-on-global-tour/,2024-02-28,2025-06-15,2026-03-19,SunBet Arena,"Pretoria, ZA",Arena,FALSE,,,TRUE
Cigarettes After Sex Releasing New Album,"Cigarettes After Sex Releasing New Album, Embarking On Global Tour",https://news.pollstar.com/2024/02/28/cigarettes-after-sex-releasing-new-album-embarking-on-global-tour/,2024-02-28,2025-06-15,2026-03-19,Rod Laver Arena,"Melbourne, AU",Arena,FALSE,,,TRUE
Cigarettes After Sex Releasing New Album,"Cigarettes After Sex Releasing New Album, Embarking On Global Tour",https://news.pollstar.com/2024/02/28/cigarettes-after-sex-releasing-new-album-embarking-on-global-tour/,2024-02-28,2025-06-15,2026-03-19,ICC Theatre,"Sydney, AU",Auditorium,FALSE,,,TRUE
Cigarettes After Sex Releasing New Album,"Cigarettes After Sex Releasing New Album, Embarking On Global Tour",https://news.pollstar.com/2024/02/28/cigarettes-after-sex-releasing-new-album-embarking-on-global-tour/,2024-02-28,2025-06-15,2026-03-19,Brisbane Entertainment Centre,"Brisbane, AU",Arena,FALSE,,,TRUE
Cigarettes After Sex Releasing New Album,"Cigarettes After Sex Releasing New Album, Embarking On Global Tour",https://news.pollstar.com/2024/02/28/cigarettes-after-sex-releasing-new-album-embarking-on-global-tour/,2024-02-28,2025-06-15,2026-03-19,Spark Arena,"Auckland, NZ",Arena,FALSE,,,TRUE
Phish,Phish Announces 2024 Summer Tour Dates,https://news.pollstar.com/2024/02/27/phish-announces-2024-summer-tour-dates/,2024-02-27,2024-04-18,2024-09-01,Sphere,"Las Vegas, NV",Arena,FALSE,,,TRUE
Phish,Phish Announces 2024 Summer Tour Dates,https://news.pollstar.com/2024/02/27/phish-announces-2024-summer-tour-dates/,2024-02-27,2024-04-18,2024-09-01,Sphere,"Las Vegas, NV",Arena,FALSE,,,TRUE
Phish,Phish Announces 2024 Summer Tour Dates,https://news.pollstar.com/2024/02/27/phish-announces-2024-summer-tour-dates/,2024-02-27,2024-04-18,2024-09-01,Sphere,"Las Vegas, NV",Arena,FALSE,,,TRUE
Phish,Phish Announces 2024 Summer Tour Dates,https://news.pollstar.com/2024/02/27/phish-announces-2024-summer-tour-dates/,2024-02-27,2024-04-18,2024-09-01,Sphere,"Las Vegas, NV",Arena,FALSE,,,TRUE
Phish,Phish Announces 2024 Summer Tour Dates,https://news.pollstar.com/2024/02/27/phish-announces-2024-summer-tour-dates/,2024-02-27,2024-04-18,2024-09-01,Xfinity Center,"Mansfield, MA",Arena,LYV,,,TRUE
Phish,Phish Announces 2024 Summer Tour Dates,https://news.pollstar.com/2024/02/27/phish-announces-2024-summer-tour-dates/,2024-02-27,2024-04-18,2024-09-01,Xfinity Center,"Mansfield, MA",Arena,LYV,,,TRUE
Phish,Phish Announces 2024 Summer Tour Dates,https://news.pollstar.com/2024/02/27/phish-announces-2024-summer-tour-dates/,2024-02-27,2024-04-18,2024-09-01,Xfinity Center,"Mansfield, MA",Arena,LYV,,,TRUE
Phish,Phish Announces 2024 Summer Tour Dates,https://news.pollstar.com/2024/02/27/phish-announces-2024-summer-tour-dates/,2024-02-27,2024-04-18,2024-09-01,Mohegan Sun Arena,"Uncasville, CT",Arena,FALSE,,,TRUE
Phish,Phish Announces 2024 Summer Tour Dates,https://news.pollstar.com/2024/02/27/phish-announces-2024-summer-tour-dates/,2024-02-27,2024-04-18,2024-09-01,Mohegan Sun Arena,"Uncasville, CT",Arena,FALSE,,,TRUE
Phish,Phish Announces 2024 Summer Tour Dates,https://news.pollstar.com/2024/02/27/phish-announces-2024-summer-tour-dates/,2024-02-27,2024-04-18,2024-09-01,Alpine Valley Music Theatre,"East Troy, WI",Amphitheater,LYV,,,TRUE
Phish,Phish Announces 2024 Summer Tour Dates,https://news.pollstar.com/2024/02/27/phish-announces-2024-summer-tour-dates/,2024-02-27,2024-04-18,2024-09-01,Alpine Valley Music Theatre,"East Troy, WI",Amphitheater,LYV,,,TRUE
Phish,Phish Announces 2024 Summer Tour Dates,https://news.pollstar.com/2024/02/27/phish-announces-2024-summer-tour-dates/,2024-02-27,2024-04-18,2024-09-01,Alpine Valley Music Theatre,"East Troy, WI",Amphitheater,LYV,,,TRUE
Phish,Phish Announces 2024 Summer Tour Dates,https://news.pollstar.com/2024/02/27/phish-announces-2024-summer-tour-dates/,2024-02-27,2024-04-18,2024-09-01,Chaifetz Arena,"St. Louis, MO",Arena,FALSE,,,TRUE
Phish,Phish Announces 2024 Summer Tour Dates,https://news.pollstar.com/2024/02/27/phish-announces-2024-summer-tour-dates/,2024-02-27,2024-04-18,2024-09-01,Chaifetz Arena,"St. Louis, MO",Arena,FALSE,,,TRUE
Phish,Phish Announces 2024 Summer Tour Dates,https://news.pollstar.com/2024/02/27/phish-announces-2024-summer-tour-dates/,2024-02-27,2024-04-18,2024-09-01,Ruoff Music Center,"Noblesville, IN",Amphitheater,LYV,,,TRUE
Phish,Phish Announces 2024 Summer Tour Dates,https://news.pollstar.com/2024/02/27/phish-announces-2024-summer-tour-dates/,2024-02-27,2024-04-18,2024-09-01,Ruoff Music Center,"Noblesville, IN",Amphitheater,LYV,,,TRUE
Phish,Phish Announces 2024 Summer Tour Dates,https://news.pollstar.com/2024/02/27/phish-announces-2024-summer-tour-dates/,2024-02-27,2024-04-18,2024-09-01,Ruoff Music Center,"Noblesville, IN",Amphitheater,LYV,,,TRUE
Phish,Phish Announces 2024 Summer Tour Dates,https://news.pollstar.com/2024/02/27/phish-announces-2024-summer-tour-dates/,2024-02-27,2024-04-18,2024-09-01,Van Andel Arena,"Grand Rapids, MI",Arena,FALSE,,,TRUE
Phish,Phish Announces 2024 Summer Tour Dates,https://news.pollstar.com/2024/02/27/phish-announces-2024-summer-tour-dates/,2024-02-27,2024-04-18,2024-09-01,Van Andel Arena,"Grand Rapids, MI",Arena,FALSE,,,TRUE
Phish,Phish Announces 2024 Summer Tour Dates,https://news.pollstar.com/2024/02/27/phish-announces-2024-summer-tour-dates/,2024-02-27,2024-04-18,2024-09-01,Bethel Woods Center for the Arts,"Bethel, NY",Arena,FALSE,,,TRUE
Phish,Phish Announces 2024 Summer Tour Dates,https://news.pollstar.com/2024/02/27/phish-announces-2024-summer-tour-dates/,2024-02-27,2024-04-18,2024-09-01,Bethel Woods Center for the Arts,"Bethel, NY",Arena,FALSE,,,TRUE
Phish,Phish Announces 2024 Summer Tour Dates,https://news.pollstar.com/2024/02/27/phish-announces-2024-summer-tour-dates/,2024-02-27,2024-04-18,2024-09-01,Bethel Woods Center for the Arts,"Bethel, NY",Arena,FALSE,,,TRUE
Phish,Phish Announces 2024 Summer Tour Dates,https://news.pollstar.com/2024/02/27/phish-announces-2024-summer-tour-dates/,2024-02-27,2024-04-18,2024-09-01,Mondegreen,"The Woodlands Dover, DE",Other,FALSE,,,TRUE
Phish,Phish Announces 2024 Summer Tour Dates,https://news.pollstar.com/2024/02/27/phish-announces-2024-summer-tour-dates/,2024-02-27,2024-04-18,2024-09-01,Mondegreen,"The Woodlands Dover, DE",Other,FALSE,,,TRUE
Phish,Phish Announces 2024 Summer Tour Dates,https://news.pollstar.com/2024/02/27/phish-announces-2024-summer-tour-dates/,2024-02-27,2024-04-18,2024-09-01,Mondegreen,"The Woodlands Dover, DE",Other,FALSE,,,TRUE
Phish,Phish Announces 2024 Summer Tour Dates,https://news.pollstar.com/2024/02/27/phish-announces-2024-summer-tour-dates/,2024-02-27,2024-04-18,2024-09-01,Mondegreen,"The Woodlands Dover, DE",Other,FALSE,,,TRUE
Phish,Phish Announces 2024 Summer Tour Dates,https://news.pollstar.com/2024/02/27/phish-announces-2024-summer-tour-dates/,2024-02-27,2024-04-18,2024-09-01,Dick’s Sporting Goods Park,"Commerce City, CO",Other,FALSE,,,TRUE
Phish,Phish Announces 2024 Summer Tour Dates,https://news.pollstar.com/2024/02/27/phish-announces-2024-summer-tour-dates/,2024-02-27,2024-04-18,2024-09-01,Dick’s Sporting Goods Park,"Commerce City, CO",Other,FALSE,,,TRUE
Phish,Phish Announces 2024 Summer Tour Dates,https://news.pollstar.com/2024/02/27/phish-announces-2024-summer-tour-dates/,2024-02-27,2024-04-18,2024-09-01,Dick’s Sporting Goods Park,"Commerce City, CO",Other,FALSE,,,TRUE
Phish,Phish Announces 2024 Summer Tour Dates,https://news.pollstar.com/2024/02/27/phish-announces-2024-summer-tour-dates/,2024-02-27,2024-04-18,2024-09-01,Dick’s Sporting Goods Park,"Commerce City, CO",Other,FALSE,,,TRUE
Tedeschi Trucks Band,Tedeschi Trucks Band Announces Expanded ‘Deuces Wild’ Tour Through Fall,https://news.pollstar.com/2024/02/26/tedeschi-trucks-bands-announces-expanded-deuces-wild-tour-through-fall/,2024-02-26,2024-02-29,2024-10-09,Beacon Theatre,"New York City, NY",Theater,FALSE,,,TRUE
Tedeschi Trucks Band,Tedeschi Trucks Band Announces Expanded ‘Deuces Wild’ Tour Through Fall,https://news.pollstar.com/2024/02/26/tedeschi-trucks-bands-announces-expanded-deuces-wild-tour-through-fall/,2024-02-26,2024-02-29,2024-10-09,Beacon Theatre,"New York City, NY",Theater,FALSE,,,TRUE
Tedeschi Trucks Band,Tedeschi Trucks Band Announces Expanded ‘Deuces Wild’ Tour Through Fall,https://news.pollstar.com/2024/02/26/tedeschi-trucks-bands-announces-expanded-deuces-wild-tour-through-fall/,2024-02-26,2024-02-29,2024-10-09,Beacon Theatre,"New York City, NY",Theater,FALSE,,,TRUE
Tedeschi Trucks Band,Tedeschi Trucks Band Announces Expanded ‘Deuces Wild’ Tour Through Fall,https://news.pollstar.com/2024/02/26/tedeschi-trucks-bands-announces-expanded-deuces-wild-tour-through-fall/,2024-02-26,2024-02-29,2024-10-09,Warner Theater,Washington DC,Theater,FALSE,,,TRUE
Tedeschi Trucks Band,Tedeschi Trucks Band Announces Expanded ‘Deuces Wild’ Tour Through Fall,https://news.pollstar.com/2024/02/26/tedeschi-trucks-bands-announces-expanded-deuces-wild-tour-through-fall/,2024-02-26,2024-02-29,2024-10-09,Warner Theater,Washington DC,Theater,FALSE,,,TRUE
Tedeschi Trucks Band,Tedeschi Trucks Band Announces Expanded ‘Deuces Wild’ Tour Through Fall,https://news.pollstar.com/2024/02/26/tedeschi-trucks-bands-announces-expanded-deuces-wild-tour-through-fall/,2024-02-26,2024-02-29,2024-10-09,Warner Theater,Washington DC,Theater,FALSE,,,TRUE
Tedeschi Trucks Band,Tedeschi Trucks Band Announces Expanded ‘Deuces Wild’ Tour Through Fall,https://news.pollstar.com/2024/02/26/tedeschi-trucks-bands-announces-expanded-deuces-wild-tour-through-fall/,2024-02-26,2024-02-29,2024-10-09,Hippodrome Theatre,"Baltimore, MD",Theater,FALSE,,,TRUE
Tedeschi Trucks Band,Tedeschi Trucks Band Announces Expanded ‘Deuces Wild’ Tour Through Fall,https://news.pollstar.com/2024/02/26/tedeschi-trucks-bands-announces-expanded-deuces-wild-tour-through-fall/,2024-02-26,2024-02-29,2024-10-09,Altria Theater,"Richmond, VA",Theater,FALSE,,,TRUE
Tedeschi Trucks Band,Tedeschi Trucks Band Announces Expanded ‘Deuces Wild’ Tour Through Fall,https://news.pollstar.com/2024/02/26/tedeschi-trucks-bands-announces-expanded-deuces-wild-tour-through-fall/,2024-02-26,2024-02-29,2024-10-09,Altria Theater,"Richmond, VA",Theater,FALSE,,,TRUE
Tedeschi Trucks Band,Tedeschi Trucks Band Announces Expanded ‘Deuces Wild’ Tour Through Fall,https://news.pollstar.com/2024/02/26/tedeschi-trucks-bands-announces-expanded-deuces-wild-tour-through-fall/,2024-02-26,2024-02-29,2024-10-09,DPAC,"Durham, NC",Theater,FALSE,,,TRUE
Tedeschi Trucks Band,Tedeschi Trucks Band Announces Expanded ‘Deuces Wild’ Tour Through Fall,https://news.pollstar.com/2024/02/26/tedeschi-trucks-bands-announces-expanded-deuces-wild-tour-through-fall/,2024-02-26,2024-02-29,2024-10-09,St. Augustine Amphitheatre,"St. Augustine, FL",Amphitheater,LYV,,,TRUE
Tedeschi Trucks Band,Tedeschi Trucks Band Announces Expanded ‘Deuces Wild’ Tour Through Fall,https://news.pollstar.com/2024/02/26/tedeschi-trucks-bands-announces-expanded-deuces-wild-tour-through-fall/,2024-02-26,2024-02-29,2024-10-09,"Sun, Sand & Soul","Miramar Beach, FL",Other,FALSE,,,TRUE
Tedeschi Trucks Band,Tedeschi Trucks Band Announces Expanded ‘Deuces Wild’ Tour Through Fall,https://news.pollstar.com/2024/02/26/tedeschi-trucks-bands-announces-expanded-deuces-wild-tour-through-fall/,2024-02-26,2024-02-29,2024-10-09,"Sun, Sand & Soul","Miramar Beach, FL",Other,FALSE,,,TRUE
Tedeschi Trucks Band,Tedeschi Trucks Band Announces Expanded ‘Deuces Wild’ Tour Through Fall,https://news.pollstar.com/2024/02/26/tedeschi-trucks-bands-announces-expanded-deuces-wild-tour-through-fall/,2024-02-26,2024-02-29,2024-10-09,Keller Auditorium,"Portland, OR",Theater,FALSE,,,TRUE
Tedeschi Trucks Band,Tedeschi Trucks Band Announces Expanded ‘Deuces Wild’ Tour Through Fall,https://news.pollstar.com/2024/02/26/tedeschi-trucks-bands-announces-expanded-deuces-wild-tour-through-fall/,2024-02-26,2024-02-29,2024-10-09,Keller Auditorium,"Portland, OR",Theater,FALSE,,,TRUE
Tedeschi Trucks Band,Tedeschi Trucks Band Announces Expanded ‘Deuces Wild’ Tour Through Fall,https://news.pollstar.com/2024/02/26/tedeschi-trucks-bands-announces-expanded-deuces-wild-tour-through-fall/,2024-02-26,2024-02-29,2024-10-09,Queen Elizabeth Theatre,"Vancouver, BC",Theater,FALSE,,,TRUE
Tedeschi Trucks Band,Tedeschi Trucks Band Announces Expanded ‘Deuces Wild’ Tour Through Fall,https://news.pollstar.com/2024/02/26/tedeschi-trucks-bands-announces-expanded-deuces-wild-tour-through-fall/,2024-02-26,2024-02-29,2024-10-09,Paramount Theater,"Seattle, WA",Theater,FALSE,,,TRUE
Tedeschi Trucks Band,Tedeschi Trucks Band Announces Expanded ‘Deuces Wild’ Tour Through Fall,https://news.pollstar.com/2024/02/26/tedeschi-trucks-bands-announces-expanded-deuces-wild-tour-through-fall/,2024-02-26,2024-02-29,2024-10-09,Paramount Theater,"Seattle, WA",Theater,FALSE,,,TRUE
Tedeschi Trucks Band,Tedeschi Trucks Band Announces Expanded ‘Deuces Wild’ Tour Through Fall,https://news.pollstar.com/2024/02/26/tedeschi-trucks-bands-announces-expanded-deuces-wild-tour-through-fall/,2024-02-26,2024-02-29,2024-10-09,Greek Theatre,"Berkeley, CA",Amphitheater,FALSE,,,TRUE
Tedeschi Trucks Band,Tedeschi Trucks Band Announces Expanded ‘Deuces Wild’ Tour Through Fall,https://news.pollstar.com/2024/02/26/tedeschi-trucks-bands-announces-expanded-deuces-wild-tour-through-fall/,2024-02-26,2024-02-29,2024-10-09,Greek Theatre,"Berkeley, CA",Amphitheater,FALSE,,,TRUE
Tedeschi Trucks Band,Tedeschi Trucks Band Announces Expanded ‘Deuces Wild’ Tour Through Fall,https://news.pollstar.com/2024/02/26/tedeschi-trucks-bands-announces-expanded-deuces-wild-tour-through-fall/,2024-02-26,2024-02-29,2024-10-09,Grand Sierra,"Reno, NV",Theater,FALSE,,,TRUE
Tedeschi Trucks Band,Tedeschi Trucks Band Announces Expanded ‘Deuces Wild’ Tour Through Fall,https://news.pollstar.com/2024/02/26/tedeschi-trucks-bands-announces-expanded-deuces-wild-tour-through-fall/,2024-02-26,2024-02-29,2024-10-09,Santa Barbara Bowl,"Santa Barbara, CA",Amphitheater,LYV,,,TRUE
Tedeschi Trucks Band,Tedeschi Trucks Band Announces Expanded ‘Deuces Wild’ Tour Through Fall,https://news.pollstar.com/2024/02/26/tedeschi-trucks-bands-announces-expanded-deuces-wild-tour-through-fall/,2024-02-26,2024-02-29,2024-10-09,The Greek Theatre,"Los Angeles, CA",Amphitheater,FALSE,,,TRUE
Tedeschi Trucks Band,Tedeschi Trucks Band Announces Expanded ‘Deuces Wild’ Tour Through Fall,https://news.pollstar.com/2024/02/26/tedeschi-trucks-bands-announces-expanded-deuces-wild-tour-through-fall/,2024-02-26,2024-02-29,2024-10-09,CalCoast Credit Union Open Air Theatre,"San Diego, CA",Auditorium,FALSE,,,TRUE
Tedeschi Trucks Band,Tedeschi Trucks Band Announces Expanded ‘Deuces Wild’ Tour Through Fall,https://news.pollstar.com/2024/02/26/tedeschi-trucks-bands-announces-expanded-deuces-wild-tour-through-fall/,2024-02-26,2024-02-29,2024-10-09,The Greek Theatre,"Los Angeles, CA",Amphitheater,FALSE,,,TRUE
Tedeschi Trucks Band,Tedeschi Trucks Band Announces Expanded ‘Deuces Wild’ Tour Through Fall,https://news.pollstar.com/2024/02/26/tedeschi-trucks-bands-announces-expanded-deuces-wild-tour-through-fall/,2024-02-26,2024-02-29,2024-10-09,Arizona Financial Theatre&,"Phoenix, AZ",Theater,LYV,,,TRUE
Tedeschi Trucks Band,Tedeschi Trucks Band Announces Expanded ‘Deuces Wild’ Tour Through Fall,https://news.pollstar.com/2024/02/26/tedeschi-trucks-bands-announces-expanded-deuces-wild-tour-through-fall/,2024-02-26,2024-02-29,2024-10-09,Tulsa Theater&,"Tulsa, OK",Theater,FALSE,,,TRUE
Tedeschi Trucks Band,Tedeschi Trucks Band Announces Expanded ‘Deuces Wild’ Tour Through Fall,https://news.pollstar.com/2024/02/26/tedeschi-trucks-bands-announces-expanded-deuces-wild-tour-through-fall/,2024-02-26,2024-02-29,2024-10-09,Globe Life Field (supporting Chris Stapleton),"Arlington, TX",Stadium,FALSE,,,TRUE
Tedeschi Trucks Band,Tedeschi Trucks Band Announces Expanded ‘Deuces Wild’ Tour Through Fall,https://news.pollstar.com/2024/02/26/tedeschi-trucks-bands-announces-expanded-deuces-wild-tour-through-fall/,2024-02-26,2024-02-29,2024-10-09,Las Colonias Park Amphitheater,"Grand Junction, CO",Theater,FALSE,,,TRUE
Tedeschi Trucks Band,Tedeschi Trucks Band Announces Expanded ‘Deuces Wild’ Tour Through Fall,https://news.pollstar.com/2024/02/26/tedeschi-trucks-bands-announces-expanded-deuces-wild-tour-through-fall/,2024-02-26,2024-02-29,2024-10-09,Red Rocks Amphitheatre,"Morrison, CO",Amphitheater,FALSE,,,TRUE
Tedeschi Trucks Band,Tedeschi Trucks Band Announces Expanded ‘Deuces Wild’ Tour Through Fall,https://news.pollstar.com/2024/02/26/tedeschi-trucks-bands-announces-expanded-deuces-wild-tour-through-fall/,2024-02-26,2024-02-29,2024-10-09,Red Rocks Amphitheatre,"Morrison, CO",Amphitheater,FALSE,,,TRUE
Tedeschi Trucks Band,Tedeschi Trucks Band Announces Expanded ‘Deuces Wild’ Tour Through Fall,https://news.pollstar.com/2024/02/26/tedeschi-trucks-bands-announces-expanded-deuces-wild-tour-through-fall/,2024-02-26,2024-02-29,2024-10-09,The Astro Amphitheater,"La Vista (Omaha), NE",Theater,FALSE,,,TRUE
Tedeschi Trucks Band,Tedeschi Trucks Band Announces Expanded ‘Deuces Wild’ Tour Through Fall,https://news.pollstar.com/2024/02/26/tedeschi-trucks-bands-announces-expanded-deuces-wild-tour-through-fall/,2024-02-26,2024-02-29,2024-10-09,Huntington Bank Pavilion at Northerly Island,"Chicago, IL",Amphitheater,LYV,,,TRUE
Tedeschi Trucks Band,Tedeschi Trucks Band Announces Expanded ‘Deuces Wild’ Tour Through Fall,https://news.pollstar.com/2024/02/26/tedeschi-trucks-bands-announces-expanded-deuces-wild-tour-through-fall/,2024-02-26,2024-02-29,2024-10-09,The Armory,"Minneapolis, MN",Theater,FALSE,,,TRUE
Tedeschi Trucks Band,Tedeschi Trucks Band Announces Expanded ‘Deuces Wild’ Tour Through Fall,https://news.pollstar.com/2024/02/26/tedeschi-trucks-bands-announces-expanded-deuces-wild-tour-through-fall/,2024-02-26,2024-02-29,2024-10-09,The Armory,"Minneapolis, MN",Theater,FALSE,,,TRUE
Tedeschi Trucks Band,Tedeschi Trucks Band Announces Expanded ‘Deuces Wild’ Tour Through Fall,https://news.pollstar.com/2024/02/26/tedeschi-trucks-bands-announces-expanded-deuces-wild-tour-through-fall/,2024-02-26,2024-02-29,2024-10-09,The Fabulous Fox Theatre,"St. Louis, MO",Theater,FALSE,,,TRUE
Tedeschi Trucks Band,Tedeschi Trucks Band Announces Expanded ‘Deuces Wild’ Tour Through Fall,https://news.pollstar.com/2024/02/26/tedeschi-trucks-bands-announces-expanded-deuces-wild-tour-through-fall/,2024-02-26,2024-02-29,2024-10-09,Toledo Zoo Amphitheater,"Toledo, OH",Theater,FALSE,,,TRUE
Tedeschi Trucks Band,Tedeschi Trucks Band Announces Expanded ‘Deuces Wild’ Tour Through Fall,https://news.pollstar.com/2024/02/26/tedeschi-trucks-bands-announces-expanded-deuces-wild-tour-through-fall/,2024-02-26,2024-02-29,2024-10-09,BMO Pavilion,"Milwaukee, WI",Amphitheater,FALSE,,,TRUE
Tedeschi Trucks Band,Tedeschi Trucks Band Announces Expanded ‘Deuces Wild’ Tour Through Fall,https://news.pollstar.com/2024/02/26/tedeschi-trucks-bands-announces-expanded-deuces-wild-tour-through-fall/,2024-02-26,2024-02-29,2024-10-09,Wings Event Center,"Kalamazoo, MI",Other,FALSE,,,TRUE
Tedeschi Trucks Band,Tedeschi Trucks Band Announces Expanded ‘Deuces Wild’ Tour Through Fall,https://news.pollstar.com/2024/02/26/tedeschi-trucks-bands-announces-expanded-deuces-wild-tour-through-fall/,2024-02-26,2024-02-29,2024-10-09,Michigan Lottery Amphitheatre at Freedom Hill,"Sterling Heights (Detroit), MI",Amphitheater,LYV,,,TRUE
Tedeschi Trucks Band,Tedeschi Trucks Band Announces Expanded ‘Deuces Wild’ Tour Through Fall,https://news.pollstar.com/2024/02/26/tedeschi-trucks-bands-announces-expanded-deuces-wild-tour-through-fall/,2024-02-26,2024-02-29,2024-10-09,Blossom Music Center,"Cuyahoga Falls, OH",Amphitheater,LYV,,,TRUE
Tedeschi Trucks Band,Tedeschi Trucks Band Announces Expanded ‘Deuces Wild’ Tour Through Fall,https://news.pollstar.com/2024/02/26/tedeschi-trucks-bands-announces-expanded-deuces-wild-tour-through-fall/,2024-02-26,2024-02-29,2024-10-09,Budweiser Stage,"Toronto, ON",Amphitheater,LYV,,,TRUE
Tedeschi Trucks Band,Tedeschi Trucks Band Announces Expanded ‘Deuces Wild’ Tour Through Fall,https://news.pollstar.com/2024/02/26/tedeschi-trucks-bands-announces-expanded-deuces-wild-tour-through-fall/,2024-02-26,2024-02-29,2024-10-09,CMAC,"Canandaigua, NY",Amphitheater,LYV,,,TRUE
Tedeschi Trucks Band,Tedeschi Trucks Band Announces Expanded ‘Deuces Wild’ Tour Through Fall,https://news.pollstar.com/2024/02/26/tedeschi-trucks-bands-announces-expanded-deuces-wild-tour-through-fall/,2024-02-26,2024-02-29,2024-10-09,The Pavilion at Star Lake,"Burgettstown (Pittsburgh), PA",Amphitheater,LYV,,,TRUE
Tedeschi Trucks Band,Tedeschi Trucks Band Announces Expanded ‘Deuces Wild’ Tour Through Fall,https://news.pollstar.com/2024/02/26/tedeschi-trucks-bands-announces-expanded-deuces-wild-tour-through-fall/,2024-02-26,2024-02-29,2024-10-09,Artpark Mainstage Theater,"Lewiston, NY",Theater,FALSE,,,TRUE
Tedeschi Trucks Band,Tedeschi Trucks Band Announces Expanded ‘Deuces Wild’ Tour Through Fall,https://news.pollstar.com/2024/02/26/tedeschi-trucks-bands-announces-expanded-deuces-wild-tour-through-fall/,2024-02-26,2024-02-29,2024-10-09,Merriweather Post Pavilion,"Columbia, MD",Amphitheater,LYV,,,TRUE
Tedeschi Trucks Band,Tedeschi Trucks Band Announces Expanded ‘Deuces Wild’ Tour Through Fall,https://news.pollstar.com/2024/02/26/tedeschi-trucks-bands-announces-expanded-deuces-wild-tour-through-fall/,2024-02-26,2024-02-29,2024-10-09,Hartford HealthCare Amphitheater,"Bridgeport, CT",Amphitheater,LYV,,,TRUE
Tedeschi Trucks Band,Tedeschi Trucks Band Announces Expanded ‘Deuces Wild’ Tour Through Fall,https://news.pollstar.com/2024/02/26/tedeschi-trucks-bands-announces-expanded-deuces-wild-tour-through-fall/,2024-02-26,2024-02-29,2024-10-09,Hartford HealthCare Amphitheater,"Bridgeport, CT",Amphitheater,LYV,,,TRUE
Tedeschi Trucks Band,Tedeschi Trucks Band Announces Expanded ‘Deuces Wild’ Tour Through Fall,https://news.pollstar.com/2024/02/26/tedeschi-trucks-bands-announces-expanded-deuces-wild-tour-through-fall/,2024-02-26,2024-02-29,2024-10-09,Bethel Woods Center for the Arts*,"Bethel, NY",Arena,FALSE,,,TRUE
Tedeschi Trucks Band,Tedeschi Trucks Band Announces Expanded ‘Deuces Wild’ Tour Through Fall,https://news.pollstar.com/2024/02/26/tedeschi-trucks-bands-announces-expanded-deuces-wild-tour-through-fall/,2024-02-26,2024-02-29,2024-10-09,The Mann Center,"Philadelphia, PA",Arena,FALSE,,,TRUE
Tedeschi Trucks Band,Tedeschi Trucks Band Announces Expanded ‘Deuces Wild’ Tour Through Fall,https://news.pollstar.com/2024/02/26/tedeschi-trucks-bands-announces-expanded-deuces-wild-tour-through-fall/,2024-02-26,2024-02-29,2024-10-09,Saratoga Performing Arts Center*,"Saratoga Springs, NY",Theater,LYV,,,TRUE
Tedeschi Trucks Band,Tedeschi Trucks Band Announces Expanded ‘Deuces Wild’ Tour Through Fall,https://news.pollstar.com/2024/02/26/tedeschi-trucks-bands-announces-expanded-deuces-wild-tour-through-fall/,2024-02-26,2024-02-29,2024-10-09,Saratoga Performing Arts Center*>,"Saratoga Springs, NY",Theater,LYV,,,TRUE
Tedeschi Trucks Band,Tedeschi Trucks Band Announces Expanded ‘Deuces Wild’ Tour Through Fall,https://news.pollstar.com/2024/02/26/tedeschi-trucks-bands-announces-expanded-deuces-wild-tour-through-fall/,2024-02-26,2024-02-29,2024-10-09,BankNH Pavilion,"Gilford, NH",Amphitheater,LYV,,,TRUE
Tedeschi Trucks Band,Tedeschi Trucks Band Announces Expanded ‘Deuces Wild’ Tour Through Fall,https://news.pollstar.com/2024/02/26/tedeschi-trucks-bands-announces-expanded-deuces-wild-tour-through-fall/,2024-02-26,2024-02-29,2024-10-09,Bourbon & Beyond Festival,"Louisville, KY",Amphitheater,LYV,,,TRUE
Tedeschi Trucks Band,Tedeschi Trucks Band Announces Expanded ‘Deuces Wild’ Tour Through Fall,https://news.pollstar.com/2024/02/26/tedeschi-trucks-bands-announces-expanded-deuces-wild-tour-through-fall/,2024-02-26,2024-02-29,2024-10-09,Ascend Amphitheater,"Nashville, TN",Amphitheater,LYV,,,TRUE
Tedeschi Trucks Band,Tedeschi Trucks Band Announces Expanded ‘Deuces Wild’ Tour Through Fall,https://news.pollstar.com/2024/02/26/tedeschi-trucks-bands-announces-expanded-deuces-wild-tour-through-fall/,2024-02-26,2024-02-29,2024-10-09,Beacon Theatre,"New York, NY",Theater,FALSE,,,TRUE
Tedeschi Trucks Band,Tedeschi Trucks Band Announces Expanded ‘Deuces Wild’ Tour Through Fall,https://news.pollstar.com/2024/02/26/tedeschi-trucks-bands-announces-expanded-deuces-wild-tour-through-fall/,2024-02-26,2024-02-29,2024-10-09,Beacon Theatre,"New York, NY",Theater,FALSE,,,TRUE
Tedeschi Trucks Band,Tedeschi Trucks Band Announces Expanded ‘Deuces Wild’ Tour Through Fall,https://news.pollstar.com/2024/02/26/tedeschi-trucks-bands-announces-expanded-deuces-wild-tour-through-fall/,2024-02-26,2024-02-29,2024-10-09,Kings Theatre,"Brooklyn, NY",Theater,FALSE,,,TRUE
Tedeschi Trucks Band,Tedeschi Trucks Band Announces Expanded ‘Deuces Wild’ Tour Through Fall,https://news.pollstar.com/2024/02/26/tedeschi-trucks-bands-announces-expanded-deuces-wild-tour-through-fall/,2024-02-26,2024-02-29,2024-10-09,Kings Theatre,"Brooklyn, NY",Theater,FALSE,,,TRUE
Tedeschi Trucks Band,Tedeschi Trucks Band Announces Expanded ‘Deuces Wild’ Tour Through Fall,https://news.pollstar.com/2024/02/26/tedeschi-trucks-bands-announces-expanded-deuces-wild-tour-through-fall/,2024-02-26,2024-02-29,2024-10-09,MGM Music Hall,"Boston, MA",Theater,FALSE,,,TRUE
Tedeschi Trucks Band,Tedeschi Trucks Band Announces Expanded ‘Deuces Wild’ Tour Through Fall,https://news.pollstar.com/2024/02/26/tedeschi-trucks-bands-announces-expanded-deuces-wild-tour-through-fall/,2024-02-26,2024-02-29,2024-10-09,Wang Theatre,"Boston, MA",Theater,FALSE,,,TRUE
Tedeschi Trucks Band,Tedeschi Trucks Band Announces Expanded ‘Deuces Wild’ Tour Through Fall,https://news.pollstar.com/2024/02/26/tedeschi-trucks-bands-announces-expanded-deuces-wild-tour-through-fall/,2024-02-26,2024-02-29,2024-10-09,The Capitol Theatre,"Port Chester, NY",Theater,FALSE,,,TRUE
Tedeschi Trucks Band,Tedeschi Trucks Band Announces Expanded ‘Deuces Wild’ Tour Through Fall,https://news.pollstar.com/2024/02/26/tedeschi-trucks-bands-announces-expanded-deuces-wild-tour-through-fall/,2024-02-26,2024-02-29,2024-10-09,The Capitol Theatre,"Port Chester, NY",Theater,FALSE,,,TRUE
Whiskey Myers,Whiskey Myers Adds 19 Dates To North American Tour,https://news.pollstar.com/2024/02/26/whiskey-myers-adds-19-dates-to-north-american-tour/,2024-02-26,2024-03-08,2024-09-19,Ford Idaho Center Amphitheater,"Nampa, ID",Amphitheater,LYV,,,TRUE
Whiskey Myers,Whiskey Myers Adds 19 Dates To North American Tour,https://news.pollstar.com/2024/02/26/whiskey-myers-adds-19-dates-to-north-american-tour/,2024-02-26,2024-03-08,2024-09-19,Grand Theater at the Grand Sierra Resort,"Reno, NV",Theater,FALSE,,,TRUE
Whiskey Myers,Whiskey Myers Adds 19 Dates To North American Tour,https://news.pollstar.com/2024/02/26/whiskey-myers-adds-19-dates-to-north-american-tour/,2024-02-26,2024-03-08,2024-09-19,Santa Barbara Bowl,"Santa Barbara, CA",Amphitheater,LYV,,,TRUE
Whiskey Myers,Whiskey Myers Adds 19 Dates To North American Tour,https://news.pollstar.com/2024/02/26/whiskey-myers-adds-19-dates-to-north-american-tour/,2024-02-26,2024-03-08,2024-09-19,Toyota Pavilion at Concord,"Concord, CA",Amphitheater,LYV,,,TRUE
Whiskey Myers,Whiskey Myers Adds 19 Dates To North American Tour,https://news.pollstar.com/2024/02/26/whiskey-myers-adds-19-dates-to-north-american-tour/,2024-02-26,2024-03-08,2024-09-19,Hard Rock Live,"Wheatland, CA",Theater,FALSE,,,TRUE
Whiskey Myers,Whiskey Myers Adds 19 Dates To North American Tour,https://news.pollstar.com/2024/02/26/whiskey-myers-adds-19-dates-to-north-american-tour/,2024-02-26,2024-03-08,2024-09-19,Rosemont Theatre,"Chicago, IL",Theater,FALSE,,,TRUE
Whiskey Myers,Whiskey Myers Adds 19 Dates To North American Tour,https://news.pollstar.com/2024/02/26/whiskey-myers-adds-19-dates-to-north-american-tour/,2024-02-26,2024-03-08,2024-09-19,The Youngstown Foundation Amphitheatre,"Youngstown, OH",Amphitheater,LYV,,,TRUE
Whiskey Myers,Whiskey Myers Adds 19 Dates To North American Tour,https://news.pollstar.com/2024/02/26/whiskey-myers-adds-19-dates-to-north-american-tour/,2024-02-26,2024-03-08,2024-09-19,Appalachian Wireless Arena,"Pikeville, KY",Arena,FALSE,,,TRUE
Whiskey Myers,Whiskey Myers Adds 19 Dates To North American Tour,https://news.pollstar.com/2024/02/26/whiskey-myers-adds-19-dates-to-north-american-tour/,2024-02-26,2024-03-08,2024-09-19,Rose Music Center at The Heights,"Huber Heights, OH",Amphitheater,LYV,,,TRUE
Whiskey Myers,Whiskey Myers Adds 19 Dates To North American Tour,https://news.pollstar.com/2024/02/26/whiskey-myers-adds-19-dates-to-north-american-tour/,2024-02-26,2024-03-08,2024-09-19,Saint Louis Music Park,"St. Louis, MO",Amphitheater,LYV,,,TRUE
Whiskey Myers,Whiskey Myers Adds 19 Dates To North American Tour,https://news.pollstar.com/2024/02/26/whiskey-myers-adds-19-dates-to-north-american-tour/,2024-02-26,2024-03-08,2024-09-19,Hard Rock Live at Etess Arena,"Atlantic City, NJ",Theater,FALSE,,,TRUE
Whiskey Myers,Whiskey Myers Adds 19 Dates To North American Tour,https://news.pollstar.com/2024/02/26/whiskey-myers-adds-19-dates-to-north-american-tour/,2024-02-26,2024-03-08,2024-09-19,Santander Arena,"Reading, PA",Arena,FALSE,,,TRUE
Whiskey Myers,Whiskey Myers Adds 19 Dates To North American Tour,https://news.pollstar.com/2024/02/26/whiskey-myers-adds-19-dates-to-north-american-tour/,2024-02-26,2024-03-08,2024-09-19,Ryan Center,"Kingston, RI",Other,FALSE,,,TRUE
Whiskey Myers,Whiskey Myers Adds 19 Dates To North American Tour,https://news.pollstar.com/2024/02/26/whiskey-myers-adds-19-dates-to-north-american-tour/,2024-02-26,2024-03-08,2024-09-19,"Bangor, Maine",Maine Savings Amphitheater,Other,FALSE,,,TRUE
Whiskey Myers,Whiskey Myers Adds 19 Dates To North American Tour,https://news.pollstar.com/2024/02/26/whiskey-myers-adds-19-dates-to-north-american-tour/,2024-02-26,2024-03-08,2024-09-19,BankNH Pavilion,"Gilford, NH",Amphitheater,LYV,,,TRUE
Whiskey Myers,Whiskey Myers Adds 19 Dates To North American Tour,https://news.pollstar.com/2024/02/26/whiskey-myers-adds-19-dates-to-north-american-tour/,2024-02-26,2024-03-08,2024-09-19,Hartford HealthCare Amphitheater,"Bridgeport, CT",Amphitheater,LYV,,,TRUE
Whiskey Myers,Whiskey Myers Adds 19 Dates To North American Tour,https://news.pollstar.com/2024/02/26/whiskey-myers-adds-19-dates-to-north-american-tour/,2024-02-26,2024-03-08,2024-09-19,Stone Pony Summer Stage,"Asbury Park, NJ",Amphitheater,LYV,,,TRUE
Whiskey Myers,Whiskey Myers Adds 19 Dates To North American Tour,https://news.pollstar.com/2024/02/26/whiskey-myers-adds-19-dates-to-north-american-tour/,2024-02-26,2024-03-08,2024-09-19,Brookshire Grocery Arena,"Bossier, LA",Arena,FALSE,,,TRUE
Whiskey Myers,Whiskey Myers Adds 19 Dates To North American Tour,https://news.pollstar.com/2024/02/26/whiskey-myers-adds-19-dates-to-north-american-tour/,2024-02-26,2024-03-08,2024-09-19,Mississippi Coast Coliseum,"Biloxi, MS",Arena,FALSE,,,TRUE
Whiskey Myers,Whiskey Myers Adds 19 Dates To North American Tour,https://news.pollstar.com/2024/02/26/whiskey-myers-adds-19-dates-to-north-american-tour/,2024-02-26,2024-03-08,2024-09-19,RodeoHouston,"Houston, TX",Other,FALSE,,,TRUE
Whiskey Myers,Whiskey Myers Adds 19 Dates To North American Tour,https://news.pollstar.com/2024/02/26/whiskey-myers-adds-19-dates-to-north-american-tour/,2024-02-26,2024-03-08,2024-09-19,Legacy Arena,"Birmingham, AL",Arena,FALSE,,,TRUE
Whiskey Myers,Whiskey Myers Adds 19 Dates To North American Tour,https://news.pollstar.com/2024/02/26/whiskey-myers-adds-19-dates-to-north-american-tour/,2024-02-26,2024-03-08,2024-09-19,Grind City Music Festival,"Memphis, TN",Other,FALSE,,,TRUE
Whiskey Myers,Whiskey Myers Adds 19 Dates To North American Tour,https://news.pollstar.com/2024/02/26/whiskey-myers-adds-19-dates-to-north-american-tour/,2024-02-26,2024-03-08,2024-09-19,Cattle Country Fest,"Gonzales, TX",Amphitheater,LYV,,,TRUE
Whiskey Myers,Whiskey Myers Adds 19 Dates To North American Tour,https://news.pollstar.com/2024/02/26/whiskey-myers-adds-19-dates-to-north-american-tour/,2024-02-26,2024-03-08,2024-09-19,Wiggy Thump Festival,"Palestine, TX",Other,FALSE,,,TRUE
Whiskey Myers,Whiskey Myers Adds 19 Dates To North American Tour,https://news.pollstar.com/2024/02/26/whiskey-myers-adds-19-dates-to-north-american-tour/,2024-02-26,2024-03-08,2024-09-19,Simmons Bank Arena,"Little Rock, AR",Arena,FALSE,,,TRUE
Whiskey Myers,Whiskey Myers Adds 19 Dates To North American Tour,https://news.pollstar.com/2024/02/26/whiskey-myers-adds-19-dates-to-north-american-tour/,2024-02-26,2024-03-08,2024-09-19,Hartman Arena,"Park City, KS",Arena,FALSE,,,TRUE
Whiskey Myers,Whiskey Myers Adds 19 Dates To North American Tour,https://news.pollstar.com/2024/02/26/whiskey-myers-adds-19-dates-to-north-american-tour/,2024-02-26,2024-03-08,2024-09-19,Alliant Energy Powerhouse,"Cedar Rapids, IA",Arena,FALSE,,,TRUE
Whiskey Myers,Whiskey Myers Adds 19 Dates To North American Tour,https://news.pollstar.com/2024/02/26/whiskey-myers-adds-19-dates-to-north-american-tour/,2024-02-26,2024-03-08,2024-09-19,Denny Sanford Center,"Sioux Falls, SD",Arena,FALSE,,,TRUE
Whiskey Myers,Whiskey Myers Adds 19 Dates To North American Tour,https://news.pollstar.com/2024/02/26/whiskey-myers-adds-19-dates-to-north-american-tour/,2024-02-26,2024-03-08,2024-09-19,The Armory,"Minneapolis, MN",Theater,FALSE,,,TRUE
Whiskey Myers,Whiskey Myers Adds 19 Dates To North American Tour,https://news.pollstar.com/2024/02/26/whiskey-myers-adds-19-dates-to-north-american-tour/,2024-02-26,2024-03-08,2024-09-19,Peoria Civic Center,"Peoria, IL",Arena,FALSE,,,TRUE
Whiskey Myers,Whiskey Myers Adds 19 Dates To North American Tour,https://news.pollstar.com/2024/02/26/whiskey-myers-adds-19-dates-to-north-american-tour/,2024-02-26,2024-03-08,2024-09-19,The Walmart AMP,"Rogers, AR",Amphitheater,LYV,,,TRUE
Whiskey Myers,Whiskey Myers Adds 19 Dates To North American Tour,https://news.pollstar.com/2024/02/26/whiskey-myers-adds-19-dates-to-north-american-tour/,2024-02-26,2024-03-08,2024-09-19,Ozarks Amphitheater,"Camdenton, MO",Theater,FALSE,,,TRUE
Whiskey Myers,Whiskey Myers Adds 19 Dates To North American Tour,https://news.pollstar.com/2024/02/26/whiskey-myers-adds-19-dates-to-north-american-tour/,2024-02-26,2024-03-08,2024-09-19,Ozarks Amphitheater,"Camdenton, MO",Theater,FALSE,,,TRUE
Whiskey Myers,Whiskey Myers Adds 19 Dates To North American Tour,https://news.pollstar.com/2024/02/26/whiskey-myers-adds-19-dates-to-north-american-tour/,2024-02-26,2024-03-08,2024-09-19,Veterans United Home Loans Amphitheater,"Virginia Beach, VA",Amphitheater,LYV,,,TRUE
Whiskey Myers,Whiskey Myers Adds 19 Dates To North American Tour,https://news.pollstar.com/2024/02/26/whiskey-myers-adds-19-dates-to-north-american-tour/,2024-02-26,2024-03-08,2024-09-19,Broadview Stage at SPAC,"Saratoga Springs, NY",Amphitheater,LYV,,,TRUE
Whiskey Myers,Whiskey Myers Adds 19 Dates To North American Tour,https://news.pollstar.com/2024/02/26/whiskey-myers-adds-19-dates-to-north-american-tour/,2024-02-26,2024-03-08,2024-09-19,Empower Federal Credit Union Amphitheater,"Syracuse, NY",Amphitheater,LYV,,,TRUE
Whiskey Myers,Whiskey Myers Adds 19 Dates To North American Tour,https://news.pollstar.com/2024/02/26/whiskey-myers-adds-19-dates-to-north-american-tour/,2024-02-26,2024-03-08,2024-09-19,Alaska State Fair,"Palmer, AK",Other,FALSE,,,TRUE
Whiskey Myers,Whiskey Myers Adds 19 Dates To North American Tour,https://news.pollstar.com/2024/02/26/whiskey-myers-adds-19-dates-to-north-american-tour/,2024-02-26,2024-03-08,2024-09-19,Bourbon & Beyond,"Louisville, KY",Amphitheater,LYV,,,TRUE
Jauz,Jauz Announces Wise Vs Wicked Tour Dates,https://news.pollstar.com/2024/02/16/jauz-announces-wise-vs-wicked-tour-dates/,2024-02-16,2024-04-12,2024-07-12,"Philadelphia, PA (Wise)",The Ave,Other,FALSE,,,TRUE
Jauz,Jauz Announces Wise Vs Wicked Tour Dates,https://news.pollstar.com/2024/02/16/jauz-announces-wise-vs-wicked-tour-dates/,2024-02-16,2024-04-12,2024-07-12,"Philadelphia, PA (Wicked)",The Ave,Other,FALSE,,,TRUE
Jauz,Jauz Announces Wise Vs Wicked Tour Dates,https://news.pollstar.com/2024/02/16/jauz-announces-wise-vs-wicked-tour-dates/,2024-02-16,2024-04-12,2024-07-12,"New York, NY (Wise & Wicked)",Webster Hall,Other,FALSE,,,TRUE
Jauz,Jauz Announces Wise Vs Wicked Tour Dates,https://news.pollstar.com/2024/02/16/jauz-announces-wise-vs-wicked-tour-dates/,2024-02-16,2024-04-12,2024-07-12,"Seattle, WA (Wicked)",The Showbox,Other,FALSE,,,TRUE
Jauz,Jauz Announces Wise Vs Wicked Tour Dates,https://news.pollstar.com/2024/02/16/jauz-announces-wise-vs-wicked-tour-dates/,2024-02-16,2024-04-12,2024-07-12,"Seattle, WA (Wise)",The Showbox,Other,FALSE,,,TRUE
Jauz,Jauz Announces Wise Vs Wicked Tour Dates,https://news.pollstar.com/2024/02/16/jauz-announces-wise-vs-wicked-tour-dates/,2024-02-16,2024-04-12,2024-07-12,"Denver, CO (Wicked)",Reelworks,Other,FALSE,,,TRUE
Jauz,Jauz Announces Wise Vs Wicked Tour Dates,https://news.pollstar.com/2024/02/16/jauz-announces-wise-vs-wicked-tour-dates/,2024-02-16,2024-04-12,2024-07-12,"Denver, CO (Wise)",Reelworks,Other,FALSE,,,TRUE
Jauz,Jauz Announces Wise Vs Wicked Tour Dates,https://news.pollstar.com/2024/02/16/jauz-announces-wise-vs-wicked-tour-dates/,2024-02-16,2024-04-12,2024-07-12,"Austin, TX (Wicked)",Concourse Project,Club,LYV,,,TRUE
Jauz,Jauz Announces Wise Vs Wicked Tour Dates,https://news.pollstar.com/2024/02/16/jauz-announces-wise-vs-wicked-tour-dates/,2024-02-16,2024-04-12,2024-07-12,"Austin, TX (Wise)",Concourse Project,Club,LYV,,,TRUE
Jauz,Jauz Announces Wise Vs Wicked Tour Dates,https://news.pollstar.com/2024/02/16/jauz-announces-wise-vs-wicked-tour-dates/,2024-02-16,2024-04-12,2024-07-12,"San Francisco, CA (Wicked)",1015 Folsom,Other,FALSE,,,TRUE
Jauz,Jauz Announces Wise Vs Wicked Tour Dates,https://news.pollstar.com/2024/02/16/jauz-announces-wise-vs-wicked-tour-dates/,2024-02-16,2024-04-12,2024-07-12,"San Francisco, CA (Wise)",1015 Folsom,Other,FALSE,,,TRUE
Chromeo,Chromeo Announces World Tour & Fall Co-Headline With Midnight,https://news.pollstar.com/2024/02/14/chrome-announces-world-tour-fall-co-headline-with-midnight/,2024-02-14,2024-05-28,2024-10-18,Vega,"Copenhagen, DK",Club,FALSE,,,TRUE
Chromeo,Chromeo Announces World Tour & Fall Co-Headline With Midnight,https://news.pollstar.com/2024/02/14/chrome-announces-world-tour-fall-co-headline-with-midnight/,2024-02-14,2024-05-28,2024-10-18,Vulkan Arena,"Oslo, NO",Arena,FALSE,,,TRUE
Chromeo,Chromeo Announces World Tour & Fall Co-Headline With Midnight,https://news.pollstar.com/2024/02/14/chrome-announces-world-tour-fall-co-headline-with-midnight/,2024-02-14,2024-05-28,2024-10-18,Debaser Strand,"Stockholm, SE",Club,FALSE,,,TRUE
Chromeo,Chromeo Announces World Tour & Fall Co-Headline With Midnight,https://news.pollstar.com/2024/02/14/chrome-announces-world-tour-fall-co-headline-with-midnight/,2024-02-14,2024-05-28,2024-10-18,La Madeline,"Brussels, BE",Club,FALSE,,,TRUE
Chromeo,Chromeo Announces World Tour & Fall Co-Headline With Midnight,https://news.pollstar.com/2024/02/14/chrome-announces-world-tour-fall-co-headline-with-midnight/,2024-02-14,2024-05-28,2024-10-18,Melkweg,"Amsterdam, NL",Club,FALSE,,,TRUE
Chromeo,Chromeo Announces World Tour & Fall Co-Headline With Midnight,https://news.pollstar.com/2024/02/14/chrome-announces-world-tour-fall-co-headline-with-midnight/,2024-02-14,2024-05-28,2024-10-18,Kantine,"Cologne, DE",Club,FALSE,,,TRUE
Chromeo,Chromeo Announces World Tour & Fall Co-Headline With Midnight,https://news.pollstar.com/2024/02/14/chrome-announces-world-tour-fall-co-headline-with-midnight/,2024-02-14,2024-05-28,2024-10-18,Metropol,"Berlin, DE",Stadium,FALSE,,,TRUE
Chromeo,Chromeo Announces World Tour & Fall Co-Headline With Midnight,https://news.pollstar.com/2024/02/14/chrome-announces-world-tour-fall-co-headline-with-midnight/,2024-02-14,2024-05-28,2024-10-18,Le Trianon,"Paris, FR",Auditorium,FALSE,,,TRUE
Chromeo,Chromeo Announces World Tour & Fall Co-Headline With Midnight,https://news.pollstar.com/2024/02/14/chrome-announces-world-tour-fall-co-headline-with-midnight/,2024-02-14,2024-05-28,2024-10-18,Project House,"Leeds, UK",Club,FALSE,,,TRUE
Chromeo,Chromeo Announces World Tour & Fall Co-Headline With Midnight,https://news.pollstar.com/2024/02/14/chrome-announces-world-tour-fall-co-headline-with-midnight/,2024-02-14,2024-05-28,2024-10-18,SWG3 TV Studio,"Glasgow, UK",Club,FALSE,,,TRUE
Chromeo,Chromeo Announces World Tour & Fall Co-Headline With Midnight,https://news.pollstar.com/2024/02/14/chrome-announces-world-tour-fall-co-headline-with-midnight/,2024-02-14,2024-05-28,2024-10-18,New Century,"Manchester, UK",Theater,FALSE,,,TRUE
Chromeo,Chromeo Announces World Tour & Fall Co-Headline With Midnight,https://news.pollstar.com/2024/02/14/chrome-announces-world-tour-fall-co-headline-with-midnight/,2024-02-14,2024-05-28,2024-10-18,SWX,"Bristol, UK",Club,FALSE,,,TRUE
Chromeo,Chromeo Announces World Tour & Fall Co-Headline With Midnight,https://news.pollstar.com/2024/02/14/chrome-announces-world-tour-fall-co-headline-with-midnight/,2024-02-14,2024-05-28,2024-10-18,O2 Kentish Town Forum,"London, UK",Other,FALSE,,,TRUE
Chromeo,Chromeo Announces World Tour & Fall Co-Headline With Midnight,https://news.pollstar.com/2024/02/14/chrome-announces-world-tour-fall-co-headline-with-midnight/,2024-02-14,2024-05-28,2024-10-18,MX Pepsi Center WTC,"Mexico City, MX",Arena,FALSE,,,TRUE
Chromeo,Chromeo Announces World Tour & Fall Co-Headline With Midnight,https://news.pollstar.com/2024/02/14/chrome-announces-world-tour-fall-co-headline-with-midnight/,2024-02-14,2024-05-28,2024-10-18,Malkin Bowl,"Vancouver, BC",Other,FALSE,,,TRUE
Chromeo,Chromeo Announces World Tour & Fall Co-Headline With Midnight,https://news.pollstar.com/2024/02/14/chrome-announces-world-tour-fall-co-headline-with-midnight/,2024-02-14,2024-05-28,2024-10-18,Remlinger Farms,"Seattle, WA",Other,FALSE,,,TRUE
Chromeo,Chromeo Announces World Tour & Fall Co-Headline With Midnight,https://news.pollstar.com/2024/02/14/chrome-announces-world-tour-fall-co-headline-with-midnight/,2024-02-14,2024-05-28,2024-10-18,Hayden Homes Amphitheater,"Bend, OR",Amphitheater,LYV,,,TRUE
Chromeo,Chromeo Announces World Tour & Fall Co-Headline With Midnight,https://news.pollstar.com/2024/02/14/chrome-announces-world-tour-fall-co-headline-with-midnight/,2024-02-14,2024-05-28,2024-10-18,The Warfield,"San Francisco, CA",Auditorium,FALSE,,,TRUE
Chromeo,Chromeo Announces World Tour & Fall Co-Headline With Midnight,https://news.pollstar.com/2024/02/14/chrome-announces-world-tour-fall-co-headline-with-midnight/,2024-02-14,2024-05-28,2024-10-18,Greek Theater,"Los Angeles, CA",Theater,FALSE,,,TRUE
Chromeo,Chromeo Announces World Tour & Fall Co-Headline With Midnight,https://news.pollstar.com/2024/02/14/chrome-announces-world-tour-fall-co-headline-with-midnight/,2024-02-14,2024-05-28,2024-10-18,Gallagher Square,"San Diego, CA",Stadium,FALSE,,,TRUE
Chromeo,Chromeo Announces World Tour & Fall Co-Headline With Midnight,https://news.pollstar.com/2024/02/14/chrome-announces-world-tour-fall-co-headline-with-midnight/,2024-02-14,2024-05-28,2024-10-18,The Van Buren,"Phoenix, AZ",Theater,LYV,,,TRUE
Chromeo,Chromeo Announces World Tour & Fall Co-Headline With Midnight,https://news.pollstar.com/2024/02/14/chrome-announces-world-tour-fall-co-headline-with-midnight/,2024-02-14,2024-05-28,2024-10-18,Lowbrow Palace,"El Paso, TX",Theater,FALSE,,,TRUE
Chromeo,Chromeo Announces World Tour & Fall Co-Headline With Midnight,https://news.pollstar.com/2024/02/14/chrome-announces-world-tour-fall-co-headline-with-midnight/,2024-02-14,2024-05-28,2024-10-18,Boeing Center at Tech Port,"San Antonio, TX",Arena,FALSE,,,TRUE
Chromeo,Chromeo Announces World Tour & Fall Co-Headline With Midnight,https://news.pollstar.com/2024/02/14/chrome-announces-world-tour-fall-co-headline-with-midnight/,2024-02-14,2024-05-28,2024-10-18,ACL Live at the Moody Theater,"Austin, TX",Theater,FALSE,,,TRUE
Chromeo,Chromeo Announces World Tour & Fall Co-Headline With Midnight,https://news.pollstar.com/2024/02/14/chrome-announces-world-tour-fall-co-headline-with-midnight/,2024-02-14,2024-05-28,2024-10-18,The Factory Deep Ellum,"Dallas, TX",Club,FALSE,,,TRUE
Chromeo,Chromeo Announces World Tour & Fall Co-Headline With Midnight,https://news.pollstar.com/2024/02/14/chrome-announces-world-tour-fall-co-headline-with-midnight/,2024-02-14,2024-05-28,2024-10-18,The Lawn at White Oak Music Hall,"Houston, TX",Other,FALSE,,,TRUE
Chromeo,Chromeo Announces World Tour & Fall Co-Headline With Midnight,https://news.pollstar.com/2024/02/14/chrome-announces-world-tour-fall-co-headline-with-midnight/,2024-02-14,2024-05-28,2024-10-18,Jannus Live,"St. Petersburg, FL",Club,FALSE,,,TRUE
Chromeo,Chromeo Announces World Tour & Fall Co-Headline With Midnight,https://news.pollstar.com/2024/02/14/chrome-announces-world-tour-fall-co-headline-with-midnight/,2024-02-14,2024-05-28,2024-10-18,The Vanguard,"Orlando, FL",Club,FALSE,,,TRUE
Chromeo,Chromeo Announces World Tour & Fall Co-Headline With Midnight,https://news.pollstar.com/2024/02/14/chrome-announces-world-tour-fall-co-headline-with-midnight/,2024-02-14,2024-05-28,2024-10-18,"Atlanta, GA+",The Eastern,Other,FALSE,,,TRUE
Chromeo,Chromeo Announces World Tour & Fall Co-Headline With Midnight,https://news.pollstar.com/2024/02/14/chrome-announces-world-tour-fall-co-headline-with-midnight/,2024-02-14,2024-05-28,2024-10-18,"Asheville, NC+",Rabbit Rabbit,Other,FALSE,,,TRUE
Chromeo,Chromeo Announces World Tour & Fall Co-Headline With Midnight,https://news.pollstar.com/2024/02/14/chrome-announces-world-tour-fall-co-headline-with-midnight/,2024-02-14,2024-05-28,2024-10-18,"Raleigh, NC+",The Ritz,Other,FALSE,,,TRUE
Chromeo,Chromeo Announces World Tour & Fall Co-Headline With Midnight,https://news.pollstar.com/2024/02/14/chrome-announces-world-tour-fall-co-headline-with-midnight/,2024-02-14,2024-05-28,2024-10-18,"Philadelphia, PA+",Franklin Music Hall,Other,FALSE,,,TRUE
Chromeo,Chromeo Announces World Tour & Fall Co-Headline With Midnight,https://news.pollstar.com/2024/02/14/chrome-announces-world-tour-fall-co-headline-with-midnight/,2024-02-14,2024-05-28,2024-10-18,"Boston, MA+",Roadrunner,Other,FALSE,,,TRUE
Chromeo,Chromeo Announces World Tour & Fall Co-Headline With Midnight,https://news.pollstar.com/2024/02/14/chrome-announces-world-tour-fall-co-headline-with-midnight/,2024-02-14,2024-05-28,2024-10-18,"Washington, DC+",The Anthem,Other,FALSE,,,TRUE
Chromeo,Chromeo Announces World Tour & Fall Co-Headline With Midnight,https://news.pollstar.com/2024/02/14/chrome-announces-world-tour-fall-co-headline-with-midnight/,2024-02-14,2024-05-28,2024-10-18,"New York, NY+",Terminal 5,Other,FALSE,,,TRUE
Chromeo,Chromeo Announces World Tour & Fall Co-Headline With Midnight,https://news.pollstar.com/2024/02/14/chrome-announces-world-tour-fall-co-headline-with-midnight/,2024-02-14,2024-05-28,2024-10-18,"Montreal, QC+",MTELUS,Theater,LYV,,,TRUE
Chromeo,Chromeo Announces World Tour & Fall Co-Headline With Midnight,https://news.pollstar.com/2024/02/14/chrome-announces-world-tour-fall-co-headline-with-midnight/,2024-02-14,2024-05-28,2024-10-18,"Toronto, ON+",HISTORY,Other,FALSE,,,TRUE
Chromeo,Chromeo Announces World Tour & Fall Co-Headline With Midnight,https://news.pollstar.com/2024/02/14/chrome-announces-world-tour-fall-co-headline-with-midnight/,2024-02-14,2024-05-28,2024-10-18,"Newport, KY+",MegaCorp Pavilion,Other,FALSE,,,TRUE
Chromeo,Chromeo Announces World Tour & Fall Co-Headline With Midnight,https://news.pollstar.com/2024/02/14/chrome-announces-world-tour-fall-co-headline-with-midnight/,2024-02-14,2024-05-28,2024-10-18,"Detroit, MI+",Royal Oak Music Hall,Theater,LYV,,,TRUE
Chromeo,Chromeo Announces World Tour & Fall Co-Headline With Midnight,https://news.pollstar.com/2024/02/14/chrome-announces-world-tour-fall-co-headline-with-midnight/,2024-02-14,2024-05-28,2024-10-18,"Chicago, IL+",Byline Bank Aragon Ballroom,Other,FALSE,,,TRUE
Chromeo,Chromeo Announces World Tour & Fall Co-Headline With Midnight,https://news.pollstar.com/2024/02/14/chrome-announces-world-tour-fall-co-headline-with-midnight/,2024-02-14,2024-05-28,2024-10-18,"Minneapolis, MN+",Palace Theater,Other,FALSE,,,TRUE
Chromeo,Chromeo Announces World Tour & Fall Co-Headline With Midnight,https://news.pollstar.com/2024/02/14/chrome-announces-world-tour-fall-co-headline-with-midnight/,2024-02-14,2024-05-28,2024-10-18,"Kansas City, MO+",The Midland Theater,Other,FALSE,,,TRUE
Chromeo,Chromeo Announces World Tour & Fall Co-Headline With Midnight,https://news.pollstar.com/2024/02/14/chrome-announces-world-tour-fall-co-headline-with-midnight/,2024-02-14,2024-05-28,2024-10-18,"Omaha, NE+",Steelhouse Omaha,Other,FALSE,,,TRUE
Chromeo,Chromeo Announces World Tour & Fall Co-Headline With Midnight,https://news.pollstar.com/2024/02/14/chrome-announces-world-tour-fall-co-headline-with-midnight/,2024-02-14,2024-05-28,2024-10-18,"Denver, CO+",The Mission Ballroom,Other,FALSE,,,TRUE
Dierks Bentley,Dierks Bentley Announces 2024 ‘Gravel & Gold’ Dates,https://news.pollstar.com/2024/02/12/dierks-bentley-announces-2024-gravel-gold-dates/,2024-02-12,2024-06-07,2024-09-21,Dickies Arena,"Fort Worth, TX",Arena,FALSE,,,TRUE
Dierks Bentley,Dierks Bentley Announces 2024 ‘Gravel & Gold’ Dates,https://news.pollstar.com/2024/02/12/dierks-bentley-announces-2024-gravel-gold-dates/,2024-02-12,2024-06-07,2024-09-21,Walmart AMP,"Rogers, AR",Amphitheater,LYV,,,TRUE
Dierks Bentley,Dierks Bentley Announces 2024 ‘Gravel & Gold’ Dates,https://news.pollstar.com/2024/02/12/dierks-bentley-announces-2024-gravel-gold-dates/,2024-02-12,2024-06-07,2024-09-21,The Huntington Center,"Toledo, OH",Arena,FALSE,,,TRUE
Dierks Bentley,Dierks Bentley Announces 2024 ‘Gravel & Gold’ Dates,https://news.pollstar.com/2024/02/12/dierks-bentley-announces-2024-gravel-gold-dates/,2024-02-12,2024-06-07,2024-09-21,Ruoff Music Center,"Noblesville, IN",Amphitheater,LYV,,,TRUE
Dierks Bentley,Dierks Bentley Announces 2024 ‘Gravel & Gold’ Dates,https://news.pollstar.com/2024/02/12/dierks-bentley-announces-2024-gravel-gold-dates/,2024-02-12,2024-06-07,2024-09-21,Riverbend Music Center,"Cincinnati, OH",Amphitheater,LYV,,,TRUE
Dierks Bentley,Dierks Bentley Announces 2024 ‘Gravel & Gold’ Dates,https://news.pollstar.com/2024/02/12/dierks-bentley-announces-2024-gravel-gold-dates/,2024-02-12,2024-06-07,2024-09-21,CAJUNDOME*<,"Lafayette, LA",Arena,FALSE,,,TRUE
Dierks Bentley,Dierks Bentley Announces 2024 ‘Gravel & Gold’ Dates,https://news.pollstar.com/2024/02/12/dierks-bentley-announces-2024-gravel-gold-dates/,2024-02-12,2024-06-07,2024-09-21,The Wharf Amphitheater,"Orange Beach, AL",Amphitheater,LYV,,,TRUE
Dierks Bentley,Dierks Bentley Announces 2024 ‘Gravel & Gold’ Dates,https://news.pollstar.com/2024/02/12/dierks-bentley-announces-2024-gravel-gold-dates/,2024-02-12,2024-06-07,2024-09-21,Broadview Stage at SPAC,"Saratoga Springs, NY",Amphitheater,LYV,,,TRUE
Dierks Bentley,Dierks Bentley Announces 2024 ‘Gravel & Gold’ Dates,https://news.pollstar.com/2024/02/12/dierks-bentley-announces-2024-gravel-gold-dates/,2024-02-12,2024-06-07,2024-09-21,The Pavilion at Montage Mountain,"Scranton, PA",Amphitheater,LYV,,,TRUE
Dierks Bentley,Dierks Bentley Announces 2024 ‘Gravel & Gold’ Dates,https://news.pollstar.com/2024/02/12/dierks-bentley-announces-2024-gravel-gold-dates/,2024-02-12,2024-06-07,2024-09-21,Darien Lake Amphitheater +,"Buffalo, NY",Amphitheater,LYV,,,TRUE
Dierks Bentley,Dierks Bentley Announces 2024 ‘Gravel & Gold’ Dates,https://news.pollstar.com/2024/02/12/dierks-bentley-announces-2024-gravel-gold-dates/,2024-02-12,2024-06-07,2024-09-21,KettleHouse Amphitheater,"Bonner, MT",Amphitheater,LYV,,,TRUE
Dierks Bentley,Dierks Bentley Announces 2024 ‘Gravel & Gold’ Dates,https://news.pollstar.com/2024/02/12/dierks-bentley-announces-2024-gravel-gold-dates/,2024-02-12,2024-06-07,2024-09-21,Merriweather Post Pavilion *’,"Columbia, MD",Amphitheater,LYV,,,TRUE
Dierks Bentley,Dierks Bentley Announces 2024 ‘Gravel & Gold’ Dates,https://news.pollstar.com/2024/02/12/dierks-bentley-announces-2024-gravel-gold-dates/,2024-02-12,2024-06-07,2024-09-21,Xfinity Center,"Mansfield, MA",Arena,LYV,,,TRUE
Dierks Bentley,Dierks Bentley Announces 2024 ‘Gravel & Gold’ Dates,https://news.pollstar.com/2024/02/12/dierks-bentley-announces-2024-gravel-gold-dates/,2024-02-12,2024-06-07,2024-09-21,Mohegan Sun Arena,"Uncasville, CT",Arena,FALSE,,,TRUE
Dierks Bentley,Dierks Bentley Announces 2024 ‘Gravel & Gold’ Dates,https://news.pollstar.com/2024/02/12/dierks-bentley-announces-2024-gravel-gold-dates/,2024-02-12,2024-06-07,2024-09-21,BankNH Pavilion,"Gilford, NH",Amphitheater,LYV,,,TRUE
Dierks Bentley,Dierks Bentley Announces 2024 ‘Gravel & Gold’ Dates,https://news.pollstar.com/2024/02/12/dierks-bentley-announces-2024-gravel-gold-dates/,2024-02-12,2024-06-07,2024-09-21,Empower Federal Credit Union Amphitheater at Lakeview,"Syracuse, NY",Amphitheater,LYV,,,TRUE
Dierks Bentley,Dierks Bentley Announces 2024 ‘Gravel & Gold’ Dates,https://news.pollstar.com/2024/02/12/dierks-bentley-announces-2024-gravel-gold-dates/,2024-02-12,2024-06-07,2024-09-21,Hollywood Casino Amphitheatre STL,"St. Louis, MO",Amphitheater,LYV,,,TRUE
Dierks Bentley,Dierks Bentley Announces 2024 ‘Gravel & Gold’ Dates,https://news.pollstar.com/2024/02/12/dierks-bentley-announces-2024-gravel-gold-dates/,2024-02-12,2024-06-07,2024-09-21,T-Mobile Center,"Kansas City, MO",Arena,FALSE,,,TRUE
Dierks Bentley,Dierks Bentley Announces 2024 ‘Gravel & Gold’ Dates,https://news.pollstar.com/2024/02/12/dierks-bentley-announces-2024-gravel-gold-dates/,2024-02-12,2024-06-07,2024-09-21,CHI Health Center,"Omaha, NE",Arena,FALSE,,,TRUE
Dierks Bentley,Dierks Bentley Announces 2024 ‘Gravel & Gold’ Dates,https://news.pollstar.com/2024/02/12/dierks-bentley-announces-2024-gravel-gold-dates/,2024-02-12,2024-06-07,2024-09-21,Isleta Amphitheater,"Albuquerque, NM",Amphitheater,LYV,,,TRUE
Dierks Bentley,Dierks Bentley Announces 2024 ‘Gravel & Gold’ Dates,https://news.pollstar.com/2024/02/12/dierks-bentley-announces-2024-gravel-gold-dates/,2024-02-12,2024-06-07,2024-09-21,Sunset Amphitheater *’,"Colorado Springs, CO",Theater,FALSE,,,TRUE
Dierks Bentley,Dierks Bentley Announces 2024 ‘Gravel & Gold’ Dates,https://news.pollstar.com/2024/02/12/dierks-bentley-announces-2024-gravel-gold-dates/,2024-02-12,2024-06-07,2024-09-21,Red Rocks Amphitheatre *\,"Morrison, CO",Amphitheater,FALSE,,,TRUE
Dierks Bentley,Dierks Bentley Announces 2024 ‘Gravel & Gold’ Dates,https://news.pollstar.com/2024/02/12/dierks-bentley-announces-2024-gravel-gold-dates/,2024-02-12,2024-06-07,2024-09-21,Ameris Bank Amphitheatre,"Alpharetta, GA",Amphitheater,LYV,,,TRUE
Dierks Bentley,Dierks Bentley Announces 2024 ‘Gravel & Gold’ Dates,https://news.pollstar.com/2024/02/12/dierks-bentley-announces-2024-gravel-gold-dates/,2024-02-12,2024-06-07,2024-09-21,Bridgestone Arena,"Nashville, TN",Arena,FALSE,,,TRUE
Dierks Bentley,Dierks Bentley Announces 2024 ‘Gravel & Gold’ Dates,https://news.pollstar.com/2024/02/12/dierks-bentley-announces-2024-gravel-gold-dates/,2024-02-12,2024-06-07,2024-09-21,Live Oak Bank Pavilion at Riverfront Park,"Wilmington, NC",Amphitheater,LYV,,,TRUE
Dierks Bentley,Dierks Bentley Announces 2024 ‘Gravel & Gold’ Dates,https://news.pollstar.com/2024/02/12/dierks-bentley-announces-2024-gravel-gold-dates/,2024-02-12,2024-06-07,2024-09-21,Credit One Stadium,"Charleston, SC",Stadium,FALSE,,,TRUE
Dierks Bentley,Dierks Bentley Announces 2024 ‘Gravel & Gold’ Dates,https://news.pollstar.com/2024/02/12/dierks-bentley-announces-2024-gravel-gold-dates/,2024-02-12,2024-06-07,2024-09-21,CCNB Amphitheatre at Heritage Park,"Simpsonville, SC",Amphitheater,FALSE,,,TRUE
Dierks Bentley,Dierks Bentley Announces 2024 ‘Gravel & Gold’ Dates,https://news.pollstar.com/2024/02/12/dierks-bentley-announces-2024-gravel-gold-dates/,2024-02-12,2024-06-07,2024-09-21,Van Andel Arena * >,"Grand Rapids, MI",Arena,FALSE,,,TRUE
Dierks Bentley,Dierks Bentley Announces 2024 ‘Gravel & Gold’ Dates,https://news.pollstar.com/2024/02/12/dierks-bentley-announces-2024-gravel-gold-dates/,2024-02-12,2024-06-07,2024-09-21,Vibrant Arena,"Moline, IL",Arena,FALSE,,,TRUE
Dierks Bentley,Dierks Bentley Announces 2024 ‘Gravel & Gold’ Dates,https://news.pollstar.com/2024/02/12/dierks-bentley-announces-2024-gravel-gold-dates/,2024-02-12,2024-06-07,2024-09-21,American Family Insurance Amphitheater,"Milwaukee, WI",Amphitheater,LYV,,,TRUE
Totally Tubular Festival A Hit,"Totally Tubular Festival A Hit, Adds Five Dates",https://news.pollstar.com/2024/02/12/totally-tubular-festival-a-hit-adds-five-dates/,2024-02-12,2024-06-25,2024-07-28,Remlinger Farms *NEW SHOW,"Seattle, WA",Other,FALSE,,,TRUE
Totally Tubular Festival A Hit,"Totally Tubular Festival A Hit, Adds Five Dates",https://news.pollstar.com/2024/02/12/totally-tubular-festival-a-hit-adds-five-dates/,2024-02-12,2024-06-25,2024-07-28,Hard Rock Live *NEW SHOW,"Sacramento, CA",Theater,FALSE,,,TRUE
Totally Tubular Festival A Hit,"Totally Tubular Festival A Hit, Adds Five Dates",https://news.pollstar.com/2024/02/12/totally-tubular-festival-a-hit-adds-five-dates/,2024-02-12,2024-06-25,2024-07-28,Santa Barbara Bowl,"Santa Barbara, CA",Amphitheater,LYV,,,TRUE
Totally Tubular Festival A Hit,"Totally Tubular Festival A Hit, Adds Five Dates",https://news.pollstar.com/2024/02/12/totally-tubular-festival-a-hit-adds-five-dates/,2024-02-12,2024-06-25,2024-07-28,YouTube Theater,"Los Angeles, CA",Theater,FALSE,,,TRUE
Totally Tubular Festival A Hit,"Totally Tubular Festival A Hit, Adds Five Dates",https://news.pollstar.com/2024/02/12/totally-tubular-festival-a-hit-adds-five-dates/,2024-02-12,2024-06-25,2024-07-28,Fox Theatre,"Oakland, CA",Theater,FALSE,,,TRUE
Totally Tubular Festival A Hit,"Totally Tubular Festival A Hit, Adds Five Dates",https://news.pollstar.com/2024/02/12/totally-tubular-festival-a-hit-adds-five-dates/,2024-02-12,2024-06-25,2024-07-28,Arizona Financial Theatre,"Phoenix, AZ",Theater,LYV,,,TRUE
Totally Tubular Festival A Hit,"Totally Tubular Festival A Hit, Adds Five Dates",https://news.pollstar.com/2024/02/12/totally-tubular-festival-a-hit-adds-five-dates/,2024-02-12,2024-06-25,2024-07-28,Fiddler’s Green Amphitheatre,"Denver, CO",Amphitheater,LYV,,,TRUE
Totally Tubular Festival A Hit,"Totally Tubular Festival A Hit, Adds Five Dates",https://news.pollstar.com/2024/02/12/totally-tubular-festival-a-hit-adds-five-dates/,2024-02-12,2024-06-25,2024-07-28,Pavilion at Toyota Music Factory,"Irving, TX",Amphitheater,LYV,,,TRUE
Totally Tubular Festival A Hit,"Totally Tubular Festival A Hit, Adds Five Dates",https://news.pollstar.com/2024/02/12/totally-tubular-festival-a-hit-adds-five-dates/,2024-02-12,2024-06-25,2024-07-28,713 Music Hall,"Houston, TX",Theater,FALSE,,,TRUE
Totally Tubular Festival A Hit,"Totally Tubular Festival A Hit, Adds Five Dates",https://news.pollstar.com/2024/02/12/totally-tubular-festival-a-hit-adds-five-dates/,2024-02-12,2024-06-25,2024-07-28,Orion Amphitheatre *NEW SHOW,"Huntsville, AL",Amphitheater,FALSE,,,TRUE
Totally Tubular Festival A Hit,"Totally Tubular Festival A Hit, Adds Five Dates",https://news.pollstar.com/2024/02/12/totally-tubular-festival-a-hit-adds-five-dates/,2024-02-12,2024-06-25,2024-07-28,Red Hat Amphitheatre,"Raleigh, NC",Amphitheater,LYV,,,TRUE
Totally Tubular Festival A Hit,"Totally Tubular Festival A Hit, Adds Five Dates",https://news.pollstar.com/2024/02/12/totally-tubular-festival-a-hit-adds-five-dates/,2024-02-12,2024-06-25,2024-07-28,Anthem *NEW SHOW,"Washington, DC",Club,FALSE,,,TRUE
Totally Tubular Festival A Hit,"Totally Tubular Festival A Hit, Adds Five Dates",https://news.pollstar.com/2024/02/12/totally-tubular-festival-a-hit-adds-five-dates/,2024-02-12,2024-06-25,2024-07-28,Hartford Healthcare Amphitheatre,"Bridgeport, CT",Amphitheater,LYV,,,TRUE
Totally Tubular Festival A Hit,"Totally Tubular Festival A Hit, Adds Five Dates",https://news.pollstar.com/2024/02/12/totally-tubular-festival-a-hit-adds-five-dates/,2024-02-12,2024-06-25,2024-07-28,MGM Music Hall at Fenway,"Boston, MA",Theater,LYV,,,TRUE
Totally Tubular Festival A Hit,"Totally Tubular Festival A Hit, Adds Five Dates",https://news.pollstar.com/2024/02/12/totally-tubular-festival-a-hit-adds-five-dates/,2024-02-12,2024-06-25,2024-07-28,Pier 17,"New York, NY",Amphitheater,LYV,,,TRUE
Totally Tubular Festival A Hit,"Totally Tubular Festival A Hit, Adds Five Dates",https://news.pollstar.com/2024/02/12/totally-tubular-festival-a-hit-adds-five-dates/,2024-02-12,2024-06-25,2024-07-28,Hard Rock Live @ Etess Arena,"Atlantic City, NJ",Theater,FALSE,,,TRUE
Totally Tubular Festival A Hit,"Totally Tubular Festival A Hit, Adds Five Dates",https://news.pollstar.com/2024/02/12/totally-tubular-festival-a-hit-adds-five-dates/,2024-02-12,2024-06-25,2024-07-28,Poconos Park Amphitheatre,"Bushkill, PA",Amphitheater,FALSE,,,TRUE
Totally Tubular Festival A Hit,"Totally Tubular Festival A Hit, Adds Five Dates",https://news.pollstar.com/2024/02/12/totally-tubular-festival-a-hit-adds-five-dates/,2024-02-12,2024-06-25,2024-07-28,Place Bell,"Montreal, QUE",Arena,FALSE,,,TRUE
Totally Tubular Festival A Hit,"Totally Tubular Festival A Hit, Adds Five Dates",https://news.pollstar.com/2024/02/12/totally-tubular-festival-a-hit-adds-five-dates/,2024-02-12,2024-06-25,2024-07-28,Great Canadian Casino Resort,"Toronto, ONT",Theater,FALSE,,,TRUE
Totally Tubular Festival A Hit,"Totally Tubular Festival A Hit, Adds Five Dates",https://news.pollstar.com/2024/02/12/totally-tubular-festival-a-hit-adds-five-dates/,2024-02-12,2024-06-25,2024-07-28,Meadowbrook Amphitheatre,"Detroit, MI",Amphitheater,FALSE,,,TRUE
Totally Tubular Festival A Hit,"Totally Tubular Festival A Hit, Adds Five Dates",https://news.pollstar.com/2024/02/12/totally-tubular-festival-a-hit-adds-five-dates/,2024-02-12,2024-06-25,2024-07-28,Riverbend Music Center,"Cincinnati, OH",Amphitheater,LYV,,,TRUE
Totally Tubular Festival A Hit,"Totally Tubular Festival A Hit, Adds Five Dates",https://news.pollstar.com/2024/02/12/totally-tubular-festival-a-hit-adds-five-dates/,2024-02-12,2024-06-25,2024-07-28,Blossom Music Center *NEW SHOW,"Cleveland, OH",Amphitheater,LYV,,,TRUE
Marcus King,Marcus King Announces Tour In Support Of New Album,https://news.pollstar.com/2024/02/09/marcus-king-announces-tour-in-support-of-new-album/,2024-02-09,2024-03-07,2024-11-12,Love Rocks NYC,"New York, NY",Auditorium,FALSE,,,TRUE
Marcus King,Marcus King Announces Tour In Support Of New Album,https://news.pollstar.com/2024/02/09/marcus-king-announces-tour-in-support-of-new-album/,2024-02-09,2024-03-07,2024-11-12,The Capitol Theatre,"Port Chester, NY",Theater,FALSE,,,TRUE
Marcus King,Marcus King Announces Tour In Support Of New Album,https://news.pollstar.com/2024/02/09/marcus-king-announces-tour-in-support-of-new-album/,2024-02-09,2024-03-07,2024-11-12,"Minneapolis, MN w/ Chris Stapleton",U.S. Bank Stadium,Other,FALSE,,,TRUE
Marcus King,Marcus King Announces Tour In Support Of New Album,https://news.pollstar.com/2024/02/09/marcus-king-announces-tour-in-support-of-new-album/,2024-02-09,2024-03-07,2024-11-12,10 Annual Major Rager,"Augusta, GA",Other,FALSE,,,TRUE
Marcus King,Marcus King Announces Tour In Support Of New Album,https://news.pollstar.com/2024/02/09/marcus-king-announces-tour-in-support-of-new-album/,2024-02-09,2024-03-07,2024-11-12,Moon Crush “Pink Moon” Festival,"Miramar Beach, FL",Other,FALSE,,,TRUE
Marcus King,Marcus King Announces Tour In Support Of New Album,https://news.pollstar.com/2024/02/09/marcus-king-announces-tour-in-support-of-new-album/,2024-02-09,2024-03-07,2024-11-12,The Moore Theater,"Seattle, WA",Theater,FALSE,,,TRUE
Marcus King,Marcus King Announces Tour In Support Of New Album,https://news.pollstar.com/2024/02/09/marcus-king-announces-tour-in-support-of-new-album/,2024-02-09,2024-03-07,2024-11-12,Crystal Ballroom,"Portland, OR",Club,FALSE,,,TRUE
Marcus King,Marcus King Announces Tour In Support Of New Album,https://news.pollstar.com/2024/02/09/marcus-king-announces-tour-in-support-of-new-album/,2024-02-09,2024-03-07,2024-11-12,Crystal Ballroom,"Portland, OR",Club,FALSE,,,TRUE
Marcus King,Marcus King Announces Tour In Support Of New Album,https://news.pollstar.com/2024/02/09/marcus-king-announces-tour-in-support-of-new-album/,2024-02-09,2024-03-07,2024-11-12,The Masonic,"San Francisco, CA",Theater,LYV,,,TRUE
Marcus King,Marcus King Announces Tour In Support Of New Album,https://news.pollstar.com/2024/02/09/marcus-king-announces-tour-in-support-of-new-album/,2024-02-09,2024-03-07,2024-11-12,Grand Sierra Ballroom,"Reno, NV",Other,FALSE,,,TRUE
Marcus King,Marcus King Announces Tour In Support Of New Album,https://news.pollstar.com/2024/02/09/marcus-king-announces-tour-in-support-of-new-album/,2024-02-09,2024-03-07,2024-11-12,The Wiltern,"Los Angeles, CA",Theater,LYV,,,TRUE
Marcus King,Marcus King Announces Tour In Support Of New Album,https://news.pollstar.com/2024/02/09/marcus-king-announces-tour-in-support-of-new-album/,2024-02-09,2024-03-07,2024-11-12,The Van Buren,"Phoenix, AZ",Theater,LYV,,,TRUE
Marcus King,Marcus King Announces Tour In Support Of New Album,https://news.pollstar.com/2024/02/09/marcus-king-announces-tour-in-support-of-new-album/,2024-02-09,2024-03-07,2024-11-12,The Complex,"Salt Lake City, UT",Club,FALSE,,,TRUE
Marcus King,Marcus King Announces Tour In Support Of New Album,https://news.pollstar.com/2024/02/09/marcus-king-announces-tour-in-support-of-new-album/,2024-02-09,2024-03-07,2024-11-12,Fillmore Auditorium,"Denver, CO",Theater,LYV,,,TRUE
Marcus King,Marcus King Announces Tour In Support Of New Album,https://news.pollstar.com/2024/02/09/marcus-king-announces-tour-in-support-of-new-album/,2024-02-09,2024-03-07,2024-11-12,"Rapid City, SD w/ Chris Stapleton",The Monument,Other,FALSE,,,TRUE
Marcus King,Marcus King Announces Tour In Support Of New Album,https://news.pollstar.com/2024/02/09/marcus-king-announces-tour-in-support-of-new-album/,2024-02-09,2024-03-07,2024-11-12,"Sioux Falls, SD w/ Chris Stapleton",Denny Sanford PREMIER Center,Other,FALSE,,,TRUE
Marcus King,Marcus King Announces Tour In Support Of New Album,https://news.pollstar.com/2024/02/09/marcus-king-announces-tour-in-support-of-new-album/,2024-02-09,2024-03-07,2024-11-12,Harrah’s Stir Cove,"Council Bluffs, IA",Theater,FALSE,,,TRUE
Marcus King,Marcus King Announces Tour In Support Of New Album,https://news.pollstar.com/2024/02/09/marcus-king-announces-tour-in-support-of-new-album/,2024-02-09,2024-03-07,2024-11-12,EPIC Event Center,"Green Bay, WI",Arena,FALSE,,,TRUE
Marcus King,Marcus King Announces Tour In Support Of New Album,https://news.pollstar.com/2024/02/09/marcus-king-announces-tour-in-support-of-new-album/,2024-02-09,2024-03-07,2024-11-12,The Pageant,"St Louis, MO",Theater,FALSE,,,TRUE
Marcus King,Marcus King Announces Tour In Support Of New Album,https://news.pollstar.com/2024/02/09/marcus-king-announces-tour-in-support-of-new-album/,2024-02-09,2024-03-07,2024-11-12,GLC Live at 20 Monroe,"Grand Rapids, MI",Theater,FALSE,,,TRUE
Marcus King,Marcus King Announces Tour In Support Of New Album,https://news.pollstar.com/2024/02/09/marcus-king-announces-tour-in-support-of-new-album/,2024-02-09,2024-03-07,2024-11-12,Cleveland OH w/ Chris Stapleton,Blossom Music Center,Theater,LYV,,,TRUE
Marcus King,Marcus King Announces Tour In Support Of New Album,https://news.pollstar.com/2024/02/09/marcus-king-announces-tour-in-support-of-new-album/,2024-02-09,2024-03-07,2024-11-12,Railbird Festival,"Lexington, KY",Amphitheater,LYV,,,TRUE
Marcus King,Marcus King Announces Tour In Support Of New Album,https://news.pollstar.com/2024/02/09/marcus-king-announces-tour-in-support-of-new-album/,2024-02-09,2024-03-07,2024-11-12,Salt Shed,"Chicago, IL",Amphitheater,LYV,,,TRUE
Marcus King,Marcus King Announces Tour In Support Of New Album,https://news.pollstar.com/2024/02/09/marcus-king-announces-tour-in-support-of-new-album/,2024-02-09,2024-03-07,2024-11-12,College Street Music Hall,"New Haven, CT",Theater,FALSE,,,TRUE
Marcus King,Marcus King Announces Tour In Support Of New Album,https://news.pollstar.com/2024/02/09/marcus-king-announces-tour-in-support-of-new-album/,2024-02-09,2024-03-07,2024-11-12,"Philadelphia, PA w/ Chris Stapleton",Freedom Mortgage Pavilion,Other,FALSE,,,TRUE
Marcus King,Marcus King Announces Tour In Support Of New Album,https://news.pollstar.com/2024/02/09/marcus-king-announces-tour-in-support-of-new-album/,2024-02-09,2024-03-07,2024-11-12,"Bristow, VA w/ Chris Stapleton",Jiffy Lube Live,Other,FALSE,,,TRUE
Marcus King,Marcus King Announces Tour In Support Of New Album,https://news.pollstar.com/2024/02/09/marcus-king-announces-tour-in-support-of-new-album/,2024-02-09,2024-03-07,2024-11-12,Landmark Theatre,"Syracuse, NY",Theater,FALSE,,,TRUE
Marcus King,Marcus King Announces Tour In Support Of New Album,https://news.pollstar.com/2024/02/09/marcus-king-announces-tour-in-support-of-new-album/,2024-02-09,2024-03-07,2024-11-12,Ruby Amphitheater,"Morgantown, WV",Theater,FALSE,,,TRUE
Marcus King,Marcus King Announces Tour In Support Of New Album,https://news.pollstar.com/2024/02/09/marcus-king-announces-tour-in-support-of-new-album/,2024-02-09,2024-03-07,2024-11-12,"Kansas City, MO w/ Chris Stapleton",T-Mobile Center,Other,FALSE,,,TRUE
Marcus King,Marcus King Announces Tour In Support Of New Album,https://news.pollstar.com/2024/02/09/marcus-king-announces-tour-in-support-of-new-album/,2024-02-09,2024-03-07,2024-11-12,"Ridgefield, MO w/ Chris Stapleton",Thunder Ridge Nature Arena,Other,FALSE,,,TRUE
Marcus King,Marcus King Announces Tour In Support Of New Album,https://news.pollstar.com/2024/02/09/marcus-king-announces-tour-in-support-of-new-album/,2024-02-09,2024-03-07,2024-11-12,The Criterion,"Oklahoma City, OK",Theater,FALSE,,,TRUE
Marcus King,Marcus King Announces Tour In Support Of New Album,https://news.pollstar.com/2024/02/09/marcus-king-announces-tour-in-support-of-new-album/,2024-02-09,2024-03-07,2024-11-12,"Arlington, TX w/ Chris Stapleton",Globe Life Field,Other,FALSE,,,TRUE
Marcus King,Marcus King Announces Tour In Support Of New Album,https://news.pollstar.com/2024/02/09/marcus-king-announces-tour-in-support-of-new-album/,2024-02-09,2024-03-07,2024-11-12,"Darien Center, NY w/ Chris Stapleton",Darien Lake Amphitheater,Other,FALSE,,,TRUE
Marcus King,Marcus King Announces Tour In Support Of New Album,https://news.pollstar.com/2024/02/09/marcus-king-announces-tour-in-support-of-new-album/,2024-02-09,2024-03-07,2024-11-12,"Pittsburgh, PA w/ Chris Stapleton",The Pavilion at Star Lake,Other,FALSE,,,TRUE
Marcus King,Marcus King Announces Tour In Support Of New Album,https://news.pollstar.com/2024/02/09/marcus-king-announces-tour-in-support-of-new-album/,2024-02-09,2024-03-07,2024-11-12,Palace Theatre,"Albany, NY",Theater,FALSE,,,TRUE
Marcus King,Marcus King Announces Tour In Support Of New Album,https://news.pollstar.com/2024/02/09/marcus-king-announces-tour-in-support-of-new-album/,2024-02-09,2024-03-07,2024-11-12,Egyptian Room,"Indianapolis, IN",Arena,FALSE,,,TRUE
Marcus King,Marcus King Announces Tour In Support Of New Album,https://news.pollstar.com/2024/02/09/marcus-king-announces-tour-in-support-of-new-album/,2024-02-09,2024-03-07,2024-11-12,"Toledo, OH w/ Chris Stapleton",Huntington Center,Other,FALSE,,,TRUE
Marcus King,Marcus King Announces Tour In Support Of New Album,https://news.pollstar.com/2024/02/09/marcus-king-announces-tour-in-support-of-new-album/,2024-02-09,2024-03-07,2024-11-12,"Columbus, OH w/ Chris Stapleton",Schottenstein Center,Other,FALSE,,,TRUE
Marcus King,Marcus King Announces Tour In Support Of New Album,https://news.pollstar.com/2024/02/09/marcus-king-announces-tour-in-support-of-new-album/,2024-02-09,2024-03-07,2024-11-12,The Fillmore Detroit,"Detroit, MI",Club,LYV,,,TRUE
Marcus King,Marcus King Announces Tour In Support Of New Album,https://news.pollstar.com/2024/02/09/marcus-king-announces-tour-in-support-of-new-album/,2024-02-09,2024-03-07,2024-11-12,Orpheum,"Vancouver, BC",Theater,FALSE,,,TRUE
Marcus King,Marcus King Announces Tour In Support Of New Album,https://news.pollstar.com/2024/02/09/marcus-king-announces-tour-in-support-of-new-album/,2024-02-09,2024-03-07,2024-11-12,Grey Eagle Event Center,"Calgary, AB",Other,FALSE,,,TRUE
Marcus King,Marcus King Announces Tour In Support Of New Album,https://news.pollstar.com/2024/02/09/marcus-king-announces-tour-in-support-of-new-album/,2024-02-09,2024-03-07,2024-11-12,Midway Music Hall,"Edmonton, AB",Theater,FALSE,,,TRUE
Marcus King,Marcus King Announces Tour In Support Of New Album,https://news.pollstar.com/2024/02/09/marcus-king-announces-tour-in-support-of-new-album/,2024-02-09,2024-03-07,2024-11-12,Burton Cummings Theatre,"Winnipeg, MB",Theater,FALSE,,,TRUE
Marcus King,Marcus King Announces Tour In Support Of New Album,https://news.pollstar.com/2024/02/09/marcus-king-announces-tour-in-support-of-new-album/,2024-02-09,2024-03-07,2024-11-12,Massey Hall,"Toronto, ON",Theater,FALSE,,,TRUE
Marcus King,Marcus King Announces Tour In Support Of New Album,https://news.pollstar.com/2024/02/09/marcus-king-announces-tour-in-support-of-new-album/,2024-02-09,2024-03-07,2024-11-12,London Music Hall,"London, ON",Other,FALSE,,,TRUE
Marcus King,Marcus King Announces Tour In Support Of New Album,https://news.pollstar.com/2024/02/09/marcus-king-announces-tour-in-support-of-new-album/,2024-02-09,2024-03-07,2024-11-12,Kemba Live!,"Columbus, OH",Club,FALSE,,,TRUE
Marcus King,Marcus King Announces Tour In Support Of New Album,https://news.pollstar.com/2024/02/09/marcus-king-announces-tour-in-support-of-new-album/,2024-02-09,2024-03-07,2024-11-12,"Washington, D.C.",Warner Theatre,Other,FALSE,,,TRUE
Marcus King,Marcus King Announces Tour In Support Of New Album,https://news.pollstar.com/2024/02/09/marcus-king-announces-tour-in-support-of-new-album/,2024-02-09,2024-03-07,2024-11-12,"Washington, D.C.",Warner Theatre,Other,FALSE,,,TRUE
Marcus King,Marcus King Announces Tour In Support Of New Album,https://news.pollstar.com/2024/02/09/marcus-king-announces-tour-in-support-of-new-album/,2024-02-09,2024-03-07,2024-11-12,The Ritz,"Raleigh, NC",Club,FALSE,,,TRUE
Marcus King,Marcus King Announces Tour In Support Of New Album,https://news.pollstar.com/2024/02/09/marcus-king-announces-tour-in-support-of-new-album/,2024-02-09,2024-03-07,2024-11-12,Avondale Brewing,"Birmingham, AL",Amphitheater,LYV,,,TRUE
Marcus King,Marcus King Announces Tour In Support Of New Album,https://news.pollstar.com/2024/02/09/marcus-king-announces-tour-in-support-of-new-album/,2024-02-09,2024-03-07,2024-11-12,Riverside Theater,"Milwaukee, WI",Theater,FALSE,,,TRUE
Marcus King,Marcus King Announces Tour In Support Of New Album,https://news.pollstar.com/2024/02/09/marcus-king-announces-tour-in-support-of-new-album/,2024-02-09,2024-03-07,2024-11-12,Vibrant Music Hall,"Des Moines, IA",Theater,FALSE,,,TRUE
Marcus King,Marcus King Announces Tour In Support Of New Album,https://news.pollstar.com/2024/02/09/marcus-king-announces-tour-in-support-of-new-album/,2024-02-09,2024-03-07,2024-11-12,Roxian Theatre,"Pittsburgh, PA",Theater,FALSE,,,TRUE
Marcus King,Marcus King Announces Tour In Support Of New Album,https://news.pollstar.com/2024/02/09/marcus-king-announces-tour-in-support-of-new-album/,2024-02-09,2024-03-07,2024-11-12,State Theatre,"Portland, ME",Theater,FALSE,,,TRUE
Marcus King,Marcus King Announces Tour In Support Of New Album,https://news.pollstar.com/2024/02/09/marcus-king-announces-tour-in-support-of-new-album/,2024-02-09,2024-03-07,2024-11-12,House of Blues Boston,"Boston, MA",Club,LYV,,,TRUE
Marcus King,Marcus King Announces Tour In Support Of New Album,https://news.pollstar.com/2024/02/09/marcus-king-announces-tour-in-support-of-new-album/,2024-02-09,2024-03-07,2024-11-12,The Fillmore,"Philadelphia, PA",Club,LYV,,,TRUE
Marcus King,Marcus King Announces Tour In Support Of New Album,https://news.pollstar.com/2024/02/09/marcus-king-announces-tour-in-support-of-new-album/,2024-02-09,2024-03-07,2024-11-12,Brooklyn Paramount,"Brooklyn, NY",Theater,LYV,,,TRUE
Marcus King,Marcus King Announces Tour In Support Of New Album,https://news.pollstar.com/2024/02/09/marcus-king-announces-tour-in-support-of-new-album/,2024-02-09,2024-03-07,2024-11-12,"Madrid, Spain",La Riviera,Other,FALSE,,,TRUE
Marcus King,Marcus King Announces Tour In Support Of New Album,https://news.pollstar.com/2024/02/09/marcus-king-announces-tour-in-support-of-new-album/,2024-02-09,2024-03-07,2024-11-12,"Barcelona, Spain",Sala Apolo,Other,FALSE,,,TRUE
Marcus King,Marcus King Announces Tour In Support Of New Album,https://news.pollstar.com/2024/02/09/marcus-king-announces-tour-in-support-of-new-album/,2024-02-09,2024-03-07,2024-11-12,"Milan, Italy",Fabrique Milano,Other,FALSE,,,TRUE
Marcus King,Marcus King Announces Tour In Support Of New Album,https://news.pollstar.com/2024/02/09/marcus-king-announces-tour-in-support-of-new-album/,2024-02-09,2024-03-07,2024-11-12,"Zurich, Switzerland",Komplex 457,Other,FALSE,,,TRUE
Marcus King,Marcus King Announces Tour In Support Of New Album,https://news.pollstar.com/2024/02/09/marcus-king-announces-tour-in-support-of-new-album/,2024-02-09,2024-03-07,2024-11-12,"Lyon, France",Le Transbordeur,Other,FALSE,,,TRUE
Marcus King,Marcus King Announces Tour In Support Of New Album,https://news.pollstar.com/2024/02/09/marcus-king-announces-tour-in-support-of-new-album/,2024-02-09,2024-03-07,2024-11-12,"Cologne, Germany",Essigfabrik,Other,FALSE,,,TRUE
Marcus King,Marcus King Announces Tour In Support Of New Album,https://news.pollstar.com/2024/02/09/marcus-king-announces-tour-in-support-of-new-album/,2024-02-09,2024-03-07,2024-11-12,"Hamburg, Germany",Markthalle,Other,FALSE,,,TRUE
Marcus King,Marcus King Announces Tour In Support Of New Album,https://news.pollstar.com/2024/02/09/marcus-king-announces-tour-in-support-of-new-album/,2024-02-09,2024-03-07,2024-11-12,"Antwerp, Belgium",De Roma,Other,FALSE,,,TRUE
Marcus King,Marcus King Announces Tour In Support Of New Album,https://news.pollstar.com/2024/02/09/marcus-king-announces-tour-in-support-of-new-album/,2024-02-09,2024-03-07,2024-11-12,"Amsterdam, Netherlands",AFAS Live,Other,FALSE,,,TRUE
Marcus King,Marcus King Announces Tour In Support Of New Album,https://news.pollstar.com/2024/02/09/marcus-king-announces-tour-in-support-of-new-album/,2024-02-09,2024-03-07,2024-11-12,"Berlin, Germany",Metropol,Other,FALSE,,,TRUE
Marcus King,Marcus King Announces Tour In Support Of New Album,https://news.pollstar.com/2024/02/09/marcus-king-announces-tour-in-support-of-new-album/,2024-02-09,2024-03-07,2024-11-12,"Copenhagen, Denmark",The Grey Hall,Other,FALSE,,,TRUE
Marcus King,Marcus King Announces Tour In Support Of New Album,https://news.pollstar.com/2024/02/09/marcus-king-announces-tour-in-support-of-new-album/,2024-02-09,2024-03-07,2024-11-12,"Paris, France",Bataclan,Other,FALSE,,,TRUE
Marcus King,Marcus King Announces Tour In Support Of New Album,https://news.pollstar.com/2024/02/09/marcus-king-announces-tour-in-support-of-new-album/,2024-02-09,2024-03-07,2024-11-12,Eventim Apollo,"London, UK",Theater,FALSE,,,TRUE
Marcus King,Marcus King Announces Tour In Support Of New Album,https://news.pollstar.com/2024/02/09/marcus-king-announces-tour-in-support-of-new-album/,2024-02-09,2024-03-07,2024-11-12,Albert Hall,"Manchester, UK",Other,FALSE,,,TRUE
Marcus King,Marcus King Announces Tour In Support Of New Album,https://news.pollstar.com/2024/02/09/marcus-king-announces-tour-in-support-of-new-album/,2024-02-09,2024-03-07,2024-11-12,Barrowland Ballroom,"Glasgow, UK",Club,FALSE,,,TRUE
Marcus King,Marcus King Announces Tour In Support Of New Album,https://news.pollstar.com/2024/02/09/marcus-king-announces-tour-in-support-of-new-album/,2024-02-09,2024-03-07,2024-11-12,O2 Institute,"Birmingham, UK",Club,LYV,,,TRUE
Marcus King,Marcus King Announces Tour In Support Of New Album,https://news.pollstar.com/2024/02/09/marcus-king-announces-tour-in-support-of-new-album/,2024-02-09,2024-03-07,2024-11-12,The Great Hall,"Cardiff, UK",Other,FALSE,,,TRUE
Marcus King,Marcus King Announces Tour In Support Of New Album,https://news.pollstar.com/2024/02/09/marcus-king-announces-tour-in-support-of-new-album/,2024-02-09,2024-03-07,2024-11-12,Olympia,"Dublin, Ireland",Theater,FALSE,,,TRUE
Akon,Akon Announces First UK/Euro Tour In A Decade,https://news.pollstar.com/2024/02/05/akon-announces-first-uk-euro-tour-in-a-decade/,2024-02-05,2024-04-27,2024-05-21,"Birmingham, England",O2 Academy Birmingham,Other,FALSE,,,TRUE
Akon,Akon Announces First UK/Euro Tour In A Decade,https://news.pollstar.com/2024/02/05/akon-announces-first-uk-euro-tour-in-a-decade/,2024-02-05,2024-04-27,2024-05-21,"London, England",Eventim Apollo,Other,FALSE,,,TRUE
Akon,Akon Announces First UK/Euro Tour In A Decade,https://news.pollstar.com/2024/02/05/akon-announces-first-uk-euro-tour-in-a-decade/,2024-02-05,2024-04-27,2024-05-21,"Glasgow, Scotland",O2 Academy Glasgow,Other,FALSE,,,TRUE
Akon,Akon Announces First UK/Euro Tour In A Decade,https://news.pollstar.com/2024/02/05/akon-announces-first-uk-euro-tour-in-a-decade/,2024-02-05,2024-04-27,2024-05-21,"Manchester, England",O2 Apollo Manchester,Other,FALSE,,,TRUE
Akon,Akon Announces First UK/Euro Tour In A Decade,https://news.pollstar.com/2024/02/05/akon-announces-first-uk-euro-tour-in-a-decade/,2024-02-05,2024-04-27,2024-05-21,"Paris, France",L’Olympia,Other,FALSE,,,TRUE
Akon,Akon Announces First UK/Euro Tour In A Decade,https://news.pollstar.com/2024/02/05/akon-announces-first-uk-euro-tour-in-a-decade/,2024-02-05,2024-04-27,2024-05-21,"Hamburg, Germany",Edel-optics.com Arena,Other,FALSE,,,TRUE
Akon,Akon Announces First UK/Euro Tour In A Decade,https://news.pollstar.com/2024/02/05/akon-announces-first-uk-euro-tour-in-a-decade/,2024-02-05,2024-04-27,2024-05-21,"Copenhagen, Denmark",TAP1,Other,FALSE,,,TRUE
Akon,Akon Announces First UK/Euro Tour In A Decade,https://news.pollstar.com/2024/02/05/akon-announces-first-uk-euro-tour-in-a-decade/,2024-02-05,2024-04-27,2024-05-21,"Oslo, Norway",Sentrum Scene,Other,FALSE,,,TRUE
Akon,Akon Announces First UK/Euro Tour In A Decade,https://news.pollstar.com/2024/02/05/akon-announces-first-uk-euro-tour-in-a-decade/,2024-02-05,2024-04-27,2024-05-21,"Stockholm, Sweden",Annexet,Other,FALSE,,,TRUE
Akon,Akon Announces First UK/Euro Tour In A Decade,https://news.pollstar.com/2024/02/05/akon-announces-first-uk-euro-tour-in-a-decade/,2024-02-05,2024-04-27,2024-05-21,"Berlin, Germany",Verti Music Hall,Other,FALSE,,,TRUE
Akon,Akon Announces First UK/Euro Tour In A Decade,https://news.pollstar.com/2024/02/05/akon-announces-first-uk-euro-tour-in-a-decade/,2024-02-05,2024-04-27,2024-05-21,"Cologne, Germany",Palladium,Other,FALSE,,,TRUE
Akon,Akon Announces First UK/Euro Tour In A Decade,https://news.pollstar.com/2024/02/05/akon-announces-first-uk-euro-tour-in-a-decade/,2024-02-05,2024-04-27,2024-05-21,"Zurich, Switzerland",Halle 622,Other,FALSE,,,TRUE
Akon,Akon Announces First UK/Euro Tour In A Decade,https://news.pollstar.com/2024/02/05/akon-announces-first-uk-euro-tour-in-a-decade/,2024-02-05,2024-04-27,2024-05-21,"Prague, Czech Republic",Forum Karlin,Other,FALSE,,,TRUE
Akon,Akon Announces First UK/Euro Tour In A Decade,https://news.pollstar.com/2024/02/05/akon-announces-first-uk-euro-tour-in-a-decade/,2024-02-05,2024-04-27,2024-05-21,"Vienna, Austria",Gasometer,Other,FALSE,,,TRUE
Akon,Akon Announces First UK/Euro Tour In A Decade,https://news.pollstar.com/2024/02/05/akon-announces-first-uk-euro-tour-in-a-decade/,2024-02-05,2024-04-27,2024-05-21,"Offenbach, Germany",Stadthalle,Other,FALSE,,,TRUE
Akon,Akon Announces First UK/Euro Tour In A Decade,https://news.pollstar.com/2024/02/05/akon-announces-first-uk-euro-tour-in-a-decade/,2024-02-05,2024-04-27,2024-05-21,"Brussels, Belgium",Ancienne Belgique,Other,FALSE,,,TRUE
Akon,Akon Announces First UK/Euro Tour In A Decade,https://news.pollstar.com/2024/02/05/akon-announces-first-uk-euro-tour-in-a-decade/,2024-02-05,2024-04-27,2024-05-21,"Tilburg, Netherlands",Poppodium 013,Other,FALSE,,,TRUE
Gary Clark Jr. Embarking On Summer Tour To Support New Album,"Gary Clark Jr. Embarking On Summer Tour To Support New Album, ‘JPEG RAW’",https://news.pollstar.com/2024/01/31/gary-clark-jr-embarking-on-summer-tour-to-support-new-album-jpeg-raw/,2024-01-31,2024-05-08,2024-08-21,Will Rogers Auditorium,"Fort Worth, TX",Theater,FALSE,,,TRUE
Gary Clark Jr. Embarking On Summer Tour To Support New Album,"Gary Clark Jr. Embarking On Summer Tour To Support New Album, ‘JPEG RAW’",https://news.pollstar.com/2024/01/31/gary-clark-jr-embarking-on-summer-tour-to-support-new-album-jpeg-raw/,2024-01-31,2024-05-08,2024-08-21,Majestic Theatre,"Dallas, TX",Theater,FALSE,,,TRUE
Gary Clark Jr. Embarking On Summer Tour To Support New Album,"Gary Clark Jr. Embarking On Summer Tour To Support New Album, ‘JPEG RAW’",https://news.pollstar.com/2024/01/31/gary-clark-jr-embarking-on-summer-tour-to-support-new-album-jpeg-raw/,2024-01-31,2024-05-08,2024-08-21,Choctaw Grand Theater,"Durant, OK",Theater,FALSE,,,TRUE
Gary Clark Jr. Embarking On Summer Tour To Support New Album,"Gary Clark Jr. Embarking On Summer Tour To Support New Album, ‘JPEG RAW’",https://news.pollstar.com/2024/01/31/gary-clark-jr-embarking-on-summer-tour-to-support-new-album-jpeg-raw/,2024-01-31,2024-05-08,2024-08-21,Red Rocks Amphitheatre,"Morrison, CO",Amphitheater,FALSE,,,TRUE
Gary Clark Jr. Embarking On Summer Tour To Support New Album,"Gary Clark Jr. Embarking On Summer Tour To Support New Album, ‘JPEG RAW’",https://news.pollstar.com/2024/01/31/gary-clark-jr-embarking-on-summer-tour-to-support-new-album-jpeg-raw/,2024-01-31,2024-05-08,2024-08-21,The Midland Theatre,"Kansas City, MO",Theater,FALSE,,,TRUE
Gary Clark Jr. Embarking On Summer Tour To Support New Album,"Gary Clark Jr. Embarking On Summer Tour To Support New Album, ‘JPEG RAW’",https://news.pollstar.com/2024/01/31/gary-clark-jr-embarking-on-summer-tour-to-support-new-album-jpeg-raw/,2024-01-31,2024-05-08,2024-08-21,The Factory,"St. Louis, MO",Club,FALSE,,,TRUE
Gary Clark Jr. Embarking On Summer Tour To Support New Album,"Gary Clark Jr. Embarking On Summer Tour To Support New Album, ‘JPEG RAW’",https://news.pollstar.com/2024/01/31/gary-clark-jr-embarking-on-summer-tour-to-support-new-album-jpeg-raw/,2024-01-31,2024-05-08,2024-08-21,I Made Rock’n’Roll Festival,"Indianapolis, IN",Other,FALSE,,,TRUE
Gary Clark Jr. Embarking On Summer Tour To Support New Album,"Gary Clark Jr. Embarking On Summer Tour To Support New Album, ‘JPEG RAW’",https://news.pollstar.com/2024/01/31/gary-clark-jr-embarking-on-summer-tour-to-support-new-album-jpeg-raw/,2024-01-31,2024-05-08,2024-08-21,The Salt Shed,"Chicago, IL",Amphitheater,LYV,,,TRUE
Gary Clark Jr. Embarking On Summer Tour To Support New Album,"Gary Clark Jr. Embarking On Summer Tour To Support New Album, ‘JPEG RAW’",https://news.pollstar.com/2024/01/31/gary-clark-jr-embarking-on-summer-tour-to-support-new-album-jpeg-raw/,2024-01-31,2024-05-08,2024-08-21,The Fillmore Detroit,"Detroit, MI",Club,LYV,,,TRUE
Gary Clark Jr. Embarking On Summer Tour To Support New Album,"Gary Clark Jr. Embarking On Summer Tour To Support New Album, ‘JPEG RAW’",https://news.pollstar.com/2024/01/31/gary-clark-jr-embarking-on-summer-tour-to-support-new-album-jpeg-raw/,2024-01-31,2024-05-08,2024-08-21,The Louisville Palace,"Louisville, KY",Theater,FALSE,,,TRUE
Gary Clark Jr. Embarking On Summer Tour To Support New Album,"Gary Clark Jr. Embarking On Summer Tour To Support New Album, ‘JPEG RAW’",https://news.pollstar.com/2024/01/31/gary-clark-jr-embarking-on-summer-tour-to-support-new-album-jpeg-raw/,2024-01-31,2024-05-08,2024-08-21,Jacobs Pavilion,"Cleveland, OH",Amphitheater,LYV,,,TRUE
Gary Clark Jr. Embarking On Summer Tour To Support New Album,"Gary Clark Jr. Embarking On Summer Tour To Support New Album, ‘JPEG RAW’",https://news.pollstar.com/2024/01/31/gary-clark-jr-embarking-on-summer-tour-to-support-new-album-jpeg-raw/,2024-01-31,2024-05-08,2024-08-21,Artpark Mainstage Theater,"Lewiston, NY",Theater,FALSE,,,TRUE
Gary Clark Jr. Embarking On Summer Tour To Support New Album,"Gary Clark Jr. Embarking On Summer Tour To Support New Album, ‘JPEG RAW’",https://news.pollstar.com/2024/01/31/gary-clark-jr-embarking-on-summer-tour-to-support-new-album-jpeg-raw/,2024-01-31,2024-05-08,2024-08-21,History,"Toronto, ON",Club,LYV,,,TRUE
Gary Clark Jr. Embarking On Summer Tour To Support New Album,"Gary Clark Jr. Embarking On Summer Tour To Support New Album, ‘JPEG RAW’",https://news.pollstar.com/2024/01/31/gary-clark-jr-embarking-on-summer-tour-to-support-new-album-jpeg-raw/,2024-01-31,2024-05-08,2024-08-21,Merrill Auditorium,"Portland, ME",Theater,FALSE,,,TRUE
Gary Clark Jr. Embarking On Summer Tour To Support New Album,"Gary Clark Jr. Embarking On Summer Tour To Support New Album, ‘JPEG RAW’",https://news.pollstar.com/2024/01/31/gary-clark-jr-embarking-on-summer-tour-to-support-new-album-jpeg-raw/,2024-01-31,2024-05-08,2024-08-21,Palace Theatre,"Albany, NY",Theater,FALSE,,,TRUE
Gary Clark Jr. Embarking On Summer Tour To Support New Album,"Gary Clark Jr. Embarking On Summer Tour To Support New Album, ‘JPEG RAW’",https://news.pollstar.com/2024/01/31/gary-clark-jr-embarking-on-summer-tour-to-support-new-album-jpeg-raw/,2024-01-31,2024-05-08,2024-08-21,Shubert Theater,"New Haven, CT",Theater,FALSE,,,TRUE
Gary Clark Jr. Embarking On Summer Tour To Support New Album,"Gary Clark Jr. Embarking On Summer Tour To Support New Album, ‘JPEG RAW’",https://news.pollstar.com/2024/01/31/gary-clark-jr-embarking-on-summer-tour-to-support-new-album-jpeg-raw/,2024-01-31,2024-05-08,2024-08-21,Beak & Skiff Apple Orchards,"LaFayette, NY",Amphitheater,LYV,,,TRUE
Gary Clark Jr. Embarking On Summer Tour To Support New Album,"Gary Clark Jr. Embarking On Summer Tour To Support New Album, ‘JPEG RAW’",https://news.pollstar.com/2024/01/31/gary-clark-jr-embarking-on-summer-tour-to-support-new-album-jpeg-raw/,2024-01-31,2024-05-08,2024-08-21,Treehouse Brewing Company,"Deerfield, MA",Other,FALSE,,,TRUE
Gary Clark Jr. Embarking On Summer Tour To Support New Album,"Gary Clark Jr. Embarking On Summer Tour To Support New Album, ‘JPEG RAW’",https://news.pollstar.com/2024/01/31/gary-clark-jr-embarking-on-summer-tour-to-support-new-album-jpeg-raw/,2024-01-31,2024-05-08,2024-08-21,MGM Music Hall at Fenway,"Boston, MA",Theater,LYV,,,TRUE
Gary Clark Jr. Embarking On Summer Tour To Support New Album,"Gary Clark Jr. Embarking On Summer Tour To Support New Album, ‘JPEG RAW’",https://news.pollstar.com/2024/01/31/gary-clark-jr-embarking-on-summer-tour-to-support-new-album-jpeg-raw/,2024-01-31,2024-05-08,2024-08-21,The Met Philadelphia,"Philadelphia, PA",Theater,LYV,,,TRUE
Gary Clark Jr. Embarking On Summer Tour To Support New Album,"Gary Clark Jr. Embarking On Summer Tour To Support New Album, ‘JPEG RAW’",https://news.pollstar.com/2024/01/31/gary-clark-jr-embarking-on-summer-tour-to-support-new-album-jpeg-raw/,2024-01-31,2024-05-08,2024-08-21,Wolf Trap,"Washington, D.C.",Other,FALSE,,,TRUE
Gary Clark Jr. Embarking On Summer Tour To Support New Album,"Gary Clark Jr. Embarking On Summer Tour To Support New Album, ‘JPEG RAW’",https://news.pollstar.com/2024/01/31/gary-clark-jr-embarking-on-summer-tour-to-support-new-album-jpeg-raw/,2024-01-31,2024-05-08,2024-08-21,Radio City Music Hall,"New York, NY",Theater,FALSE,,,TRUE
Gary Clark Jr. Embarking On Summer Tour To Support New Album,"Gary Clark Jr. Embarking On Summer Tour To Support New Album, ‘JPEG RAW’",https://news.pollstar.com/2024/01/31/gary-clark-jr-embarking-on-summer-tour-to-support-new-album-jpeg-raw/,2024-01-31,2024-05-08,2024-08-21,Red Hat Amphitheater,"Raleigh, NC",Amphitheater,LYV,,,TRUE
Gary Clark Jr. Embarking On Summer Tour To Support New Album,"Gary Clark Jr. Embarking On Summer Tour To Support New Album, ‘JPEG RAW’",https://news.pollstar.com/2024/01/31/gary-clark-jr-embarking-on-summer-tour-to-support-new-album-jpeg-raw/,2024-01-31,2024-05-08,2024-08-21,Bonnaroo Music and Arts Festival,"Manchester, TN",Amphitheater,LYV,,,TRUE
Gary Clark Jr. Embarking On Summer Tour To Support New Album,"Gary Clark Jr. Embarking On Summer Tour To Support New Album, ‘JPEG RAW’",https://news.pollstar.com/2024/01/31/gary-clark-jr-embarking-on-summer-tour-to-support-new-album-jpeg-raw/,2024-01-31,2024-05-08,2024-08-21,Venue TBD,"Los Angeles, CA",Other,FALSE,,,TRUE
Heart Embarking On First Tour In Five Years With Cheap Trick Supporting,Heart Embarking On First Tour In Five Years With Cheap Trick Supporting,https://news.pollstar.com/2024/01/29/heart-embarking-on-first-tour-in-five-years-with-cheap-trick-supporting/,2024-01-29,2024-04-20,2024-09-22,Bon Secours Wellness Arena,"Greenville, SC",Arena,FALSE,,,TRUE
Heart Embarking On First Tour In Five Years With Cheap Trick Supporting,Heart Embarking On First Tour In Five Years With Cheap Trick Supporting,https://news.pollstar.com/2024/01/29/heart-embarking-on-first-tour-in-five-years-with-cheap-trick-supporting/,2024-01-29,2024-04-20,2024-09-22,Enmarket Arena,"Savannah, GA",Arena,FALSE,,,TRUE
Heart Embarking On First Tour In Five Years With Cheap Trick Supporting,Heart Embarking On First Tour In Five Years With Cheap Trick Supporting,https://news.pollstar.com/2024/01/29/heart-embarking-on-first-tour-in-five-years-with-cheap-trick-supporting/,2024-01-29,2024-04-20,2024-09-22,Hard Rock Live (in Seminole Hard Rock Hollywood),"Hollywood, FL",Theater,FALSE,,,TRUE
Heart Embarking On First Tour In Five Years With Cheap Trick Supporting,Heart Embarking On First Tour In Five Years With Cheap Trick Supporting,https://news.pollstar.com/2024/01/29/heart-embarking-on-first-tour-in-five-years-with-cheap-trick-supporting/,2024-01-29,2024-04-20,2024-09-22,Amalie Arena,"Tampa, FL",Arena,FALSE,,,TRUE
Heart Embarking On First Tour In Five Years With Cheap Trick Supporting,Heart Embarking On First Tour In Five Years With Cheap Trick Supporting,https://news.pollstar.com/2024/01/29/heart-embarking-on-first-tour-in-five-years-with-cheap-trick-supporting/,2024-01-29,2024-04-20,2024-09-22,Frost Bank Center (special guest TBD),"San Antonio, TX",Arena,FALSE,,,TRUE
Heart Embarking On First Tour In Five Years With Cheap Trick Supporting,Heart Embarking On First Tour In Five Years With Cheap Trick Supporting,https://news.pollstar.com/2024/01/29/heart-embarking-on-first-tour-in-five-years-with-cheap-trick-supporting/,2024-01-29,2024-04-20,2024-09-22,Lucas Oil Live at WinStar World Casino and Resort,"Thackerville, OK",Theater,FALSE,,,TRUE
Heart Embarking On First Tour In Five Years With Cheap Trick Supporting,Heart Embarking On First Tour In Five Years With Cheap Trick Supporting,https://news.pollstar.com/2024/01/29/heart-embarking-on-first-tour-in-five-years-with-cheap-trick-supporting/,2024-01-29,2024-04-20,2024-09-22,BOK Center,"Tulsa, OK",Arena,FALSE,,,TRUE
Heart Embarking On First Tour In Five Years With Cheap Trick Supporting,Heart Embarking On First Tour In Five Years With Cheap Trick Supporting,https://news.pollstar.com/2024/01/29/heart-embarking-on-first-tour-in-five-years-with-cheap-trick-supporting/,2024-01-29,2024-04-20,2024-09-22,Gainbridge Fieldhouse,"Indianapolis, IN",Arena,FALSE,,,TRUE
Heart Embarking On First Tour In Five Years With Cheap Trick Supporting,Heart Embarking On First Tour In Five Years With Cheap Trick Supporting,https://news.pollstar.com/2024/01/29/heart-embarking-on-first-tour-in-five-years-with-cheap-trick-supporting/,2024-01-29,2024-04-20,2024-09-22,State Farm Arena,"Atlanta, GA",Arena,FALSE,,,TRUE
Heart Embarking On First Tour In Five Years With Cheap Trick Supporting,Heart Embarking On First Tour In Five Years With Cheap Trick Supporting,https://news.pollstar.com/2024/01/29/heart-embarking-on-first-tour-in-five-years-with-cheap-trick-supporting/,2024-01-29,2024-04-20,2024-09-22,Spectrum Center,"Charlotte, NC",Arena,FALSE,,,TRUE
Heart Embarking On First Tour In Five Years With Cheap Trick Supporting,Heart Embarking On First Tour In Five Years With Cheap Trick Supporting,https://news.pollstar.com/2024/01/29/heart-embarking-on-first-tour-in-five-years-with-cheap-trick-supporting/,2024-01-29,2024-04-20,2024-09-22,CFG Bank Arena,"Baltimore, MD",Arena,FALSE,,,TRUE
Heart Embarking On First Tour In Five Years With Cheap Trick Supporting,Heart Embarking On First Tour In Five Years With Cheap Trick Supporting,https://news.pollstar.com/2024/01/29/heart-embarking-on-first-tour-in-five-years-with-cheap-trick-supporting/,2024-01-29,2024-04-20,2024-09-22,Schottenstein Center,"Columbus, OH",Arena,FALSE,,,TRUE
Heart Embarking On First Tour In Five Years With Cheap Trick Supporting,Heart Embarking On First Tour In Five Years With Cheap Trick Supporting,https://news.pollstar.com/2024/01/29/heart-embarking-on-first-tour-in-five-years-with-cheap-trick-supporting/,2024-01-29,2024-04-20,2024-09-22,Allstate Arena,"Rosemont, IL",Arena,FALSE,,,TRUE
Heart Embarking On First Tour In Five Years With Cheap Trick Supporting,Heart Embarking On First Tour In Five Years With Cheap Trick Supporting,https://news.pollstar.com/2024/01/29/heart-embarking-on-first-tour-in-five-years-with-cheap-trick-supporting/,2024-01-29,2024-04-20,2024-09-22,KFC Yum! Center,"Louisville, KY",Arena,FALSE,,,TRUE
Heart Embarking On First Tour In Five Years With Cheap Trick Supporting,Heart Embarking On First Tour In Five Years With Cheap Trick Supporting,https://news.pollstar.com/2024/01/29/heart-embarking-on-first-tour-in-five-years-with-cheap-trick-supporting/,2024-01-29,2024-04-20,2024-09-22,Little Caesars Arena,"Detroit, MI",Theater,FALSE,,,TRUE
Heart Embarking On First Tour In Five Years With Cheap Trick Supporting,Heart Embarking On First Tour In Five Years With Cheap Trick Supporting,https://news.pollstar.com/2024/01/29/heart-embarking-on-first-tour-in-five-years-with-cheap-trick-supporting/,2024-01-29,2024-04-20,2024-09-22,PPG Paints Arena,"Pittsburgh, PA",Arena,FALSE,,,TRUE
Heart Embarking On First Tour In Five Years With Cheap Trick Supporting,Heart Embarking On First Tour In Five Years With Cheap Trick Supporting,https://news.pollstar.com/2024/01/29/heart-embarking-on-first-tour-in-five-years-with-cheap-trick-supporting/,2024-01-29,2024-04-20,2024-09-22,Hard Rock Live,"Atlantic City, NJ",Theater,FALSE,,,TRUE
Heart Embarking On First Tour In Five Years With Cheap Trick Supporting,Heart Embarking On First Tour In Five Years With Cheap Trick Supporting,https://news.pollstar.com/2024/01/29/heart-embarking-on-first-tour-in-five-years-with-cheap-trick-supporting/,2024-01-29,2024-04-20,2024-09-22,Progressive Field **(with Def Leppard & Journey),"Cleveland, OH",Stadium,FALSE,,,TRUE
Heart Embarking On First Tour In Five Years With Cheap Trick Supporting,Heart Embarking On First Tour In Five Years With Cheap Trick Supporting,https://news.pollstar.com/2024/01/29/heart-embarking-on-first-tour-in-five-years-with-cheap-trick-supporting/,2024-01-29,2024-04-20,2024-09-22,Canadian Tire Centre,"Ottawa, ON",Arena,FALSE,,,TRUE
Heart Embarking On First Tour In Five Years With Cheap Trick Supporting,Heart Embarking On First Tour In Five Years With Cheap Trick Supporting,https://news.pollstar.com/2024/01/29/heart-embarking-on-first-tour-in-five-years-with-cheap-trick-supporting/,2024-01-29,2024-04-20,2024-09-22,Rogers Centre ** (with Def Leppard & Journey),"Toronto, ON",Arena,FALSE,,,TRUE
Heart Embarking On First Tour In Five Years With Cheap Trick Supporting,Heart Embarking On First Tour In Five Years With Cheap Trick Supporting,https://news.pollstar.com/2024/01/29/heart-embarking-on-first-tour-in-five-years-with-cheap-trick-supporting/,2024-01-29,2024-04-20,2024-09-22,Fenway Park ** (with Def Leppard & Journey),"Boston, MA",Stadium,FALSE,,,TRUE
Heart Embarking On First Tour In Five Years With Cheap Trick Supporting,Heart Embarking On First Tour In Five Years With Cheap Trick Supporting,https://news.pollstar.com/2024/01/29/heart-embarking-on-first-tour-in-five-years-with-cheap-trick-supporting/,2024-01-29,2024-04-20,2024-09-22,Videotron Centre,"Quebec City, QC",Arena,FALSE,,,TRUE
Heart Embarking On First Tour In Five Years With Cheap Trick Supporting,Heart Embarking On First Tour In Five Years With Cheap Trick Supporting,https://news.pollstar.com/2024/01/29/heart-embarking-on-first-tour-in-five-years-with-cheap-trick-supporting/,2024-01-29,2024-04-20,2024-09-22,Bell Centre,"Montreal, QC",Arena,FALSE,,,TRUE
Heart Embarking On First Tour In Five Years With Cheap Trick Supporting,Heart Embarking On First Tour In Five Years With Cheap Trick Supporting,https://news.pollstar.com/2024/01/29/heart-embarking-on-first-tour-in-five-years-with-cheap-trick-supporting/,2024-01-29,2024-04-20,2024-09-22,MVP Arena,"Albany, NY",Arena,FALSE,,,TRUE
Heart Embarking On First Tour In Five Years With Cheap Trick Supporting,Heart Embarking On First Tour In Five Years With Cheap Trick Supporting,https://news.pollstar.com/2024/01/29/heart-embarking-on-first-tour-in-five-years-with-cheap-trick-supporting/,2024-01-29,2024-04-20,2024-09-22,KeyBank Center,"Buffalo, NY",Arena,FALSE,,,TRUE
Heart Embarking On First Tour In Five Years With Cheap Trick Supporting,Heart Embarking On First Tour In Five Years With Cheap Trick Supporting,https://news.pollstar.com/2024/01/29/heart-embarking-on-first-tour-in-five-years-with-cheap-trick-supporting/,2024-01-29,2024-04-20,2024-09-22,Heritage Bank Center,"Cincinnati, OH",Arena,FALSE,,,TRUE
Heart Embarking On First Tour In Five Years With Cheap Trick Supporting,Heart Embarking On First Tour In Five Years With Cheap Trick Supporting,https://news.pollstar.com/2024/01/29/heart-embarking-on-first-tour-in-five-years-with-cheap-trick-supporting/,2024-01-29,2024-04-20,2024-09-22,Fiserv Forum,"Milwaukee, WI",Arena,FALSE,,,TRUE
Heart Embarking On First Tour In Five Years With Cheap Trick Supporting,Heart Embarking On First Tour In Five Years With Cheap Trick Supporting,https://news.pollstar.com/2024/01/29/heart-embarking-on-first-tour-in-five-years-with-cheap-trick-supporting/,2024-01-29,2024-04-20,2024-09-22,Grand Casino Hinckley Amphitheater,"Hinckley, MN",Theater,FALSE,,,TRUE
Heart Embarking On First Tour In Five Years With Cheap Trick Supporting,Heart Embarking On First Tour In Five Years With Cheap Trick Supporting,https://news.pollstar.com/2024/01/29/heart-embarking-on-first-tour-in-five-years-with-cheap-trick-supporting/,2024-01-29,2024-04-20,2024-09-22,Pinnacle Bank Arena,"Lincoln, NE",Theater,FALSE,,,TRUE
Heart Embarking On First Tour In Five Years With Cheap Trick Supporting,Heart Embarking On First Tour In Five Years With Cheap Trick Supporting,https://news.pollstar.com/2024/01/29/heart-embarking-on-first-tour-in-five-years-with-cheap-trick-supporting/,2024-01-29,2024-04-20,2024-09-22,Van Andel Arena,"Grand Rapids, MI",Arena,FALSE,,,TRUE
Heart Embarking On First Tour In Five Years With Cheap Trick Supporting,Heart Embarking On First Tour In Five Years With Cheap Trick Supporting,https://news.pollstar.com/2024/01/29/heart-embarking-on-first-tour-in-five-years-with-cheap-trick-supporting/,2024-01-29,2024-04-20,2024-09-22,Charleston Coliseum,"Charleston, WV",Arena,FALSE,,,TRUE
Heart Embarking On First Tour In Five Years With Cheap Trick Supporting,Heart Embarking On First Tour In Five Years With Cheap Trick Supporting,https://news.pollstar.com/2024/01/29/heart-embarking-on-first-tour-in-five-years-with-cheap-trick-supporting/,2024-01-29,2024-04-20,2024-09-22,Thompson Boling Arena at Food City Center,"Knoxville, TN",Arena,FALSE,,,TRUE
Heart Embarking On First Tour In Five Years With Cheap Trick Supporting,Heart Embarking On First Tour In Five Years With Cheap Trick Supporting,https://news.pollstar.com/2024/01/29/heart-embarking-on-first-tour-in-five-years-with-cheap-trick-supporting/,2024-01-29,2024-04-20,2024-09-22,Scope Arena,"Norfolk, VA",Arena,FALSE,,,TRUE
Heart Embarking On First Tour In Five Years With Cheap Trick Supporting,Heart Embarking On First Tour In Five Years With Cheap Trick Supporting,https://news.pollstar.com/2024/01/29/heart-embarking-on-first-tour-in-five-years-with-cheap-trick-supporting/,2024-01-29,2024-04-20,2024-09-22,The Great Allentown Fair,"Allentown, PA",Other,FALSE,,,TRUE
Heart Embarking On First Tour In Five Years With Cheap Trick Supporting,Heart Embarking On First Tour In Five Years With Cheap Trick Supporting,https://news.pollstar.com/2024/01/29/heart-embarking-on-first-tour-in-five-years-with-cheap-trick-supporting/,2024-01-29,2024-04-20,2024-09-22,Moda Center,"Portland, OR",Arena,FALSE,,,TRUE
Heart Embarking On First Tour In Five Years With Cheap Trick Supporting,Heart Embarking On First Tour In Five Years With Cheap Trick Supporting,https://news.pollstar.com/2024/01/29/heart-embarking-on-first-tour-in-five-years-with-cheap-trick-supporting/,2024-01-29,2024-04-20,2024-09-22,Maverik Center,"West Valley City, UT",Arena,FALSE,,,TRUE
Heart Embarking On First Tour In Five Years With Cheap Trick Supporting,Heart Embarking On First Tour In Five Years With Cheap Trick Supporting,https://news.pollstar.com/2024/01/29/heart-embarking-on-first-tour-in-five-years-with-cheap-trick-supporting/,2024-01-29,2024-04-20,2024-09-22,Red Rocks Amphitheatre (special guest TBD),"Morrison, CO",Amphitheater,FALSE,,,TRUE
Heart Embarking On First Tour In Five Years With Cheap Trick Supporting,Heart Embarking On First Tour In Five Years With Cheap Trick Supporting,https://news.pollstar.com/2024/01/29/heart-embarking-on-first-tour-in-five-years-with-cheap-trick-supporting/,2024-01-29,2024-04-20,2024-09-22,Graspop Metal Meeting *,"Dessel, BEL",Other,FALSE,,,TRUE
Heart Embarking On First Tour In Five Years With Cheap Trick Supporting,Heart Embarking On First Tour In Five Years With Cheap Trick Supporting,https://news.pollstar.com/2024/01/29/heart-embarking-on-first-tour-in-five-years-with-cheap-trick-supporting/,2024-01-29,2024-04-20,2024-09-22,UberEats Music Hall,"Berlin, GER",Other,FALSE,,,TRUE
Heart Embarking On First Tour In Five Years With Cheap Trick Supporting,Heart Embarking On First Tour In Five Years With Cheap Trick Supporting,https://news.pollstar.com/2024/01/29/heart-embarking-on-first-tour-in-five-years-with-cheap-trick-supporting/,2024-01-29,2024-04-20,2024-09-22,Grona Lund,"Stockholm, SWE",Other,FALSE,,,TRUE
Heart Embarking On First Tour In Five Years With Cheap Trick Supporting,Heart Embarking On First Tour In Five Years With Cheap Trick Supporting,https://news.pollstar.com/2024/01/29/heart-embarking-on-first-tour-in-five-years-with-cheap-trick-supporting/,2024-01-29,2024-04-20,2024-09-22,Ice Hall,"Helsinki, FIN",Theater,FALSE,,,TRUE
Heart Embarking On First Tour In Five Years With Cheap Trick Supporting,Heart Embarking On First Tour In Five Years With Cheap Trick Supporting,https://news.pollstar.com/2024/01/29/heart-embarking-on-first-tour-in-five-years-with-cheap-trick-supporting/,2024-01-29,2024-04-20,2024-09-22,Tons of Rock Festival *,"Oslo, NOR",Other,FALSE,,,TRUE
Heart Embarking On First Tour In Five Years With Cheap Trick Supporting,Heart Embarking On First Tour In Five Years With Cheap Trick Supporting,https://news.pollstar.com/2024/01/29/heart-embarking-on-first-tour-in-five-years-with-cheap-trick-supporting/,2024-01-29,2024-04-20,2024-09-22,Hellfest *,"Clisson, FRA",Other,FALSE,,,TRUE
Heart Embarking On First Tour In Five Years With Cheap Trick Supporting,Heart Embarking On First Tour In Five Years With Cheap Trick Supporting,https://news.pollstar.com/2024/01/29/heart-embarking-on-first-tour-in-five-years-with-cheap-trick-supporting/,2024-01-29,2024-04-20,2024-09-22,The O2 %,"London, UK",Arena,FALSE,,,TRUE
Heart Embarking On First Tour In Five Years With Cheap Trick Supporting,Heart Embarking On First Tour In Five Years With Cheap Trick Supporting,https://news.pollstar.com/2024/01/29/heart-embarking-on-first-tour-in-five-years-with-cheap-trick-supporting/,2024-01-29,2024-04-20,2024-09-22,Utilita Arena Birmingham %,"Birmingham, UK",Arena,FALSE,,,TRUE
Heart Embarking On First Tour In Five Years With Cheap Trick Supporting,Heart Embarking On First Tour In Five Years With Cheap Trick Supporting,https://news.pollstar.com/2024/01/29/heart-embarking-on-first-tour-in-five-years-with-cheap-trick-supporting/,2024-01-29,2024-04-20,2024-09-22,Capital FM Arena %,"Nottingham, UK",Arena,FALSE,,,TRUE
Heart Embarking On First Tour In Five Years With Cheap Trick Supporting,Heart Embarking On First Tour In Five Years With Cheap Trick Supporting,https://news.pollstar.com/2024/01/29/heart-embarking-on-first-tour-in-five-years-with-cheap-trick-supporting/,2024-01-29,2024-04-20,2024-09-22,AO Arena %,"Manchester, UK",Arena,FALSE,,,TRUE
Heart Embarking On First Tour In Five Years With Cheap Trick Supporting,Heart Embarking On First Tour In Five Years With Cheap Trick Supporting,https://news.pollstar.com/2024/01/29/heart-embarking-on-first-tour-in-five-years-with-cheap-trick-supporting/,2024-01-29,2024-04-20,2024-09-22,First Direct Arena %,"Leeds, UK",Arena,FALSE,,,TRUE
Heart Embarking On First Tour In Five Years With Cheap Trick Supporting,Heart Embarking On First Tour In Five Years With Cheap Trick Supporting,https://news.pollstar.com/2024/01/29/heart-embarking-on-first-tour-in-five-years-with-cheap-trick-supporting/,2024-01-29,2024-04-20,2024-09-22,OVO Hydro %,"Glasgow, UK",Arena,FALSE,,,TRUE
Heart Embarking On First Tour In Five Years With Cheap Trick Supporting,Heart Embarking On First Tour In Five Years With Cheap Trick Supporting,https://news.pollstar.com/2024/01/29/heart-embarking-on-first-tour-in-five-years-with-cheap-trick-supporting/,2024-01-29,2024-04-20,2024-09-22,Rockhal - Club,"Esch-Sur-Alzette, LU",Club,FALSE,,,TRUE
Heart Embarking On First Tour In Five Years With Cheap Trick Supporting,Heart Embarking On First Tour In Five Years With Cheap Trick Supporting,https://news.pollstar.com/2024/01/29/heart-embarking-on-first-tour-in-five-years-with-cheap-trick-supporting/,2024-01-29,2024-04-20,2024-09-22,Bospop Festival *,"Weert, NL",Other,FALSE,,,TRUE
Rob Zombie,Rob Zombie & Alice Cooper’s ‘Freaks On Parade Tour’ Continues In 2024,https://news.pollstar.com/2024/01/29/rob-zombie-alice-coopers-freaks-on-parade-tour-continues-in-2024/,2024-01-29,2024-08-20,2024-09-18,Isleta Amphitheater,"Albuquerque, NM",Amphitheater,LYV,,,TRUE
Rob Zombie,Rob Zombie & Alice Cooper’s ‘Freaks On Parade Tour’ Continues In 2024,https://news.pollstar.com/2024/01/29/rob-zombie-alice-coopers-freaks-on-parade-tour-continues-in-2024/,2024-01-29,2024-08-20,2024-09-18,Utah First Credit Union Amphitheatre,"West Valley City, UT",Amphitheater,LYV,,,TRUE
Rob Zombie,Rob Zombie & Alice Cooper’s ‘Freaks On Parade Tour’ Continues In 2024,https://news.pollstar.com/2024/01/29/rob-zombie-alice-coopers-freaks-on-parade-tour-continues-in-2024/,2024-01-29,2024-08-20,2024-09-18,Pinnacle Bank Arena,"Lincoln, NE",Theater,FALSE,,,TRUE
Rob Zombie,Rob Zombie & Alice Cooper’s ‘Freaks On Parade Tour’ Continues In 2024,https://news.pollstar.com/2024/01/29/rob-zombie-alice-coopers-freaks-on-parade-tour-continues-in-2024/,2024-01-29,2024-08-20,2024-09-18,Xcel Energy Center,"Saint Paul, MN",Arena,FALSE,,,TRUE
Rob Zombie,Rob Zombie & Alice Cooper’s ‘Freaks On Parade Tour’ Continues In 2024,https://news.pollstar.com/2024/01/29/rob-zombie-alice-coopers-freaks-on-parade-tour-continues-in-2024/,2024-01-29,2024-08-20,2024-09-18,"Milwaukee, WI","American Family Insurance Amphitheater, Summerfest Grounds",Other,FALSE,,,TRUE
Rob Zombie,Rob Zombie & Alice Cooper’s ‘Freaks On Parade Tour’ Continues In 2024,https://news.pollstar.com/2024/01/29/rob-zombie-alice-coopers-freaks-on-parade-tour-continues-in-2024/,2024-01-29,2024-08-20,2024-09-18,Blossom Music Center,"Cuyahoga Falls, OH",Amphitheater,LYV,,,TRUE
Rob Zombie,Rob Zombie & Alice Cooper’s ‘Freaks On Parade Tour’ Continues In 2024,https://news.pollstar.com/2024/01/29/rob-zombie-alice-coopers-freaks-on-parade-tour-continues-in-2024/,2024-01-29,2024-08-20,2024-09-18,Pine Knob Music Theatre,"Clarkston, MI",Amphitheater,LYV,,,TRUE
Rob Zombie,Rob Zombie & Alice Cooper’s ‘Freaks On Parade Tour’ Continues In 2024,https://news.pollstar.com/2024/01/29/rob-zombie-alice-coopers-freaks-on-parade-tour-continues-in-2024/,2024-01-29,2024-08-20,2024-09-18,Ruoff Music Center,"Noblesville, IN",Amphitheater,LYV,,,TRUE
Rob Zombie,Rob Zombie & Alice Cooper’s ‘Freaks On Parade Tour’ Continues In 2024,https://news.pollstar.com/2024/01/29/rob-zombie-alice-coopers-freaks-on-parade-tour-continues-in-2024/,2024-01-29,2024-08-20,2024-09-18,Hollywood Casino Amphitheatre,"Maryland Heights, MO",Amphitheater,LYV,,,TRUE
Rob Zombie,Rob Zombie & Alice Cooper’s ‘Freaks On Parade Tour’ Continues In 2024,https://news.pollstar.com/2024/01/29/rob-zombie-alice-coopers-freaks-on-parade-tour-continues-in-2024/,2024-01-29,2024-08-20,2024-09-18,The Pavilion at Star Lake,"Burgettstown, PA",Amphitheater,LYV,,,TRUE
Rob Zombie,Rob Zombie & Alice Cooper’s ‘Freaks On Parade Tour’ Continues In 2024,https://news.pollstar.com/2024/01/29/rob-zombie-alice-coopers-freaks-on-parade-tour-continues-in-2024/,2024-01-29,2024-08-20,2024-09-18,Empower Federal Credit Union Amphitheater at Lakeview,"Syracuse, NY",Amphitheater,LYV,,,TRUE
Rob Zombie,Rob Zombie & Alice Cooper’s ‘Freaks On Parade Tour’ Continues In 2024,https://news.pollstar.com/2024/01/29/rob-zombie-alice-coopers-freaks-on-parade-tour-continues-in-2024/,2024-01-29,2024-08-20,2024-09-18,Xfinity Center,"Mansfield, MA",Arena,LYV,,,TRUE
Rob Zombie,Rob Zombie & Alice Cooper’s ‘Freaks On Parade Tour’ Continues In 2024,https://news.pollstar.com/2024/01/29/rob-zombie-alice-coopers-freaks-on-parade-tour-continues-in-2024/,2024-01-29,2024-08-20,2024-09-18,PNC Bank Arts Center,"Holmdel, NJ",Arena,LYV,,,TRUE
Rob Zombie,Rob Zombie & Alice Cooper’s ‘Freaks On Parade Tour’ Continues In 2024,https://news.pollstar.com/2024/01/29/rob-zombie-alice-coopers-freaks-on-parade-tour-continues-in-2024/,2024-01-29,2024-08-20,2024-09-18,Freedom Mortgage Pavilion,"Camden, NJ",Amphitheater,LYV,,,TRUE
Rob Zombie,Rob Zombie & Alice Cooper’s ‘Freaks On Parade Tour’ Continues In 2024,https://news.pollstar.com/2024/01/29/rob-zombie-alice-coopers-freaks-on-parade-tour-continues-in-2024/,2024-01-29,2024-08-20,2024-09-18,Jiffy Lube Live,"Bristow, VA",Amphitheater,LYV,,,TRUE
Rob Zombie,Rob Zombie & Alice Cooper’s ‘Freaks On Parade Tour’ Continues In 2024,https://news.pollstar.com/2024/01/29/rob-zombie-alice-coopers-freaks-on-parade-tour-continues-in-2024/,2024-01-29,2024-08-20,2024-09-18,PNC Music Pavilion,"Charlotte, NC",Amphitheater,LYV,,,TRUE
Rob Zombie,Rob Zombie & Alice Cooper’s ‘Freaks On Parade Tour’ Continues In 2024,https://news.pollstar.com/2024/01/29/rob-zombie-alice-coopers-freaks-on-parade-tour-continues-in-2024/,2024-01-29,2024-08-20,2024-09-18,Ameris Bank Amphitheatre,"Alpharetta, GA",Amphitheater,LYV,,,TRUE
Rob Zombie,Rob Zombie & Alice Cooper’s ‘Freaks On Parade Tour’ Continues In 2024,https://news.pollstar.com/2024/01/29/rob-zombie-alice-coopers-freaks-on-parade-tour-continues-in-2024/,2024-01-29,2024-08-20,2024-09-18,Germania Insurance Amphitheater,"Austin, TX",Amphitheater,LYV,,,TRUE
Rob Zombie,Rob Zombie & Alice Cooper’s ‘Freaks On Parade Tour’ Continues In 2024,https://news.pollstar.com/2024/01/29/rob-zombie-alice-coopers-freaks-on-parade-tour-continues-in-2024/,2024-01-29,2024-08-20,2024-09-18,The Cynthia Woods Mitchell Pavilion,"The Woodlands, TX",Amphitheater,LYV,,,TRUE
Rob Zombie,Rob Zombie & Alice Cooper’s ‘Freaks On Parade Tour’ Continues In 2024,https://news.pollstar.com/2024/01/29/rob-zombie-alice-coopers-freaks-on-parade-tour-continues-in-2024/,2024-01-29,2024-08-20,2024-09-18,Walmart AMP,"Rogers, AR",Amphitheater,LYV,,,TRUE
Rob Zombie,Rob Zombie & Alice Cooper’s ‘Freaks On Parade Tour’ Continues In 2024,https://news.pollstar.com/2024/01/29/rob-zombie-alice-coopers-freaks-on-parade-tour-continues-in-2024/,2024-01-29,2024-08-20,2024-09-18,Dickies Arena,"Fort Worth, TX",Arena,FALSE,,,TRUE
Dave Matthews Band,Dave Matthews Band Announces Summer 2024 Tour,https://news.pollstar.com/2024/01/23/dave-matthews-band-announces-summer-2024-tour/,2024-01-23,2024-05-22,2024-09-01,MIDFLORIDA Credit Union Amphitheatre,"Tampa, FL",Amphitheater,LYV,,,TRUE
Dave Matthews Band,Dave Matthews Band Announces Summer 2024 Tour,https://news.pollstar.com/2024/01/23/dave-matthews-band-announces-summer-2024-tour/,2024-01-23,2024-05-22,2024-09-01,iTHINK Financial Amphitheatre,"West Palm Beach, FL",Amphitheater,LYV,,,TRUE
Dave Matthews Band,Dave Matthews Band Announces Summer 2024 Tour,https://news.pollstar.com/2024/01/23/dave-matthews-band-announces-summer-2024-tour/,2024-01-23,2024-05-22,2024-09-01,iTHINK Financial Amphitheatre,"West Palm Beach, FL",Amphitheater,LYV,,,TRUE
Dave Matthews Band,Dave Matthews Band Announces Summer 2024 Tour,https://news.pollstar.com/2024/01/23/dave-matthews-band-announces-summer-2024-tour/,2024-01-23,2024-05-22,2024-09-01,Daily’s Place Amphitheater,"Jacksonville, FL",Theater,FALSE,,,TRUE
Dave Matthews Band,Dave Matthews Band Announces Summer 2024 Tour,https://news.pollstar.com/2024/01/23/dave-matthews-band-announces-summer-2024-tour/,2024-01-23,2024-05-22,2024-09-01,Daily’s Place Amphitheater,"Jacksonville, FL",Theater,FALSE,,,TRUE
Dave Matthews Band,Dave Matthews Band Announces Summer 2024 Tour,https://news.pollstar.com/2024/01/23/dave-matthews-band-announces-summer-2024-tour/,2024-01-23,2024-05-22,2024-09-01,Cynthia Woods Mitchell Pavilion,"The Woodlands, TX",Amphitheater,LYV,,,TRUE
Dave Matthews Band,Dave Matthews Band Announces Summer 2024 Tour,https://news.pollstar.com/2024/01/23/dave-matthews-band-announces-summer-2024-tour/,2024-01-23,2024-05-22,2024-09-01,Dos Equis Pavilion,"Dallas, TX",Amphitheater,LYV,,,TRUE
Dave Matthews Band,Dave Matthews Band Announces Summer 2024 Tour,https://news.pollstar.com/2024/01/23/dave-matthews-band-announces-summer-2024-tour/,2024-01-23,2024-05-22,2024-09-01,Ameris Bank Amphitheatre,"Alpharetta, GA",Amphitheater,LYV,,,TRUE
Dave Matthews Band,Dave Matthews Band Announces Summer 2024 Tour,https://news.pollstar.com/2024/01/23/dave-matthews-band-announces-summer-2024-tour/,2024-01-23,2024-05-22,2024-09-01,Coastal Credit Union Music Park,"Raleigh, NC",Amphitheater,LYV,,,TRUE
Dave Matthews Band,Dave Matthews Band Announces Summer 2024 Tour,https://news.pollstar.com/2024/01/23/dave-matthews-band-announces-summer-2024-tour/,2024-01-23,2024-05-22,2024-09-01,Veterans United Home Loans Amphitheater,"Virginia Beach, VA",Amphitheater,LYV,,,TRUE
Dave Matthews Band,Dave Matthews Band Announces Summer 2024 Tour,https://news.pollstar.com/2024/01/23/dave-matthews-band-announces-summer-2024-tour/,2024-01-23,2024-05-22,2024-09-01,Alpine Valley Music Theatre,"East Troy, WI",Amphitheater,LYV,,,TRUE
Dave Matthews Band,Dave Matthews Band Announces Summer 2024 Tour,https://news.pollstar.com/2024/01/23/dave-matthews-band-announces-summer-2024-tour/,2024-01-23,2024-05-22,2024-09-01,Alpine Valley Music Theatre,"East Troy, WI",Amphitheater,LYV,,,TRUE
Dave Matthews Band,Dave Matthews Band Announces Summer 2024 Tour,https://news.pollstar.com/2024/01/23/dave-matthews-band-announces-summer-2024-tour/,2024-01-23,2024-05-22,2024-09-01,Blossom Music Center,"Cuyahoga Falls, OH",Amphitheater,LYV,,,TRUE
Dave Matthews Band,Dave Matthews Band Announces Summer 2024 Tour,https://news.pollstar.com/2024/01/23/dave-matthews-band-announces-summer-2024-tour/,2024-01-23,2024-05-22,2024-09-01,Pine Knob Music Theatre,"Clarkston, MI",Amphitheater,LYV,,,TRUE
Dave Matthews Band,Dave Matthews Band Announces Summer 2024 Tour,https://news.pollstar.com/2024/01/23/dave-matthews-band-announces-summer-2024-tour/,2024-01-23,2024-05-22,2024-09-01,Ruoff Music Center,"Noblesville, IN",Amphitheater,LYV,,,TRUE
Dave Matthews Band,Dave Matthews Band Announces Summer 2024 Tour,https://news.pollstar.com/2024/01/23/dave-matthews-band-announces-summer-2024-tour/,2024-01-23,2024-05-22,2024-09-01,Ruoff Music Center,"Noblesville, IN",Amphitheater,LYV,,,TRUE
Dave Matthews Band,Dave Matthews Band Announces Summer 2024 Tour,https://news.pollstar.com/2024/01/23/dave-matthews-band-announces-summer-2024-tour/,2024-01-23,2024-05-22,2024-09-01,Broadview Stage at SPAC,"Saratoga Springs, NY",Amphitheater,LYV,,,TRUE
Dave Matthews Band,Dave Matthews Band Announces Summer 2024 Tour,https://news.pollstar.com/2024/01/23/dave-matthews-band-announces-summer-2024-tour/,2024-01-23,2024-05-22,2024-09-01,Broadview Stage at SPAC,"Saratoga Springs, NY",Amphitheater,LYV,,,TRUE
Dave Matthews Band,Dave Matthews Band Announces Summer 2024 Tour,https://news.pollstar.com/2024/01/23/dave-matthews-band-announces-summer-2024-tour/,2024-01-23,2024-05-22,2024-09-01,Northwell Health at Jones Beach Theater,"Wantagh, NY",Theater,FALSE,,,TRUE
Dave Matthews Band,Dave Matthews Band Announces Summer 2024 Tour,https://news.pollstar.com/2024/01/23/dave-matthews-band-announces-summer-2024-tour/,2024-01-23,2024-05-22,2024-09-01,PNC Bank Arts Center,"Holmdel, NJ",Arena,LYV,,,TRUE
Dave Matthews Band,Dave Matthews Band Announces Summer 2024 Tour,https://news.pollstar.com/2024/01/23/dave-matthews-band-announces-summer-2024-tour/,2024-01-23,2024-05-22,2024-09-01,Xfinity Center,"Mansfield, MA",Arena,LYV,,,TRUE
Dave Matthews Band,Dave Matthews Band Announces Summer 2024 Tour,https://news.pollstar.com/2024/01/23/dave-matthews-band-announces-summer-2024-tour/,2024-01-23,2024-05-22,2024-09-01,Jiffy Lube Live,"Bristow, VA",Amphitheater,LYV,,,TRUE
Dave Matthews Band,Dave Matthews Band Announces Summer 2024 Tour,https://news.pollstar.com/2024/01/23/dave-matthews-band-announces-summer-2024-tour/,2024-01-23,2024-05-22,2024-09-01,BankNH Pavilion,"Gilford, NH",Amphitheater,LYV,,,TRUE
Dave Matthews Band,Dave Matthews Band Announces Summer 2024 Tour,https://news.pollstar.com/2024/01/23/dave-matthews-band-announces-summer-2024-tour/,2024-01-23,2024-05-22,2024-09-01,BankNH Pavilion,"Gilford, NH",Amphitheater,LYV,,,TRUE
Dave Matthews Band,Dave Matthews Band Announces Summer 2024 Tour,https://news.pollstar.com/2024/01/23/dave-matthews-band-announces-summer-2024-tour/,2024-01-23,2024-05-22,2024-09-01,Freedom Mortgage Pavilion,"Camden, NJ",Amphitheater,LYV,,,TRUE
Dave Matthews Band,Dave Matthews Band Announces Summer 2024 Tour,https://news.pollstar.com/2024/01/23/dave-matthews-band-announces-summer-2024-tour/,2024-01-23,2024-05-22,2024-09-01,Freedom Mortgage Pavilion,"Camden, NJ",Amphitheater,LYV,,,TRUE
Dave Matthews Band,Dave Matthews Band Announces Summer 2024 Tour,https://news.pollstar.com/2024/01/23/dave-matthews-band-announces-summer-2024-tour/,2024-01-23,2024-05-22,2024-09-01,Fiddler’s Green Amphitheatre,"Greenwood Village, CO",Amphitheater,LYV,,,TRUE
Dave Matthews Band,Dave Matthews Band Announces Summer 2024 Tour,https://news.pollstar.com/2024/01/23/dave-matthews-band-announces-summer-2024-tour/,2024-01-23,2024-05-22,2024-09-01,Fiddler’s Green Amphitheatre,"Greenwood Village, CO",Amphitheater,LYV,,,TRUE
Dave Matthews Band,Dave Matthews Band Announces Summer 2024 Tour,https://news.pollstar.com/2024/01/23/dave-matthews-band-announces-summer-2024-tour/,2024-01-23,2024-05-22,2024-09-01,Hayden Homes Amphitheater,"Bend, OR",Amphitheater,LYV,,,TRUE
Dave Matthews Band,Dave Matthews Band Announces Summer 2024 Tour,https://news.pollstar.com/2024/01/23/dave-matthews-band-announces-summer-2024-tour/,2024-01-23,2024-05-22,2024-09-01,The Gorge Amphitheatre,"George, WA",Amphitheater,LYV,,,TRUE
Dave Matthews Band,Dave Matthews Band Announces Summer 2024 Tour,https://news.pollstar.com/2024/01/23/dave-matthews-band-announces-summer-2024-tour/,2024-01-23,2024-05-22,2024-09-01,The Gorge Amphitheatre,"George, WA",Amphitheater,LYV,,,TRUE
Dave Matthews Band,Dave Matthews Band Announces Summer 2024 Tour,https://news.pollstar.com/2024/01/23/dave-matthews-band-announces-summer-2024-tour/,2024-01-23,2024-05-22,2024-09-01,The Gorge Amphitheatre,"George, WA",Amphitheater,LYV,,,TRUE
Pixies,Pixies & Modest Mouse Hit The Road Again With 23 New Dates,https://news.pollstar.com/2024/01/22/pixies-modest-mouse-hit-the-road-again-with-23-new-dates/,2024-01-22,2024-05-31,2024-06-30,Firefly Distillery,"Charleston, SC",Amphitheater,LYV,,,TRUE
Pixies,Pixies & Modest Mouse Hit The Road Again With 23 New Dates,https://news.pollstar.com/2024/01/22/pixies-modest-mouse-hit-the-road-again-with-23-new-dates/,2024-01-22,2024-05-31,2024-06-30,PNC Music Pavilion,"Charlotte, NC",Amphitheater,LYV,,,TRUE
Pixies,Pixies & Modest Mouse Hit The Road Again With 23 New Dates,https://news.pollstar.com/2024/01/22/pixies-modest-mouse-hit-the-road-again-with-23-new-dates/,2024-01-22,2024-05-31,2024-06-30,Ascend Amphitheater,"Nashville, TN",Amphitheater,LYV,,,TRUE
Pixies,Pixies & Modest Mouse Hit The Road Again With 23 New Dates,https://news.pollstar.com/2024/01/22/pixies-modest-mouse-hit-the-road-again-with-23-new-dates/,2024-01-22,2024-05-31,2024-06-30,Cadence Bank Amphitheatre at Chastain Park,"Atlanta, GA",Amphitheater,LYV,,,TRUE
Pixies,Pixies & Modest Mouse Hit The Road Again With 23 New Dates,https://news.pollstar.com/2024/01/22/pixies-modest-mouse-hit-the-road-again-with-23-new-dates/,2024-01-22,2024-05-31,2024-06-30,The Andrew J Brady Music Center,"Cincinnati, OH",Amphitheater,LYV,,,TRUE
Pixies,Pixies & Modest Mouse Hit The Road Again With 23 New Dates,https://news.pollstar.com/2024/01/22/pixies-modest-mouse-hit-the-road-again-with-23-new-dates/,2024-01-22,2024-05-31,2024-06-30,Stage AE,"Pittsburgh, PA",Amphitheater,LYV,,,TRUE
Pixies,Pixies & Modest Mouse Hit The Road Again With 23 New Dates,https://news.pollstar.com/2024/01/22/pixies-modest-mouse-hit-the-road-again-with-23-new-dates/,2024-01-22,2024-05-31,2024-06-30,Budweiser Stage,"Toronto, ON",Amphitheater,LYV,,,TRUE
Pixies,Pixies & Modest Mouse Hit The Road Again With 23 New Dates,https://news.pollstar.com/2024/01/22/pixies-modest-mouse-hit-the-road-again-with-23-new-dates/,2024-01-22,2024-05-31,2024-06-30,Place Bell,"Laval, QC",Arena,FALSE,,,TRUE
Pixies,Pixies & Modest Mouse Hit The Road Again With 23 New Dates,https://news.pollstar.com/2024/01/22/pixies-modest-mouse-hit-the-road-again-with-23-new-dates/,2024-01-22,2024-05-31,2024-06-30,Bank of New Hampshire Pavilion,"Gilford, NH",Amphitheater,LYV,,,TRUE
Pixies,Pixies & Modest Mouse Hit The Road Again With 23 New Dates,https://news.pollstar.com/2024/01/22/pixies-modest-mouse-hit-the-road-again-with-23-new-dates/,2024-01-22,2024-05-31,2024-06-30,TD Pavilion at The Mann,"Philadelphia, PA",Amphitheater,LYV,,,TRUE
Pixies,Pixies & Modest Mouse Hit The Road Again With 23 New Dates,https://news.pollstar.com/2024/01/22/pixies-modest-mouse-hit-the-road-again-with-23-new-dates/,2024-01-22,2024-05-31,2024-06-30,Merriweather Post Pavilion,"Columbia, MD",Amphitheater,LYV,,,TRUE
Pixies,Pixies & Modest Mouse Hit The Road Again With 23 New Dates,https://news.pollstar.com/2024/01/22/pixies-modest-mouse-hit-the-road-again-with-23-new-dates/,2024-01-22,2024-05-31,2024-06-30,Forest Hills Stadium,"Queens, NY",Stadium,FALSE,,,TRUE
Pixies,Pixies & Modest Mouse Hit The Road Again With 23 New Dates,https://news.pollstar.com/2024/01/22/pixies-modest-mouse-hit-the-road-again-with-23-new-dates/,2024-01-22,2024-05-31,2024-06-30,Xfinity Center,"Mansfield, MA",Arena,LYV,,,TRUE
Pixies,Pixies & Modest Mouse Hit The Road Again With 23 New Dates,https://news.pollstar.com/2024/01/22/pixies-modest-mouse-hit-the-road-again-with-23-new-dates/,2024-01-22,2024-05-31,2024-06-30,Michigan Lottery Amphitheatre at Freedom Hill,"Sterling Heights, MI",Amphitheater,LYV,,,TRUE
Pixies,Pixies & Modest Mouse Hit The Road Again With 23 New Dates,https://news.pollstar.com/2024/01/22/pixies-modest-mouse-hit-the-road-again-with-23-new-dates/,2024-01-22,2024-05-31,2024-06-30,Huntington Bank Pavilion at Northerly Island,"Chicago, IL",Amphitheater,LYV,,,TRUE
Pixies,Pixies & Modest Mouse Hit The Road Again With 23 New Dates,https://news.pollstar.com/2024/01/22/pixies-modest-mouse-hit-the-road-again-with-23-new-dates/,2024-01-22,2024-05-31,2024-06-30,Surly Brewing Company,"Minneapolis, MN",Club,FALSE,,,TRUE
Pixies,Pixies & Modest Mouse Hit The Road Again With 23 New Dates,https://news.pollstar.com/2024/01/22/pixies-modest-mouse-hit-the-road-again-with-23-new-dates/,2024-01-22,2024-05-31,2024-06-30,Breese Stevens Field,"Madison, WI",Stadium,FALSE,,,TRUE
Pixies,Pixies & Modest Mouse Hit The Road Again With 23 New Dates,https://news.pollstar.com/2024/01/22/pixies-modest-mouse-hit-the-road-again-with-23-new-dates/,2024-01-22,2024-05-31,2024-06-30,Vibrant Music Hall,"Waukee, IA",Theater,FALSE,,,TRUE
Pixies,Pixies & Modest Mouse Hit The Road Again With 23 New Dates,https://news.pollstar.com/2024/01/22/pixies-modest-mouse-hit-the-road-again-with-23-new-dates/,2024-01-22,2024-05-31,2024-06-30,Starlight Theatre,"Kansas City, MO",Theater,FALSE,,,TRUE
Pixies,Pixies & Modest Mouse Hit The Road Again With 23 New Dates,https://news.pollstar.com/2024/01/22/pixies-modest-mouse-hit-the-road-again-with-23-new-dates/,2024-01-22,2024-05-31,2024-06-30,Germania Insurance Amphitheater,"Austin, TX",Amphitheater,LYV,,,TRUE
Pixies,Pixies & Modest Mouse Hit The Road Again With 23 New Dates,https://news.pollstar.com/2024/01/22/pixies-modest-mouse-hit-the-road-again-with-23-new-dates/,2024-01-22,2024-05-31,2024-06-30,The Pavilion at Toyota Music Factory,"Irving, TX",Amphitheater,LYV,,,TRUE
Pixies,Pixies & Modest Mouse Hit The Road Again With 23 New Dates,https://news.pollstar.com/2024/01/22/pixies-modest-mouse-hit-the-road-again-with-23-new-dates/,2024-01-22,2024-05-31,2024-06-30,Walmart AMP,"Rogers, AR",Amphitheater,LYV,,,TRUE
Pixies,Pixies & Modest Mouse Hit The Road Again With 23 New Dates,https://news.pollstar.com/2024/01/22/pixies-modest-mouse-hit-the-road-again-with-23-new-dates/,2024-01-22,2024-05-31,2024-06-30,Fiddler’s Green,"Denver, CO",Amphitheater,LYV,,,TRUE
The Black Crowes,The Black Crowes Announce 35-Stop World Tour,https://news.pollstar.com/2024/01/22/the-black-crowes-announce-35-stop-world-tour/,2024-01-22,2024-04-02,2024-06-04,Grand Ole Opry House,"Nashville, TN",Theater,FALSE,,,TRUE
The Black Crowes,The Black Crowes Announce 35-Stop World Tour,https://news.pollstar.com/2024/01/22/the-black-crowes-announce-35-stop-world-tour/,2024-01-22,2024-04-02,2024-06-04,Fox Theatre,"Atlanta, GA",Theater,FALSE,,,TRUE
The Black Crowes,The Black Crowes Announce 35-Stop World Tour,https://news.pollstar.com/2024/01/22/the-black-crowes-announce-35-stop-world-tour/,2024-01-22,2024-04-02,2024-06-04,713 Music Hall,"Houston, TX",Theater,FALSE,,,TRUE
The Black Crowes,The Black Crowes Announce 35-Stop World Tour,https://news.pollstar.com/2024/01/22/the-black-crowes-announce-35-stop-world-tour/,2024-01-22,2024-04-02,2024-06-04,The Pavilion at Toyota Music Factory,"Irving, TX",Amphitheater,LYV,,,TRUE
The Black Crowes,The Black Crowes Announce 35-Stop World Tour,https://news.pollstar.com/2024/01/22/the-black-crowes-announce-35-stop-world-tour/,2024-01-22,2024-04-02,2024-06-04,Fillmore Auditorium,"Denver, CO",Theater,LYV,,,TRUE
The Black Crowes,The Black Crowes Announce 35-Stop World Tour,https://news.pollstar.com/2024/01/22/the-black-crowes-announce-35-stop-world-tour/,2024-01-22,2024-04-02,2024-06-04,Arizona Financial Theatre,"Phoenix, AZ",Theater,LYV,,,TRUE
The Black Crowes,The Black Crowes Announce 35-Stop World Tour,https://news.pollstar.com/2024/01/22/the-black-crowes-announce-35-stop-world-tour/,2024-01-22,2024-04-02,2024-06-04,Greek Theatre,"Los Angeles, CA",Amphitheater,FALSE,,,TRUE
The Black Crowes,The Black Crowes Announce 35-Stop World Tour,https://news.pollstar.com/2024/01/22/the-black-crowes-announce-35-stop-world-tour/,2024-01-22,2024-04-02,2024-06-04,Fox Theater,"Oakland, CA",Theater,FALSE,,,TRUE
The Black Crowes,The Black Crowes Announce 35-Stop World Tour,https://news.pollstar.com/2024/01/22/the-black-crowes-announce-35-stop-world-tour/,2024-01-22,2024-04-02,2024-06-04,McCaw Hall,"Seattle, WA",Other,FALSE,,,TRUE
The Black Crowes,The Black Crowes Announce 35-Stop World Tour,https://news.pollstar.com/2024/01/22/the-black-crowes-announce-35-stop-world-tour/,2024-01-22,2024-04-02,2024-06-04,Queen Elizabeth Theatre,"Vancouver, BC",Theater,FALSE,,,TRUE
The Black Crowes,The Black Crowes Announce 35-Stop World Tour,https://news.pollstar.com/2024/01/22/the-black-crowes-announce-35-stop-world-tour/,2024-01-22,2024-04-02,2024-06-04,Byline Bank Aragon Ballroom,"Chicago, IL",Club,LYV,,,TRUE
The Black Crowes,The Black Crowes Announce 35-Stop World Tour,https://news.pollstar.com/2024/01/22/the-black-crowes-announce-35-stop-world-tour/,2024-01-22,2024-04-02,2024-06-04,The Fillmore Detroit,"Detroit, MI",Club,LYV,,,TRUE
The Black Crowes,The Black Crowes Announce 35-Stop World Tour,https://news.pollstar.com/2024/01/22/the-black-crowes-announce-35-stop-world-tour/,2024-01-22,2024-04-02,2024-06-04,MTELUS,"Montreal, QC",Theater,LYV,,,TRUE
The Black Crowes,The Black Crowes Announce 35-Stop World Tour,https://news.pollstar.com/2024/01/22/the-black-crowes-announce-35-stop-world-tour/,2024-01-22,2024-04-02,2024-06-04,Massey Hall,"Toronto, ON",Theater,FALSE,,,TRUE
The Black Crowes,The Black Crowes Announce 35-Stop World Tour,https://news.pollstar.com/2024/01/22/the-black-crowes-announce-35-stop-world-tour/,2024-01-22,2024-04-02,2024-06-04,Radio City Music Hall,"New York, NY",Theater,FALSE,,,TRUE
The Black Crowes,The Black Crowes Announce 35-Stop World Tour,https://news.pollstar.com/2024/01/22/the-black-crowes-announce-35-stop-world-tour/,2024-01-22,2024-04-02,2024-06-04,MGM Music Hall at Fenway,"Boston, MA",Theater,LYV,,,TRUE
The Black Crowes,The Black Crowes Announce 35-Stop World Tour,https://news.pollstar.com/2024/01/22/the-black-crowes-announce-35-stop-world-tour/,2024-01-22,2024-04-02,2024-06-04,The Anthem,"Washington, DC",Club,FALSE,,,TRUE
The Black Crowes,The Black Crowes Announce 35-Stop World Tour,https://news.pollstar.com/2024/01/22/the-black-crowes-announce-35-stop-world-tour/,2024-01-22,2024-04-02,2024-06-04,Ovens Auditorium,"Charlotte, NC",Theater,FALSE,,,TRUE
The Black Crowes,The Black Crowes Announce 35-Stop World Tour,https://news.pollstar.com/2024/01/22/the-black-crowes-announce-35-stop-world-tour/,2024-01-22,2024-04-02,2024-06-04,The Wind Creek Event Center,"Bethlehem, PA",Arena,FALSE,,,TRUE
The Black Crowes,The Black Crowes Announce 35-Stop World Tour,https://news.pollstar.com/2024/01/22/the-black-crowes-announce-35-stop-world-tour/,2024-01-22,2024-04-02,2024-06-04,Ovation Hall at Ocean Casino Resort,"Atlantic City, NJ",Theater,FALSE,,,TRUE
The Black Crowes,The Black Crowes Announce 35-Stop World Tour,https://news.pollstar.com/2024/01/22/the-black-crowes-announce-35-stop-world-tour/,2024-01-22,2024-04-02,2024-06-04,The Met Philadelphia,"Philadelphia, PA",Theater,LYV,,,TRUE
The Black Crowes,The Black Crowes Announce 35-Stop World Tour,https://news.pollstar.com/2024/01/22/the-black-crowes-announce-35-stop-world-tour/,2024-01-22,2024-04-02,2024-06-04,O2 Apollo,"Manchester, UK",Theater,LYV,,,TRUE
The Black Crowes,The Black Crowes Announce 35-Stop World Tour,https://news.pollstar.com/2024/01/22/the-black-crowes-announce-35-stop-world-tour/,2024-01-22,2024-04-02,2024-06-04,Eventim Apollo,"London, UK",Theater,FALSE,,,TRUE
The Black Crowes,The Black Crowes Announce 35-Stop World Tour,https://news.pollstar.com/2024/01/22/the-black-crowes-announce-35-stop-world-tour/,2024-01-22,2024-04-02,2024-06-04,O2 City Hall,"Newcastle, UK",Theater,LYV,,,TRUE
The Black Crowes,The Black Crowes Announce 35-Stop World Tour,https://news.pollstar.com/2024/01/22/the-black-crowes-announce-35-stop-world-tour/,2024-01-22,2024-04-02,2024-06-04,The Civic at The Halls,"Wolverhampton, UK",Auditorium,FALSE,,,TRUE
The Black Crowes,The Black Crowes Announce 35-Stop World Tour,https://news.pollstar.com/2024/01/22/the-black-crowes-announce-35-stop-world-tour/,2024-01-22,2024-04-02,2024-06-04,Ancienne Belgique,"Brussels, BE",Theater,FALSE,,,TRUE
The Black Crowes,The Black Crowes Announce 35-Stop World Tour,https://news.pollstar.com/2024/01/22/the-black-crowes-announce-35-stop-world-tour/,2024-01-22,2024-04-02,2024-06-04,AFAS Live,"Amsterdam, NL",Club,LYV,,,TRUE
The Black Crowes,The Black Crowes Announce 35-Stop World Tour,https://news.pollstar.com/2024/01/22/the-black-crowes-announce-35-stop-world-tour/,2024-01-22,2024-04-02,2024-06-04,L’Olympia,"Paris, FR",Theater,FALSE,,,TRUE
The Black Crowes,The Black Crowes Announce 35-Stop World Tour,https://news.pollstar.com/2024/01/22/the-black-crowes-announce-35-stop-world-tour/,2024-01-22,2024-04-02,2024-06-04,Teatro Arcimboldi Milano,"Milan, IT",Auditorium,FALSE,,,TRUE
The Black Crowes,The Black Crowes Announce 35-Stop World Tour,https://news.pollstar.com/2024/01/22/the-black-crowes-announce-35-stop-world-tour/,2024-01-22,2024-04-02,2024-06-04,Alte Oper,"Frankfurt, DE",Auditorium,FALSE,,,TRUE
The Black Crowes,The Black Crowes Announce 35-Stop World Tour,https://news.pollstar.com/2024/01/22/the-black-crowes-announce-35-stop-world-tour/,2024-01-22,2024-04-02,2024-06-04,Liederhalle,"Stuttgart, DE",Auditorium,FALSE,,,TRUE
The Black Crowes,The Black Crowes Announce 35-Stop World Tour,https://news.pollstar.com/2024/01/22/the-black-crowes-announce-35-stop-world-tour/,2024-01-22,2024-04-02,2024-06-04,Verti Music Hall,"Berlin, DE",Other,FALSE,,,TRUE
The Black Crowes,The Black Crowes Announce 35-Stop World Tour,https://news.pollstar.com/2024/01/22/the-black-crowes-announce-35-stop-world-tour/,2024-01-22,2024-04-02,2024-06-04,Falkonersalen,"Copenhagen, DK",Theater,FALSE,,,TRUE
Janet Jackson Extending ‘Together Again Tour,"Janet Jackson Extending ‘Together Again Tour,’ Adding Nelly To New Dates",https://news.pollstar.com/2024/01/16/janet-jackson-extending-together-again-tour-adding-nelly-to-new-dates/,2024-01-16,2024-06-04,2024-07-30,Acrisure Arena,"Palm Desert, CA",Arena,FALSE,,,TRUE
Janet Jackson Extending ‘Together Again Tour,"Janet Jackson Extending ‘Together Again Tour,’ Adding Nelly To New Dates",https://news.pollstar.com/2024/01/16/janet-jackson-extending-together-again-tour-adding-nelly-to-new-dates/,2024-01-16,2024-06-04,2024-07-30,North Island Credit Union Amphitheatre,"Chula Vista, CA",Amphitheater,LYV,,,TRUE
Janet Jackson Extending ‘Together Again Tour,"Janet Jackson Extending ‘Together Again Tour,’ Adding Nelly To New Dates",https://news.pollstar.com/2024/01/16/janet-jackson-extending-together-again-tour-adding-nelly-to-new-dates/,2024-01-16,2024-06-04,2024-07-30,The Kia Forum,"Los Angeles, CA",Arena,FALSE,,,TRUE
Janet Jackson Extending ‘Together Again Tour,"Janet Jackson Extending ‘Together Again Tour,’ Adding Nelly To New Dates",https://news.pollstar.com/2024/01/16/janet-jackson-extending-together-again-tour-adding-nelly-to-new-dates/,2024-01-16,2024-06-04,2024-07-30,Honda Center,"Anaheim, CA",Arena,FALSE,,,TRUE
Janet Jackson Extending ‘Together Again Tour,"Janet Jackson Extending ‘Together Again Tour,’ Adding Nelly To New Dates",https://news.pollstar.com/2024/01/16/janet-jackson-extending-together-again-tour-adding-nelly-to-new-dates/,2024-01-16,2024-06-04,2024-07-30,Golden 1 Center,"Sacramento, CA",Arena,FALSE,,,TRUE
Janet Jackson Extending ‘Together Again Tour,"Janet Jackson Extending ‘Together Again Tour,’ Adding Nelly To New Dates",https://news.pollstar.com/2024/01/16/janet-jackson-extending-together-again-tour-adding-nelly-to-new-dates/,2024-01-16,2024-06-04,2024-07-30,Chase Center,"San Francisco, CA",Arena,FALSE,,,TRUE
Janet Jackson Extending ‘Together Again Tour,"Janet Jackson Extending ‘Together Again Tour,’ Adding Nelly To New Dates",https://news.pollstar.com/2024/01/16/janet-jackson-extending-together-again-tour-adding-nelly-to-new-dates/,2024-01-16,2024-06-04,2024-07-30,USANA Amphitheatre,"Salt Lake City, UT",Amphitheater,LYV,,,TRUE
Janet Jackson Extending ‘Together Again Tour,"Janet Jackson Extending ‘Together Again Tour,’ Adding Nelly To New Dates",https://news.pollstar.com/2024/01/16/janet-jackson-extending-together-again-tour-adding-nelly-to-new-dates/,2024-01-16,2024-06-04,2024-07-30,Ball Arena,"Denver, CO",Arena,FALSE,,,TRUE
Janet Jackson Extending ‘Together Again Tour,"Janet Jackson Extending ‘Together Again Tour,’ Adding Nelly To New Dates",https://news.pollstar.com/2024/01/16/janet-jackson-extending-together-again-tour-adding-nelly-to-new-dates/,2024-01-16,2024-06-04,2024-07-30,Xcel Energy Center,"Saint Paul, MN",Arena,FALSE,,,TRUE
Janet Jackson Extending ‘Together Again Tour,"Janet Jackson Extending ‘Together Again Tour,’ Adding Nelly To New Dates",https://news.pollstar.com/2024/01/16/janet-jackson-extending-together-again-tour-adding-nelly-to-new-dates/,2024-01-16,2024-06-04,2024-07-30,United Center,"Chicago, IL",Arena,FALSE,,,TRUE
Janet Jackson Extending ‘Together Again Tour,"Janet Jackson Extending ‘Together Again Tour,’ Adding Nelly To New Dates",https://news.pollstar.com/2024/01/16/janet-jackson-extending-together-again-tour-adding-nelly-to-new-dates/,2024-01-16,2024-06-04,2024-07-30,Hollywood Casino Amphitheatre,"St. Louis, MO",Amphitheater,LYV,,,TRUE
Janet Jackson Extending ‘Together Again Tour,"Janet Jackson Extending ‘Together Again Tour,’ Adding Nelly To New Dates",https://news.pollstar.com/2024/01/16/janet-jackson-extending-together-again-tour-adding-nelly-to-new-dates/,2024-01-16,2024-06-04,2024-07-30,Riverbend Music Center,"Cincinnati, OH",Amphitheater,LYV,,,TRUE
Janet Jackson Extending ‘Together Again Tour,"Janet Jackson Extending ‘Together Again Tour,’ Adding Nelly To New Dates",https://news.pollstar.com/2024/01/16/janet-jackson-extending-together-again-tour-adding-nelly-to-new-dates/,2024-01-16,2024-06-04,2024-07-30,Gainbridge Fieldhouse,"Indianapolis, IN",Arena,FALSE,,,TRUE
Janet Jackson Extending ‘Together Again Tour,"Janet Jackson Extending ‘Together Again Tour,’ Adding Nelly To New Dates",https://news.pollstar.com/2024/01/16/janet-jackson-extending-together-again-tour-adding-nelly-to-new-dates/,2024-01-16,2024-06-04,2024-07-30,Rocket Mortgage FieldHouse,"Cleveland, OH",Arena,FALSE,,,TRUE
Janet Jackson Extending ‘Together Again Tour,"Janet Jackson Extending ‘Together Again Tour,’ Adding Nelly To New Dates",https://news.pollstar.com/2024/01/16/janet-jackson-extending-together-again-tour-adding-nelly-to-new-dates/,2024-01-16,2024-06-04,2024-07-30,Wells Fargo Center,"Philadelphia, PA",Arena,FALSE,,,TRUE
Janet Jackson Extending ‘Together Again Tour,"Janet Jackson Extending ‘Together Again Tour,’ Adding Nelly To New Dates",https://news.pollstar.com/2024/01/16/janet-jackson-extending-together-again-tour-adding-nelly-to-new-dates/,2024-01-16,2024-06-04,2024-07-30,TD Garden,"Boston, MA",Arena,FALSE,,,TRUE
Janet Jackson Extending ‘Together Again Tour,"Janet Jackson Extending ‘Together Again Tour,’ Adding Nelly To New Dates",https://news.pollstar.com/2024/01/16/janet-jackson-extending-together-again-tour-adding-nelly-to-new-dates/,2024-01-16,2024-06-04,2024-07-30,The XFINITY Theatre,"Hartford, CT",Theater,LYV,,,TRUE
Janet Jackson Extending ‘Together Again Tour,"Janet Jackson Extending ‘Together Again Tour,’ Adding Nelly To New Dates",https://news.pollstar.com/2024/01/16/janet-jackson-extending-together-again-tour-adding-nelly-to-new-dates/,2024-01-16,2024-06-04,2024-07-30,Pine Knob Music Theatre,"Detroit, MI",Amphitheater,LYV,,,TRUE
Janet Jackson Extending ‘Together Again Tour,"Janet Jackson Extending ‘Together Again Tour,’ Adding Nelly To New Dates",https://news.pollstar.com/2024/01/16/janet-jackson-extending-together-again-tour-adding-nelly-to-new-dates/,2024-01-16,2024-06-04,2024-07-30,Scotiabank Arena,"Toronto, ON",Arena,FALSE,,,TRUE
Janet Jackson Extending ‘Together Again Tour,"Janet Jackson Extending ‘Together Again Tour,’ Adding Nelly To New Dates",https://news.pollstar.com/2024/01/16/janet-jackson-extending-together-again-tour-adding-nelly-to-new-dates/,2024-01-16,2024-06-04,2024-07-30,Darien Lake Amphitheater,"Buffalo, NY",Amphitheater,LYV,,,TRUE
Janet Jackson Extending ‘Together Again Tour,"Janet Jackson Extending ‘Together Again Tour,’ Adding Nelly To New Dates",https://news.pollstar.com/2024/01/16/janet-jackson-extending-together-again-tour-adding-nelly-to-new-dates/,2024-01-16,2024-06-04,2024-07-30,Hersheypark Stadium,"Hershey, PA",Stadium,FALSE,,,TRUE
Janet Jackson Extending ‘Together Again Tour,"Janet Jackson Extending ‘Together Again Tour,’ Adding Nelly To New Dates",https://news.pollstar.com/2024/01/16/janet-jackson-extending-together-again-tour-adding-nelly-to-new-dates/,2024-01-16,2024-06-04,2024-07-30,Prudential Center,"Newark, NJ",Arena,FALSE,,,TRUE
Janet Jackson Extending ‘Together Again Tour,"Janet Jackson Extending ‘Together Again Tour,’ Adding Nelly To New Dates",https://news.pollstar.com/2024/01/16/janet-jackson-extending-together-again-tour-adding-nelly-to-new-dates/,2024-01-16,2024-06-04,2024-07-30,Barclays Center,"Brooklyn, NY",Arena,FALSE,,,TRUE
Janet Jackson Extending ‘Together Again Tour,"Janet Jackson Extending ‘Together Again Tour,’ Adding Nelly To New Dates",https://news.pollstar.com/2024/01/16/janet-jackson-extending-together-again-tour-adding-nelly-to-new-dates/,2024-01-16,2024-06-04,2024-07-30,Capital One Arena,"Washington, DC",Arena,FALSE,,,TRUE
Janet Jackson Extending ‘Together Again Tour,"Janet Jackson Extending ‘Together Again Tour,’ Adding Nelly To New Dates",https://news.pollstar.com/2024/01/16/janet-jackson-extending-together-again-tour-adding-nelly-to-new-dates/,2024-01-16,2024-06-04,2024-07-30,CFG Bank Arena,"Baltimore, MD",Arena,FALSE,,,TRUE
Janet Jackson Extending ‘Together Again Tour,"Janet Jackson Extending ‘Together Again Tour,’ Adding Nelly To New Dates",https://news.pollstar.com/2024/01/16/janet-jackson-extending-together-again-tour-adding-nelly-to-new-dates/,2024-01-16,2024-06-04,2024-07-30,PNC Music Pavilion,"Charlotte, NC",Amphitheater,LYV,,,TRUE
Janet Jackson Extending ‘Together Again Tour,"Janet Jackson Extending ‘Together Again Tour,’ Adding Nelly To New Dates",https://news.pollstar.com/2024/01/16/janet-jackson-extending-together-again-tour-adding-nelly-to-new-dates/,2024-01-16,2024-06-04,2024-07-30,MIDFLORIDA Credit Union Amphitheatre,"Tampa, FL",Amphitheater,LYV,,,TRUE
Janet Jackson Extending ‘Together Again Tour,"Janet Jackson Extending ‘Together Again Tour,’ Adding Nelly To New Dates",https://news.pollstar.com/2024/01/16/janet-jackson-extending-together-again-tour-adding-nelly-to-new-dates/,2024-01-16,2024-06-04,2024-07-30,iThink Financial Amphitheatre,"West Palm Beach, FL",Amphitheater,LYV,,,TRUE
Janet Jackson Extending ‘Together Again Tour,"Janet Jackson Extending ‘Together Again Tour,’ Adding Nelly To New Dates",https://news.pollstar.com/2024/01/16/janet-jackson-extending-together-again-tour-adding-nelly-to-new-dates/,2024-01-16,2024-06-04,2024-07-30,Kia Center,"Orlando, FL",Arena,FALSE,,,TRUE
Janet Jackson Extending ‘Together Again Tour,"Janet Jackson Extending ‘Together Again Tour,’ Adding Nelly To New Dates",https://news.pollstar.com/2024/01/16/janet-jackson-extending-together-again-tour-adding-nelly-to-new-dates/,2024-01-16,2024-06-04,2024-07-30,State Farm Arena,"Atlanta, GA",Arena,FALSE,,,TRUE
Janet Jackson Extending ‘Together Again Tour,"Janet Jackson Extending ‘Together Again Tour,’ Adding Nelly To New Dates",https://news.pollstar.com/2024/01/16/janet-jackson-extending-together-again-tour-adding-nelly-to-new-dates/,2024-01-16,2024-06-04,2024-07-30,Smoothie King Center,"New Orleans, LA",Arena,FALSE,,,TRUE
Janet Jackson Extending ‘Together Again Tour,"Janet Jackson Extending ‘Together Again Tour,’ Adding Nelly To New Dates",https://news.pollstar.com/2024/01/16/janet-jackson-extending-together-again-tour-adding-nelly-to-new-dates/,2024-01-16,2024-06-04,2024-07-30,Dickies Arena,"Fort Worth, TX",Arena,FALSE,,,TRUE
Janet Jackson Extending ‘Together Again Tour,"Janet Jackson Extending ‘Together Again Tour,’ Adding Nelly To New Dates",https://news.pollstar.com/2024/01/16/janet-jackson-extending-together-again-tour-adding-nelly-to-new-dates/,2024-01-16,2024-06-04,2024-07-30,Paycom Center,"Oklahoma City, OK",Arena,FALSE,,,TRUE
Janet Jackson Extending ‘Together Again Tour,"Janet Jackson Extending ‘Together Again Tour,’ Adding Nelly To New Dates",https://news.pollstar.com/2024/01/16/janet-jackson-extending-together-again-tour-adding-nelly-to-new-dates/,2024-01-16,2024-06-04,2024-07-30,Moody Center,"Austin, TX",Arena,FALSE,,,TRUE
Janet Jackson Extending ‘Together Again Tour,"Janet Jackson Extending ‘Together Again Tour,’ Adding Nelly To New Dates",https://news.pollstar.com/2024/01/16/janet-jackson-extending-together-again-tour-adding-nelly-to-new-dates/,2024-01-16,2024-06-04,2024-07-30,Footprint Center,"Phoenix, AZ",Arena,FALSE,,,TRUE
Sum 41 Saying Farewell With Global Trek,"Sum 41 Saying Farewell With Global Trek, ‘Tour Of The Setting Sum’",https://news.pollstar.com/2024/01/16/sum-41-saying-farewell-with-global-trek-tour-of-the-setting-sum/,2024-01-16,2025-03-01,2026-01-30,Uptown Park,"Jakarta, Indonesia",Other,FALSE,,,TRUE
Sum 41 Saying Farewell With Global Trek,"Sum 41 Saying Farewell With Global Trek, ‘Tour Of The Setting Sum’",https://news.pollstar.com/2024/01/16/sum-41-saying-farewell-with-global-trek-tour-of-the-setting-sum/,2024-01-16,2025-03-01,2026-01-30,Kridosono Stadium,"Yogyakarta, Indonesia",Stadium,FALSE,,,TRUE
Sum 41 Saying Farewell With Global Trek,"Sum 41 Saying Farewell With Global Trek, ‘Tour Of The Setting Sum’",https://news.pollstar.com/2024/01/16/sum-41-saying-farewell-with-global-trek-tour-of-the-setting-sum/,2024-01-16,2025-03-01,2026-01-30,Star Theatre,"Singapore, Singapore",Auditorium,FALSE,,,TRUE
Sum 41 Saying Farewell With Global Trek,"Sum 41 Saying Farewell With Global Trek, ‘Tour Of The Setting Sum’",https://news.pollstar.com/2024/01/16/sum-41-saying-farewell-with-global-trek-tour-of-the-setting-sum/,2024-01-16,2025-03-01,2026-01-30,Megastar Arena,"Kuala Lumpur, Malaysia",Arena,FALSE,,,TRUE
Sum 41 Saying Farewell With Global Trek,"Sum 41 Saying Farewell With Global Trek, ‘Tour Of The Setting Sum’",https://news.pollstar.com/2024/01/16/sum-41-saying-farewell-with-global-trek-tour-of-the-setting-sum/,2024-01-16,2025-03-01,2026-01-30,Zepp,"Sapporo, Japan",Other,FALSE,,,TRUE
Sum 41 Saying Farewell With Global Trek,"Sum 41 Saying Farewell With Global Trek, ‘Tour Of The Setting Sum’",https://news.pollstar.com/2024/01/16/sum-41-saying-farewell-with-global-trek-tour-of-the-setting-sum/,2024-01-16,2025-03-01,2026-01-30,Punkspring,"Tokyo, Japan",Other,FALSE,,,TRUE
Sum 41 Saying Farewell With Global Trek,"Sum 41 Saying Farewell With Global Trek, ‘Tour Of The Setting Sum’",https://news.pollstar.com/2024/01/16/sum-41-saying-farewell-with-global-trek-tour-of-the-setting-sum/,2024-01-16,2025-03-01,2026-01-30,Zepp,"Yokohama, Japan",Other,FALSE,,,TRUE
Sum 41 Saying Farewell With Global Trek,"Sum 41 Saying Farewell With Global Trek, ‘Tour Of The Setting Sum’",https://news.pollstar.com/2024/01/16/sum-41-saying-farewell-with-global-trek-tour-of-the-setting-sum/,2024-01-16,2025-03-01,2026-01-30,Zepp,"Nagoya, Japan",Other,FALSE,,,TRUE
Sum 41 Saying Farewell With Global Trek,"Sum 41 Saying Farewell With Global Trek, ‘Tour Of The Setting Sum’",https://news.pollstar.com/2024/01/16/sum-41-saying-farewell-with-global-trek-tour-of-the-setting-sum/,2024-01-16,2025-03-01,2026-01-30,Blue Lives,"Hiroshima, Japan",Other,FALSE,,,TRUE
Sum 41 Saying Farewell With Global Trek,"Sum 41 Saying Farewell With Global Trek, ‘Tour Of The Setting Sum’",https://news.pollstar.com/2024/01/16/sum-41-saying-farewell-with-global-trek-tour-of-the-setting-sum/,2024-01-16,2025-03-01,2026-01-30,Zepp,"Fukuoka, Japan",Other,FALSE,,,TRUE
Sum 41 Saying Farewell With Global Trek,"Sum 41 Saying Farewell With Global Trek, ‘Tour Of The Setting Sum’",https://news.pollstar.com/2024/01/16/sum-41-saying-farewell-with-global-trek-tour-of-the-setting-sum/,2024-01-16,2025-03-01,2026-01-30,Punkspring,"Osaka, Japan",Other,FALSE,,,TRUE
Sum 41 Saying Farewell With Global Trek,"Sum 41 Saying Farewell With Global Trek, ‘Tour Of The Setting Sum’",https://news.pollstar.com/2024/01/16/sum-41-saying-farewell-with-global-trek-tour-of-the-setting-sum/,2024-01-16,2025-03-01,2026-01-30,Pa’l Norte,"Monterrey, Mexico",Other,FALSE,,,TRUE
Sum 41 Saying Farewell With Global Trek,"Sum 41 Saying Farewell With Global Trek, ‘Tour Of The Setting Sum’",https://news.pollstar.com/2024/01/16/sum-41-saying-farewell-with-global-trek-tour-of-the-setting-sum/,2024-01-16,2025-03-01,2026-01-30,The Astro,"Omaha, NE",Theater,FALSE,,,TRUE
Sum 41 Saying Farewell With Global Trek,"Sum 41 Saying Farewell With Global Trek, ‘Tour Of The Setting Sum’",https://news.pollstar.com/2024/01/16/sum-41-saying-farewell-with-global-trek-tour-of-the-setting-sum/,2024-01-16,2025-03-01,2026-01-30,Wave,"Wichita, KS",Other,FALSE,,,TRUE
Sum 41 Saying Farewell With Global Trek,"Sum 41 Saying Farewell With Global Trek, ‘Tour Of The Setting Sum’",https://news.pollstar.com/2024/01/16/sum-41-saying-farewell-with-global-trek-tour-of-the-setting-sum/,2024-01-16,2025-03-01,2026-01-30,Uptown Theater,"Kansas City, MO",Theater,FALSE,,,TRUE
Sum 41 Saying Farewell With Global Trek,"Sum 41 Saying Farewell With Global Trek, ‘Tour Of The Setting Sum’",https://news.pollstar.com/2024/01/16/sum-41-saying-farewell-with-global-trek-tour-of-the-setting-sum/,2024-01-16,2025-03-01,2026-01-30,The Armory,"Minneapolis, MN",Theater,FALSE,,,TRUE
Sum 41 Saying Farewell With Global Trek,"Sum 41 Saying Farewell With Global Trek, ‘Tour Of The Setting Sum’",https://news.pollstar.com/2024/01/16/sum-41-saying-farewell-with-global-trek-tour-of-the-setting-sum/,2024-01-16,2025-03-01,2026-01-30,The Factory,"St. Louis, MO",Club,FALSE,,,TRUE
Sum 41 Saying Farewell With Global Trek,"Sum 41 Saying Farewell With Global Trek, ‘Tour Of The Setting Sum’",https://news.pollstar.com/2024/01/16/sum-41-saying-farewell-with-global-trek-tour-of-the-setting-sum/,2024-01-16,2025-03-01,2026-01-30,GLC Live at 20 Monroe,"Grand Rapids, MI",Theater,FALSE,,,TRUE
Sum 41 Saying Farewell With Global Trek,"Sum 41 Saying Farewell With Global Trek, ‘Tour Of The Setting Sum’",https://news.pollstar.com/2024/01/16/sum-41-saying-farewell-with-global-trek-tour-of-the-setting-sum/,2024-01-16,2025-03-01,2026-01-30,Rave,"Milwaukee, WI",Theater,FALSE,,,TRUE
Sum 41 Saying Farewell With Global Trek,"Sum 41 Saying Farewell With Global Trek, ‘Tour Of The Setting Sum’",https://news.pollstar.com/2024/01/16/sum-41-saying-farewell-with-global-trek-tour-of-the-setting-sum/,2024-01-16,2025-03-01,2026-01-30,Pier 6,"Baltimore, MD",Other,FALSE,,,TRUE
Sum 41 Saying Farewell With Global Trek,"Sum 41 Saying Farewell With Global Trek, ‘Tour Of The Setting Sum’",https://news.pollstar.com/2024/01/16/sum-41-saying-farewell-with-global-trek-tour-of-the-setting-sum/,2024-01-16,2025-03-01,2026-01-30,MGM Music Hall at Fenway,"Boston, MA",Theater,LYV,,,TRUE
Sum 41 Saying Farewell With Global Trek,"Sum 41 Saying Farewell With Global Trek, ‘Tour Of The Setting Sum’",https://news.pollstar.com/2024/01/16/sum-41-saying-farewell-with-global-trek-tour-of-the-setting-sum/,2024-01-16,2025-03-01,2026-01-30,Cross Insurance Arena,"Portland, ME",Arena,FALSE,,,TRUE
Sum 41 Saying Farewell With Global Trek,"Sum 41 Saying Farewell With Global Trek, ‘Tour Of The Setting Sum’",https://news.pollstar.com/2024/01/16/sum-41-saying-farewell-with-global-trek-tour-of-the-setting-sum/,2024-01-16,2025-03-01,2026-01-30,Stone Pony Summer Stage,"Asbury Park, NJ",Amphitheater,LYV,,,TRUE
Sum 41 Saying Farewell With Global Trek,"Sum 41 Saying Farewell With Global Trek, ‘Tour Of The Setting Sum’",https://news.pollstar.com/2024/01/16/sum-41-saying-farewell-with-global-trek-tour-of-the-setting-sum/,2024-01-16,2025-03-01,2026-01-30,Brooklyn Paramount,"New York, NY",Theater,LYV,,,TRUE
Sum 41 Saying Farewell With Global Trek,"Sum 41 Saying Farewell With Global Trek, ‘Tour Of The Setting Sum’",https://news.pollstar.com/2024/01/16/sum-41-saying-farewell-with-global-trek-tour-of-the-setting-sum/,2024-01-16,2025-03-01,2026-01-30,Santander Arena,"Reading, PA",Arena,FALSE,,,TRUE
Sum 41 Saying Farewell With Global Trek,"Sum 41 Saying Farewell With Global Trek, ‘Tour Of The Setting Sum’",https://news.pollstar.com/2024/01/16/sum-41-saying-farewell-with-global-trek-tour-of-the-setting-sum/,2024-01-16,2025-03-01,2026-01-30,The Red Hat Amphitheater,"Raleigh, NC",Amphitheater,LYV,,,TRUE
Sum 41 Saying Farewell With Global Trek,"Sum 41 Saying Farewell With Global Trek, ‘Tour Of The Setting Sum’",https://news.pollstar.com/2024/01/16/sum-41-saying-farewell-with-global-trek-tour-of-the-setting-sum/,2024-01-16,2025-03-01,2026-01-30,Coca-Cola Roxy,"Atlanta, GA",Club,LYV,,,TRUE
Sum 41 Saying Farewell With Global Trek,"Sum 41 Saying Farewell With Global Trek, ‘Tour Of The Setting Sum’",https://news.pollstar.com/2024/01/16/sum-41-saying-farewell-with-global-trek-tour-of-the-setting-sum/,2024-01-16,2025-03-01,2026-01-30,Welcome To Rockville,"Daytona Beach, FL",Amphitheater,LYV,,,TRUE
Sum 41 Saying Farewell With Global Trek,"Sum 41 Saying Farewell With Global Trek, ‘Tour Of The Setting Sum’",https://news.pollstar.com/2024/01/16/sum-41-saying-farewell-with-global-trek-tour-of-the-setting-sum/,2024-01-16,2025-03-01,2026-01-30,Ryman Auditorium,"Nashville, TN",Theater,FALSE,,,TRUE
Sum 41 Saying Farewell With Global Trek,"Sum 41 Saying Farewell With Global Trek, ‘Tour Of The Setting Sum’",https://news.pollstar.com/2024/01/16/sum-41-saying-farewell-with-global-trek-tour-of-the-setting-sum/,2024-01-16,2025-03-01,2026-01-30,Skyla Credit Union Amphitheatre,"Charlotte, NC",Amphitheater,LYV,,,TRUE
Sum 41 Saying Farewell With Global Trek,"Sum 41 Saying Farewell With Global Trek, ‘Tour Of The Setting Sum’",https://news.pollstar.com/2024/01/16/sum-41-saying-farewell-with-global-trek-tour-of-the-setting-sum/,2024-01-16,2025-03-01,2026-01-30,Sonic Temple,"Columbus, OH",Amphitheater,LYV,,,TRUE
Sum 41 Saying Farewell With Global Trek,"Sum 41 Saying Farewell With Global Trek, ‘Tour Of The Setting Sum’",https://news.pollstar.com/2024/01/16/sum-41-saying-farewell-with-global-trek-tour-of-the-setting-sum/,2024-01-16,2025-03-01,2026-01-30,Skyline Stage at The Mann,"Philadelphia, PA",Amphitheater,LYV,,,TRUE
Sum 41 Saying Farewell With Global Trek,"Sum 41 Saying Farewell With Global Trek, ‘Tour Of The Setting Sum’",https://news.pollstar.com/2024/01/16/sum-41-saying-farewell-with-global-trek-tour-of-the-setting-sum/,2024-01-16,2025-03-01,2026-01-30,Chartway Arena,"Norfolk, VA",Arena,FALSE,,,TRUE
Sum 41 Saying Farewell With Global Trek,"Sum 41 Saying Farewell With Global Trek, ‘Tour Of The Setting Sum’",https://news.pollstar.com/2024/01/16/sum-41-saying-farewell-with-global-trek-tour-of-the-setting-sum/,2024-01-16,2025-03-01,2026-01-30,Rock For People,"Hradec, Czechia",Amphitheater,LYV,,,TRUE
Sum 41 Saying Farewell With Global Trek,"Sum 41 Saying Farewell With Global Trek, ‘Tour Of The Setting Sum’",https://news.pollstar.com/2024/01/16/sum-41-saying-farewell-with-global-trek-tour-of-the-setting-sum/,2024-01-16,2025-03-01,2026-01-30,Nova Rock,"Nickelsdorf, Austria",Amphitheater,LYV,,,TRUE
Sum 41 Saying Farewell With Global Trek,"Sum 41 Saying Farewell With Global Trek, ‘Tour Of The Setting Sum’",https://news.pollstar.com/2024/01/16/sum-41-saying-farewell-with-global-trek-tour-of-the-setting-sum/,2024-01-16,2025-03-01,2026-01-30,Download Festival,"Derby, United Kingdom",Amphitheater,LYV,,,TRUE
Sum 41 Saying Farewell With Global Trek,"Sum 41 Saying Farewell With Global Trek, ‘Tour Of The Setting Sum’",https://news.pollstar.com/2024/01/16/sum-41-saying-farewell-with-global-trek-tour-of-the-setting-sum/,2024-01-16,2025-03-01,2026-01-30,Fairview Park,"Dublin, Ireland",Other,FALSE,,,TRUE
Sum 41 Saying Farewell With Global Trek,"Sum 41 Saying Farewell With Global Trek, ‘Tour Of The Setting Sum’",https://news.pollstar.com/2024/01/16/sum-41-saying-farewell-with-global-trek-tour-of-the-setting-sum/,2024-01-16,2025-03-01,2026-01-30,Southside Festival,"Neuhausen ob Eck, Germany",Other,FALSE,,,TRUE
Sum 41 Saying Farewell With Global Trek,"Sum 41 Saying Farewell With Global Trek, ‘Tour Of The Setting Sum’",https://news.pollstar.com/2024/01/16/sum-41-saying-farewell-with-global-trek-tour-of-the-setting-sum/,2024-01-16,2025-03-01,2026-01-30,Slamdunk,"Lyon, France",Other,FALSE,,,TRUE
Sum 41 Saying Farewell With Global Trek,"Sum 41 Saying Farewell With Global Trek, ‘Tour Of The Setting Sum’",https://news.pollstar.com/2024/01/16/sum-41-saying-farewell-with-global-trek-tour-of-the-setting-sum/,2024-01-16,2025-03-01,2026-01-30,Hurricane Festival,"Schneesel, Germany",Other,FALSE,,,TRUE
Sum 41 Saying Farewell With Global Trek,"Sum 41 Saying Farewell With Global Trek, ‘Tour Of The Setting Sum’",https://news.pollstar.com/2024/01/16/sum-41-saying-farewell-with-global-trek-tour-of-the-setting-sum/,2024-01-16,2025-03-01,2026-01-30,Resurection,"Viviero, Spain",Other,FALSE,,,TRUE
Sum 41 Saying Farewell With Global Trek,"Sum 41 Saying Farewell With Global Trek, ‘Tour Of The Setting Sum’",https://news.pollstar.com/2024/01/16/sum-41-saying-farewell-with-global-trek-tour-of-the-setting-sum/,2024-01-16,2025-03-01,2026-01-30,Jera on Air,"Ysselsteyn, Netherlands",Other,FALSE,,,TRUE
Sum 41 Saying Farewell With Global Trek,"Sum 41 Saying Farewell With Global Trek, ‘Tour Of The Setting Sum’",https://news.pollstar.com/2024/01/16/sum-41-saying-farewell-with-global-trek-tour-of-the-setting-sum/,2024-01-16,2025-03-01,2026-01-30,Mission Ready,"GeiselWind, Germany",Other,FALSE,,,TRUE
Sum 41 Saying Farewell With Global Trek,"Sum 41 Saying Farewell With Global Trek, ‘Tour Of The Setting Sum’",https://news.pollstar.com/2024/01/16/sum-41-saying-farewell-with-global-trek-tour-of-the-setting-sum/,2024-01-16,2025-03-01,2026-01-30,Garorock,"Marmande, France",Other,FALSE,,,TRUE
Sum 41 Saying Farewell With Global Trek,"Sum 41 Saying Farewell With Global Trek, ‘Tour Of The Setting Sum’",https://news.pollstar.com/2024/01/16/sum-41-saying-farewell-with-global-trek-tour-of-the-setting-sum/,2024-01-16,2025-03-01,2026-01-30,La Nuit de ;’Erdre,"Nantes, France",Other,FALSE,,,TRUE
Sum 41 Saying Farewell With Global Trek,"Sum 41 Saying Farewell With Global Trek, ‘Tour Of The Setting Sum’",https://news.pollstar.com/2024/01/16/sum-41-saying-farewell-with-global-trek-tour-of-the-setting-sum/,2024-01-16,2025-03-01,2026-01-30,Rock Werchter,"Werchter, Belgium",Amphitheater,LYV,,,TRUE
Sum 41 Saying Farewell With Global Trek,"Sum 41 Saying Farewell With Global Trek, ‘Tour Of The Setting Sum’",https://news.pollstar.com/2024/01/16/sum-41-saying-farewell-with-global-trek-tour-of-the-setting-sum/,2024-01-16,2025-03-01,2026-01-30,Les Eurockéennes,"Belfort, France",Other,FALSE,,,TRUE
Sum 41 Saying Farewell With Global Trek,"Sum 41 Saying Farewell With Global Trek, ‘Tour Of The Setting Sum’",https://news.pollstar.com/2024/01/16/sum-41-saying-farewell-with-global-trek-tour-of-the-setting-sum/,2024-01-16,2025-03-01,2026-01-30,Ruhrpott Rodeo,"Hunxe, Germany",Other,FALSE,,,TRUE
Sum 41 Saying Farewell With Global Trek,"Sum 41 Saying Farewell With Global Trek, ‘Tour Of The Setting Sum’",https://news.pollstar.com/2024/01/16/sum-41-saying-farewell-with-global-trek-tour-of-the-setting-sum/,2024-01-16,2025-03-01,2026-01-30,I-Days,"Milan, Italy",Amphitheater,FALSE,,,TRUE
Sum 41 Saying Farewell With Global Trek,"Sum 41 Saying Farewell With Global Trek, ‘Tour Of The Setting Sum’",https://news.pollstar.com/2024/01/16/sum-41-saying-farewell-with-global-trek-tour-of-the-setting-sum/,2024-01-16,2025-03-01,2026-01-30,Les Deferlantes,"Argeles sur mar, France",Other,FALSE,,,TRUE
Sum 41 Saying Farewell With Global Trek,"Sum 41 Saying Farewell With Global Trek, ‘Tour Of The Setting Sum’",https://news.pollstar.com/2024/01/16/sum-41-saying-farewell-with-global-trek-tour-of-the-setting-sum/,2024-01-16,2025-03-01,2026-01-30,Madcool,"Madrid, Spain",Other,FALSE,,,TRUE
Sum 41 Saying Farewell With Global Trek,"Sum 41 Saying Farewell With Global Trek, ‘Tour Of The Setting Sum’",https://news.pollstar.com/2024/01/16/sum-41-saying-farewell-with-global-trek-tour-of-the-setting-sum/,2024-01-16,2025-03-01,2026-01-30,Nos Alive,"Lisbon, Portugal",Other,FALSE,,,TRUE
Sum 41 Saying Farewell With Global Trek,"Sum 41 Saying Farewell With Global Trek, ‘Tour Of The Setting Sum’",https://news.pollstar.com/2024/01/16/sum-41-saying-farewell-with-global-trek-tour-of-the-setting-sum/,2024-01-16,2025-03-01,2026-01-30,Parc Beausejour,"Rimouski, Quebec",Other,FALSE,,,TRUE
Sum 41 Saying Farewell With Global Trek,"Sum 41 Saying Farewell With Global Trek, ‘Tour Of The Setting Sum’",https://news.pollstar.com/2024/01/16/sum-41-saying-farewell-with-global-trek-tour-of-the-setting-sum/,2024-01-16,2025-03-01,2026-01-30,La Baie’s Harbor Village Agora,"Saguenay, Quebec",Other,FALSE,,,TRUE
Sum 41 Saying Farewell With Global Trek,"Sum 41 Saying Farewell With Global Trek, ‘Tour Of The Setting Sum’",https://news.pollstar.com/2024/01/16/sum-41-saying-farewell-with-global-trek-tour-of-the-setting-sum/,2024-01-16,2025-03-01,2026-01-30,Quebec City Old Port Agora,"Québec, Quebec",Other,FALSE,,,TRUE
Sum 41 Saying Farewell With Global Trek,"Sum 41 Saying Farewell With Global Trek, ‘Tour Of The Setting Sum’",https://news.pollstar.com/2024/01/16/sum-41-saying-farewell-with-global-trek-tour-of-the-setting-sum/,2024-01-16,2025-03-01,2026-01-30,Rock La Cauze,"Victoriaville, Quebec",Other,FALSE,,,TRUE
Sum 41 Saying Farewell With Global Trek,"Sum 41 Saying Farewell With Global Trek, ‘Tour Of The Setting Sum’",https://news.pollstar.com/2024/01/16/sum-41-saying-farewell-with-global-trek-tour-of-the-setting-sum/,2024-01-16,2025-03-01,2026-01-30,Masonic Auditorium,"San Francisco, CA",Theater,LYV,,,TRUE
Sum 41 Saying Farewell With Global Trek,"Sum 41 Saying Farewell With Global Trek, ‘Tour Of The Setting Sum’",https://news.pollstar.com/2024/01/16/sum-41-saying-farewell-with-global-trek-tour-of-the-setting-sum/,2024-01-16,2025-03-01,2026-01-30,Alaska Airlines’ Theater Of The Clouds,"Portland, OR",Theater,FALSE,,,TRUE
Sum 41 Saying Farewell With Global Trek,"Sum 41 Saying Farewell With Global Trek, ‘Tour Of The Setting Sum’",https://news.pollstar.com/2024/01/16/sum-41-saying-farewell-with-global-trek-tour-of-the-setting-sum/,2024-01-16,2025-03-01,2026-01-30,Wamu Theater,"Seattle, WA",Theater,FALSE,,,TRUE
Sum 41 Saying Farewell With Global Trek,"Sum 41 Saying Farewell With Global Trek, ‘Tour Of The Setting Sum’",https://news.pollstar.com/2024/01/16/sum-41-saying-farewell-with-global-trek-tour-of-the-setting-sum/,2024-01-16,2025-03-01,2026-01-30,Revolution Concert House and Event Center,"Boise, ID",Arena,FALSE,,,TRUE
Sum 41 Saying Farewell With Global Trek,"Sum 41 Saying Farewell With Global Trek, ‘Tour Of The Setting Sum’",https://news.pollstar.com/2024/01/16/sum-41-saying-farewell-with-global-trek-tour-of-the-setting-sum/,2024-01-16,2025-03-01,2026-01-30,The Lot at The Complex,"Salt Lake City, UT",Club,FALSE,,,TRUE
Sum 41 Saying Farewell With Global Trek,"Sum 41 Saying Farewell With Global Trek, ‘Tour Of The Setting Sum’",https://news.pollstar.com/2024/01/16/sum-41-saying-farewell-with-global-trek-tour-of-the-setting-sum/,2024-01-16,2025-03-01,2026-01-30,Red Rocks Amphitheatre,"Denver, CO",Amphitheater,FALSE,,,TRUE
Sum 41 Saying Farewell With Global Trek,"Sum 41 Saying Farewell With Global Trek, ‘Tour Of The Setting Sum’",https://news.pollstar.com/2024/01/16/sum-41-saying-farewell-with-global-trek-tour-of-the-setting-sum/,2024-01-16,2025-03-01,2026-01-30,Vibrant Music Hall,"Des Moines, IA",Theater,FALSE,,,TRUE
Sum 41 Saying Farewell With Global Trek,"Sum 41 Saying Farewell With Global Trek, ‘Tour Of The Setting Sum’",https://news.pollstar.com/2024/01/16/sum-41-saying-farewell-with-global-trek-tour-of-the-setting-sum/,2024-01-16,2025-03-01,2026-01-30,Masonic Temple,"Detroit, MI",Theater,LYV,,,TRUE
Sum 41 Saying Farewell With Global Trek,"Sum 41 Saying Farewell With Global Trek, ‘Tour Of The Setting Sum’",https://news.pollstar.com/2024/01/16/sum-41-saying-farewell-with-global-trek-tour-of-the-setting-sum/,2024-01-16,2025-03-01,2026-01-30,Blossom Music Center,"Cuyahoga Falls, OH",Amphitheater,LYV,,,TRUE
Sum 41 Saying Farewell With Global Trek,"Sum 41 Saying Farewell With Global Trek, ‘Tour Of The Setting Sum’",https://news.pollstar.com/2024/01/16/sum-41-saying-farewell-with-global-trek-tour-of-the-setting-sum/,2024-01-16,2025-03-01,2026-01-30,UPMC Events Center,"Coraopolis, PA",Arena,FALSE,,,TRUE
Sum 41 Saying Farewell With Global Trek,"Sum 41 Saying Farewell With Global Trek, ‘Tour Of The Setting Sum’",https://news.pollstar.com/2024/01/16/sum-41-saying-farewell-with-global-trek-tour-of-the-setting-sum/,2024-01-16,2025-03-01,2026-01-30,The Fillmore Miami Beach,"Miami, FL",Club,LYV,,,TRUE
Sum 41 Saying Farewell With Global Trek,"Sum 41 Saying Farewell With Global Trek, ‘Tour Of The Setting Sum’",https://news.pollstar.com/2024/01/16/sum-41-saying-farewell-with-global-trek-tour-of-the-setting-sum/,2024-01-16,2025-03-01,2026-01-30,Orlando Amphitheater,"Orlando, FL",Theater,FALSE,,,TRUE
Sum 41 Saying Farewell With Global Trek,"Sum 41 Saying Farewell With Global Trek, ‘Tour Of The Setting Sum’",https://news.pollstar.com/2024/01/16/sum-41-saying-farewell-with-global-trek-tour-of-the-setting-sum/,2024-01-16,2025-03-01,2026-01-30,H-E-B Center at Cedar Park,"Austin, TX",Other,FALSE,,,TRUE
Sum 41 Saying Farewell With Global Trek,"Sum 41 Saying Farewell With Global Trek, ‘Tour Of The Setting Sum’",https://news.pollstar.com/2024/01/16/sum-41-saying-farewell-with-global-trek-tour-of-the-setting-sum/,2024-01-16,2025-03-01,2026-01-30,713 Music Hall,"Houston, TX",Theater,FALSE,,,TRUE
Sum 41 Saying Farewell With Global Trek,"Sum 41 Saying Farewell With Global Trek, ‘Tour Of The Setting Sum’",https://news.pollstar.com/2024/01/16/sum-41-saying-farewell-with-global-trek-tour-of-the-setting-sum/,2024-01-16,2025-03-01,2026-01-30,The Pavilion at Toyota Music Factory,"Irving, TX",Amphitheater,LYV,,,TRUE
Sum 41 Saying Farewell With Global Trek,"Sum 41 Saying Farewell With Global Trek, ‘Tour Of The Setting Sum’",https://news.pollstar.com/2024/01/16/sum-41-saying-farewell-with-global-trek-tour-of-the-setting-sum/,2024-01-16,2025-03-01,2026-01-30,Arizona Financial Theatre,"Phoenix, AZ",Theater,LYV,,,TRUE
Sum 41 Saying Farewell With Global Trek,"Sum 41 Saying Farewell With Global Trek, ‘Tour Of The Setting Sum’",https://news.pollstar.com/2024/01/16/sum-41-saying-farewell-with-global-trek-tour-of-the-setting-sum/,2024-01-16,2025-03-01,2026-01-30,YouTube Theater,"Los Angeles, CA",Theater,FALSE,,,TRUE
Sum 41 Saying Farewell With Global Trek,"Sum 41 Saying Farewell With Global Trek, ‘Tour Of The Setting Sum’",https://news.pollstar.com/2024/01/16/sum-41-saying-farewell-with-global-trek-tour-of-the-setting-sum/,2024-01-16,2025-03-01,2026-01-30,Bakkt Theater at Planet Hollywood Resort & Casino,"Las Vegas, NV",Theater,FALSE,,,TRUE
Sum 41 Saying Farewell With Global Trek,"Sum 41 Saying Farewell With Global Trek, ‘Tour Of The Setting Sum’",https://news.pollstar.com/2024/01/16/sum-41-saying-farewell-with-global-trek-tour-of-the-setting-sum/,2024-01-16,2025-03-01,2026-01-30,Paris La Défense Arena - SOLD OUT,"Nanterre, France",Arena,LYV,,,TRUE
Sum 41 Saying Farewell With Global Trek,"Sum 41 Saying Farewell With Global Trek, ‘Tour Of The Setting Sum’",https://news.pollstar.com/2024/01/16/sum-41-saying-farewell-with-global-trek-tour-of-the-setting-sum/,2024-01-16,2025-03-01,2026-01-30,Scotiabank Arena - FINAL SHOW,"Toronto, ON",Arena,FALSE,,,TRUE
