artist_name,headline,link,announcement_date,start_date,end_date,venue_name,venue_city,venue_type,venue_nation,last_tour_gross,last_tickets_sold,tour_announcement
Maná,"Maná, Iconic Mexican Rock Band, To Embark On N. American Arena Tour",https://news.pollstar.com/2025/03/10/iconic-mexican-rock-band-mana-embarking-on-north-american-arena-tour-this-year/,2025-03-10,2025-09-05,2026-04-04,Frost Bank Center,"San Antonio, TX",Arena,FALSE,,,TRUE
Maná,"Maná, Iconic Mexican Rock Band, To Embark On N. American Arena Tour",https://news.pollstar.com/2025/03/10/iconic-mexican-rock-band-mana-embarking-on-north-american-arena-tour-this-year/,2025-03-10,2025-09-05,2026-04-04,Frost Bank Center,"San Antonio, TX",Arena,FALSE,,,TRUE
Maná,"Maná, Iconic Mexican Rock Band, To Embark On N. American Arena Tour",https://news.pollstar.com/2025/03/10/iconic-mexican-rock-band-mana-embarking-on-north-american-arena-tour-this-year/,2025-03-10,2025-09-05,2026-04-04,Red Rocks Amphitheatre,"Morrison, CO",Amphitheater,FALSE,,,TRUE
Maná,"Maná, Iconic Mexican Rock Band, To Embark On N. American Arena Tour",https://news.pollstar.com/2025/03/10/iconic-mexican-rock-band-mana-embarking-on-north-american-arena-tour-this-year/,2025-03-10,2025-09-05,2026-04-04,Enterprise Center,"St. Louis, MO",Arena,FALSE,,,TRUE
Maná,"Maná, Iconic Mexican Rock Band, To Embark On N. American Arena Tour",https://news.pollstar.com/2025/03/10/iconic-mexican-rock-band-mana-embarking-on-north-american-arena-tour-this-year/,2025-03-10,2025-09-05,2026-04-04,Bridgestone Arena,"Nashville, TN",Arena,FALSE,,,TRUE
Maná,"Maná, Iconic Mexican Rock Band, To Embark On N. American Arena Tour",https://news.pollstar.com/2025/03/10/iconic-mexican-rock-band-mana-embarking-on-north-american-arena-tour-this-year/,2025-03-10,2025-09-05,2026-04-04,United Center,"Chicago, IL",Arena,FALSE,,,TRUE
Maná,"Maná, Iconic Mexican Rock Band, To Embark On N. American Arena Tour",https://news.pollstar.com/2025/03/10/iconic-mexican-rock-band-mana-embarking-on-north-american-arena-tour-this-year/,2025-03-10,2025-09-05,2026-04-04,United Center,"Chicago, IL",Arena,FALSE,,,TRUE
Maná,"Maná, Iconic Mexican Rock Band, To Embark On N. American Arena Tour",https://news.pollstar.com/2025/03/10/iconic-mexican-rock-band-mana-embarking-on-north-american-arena-tour-this-year/,2025-03-10,2025-09-05,2026-04-04,Bell Centre,"Montreal, QC",Arena,FALSE,,,TRUE
Maná,"Maná, Iconic Mexican Rock Band, To Embark On N. American Arena Tour",https://news.pollstar.com/2025/03/10/iconic-mexican-rock-band-mana-embarking-on-north-american-arena-tour-this-year/,2025-03-10,2025-09-05,2026-04-04,Scotiabank Arena,"Toronto, ON",Arena,FALSE,,,TRUE
Maná,"Maná, Iconic Mexican Rock Band, To Embark On N. American Arena Tour",https://news.pollstar.com/2025/03/10/iconic-mexican-rock-band-mana-embarking-on-north-american-arena-tour-this-year/,2025-03-10,2025-09-05,2026-04-04,TD Garden,"Boston, MA",Arena,FALSE,,,TRUE
Maná,"Maná, Iconic Mexican Rock Band, To Embark On N. American Arena Tour",https://news.pollstar.com/2025/03/10/iconic-mexican-rock-band-mana-embarking-on-north-american-arena-tour-this-year/,2025-03-10,2025-09-05,2026-04-04,CFG Bank Arena,"Baltimore, MD",Arena,FALSE,,,TRUE
Maná,"Maná, Iconic Mexican Rock Band, To Embark On N. American Arena Tour",https://news.pollstar.com/2025/03/10/iconic-mexican-rock-band-mana-embarking-on-north-american-arena-tour-this-year/,2025-03-10,2025-09-05,2026-04-04,American Airlines Center,"Dallas, TX",Arena,FALSE,,,TRUE
Maná,"Maná, Iconic Mexican Rock Band, To Embark On N. American Arena Tour",https://news.pollstar.com/2025/03/10/iconic-mexican-rock-band-mana-embarking-on-north-american-arena-tour-this-year/,2025-03-10,2025-09-05,2026-04-04,American Airlines Center,"Dallas, TX",Arena,FALSE,,,TRUE
Maná,"Maná, Iconic Mexican Rock Band, To Embark On N. American Arena Tour",https://news.pollstar.com/2025/03/10/iconic-mexican-rock-band-mana-embarking-on-north-american-arena-tour-this-year/,2025-03-10,2025-09-05,2026-04-04,PHX Arena,"Phoenix, AZ",Arena,FALSE,,,TRUE
Maná,"Maná, Iconic Mexican Rock Band, To Embark On N. American Arena Tour",https://news.pollstar.com/2025/03/10/iconic-mexican-rock-band-mana-embarking-on-north-american-arena-tour-this-year/,2025-03-10,2025-09-05,2026-04-04,PHX Arena,"Phoenix, AZ",Arena,FALSE,,,TRUE
Maná,"Maná, Iconic Mexican Rock Band, To Embark On N. American Arena Tour",https://news.pollstar.com/2025/03/10/iconic-mexican-rock-band-mana-embarking-on-north-american-arena-tour-this-year/,2025-03-10,2025-09-05,2026-04-04,Kia Forum,"Los Angeles, CA",Arena,FALSE,,,TRUE
Maná,"Maná, Iconic Mexican Rock Band, To Embark On N. American Arena Tour",https://news.pollstar.com/2025/03/10/iconic-mexican-rock-band-mana-embarking-on-north-american-arena-tour-this-year/,2025-03-10,2025-09-05,2026-04-04,Kia Forum,"Los Angeles, CA",Arena,FALSE,,,TRUE
Maná,"Maná, Iconic Mexican Rock Band, To Embark On N. American Arena Tour",https://news.pollstar.com/2025/03/10/iconic-mexican-rock-band-mana-embarking-on-north-american-arena-tour-this-year/,2025-03-10,2025-09-05,2026-04-04,Kia Forum,"Los Angeles, CA",Arena,FALSE,,,TRUE
Maná,"Maná, Iconic Mexican Rock Band, To Embark On N. American Arena Tour",https://news.pollstar.com/2025/03/10/iconic-mexican-rock-band-mana-embarking-on-north-american-arena-tour-this-year/,2025-03-10,2025-09-05,2026-04-04,Kia Forum,"Los Angeles, CA",Arena,FALSE,,,TRUE
Maná,"Maná, Iconic Mexican Rock Band, To Embark On N. American Arena Tour",https://news.pollstar.com/2025/03/10/iconic-mexican-rock-band-mana-embarking-on-north-american-arena-tour-this-year/,2025-03-10,2025-09-05,2026-04-04,SAP Center,"San Jose, CA",Arena,FALSE,,,TRUE
Maná,"Maná, Iconic Mexican Rock Band, To Embark On N. American Arena Tour",https://news.pollstar.com/2025/03/10/iconic-mexican-rock-band-mana-embarking-on-north-american-arena-tour-this-year/,2025-03-10,2025-09-05,2026-04-04,SAP Center,"San Jose, CA",Arena,FALSE,,,TRUE
Maná,"Maná, Iconic Mexican Rock Band, To Embark On N. American Arena Tour",https://news.pollstar.com/2025/03/10/iconic-mexican-rock-band-mana-embarking-on-north-american-arena-tour-this-year/,2025-03-10,2025-09-05,2026-04-04,Little Caesars Arena,"Detroit, MI",Theater,FALSE,,,TRUE
Maná,"Maná, Iconic Mexican Rock Band, To Embark On N. American Arena Tour",https://news.pollstar.com/2025/03/10/iconic-mexican-rock-band-mana-embarking-on-north-american-arena-tour-this-year/,2025-03-10,2025-09-05,2026-04-04,UBS Arena,"Belmont Park, NY",Arena,FALSE,,,TRUE
Maná,"Maná, Iconic Mexican Rock Band, To Embark On N. American Arena Tour",https://news.pollstar.com/2025/03/10/iconic-mexican-rock-band-mana-embarking-on-north-american-arena-tour-this-year/,2025-03-10,2025-09-05,2026-04-04,Barclays Center,"Brooklyn, NY",Arena,FALSE,,,TRUE
Maná,"Maná, Iconic Mexican Rock Band, To Embark On N. American Arena Tour",https://news.pollstar.com/2025/03/10/iconic-mexican-rock-band-mana-embarking-on-north-american-arena-tour-this-year/,2025-03-10,2025-09-05,2026-04-04,Wells Fargo Center,"Philadelphia, PA",Arena,FALSE,,,TRUE
Maná,"Maná, Iconic Mexican Rock Band, To Embark On N. American Arena Tour",https://news.pollstar.com/2025/03/10/iconic-mexican-rock-band-mana-embarking-on-north-american-arena-tour-this-year/,2025-03-10,2025-09-05,2026-04-04,Kia Center,"Orlando, FL",Arena,FALSE,,,TRUE
Maná,"Maná, Iconic Mexican Rock Band, To Embark On N. American Arena Tour",https://news.pollstar.com/2025/03/10/iconic-mexican-rock-band-mana-embarking-on-north-american-arena-tour-this-year/,2025-03-10,2025-09-05,2026-04-04,Kaseya Center,"Miami, FL",Arena,FALSE,,,TRUE
Maná,"Maná, Iconic Mexican Rock Band, To Embark On N. American Arena Tour",https://news.pollstar.com/2025/03/10/iconic-mexican-rock-band-mana-embarking-on-north-american-arena-tour-this-year/,2025-03-10,2025-09-05,2026-04-04,Kaseya Center,"Miami, FL",Arena,FALSE,,,TRUE
Maná,"Maná, Iconic Mexican Rock Band, To Embark On N. American Arena Tour",https://news.pollstar.com/2025/03/10/iconic-mexican-rock-band-mana-embarking-on-north-american-arena-tour-this-year/,2025-03-10,2025-09-05,2026-04-04,State Farm Arena,"Atlanta, GA",Arena,FALSE,,,TRUE
Maná,"Maná, Iconic Mexican Rock Band, To Embark On N. American Arena Tour",https://news.pollstar.com/2025/03/10/iconic-mexican-rock-band-mana-embarking-on-north-american-arena-tour-this-year/,2025-03-10,2025-09-05,2026-04-04,First Horizon Coliseum,"Greensboro, NC",Arena,FALSE,,,TRUE
BLACKPINK,BLACKPINK Announces Global Stadium Tour,https://news.pollstar.com/2025/02/19/blackpink-announces-global-stadium-tour/,2025-02-19,2025-07-05,2025-08-15,Goyang Stadium,"Seoul, South Korea",Stadium,FALSE,,,TRUE
BLACKPINK,BLACKPINK Announces Global Stadium Tour,https://news.pollstar.com/2025/02/19/blackpink-announces-global-stadium-tour/,2025-02-19,2025-07-05,2025-08-15,Goyang Stadium,"Seoul, South Korea",Stadium,FALSE,,,TRUE
BLACKPINK,BLACKPINK Announces Global Stadium Tour,https://news.pollstar.com/2025/02/19/blackpink-announces-global-stadium-tour/,2025-02-19,2025-07-05,2025-08-15,SoFi Stadium,"Los Angeles, CA",Stadium,FALSE,,,TRUE
BLACKPINK,BLACKPINK Announces Global Stadium Tour,https://news.pollstar.com/2025/02/19/blackpink-announces-global-stadium-tour/,2025-02-19,2025-07-05,2025-08-15,Soldier Field Stadium,"Chicago, IL",Stadium,FALSE,,,TRUE
BLACKPINK,BLACKPINK Announces Global Stadium Tour,https://news.pollstar.com/2025/02/19/blackpink-announces-global-stadium-tour/,2025-02-19,2025-07-05,2025-08-15,Rogers Stadium,"Toronto, ON",Stadium,LYV,,,TRUE
BLACKPINK,BLACKPINK Announces Global Stadium Tour,https://news.pollstar.com/2025/02/19/blackpink-announces-global-stadium-tour/,2025-02-19,2025-07-05,2025-08-15,Citi Field,"New York, NY",Stadium,FALSE,,,TRUE
BLACKPINK,BLACKPINK Announces Global Stadium Tour,https://news.pollstar.com/2025/02/19/blackpink-announces-global-stadium-tour/,2025-02-19,2025-07-05,2025-08-15,Stade de France,"Paris, France",Stadium,FALSE,,,TRUE
BLACKPINK,BLACKPINK Announces Global Stadium Tour,https://news.pollstar.com/2025/02/19/blackpink-announces-global-stadium-tour/,2025-02-19,2025-07-05,2025-08-15,Ippodromo SNAI La Maura,"Milan, Italy",Other,FALSE,,,TRUE
BLACKPINK,BLACKPINK Announces Global Stadium Tour,https://news.pollstar.com/2025/02/19/blackpink-announces-global-stadium-tour/,2025-02-19,2025-07-05,2025-08-15,Estadi Olímpic,"Barcelona, Spain",Stadium,FALSE,,,TRUE
BLACKPINK,BLACKPINK Announces Global Stadium Tour,https://news.pollstar.com/2025/02/19/blackpink-announces-global-stadium-tour/,2025-02-19,2025-07-05,2025-08-15,Wembley Stadium,"London, UK",Stadium,FALSE,,,TRUE
Argentine Star Cazzu Embarking On Her First-Ever US Tour,Argentine Star Cazzu Embarking On Her First-Ever US Tour,https://news.pollstar.com/2025/12/15/argentine-star-cazzu-embarking-on-her-first-ever-us-tour/,2025-12-15,2026-04-30,2026-05-10,San Jose Civic,"San Jose, CA",Theater,FALSE,,,TRUE
Argentine Star Cazzu Embarking On Her First-Ever US Tour,Argentine Star Cazzu Embarking On Her First-Ever US Tour,https://news.pollstar.com/2025/12/15/argentine-star-cazzu-embarking-on-her-first-ever-us-tour/,2025-12-15,2026-04-30,2026-05-10,Cal Coast Credit Union Open Air Theatre,"San Diego, CA",Theater,FALSE,,,TRUE
Argentine Star Cazzu Embarking On Her First-Ever US Tour,Argentine Star Cazzu Embarking On Her First-Ever US Tour,https://news.pollstar.com/2025/12/15/argentine-star-cazzu-embarking-on-her-first-ever-us-tour/,2025-12-15,2026-04-30,2026-05-10,YouTube Theater,"Inglewood, CA",Theater,FALSE,,,TRUE
Argentine Star Cazzu Embarking On Her First-Ever US Tour,Argentine Star Cazzu Embarking On Her First-Ever US Tour,https://news.pollstar.com/2025/12/15/argentine-star-cazzu-embarking-on-her-first-ever-us-tour/,2025-12-15,2026-04-30,2026-05-10,The Theater at Madison Square Garden,"New York, NY",Arena,FALSE,,,TRUE
Argentine Star Cazzu Embarking On Her First-Ever US Tour,Argentine Star Cazzu Embarking On Her First-Ever US Tour,https://news.pollstar.com/2025/12/15/argentine-star-cazzu-embarking-on-her-first-ever-us-tour/,2025-12-15,2026-04-30,2026-05-10,Boeing Center at Tech Port,"San Antonio, TX",Arena,FALSE,,,TRUE
Argentine Star Cazzu Embarking On Her First-Ever US Tour,Argentine Star Cazzu Embarking On Her First-Ever US Tour,https://news.pollstar.com/2025/12/15/argentine-star-cazzu-embarking-on-her-first-ever-us-tour/,2025-12-15,2026-04-30,2026-05-10,The Pavilion at Toyota Music Factory,"Irving, TX",Amphitheater,LYV,,,TRUE
Argentine Star Cazzu Embarking On Her First-Ever US Tour,Argentine Star Cazzu Embarking On Her First-Ever US Tour,https://news.pollstar.com/2025/12/15/argentine-star-cazzu-embarking-on-her-first-ever-us-tour/,2025-12-15,2026-04-30,2026-05-10,713 Music Hall,"Houston, TX",Theater,FALSE,,,TRUE
Osees Back On The Road In 2026,"Osees Back On The Road In 2026, Headlining Shows In Europe And US",https://news.pollstar.com/2025/12/12/osees-back-on-the-road-in-2026-headlining-shows-in-europe-and-us/,2025-12-12,2026-07-02,2026-11-01,Vida Festival,"Barcelona, ES",Other,FALSE,,,TRUE
Osees Back On The Road In 2026,"Osees Back On The Road In 2026, Headlining Shows In Europe And US",https://news.pollstar.com/2025/12/12/osees-back-on-the-road-in-2026-headlining-shows-in-europe-and-us/,2025-12-12,2026-07-02,2026-11-01,L’Epicerie Moderne,"Lyon-Feyzin, FR",Other,FALSE,,,TRUE
Osees Back On The Road In 2026,"Osees Back On The Road In 2026, Headlining Shows In Europe And US",https://news.pollstar.com/2025/12/12/osees-back-on-the-road-in-2026-headlining-shows-in-europe-and-us/,2025-12-12,2026-07-02,2026-11-01,Fri-Son,"Fribourg, CH",Other,FALSE,,,TRUE
Osees Back On The Road In 2026,"Osees Back On The Road In 2026, Headlining Shows In Europe And US",https://news.pollstar.com/2025/12/12/osees-back-on-the-road-in-2026-headlining-shows-in-europe-and-us/,2025-12-12,2026-07-02,2026-11-01,Vera,"Groningen, NL",Amphitheater,LYV,,,TRUE
Osees Back On The Road In 2026,"Osees Back On The Road In 2026, Headlining Shows In Europe And US",https://news.pollstar.com/2025/12/12/osees-back-on-the-road-in-2026-headlining-shows-in-europe-and-us/,2025-12-12,2026-07-02,2026-11-01,Paard,"The Hague, NL",Other,FALSE,,,TRUE
Osees Back On The Road In 2026,"Osees Back On The Road In 2026, Headlining Shows In Europe And US",https://news.pollstar.com/2025/12/12/osees-back-on-the-road-in-2026-headlining-shows-in-europe-and-us/,2025-12-12,2026-07-02,2026-11-01,Effenaar,"Eindhoven, NL",Other,FALSE,,,TRUE
Osees Back On The Road In 2026,"Osees Back On The Road In 2026, Headlining Shows In Europe And US",https://news.pollstar.com/2025/12/12/osees-back-on-the-road-in-2026-headlining-shows-in-europe-and-us/,2025-12-12,2026-07-02,2026-11-01,Cactus Festival,"Bruges, BE",Other,FALSE,,,TRUE
Osees Back On The Road In 2026,"Osees Back On The Road In 2026, Headlining Shows In Europe And US",https://news.pollstar.com/2025/12/12/osees-back-on-the-road-in-2026-headlining-shows-in-europe-and-us/,2025-12-12,2026-07-02,2026-11-01,Irish Centre,"Leeds, UK",Other,FALSE,,,TRUE
Osees Back On The Road In 2026,"Osees Back On The Road In 2026, Headlining Shows In Europe And US",https://news.pollstar.com/2025/12/12/osees-back-on-the-road-in-2026-headlining-shows-in-europe-and-us/,2025-12-12,2026-07-02,2026-11-01,Earth,"London, UK",Club,FALSE,,,TRUE
Osees Back On The Road In 2026,"Osees Back On The Road In 2026, Headlining Shows In Europe And US",https://news.pollstar.com/2025/12/12/osees-back-on-the-road-in-2026-headlining-shows-in-europe-and-us/,2025-12-12,2026-07-02,2026-11-01,Earth,"London, UK",Club,FALSE,,,TRUE
Osees Back On The Road In 2026,"Osees Back On The Road In 2026, Headlining Shows In Europe And US",https://news.pollstar.com/2025/12/12/osees-back-on-the-road-in-2026-headlining-shows-in-europe-and-us/,2025-12-12,2026-07-02,2026-11-01,The Chapel,"San Francisco, CA",Club,FALSE,,,TRUE
Osees Back On The Road In 2026,"Osees Back On The Road In 2026, Headlining Shows In Europe And US",https://news.pollstar.com/2025/12/12/osees-back-on-the-road-in-2026-headlining-shows-in-europe-and-us/,2025-12-12,2026-07-02,2026-11-01,The Chapel,"San Francisco, CA",Club,FALSE,,,TRUE
Osees Back On The Road In 2026,"Osees Back On The Road In 2026, Headlining Shows In Europe And US",https://news.pollstar.com/2025/12/12/osees-back-on-the-road-in-2026-headlining-shows-in-europe-and-us/,2025-12-12,2026-07-02,2026-11-01,The Chapel,"San Francisco, CA",Club,FALSE,,,TRUE
Osees Back On The Road In 2026,"Osees Back On The Road In 2026, Headlining Shows In Europe And US",https://news.pollstar.com/2025/12/12/osees-back-on-the-road-in-2026-headlining-shows-in-europe-and-us/,2025-12-12,2026-07-02,2026-11-01,The Chapel,"San Francisco, CA",Club,FALSE,,,TRUE
Osees Back On The Road In 2026,"Osees Back On The Road In 2026, Headlining Shows In Europe And US",https://news.pollstar.com/2025/12/12/osees-back-on-the-road-in-2026-headlining-shows-in-europe-and-us/,2025-12-12,2026-07-02,2026-11-01,Crystal Ballroom,"Portland, OR",Club,FALSE,,,TRUE
Osees Back On The Road In 2026,"Osees Back On The Road In 2026, Headlining Shows In Europe And US",https://news.pollstar.com/2025/12/12/osees-back-on-the-road-in-2026-headlining-shows-in-europe-and-us/,2025-12-12,2026-07-02,2026-11-01,Neumos,"Seattle, WA",Other,FALSE,,,TRUE
Osees Back On The Road In 2026,"Osees Back On The Road In 2026, Headlining Shows In Europe And US",https://news.pollstar.com/2025/12/12/osees-back-on-the-road-in-2026-headlining-shows-in-europe-and-us/,2025-12-12,2026-07-02,2026-11-01,Neumos,"Seattle, WA",Other,FALSE,,,TRUE
Osees Back On The Road In 2026,"Osees Back On The Road In 2026, Headlining Shows In Europe And US",https://news.pollstar.com/2025/12/12/osees-back-on-the-road-in-2026-headlining-shows-in-europe-and-us/,2025-12-12,2026-07-02,2026-11-01,The Wilma,"Missoula, MT",Auditorium,FALSE,,,TRUE
Osees Back On The Road In 2026,"Osees Back On The Road In 2026, Headlining Shows In Europe And US",https://news.pollstar.com/2025/12/12/osees-back-on-the-road-in-2026-headlining-shows-in-europe-and-us/,2025-12-12,2026-07-02,2026-11-01,Metro Music Hall,"Salt Lake City, UT",Other,FALSE,,,TRUE
Osees Back On The Road In 2026,"Osees Back On The Road In 2026, Headlining Shows In Europe And US",https://news.pollstar.com/2025/12/12/osees-back-on-the-road-in-2026-headlining-shows-in-europe-and-us/,2025-12-12,2026-07-02,2026-11-01,Ogden Theatre,"Denver, CO",Auditorium,FALSE,,,TRUE
Osees Back On The Road In 2026,"Osees Back On The Road In 2026, Headlining Shows In Europe And US",https://news.pollstar.com/2025/12/12/osees-back-on-the-road-in-2026-headlining-shows-in-europe-and-us/,2025-12-12,2026-07-02,2026-11-01,The Bottleneck,"Lawrence, KS",Other,FALSE,,,TRUE
Osees Back On The Road In 2026,"Osees Back On The Road In 2026, Headlining Shows In Europe And US",https://news.pollstar.com/2025/12/12/osees-back-on-the-road-in-2026-headlining-shows-in-europe-and-us/,2025-12-12,2026-07-02,2026-11-01,Thalia Hall,"Chicago, IL",Other,FALSE,,,TRUE
Osees Back On The Road In 2026,"Osees Back On The Road In 2026, Headlining Shows In Europe And US",https://news.pollstar.com/2025/12/12/osees-back-on-the-road-in-2026-headlining-shows-in-europe-and-us/,2025-12-12,2026-07-02,2026-11-01,Thalia Hall,"Chicago, IL",Other,FALSE,,,TRUE
Osees Back On The Road In 2026,"Osees Back On The Road In 2026, Headlining Shows In Europe And US",https://news.pollstar.com/2025/12/12/osees-back-on-the-road-in-2026-headlining-shows-in-europe-and-us/,2025-12-12,2026-07-02,2026-11-01,Magic Stick,"Detroit, MI",Other,FALSE,,,TRUE
Osees Back On The Road In 2026,"Osees Back On The Road In 2026, Headlining Shows In Europe And US",https://news.pollstar.com/2025/12/12/osees-back-on-the-road-in-2026-headlining-shows-in-europe-and-us/,2025-12-12,2026-07-02,2026-11-01,Beachland Ballroom,"Cleveland, OH",Other,FALSE,,,TRUE
Osees Back On The Road In 2026,"Osees Back On The Road In 2026, Headlining Shows In Europe And US",https://news.pollstar.com/2025/12/12/osees-back-on-the-road-in-2026-headlining-shows-in-europe-and-us/,2025-12-12,2026-07-02,2026-11-01,Beachland Ballroom,"Cleveland, OH",Other,FALSE,,,TRUE
Osees Back On The Road In 2026,"Osees Back On The Road In 2026, Headlining Shows In Europe And US",https://news.pollstar.com/2025/12/12/osees-back-on-the-road-in-2026-headlining-shows-in-europe-and-us/,2025-12-12,2026-07-02,2026-11-01,Fete Ballroom,"Providence, RI",Other,FALSE,,,TRUE
Osees Back On The Road In 2026,"Osees Back On The Road In 2026, Headlining Shows In Europe And US",https://news.pollstar.com/2025/12/12/osees-back-on-the-road-in-2026-headlining-shows-in-europe-and-us/,2025-12-12,2026-07-02,2026-11-01,Warsaw,"Brooklyn, NY",Club,FALSE,,,TRUE
Osees Back On The Road In 2026,"Osees Back On The Road In 2026, Headlining Shows In Europe And US",https://news.pollstar.com/2025/12/12/osees-back-on-the-road-in-2026-headlining-shows-in-europe-and-us/,2025-12-12,2026-07-02,2026-11-01,Warsaw,"Brooklyn, NY",Club,FALSE,,,TRUE
Osees Back On The Road In 2026,"Osees Back On The Road In 2026, Headlining Shows In Europe And US",https://news.pollstar.com/2025/12/12/osees-back-on-the-road-in-2026-headlining-shows-in-europe-and-us/,2025-12-12,2026-07-02,2026-11-01,Union Transfer,"Philadelphia, PA",Club,FALSE,,,TRUE
Osees Back On The Road In 2026,"Osees Back On The Road In 2026, Headlining Shows In Europe And US",https://news.pollstar.com/2025/12/12/osees-back-on-the-road-in-2026-headlining-shows-in-europe-and-us/,2025-12-12,2026-07-02,2026-11-01,The Orange Peel,"Asheville, NC",Club,FALSE,,,TRUE
Osees Back On The Road In 2026,"Osees Back On The Road In 2026, Headlining Shows In Europe And US",https://news.pollstar.com/2025/12/12/osees-back-on-the-road-in-2026-headlining-shows-in-europe-and-us/,2025-12-12,2026-07-02,2026-11-01,Civic Theatre,"New Orleans, LA",Theater,FALSE,,,TRUE
Osees Back On The Road In 2026,"Osees Back On The Road In 2026, Headlining Shows In Europe And US",https://news.pollstar.com/2025/12/12/osees-back-on-the-road-in-2026-headlining-shows-in-europe-and-us/,2025-12-12,2026-07-02,2026-11-01,Hotel Vegas,"Austin, TX",Other,FALSE,,,TRUE
Robert Plant With Saving Grace And Suzi Dian,Robert Plant With Saving Grace And Suzi Dian Announces ‘Spring Fever 2026 Tour’,https://news.pollstar.com/2025/12/10/robert-plant-with-saving-grace-and-suzi-dian-announces-spring-fever-2026-tour/,2025-12-10,2026-03-14,2026-04-07,Kiva Auditorium,"Albuquerque, NM",Theater,FALSE,,,TRUE
Robert Plant With Saving Grace And Suzi Dian,Robert Plant With Saving Grace And Suzi Dian Announces ‘Spring Fever 2026 Tour’,https://news.pollstar.com/2025/12/10/robert-plant-with-saving-grace-and-suzi-dian-announces-spring-fever-2026-tour/,2025-12-10,2026-03-14,2026-04-07,Tulsa Theater,"Tulsa, OK",Theater,FALSE,,,TRUE
Robert Plant With Saving Grace And Suzi Dian,Robert Plant With Saving Grace And Suzi Dian Announces ‘Spring Fever 2026 Tour’,https://news.pollstar.com/2025/12/10/robert-plant-with-saving-grace-and-suzi-dian-announces-spring-fever-2026-tour/,2025-12-10,2026-03-14,2026-04-07,Majestic Theatre,"Dallas, TX",Theater,FALSE,,,TRUE
Robert Plant With Saving Grace And Suzi Dian,Robert Plant With Saving Grace And Suzi Dian Announces ‘Spring Fever 2026 Tour’,https://news.pollstar.com/2025/12/10/robert-plant-with-saving-grace-and-suzi-dian-announces-spring-fever-2026-tour/,2025-12-10,2026-03-14,2026-04-07,Majestic Theatre,"San Antonio, TX",Theater,FALSE,,,TRUE
Robert Plant With Saving Grace And Suzi Dian,Robert Plant With Saving Grace And Suzi Dian Announces ‘Spring Fever 2026 Tour’,https://news.pollstar.com/2025/12/10/robert-plant-with-saving-grace-and-suzi-dian-announces-spring-fever-2026-tour/,2025-12-10,2026-03-14,2026-04-07,Austin City Limits Live at Moody Theater,"Austin, TX",Theater,FALSE,,,TRUE
Robert Plant With Saving Grace And Suzi Dian,Robert Plant With Saving Grace And Suzi Dian Announces ‘Spring Fever 2026 Tour’,https://news.pollstar.com/2025/12/10/robert-plant-with-saving-grace-and-suzi-dian-announces-spring-fever-2026-tour/,2025-12-10,2026-03-14,2026-04-07,Saenger Theatre,"New Orleans, LA",Theater,FALSE,,,TRUE
Robert Plant With Saving Grace And Suzi Dian,Robert Plant With Saving Grace And Suzi Dian Announces ‘Spring Fever 2026 Tour’,https://news.pollstar.com/2025/12/10/robert-plant-with-saving-grace-and-suzi-dian-announces-spring-fever-2026-tour/,2025-12-10,2026-03-14,2026-04-07,Orpheum Theatre,"Memphis, TN",Theater,LYV,,,TRUE
Robert Plant With Saving Grace And Suzi Dian,Robert Plant With Saving Grace And Suzi Dian Announces ‘Spring Fever 2026 Tour’,https://news.pollstar.com/2025/12/10/robert-plant-with-saving-grace-and-suzi-dian-announces-spring-fever-2026-tour/,2025-12-10,2026-03-14,2026-04-07,Ryman Auditorium,"Nashville, TN",Theater,FALSE,,,TRUE
Robert Plant With Saving Grace And Suzi Dian,Robert Plant With Saving Grace And Suzi Dian Announces ‘Spring Fever 2026 Tour’,https://news.pollstar.com/2025/12/10/robert-plant-with-saving-grace-and-suzi-dian-announces-spring-fever-2026-tour/,2025-12-10,2026-03-14,2026-04-07,The Louisville Palace,Big Ears Festival,Theater,FALSE,,,TRUE
Robert Plant With Saving Grace And Suzi Dian,Robert Plant With Saving Grace And Suzi Dian Announces ‘Spring Fever 2026 Tour’,https://news.pollstar.com/2025/12/10/robert-plant-with-saving-grace-and-suzi-dian-announces-spring-fever-2026-tour/,2025-12-10,2026-03-14,2026-04-07,The Louisville Palace,"Louisville, KY",Theater,FALSE,,,TRUE
Robert Plant With Saving Grace And Suzi Dian,Robert Plant With Saving Grace And Suzi Dian Announces ‘Spring Fever 2026 Tour’,https://news.pollstar.com/2025/12/10/robert-plant-with-saving-grace-and-suzi-dian-announces-spring-fever-2026-tour/,2025-12-10,2026-03-14,2026-04-07,Raleigh Memorial Auditorium,"Raleigh, NC",Theater,FALSE,,,TRUE
Robert Plant With Saving Grace And Suzi Dian,Robert Plant With Saving Grace And Suzi Dian Announces ‘Spring Fever 2026 Tour’,https://news.pollstar.com/2025/12/10/robert-plant-with-saving-grace-and-suzi-dian-announces-spring-fever-2026-tour/,2025-12-10,2026-03-14,2026-04-07,Thomas Wolfe Auditorium,"Asheville, NC",Theater,FALSE,,,TRUE
Robert Plant With Saving Grace And Suzi Dian,Robert Plant With Saving Grace And Suzi Dian Announces ‘Spring Fever 2026 Tour’,https://news.pollstar.com/2025/12/10/robert-plant-with-saving-grace-and-suzi-dian-announces-spring-fever-2026-tour/,2025-12-10,2026-03-14,2026-04-07,Christopher Newport University’s Ferguson Center for the Arts,"Newport News, VA",Other,FALSE,,,TRUE
Robert Plant With Saving Grace And Suzi Dian,Robert Plant With Saving Grace And Suzi Dian Announces ‘Spring Fever 2026 Tour’,https://news.pollstar.com/2025/12/10/robert-plant-with-saving-grace-and-suzi-dian-announces-spring-fever-2026-tour/,2025-12-10,2026-03-14,2026-04-07,The Met,"Philadelphia, PA",Theater,LYV,,,TRUE
Robert Plant With Saving Grace And Suzi Dian,Robert Plant With Saving Grace And Suzi Dian Announces ‘Spring Fever 2026 Tour’,https://news.pollstar.com/2025/12/10/robert-plant-with-saving-grace-and-suzi-dian-announces-spring-fever-2026-tour/,2025-12-10,2026-03-14,2026-04-07,Count Basie Theatre,"Red Bank, NJ",Auditorium,FALSE,,,TRUE
Robert Plant With Saving Grace And Suzi Dian,Robert Plant With Saving Grace And Suzi Dian Announces ‘Spring Fever 2026 Tour’,https://news.pollstar.com/2025/12/10/robert-plant-with-saving-grace-and-suzi-dian-announces-spring-fever-2026-tour/,2025-12-10,2026-03-14,2026-04-07,Cathedral of St. John the Divine,"New York, NY",Other,FALSE,,,TRUE
Bob Dylan,Bob Dylan Unveils 2026 ‘Rough And Rowdy Ways Tour’ Dates,https://news.pollstar.com/2025/12/08/bob-dylan-unveils-2026-rough-and-rowdy-ways-tour-dates/,2025-12-08,2026-03-21,2026-05-01,Orpheum Theater,"Omaha, Nebraska",Theater,FALSE,,,TRUE
Bob Dylan,Bob Dylan Unveils 2026 ‘Rough And Rowdy Ways Tour’ Dates,https://news.pollstar.com/2025/12/08/bob-dylan-unveils-2026-rough-and-rowdy-ways-tour-dates/,2025-12-08,2026-03-21,2026-05-01,Mary W. Sommervold Hall,"Sioux Falls, South Dakota",Other,FALSE,,,TRUE
Bob Dylan,Bob Dylan Unveils 2026 ‘Rough And Rowdy Ways Tour’ Dates,https://news.pollstar.com/2025/12/08/bob-dylan-unveils-2026-rough-and-rowdy-ways-tour-dates/,2025-12-08,2026-03-21,2026-05-01,Mayo Civic Center Arena,"Rochester, Minnesota",Arena,FALSE,,,TRUE
Bob Dylan,Bob Dylan Unveils 2026 ‘Rough And Rowdy Ways Tour’ Dates,https://news.pollstar.com/2025/12/08/bob-dylan-unveils-2026-rough-and-rowdy-ways-tour-dates/,2025-12-08,2026-03-21,2026-05-01,Hancher Auditorium,"Iowa City, Iowa",Theater,FALSE,,,TRUE
Bob Dylan,Bob Dylan Unveils 2026 ‘Rough And Rowdy Ways Tour’ Dates,https://news.pollstar.com/2025/12/08/bob-dylan-unveils-2026-rough-and-rowdy-ways-tour-dates/,2025-12-08,2026-03-21,2026-05-01,La Crosse Center,"La Crosse, Wisconsin",Other,FALSE,,,TRUE
Bob Dylan,Bob Dylan Unveils 2026 ‘Rough And Rowdy Ways Tour’ Dates,https://news.pollstar.com/2025/12/08/bob-dylan-unveils-2026-rough-and-rowdy-ways-tour-dates/,2025-12-08,2026-03-21,2026-05-01,Coronado Theatre,"Rockford, Illinois",Auditorium,FALSE,,,TRUE
Bob Dylan,Bob Dylan Unveils 2026 ‘Rough And Rowdy Ways Tour’ Dates,https://news.pollstar.com/2025/12/08/bob-dylan-unveils-2026-rough-and-rowdy-ways-tour-dates/,2025-12-08,2026-03-21,2026-05-01,Genesee Theatre,"Waukegan, Illinois",Auditorium,FALSE,,,TRUE
Bob Dylan,Bob Dylan Unveils 2026 ‘Rough And Rowdy Ways Tour’ Dates,https://news.pollstar.com/2025/12/08/bob-dylan-unveils-2026-rough-and-rowdy-ways-tour-dates/,2025-12-08,2026-03-21,2026-05-01,Emens Auditorium,"Muncie, Indiana",Theater,FALSE,,,TRUE
Bob Dylan,Bob Dylan Unveils 2026 ‘Rough And Rowdy Ways Tour’ Dates,https://news.pollstar.com/2025/12/08/bob-dylan-unveils-2026-rough-and-rowdy-ways-tour-dates/,2025-12-08,2026-03-21,2026-05-01,DeVos Performance Hall,"Grand Rapids, Michigan",Theater,FALSE,,,TRUE
Bob Dylan,Bob Dylan Unveils 2026 ‘Rough And Rowdy Ways Tour’ Dates,https://news.pollstar.com/2025/12/08/bob-dylan-unveils-2026-rough-and-rowdy-ways-tour-dates/,2025-12-08,2026-03-21,2026-05-01,The Theater,"Saginaw, Michigan",Theater,FALSE,,,TRUE
Bob Dylan,Bob Dylan Unveils 2026 ‘Rough And Rowdy Ways Tour’ Dates,https://news.pollstar.com/2025/12/08/bob-dylan-unveils-2026-rough-and-rowdy-ways-tour-dates/,2025-12-08,2026-03-21,2026-05-01,Masonic Temple Theatre,"Detroit, Michigan",Theater,LYV,,,TRUE
Bob Dylan,Bob Dylan Unveils 2026 ‘Rough And Rowdy Ways Tour’ Dates,https://news.pollstar.com/2025/12/08/bob-dylan-unveils-2026-rough-and-rowdy-ways-tour-dates/,2025-12-08,2026-03-21,2026-05-01,The Louisville Palace,"Louisville, Kentucky",Theater,FALSE,,,TRUE
Bob Dylan,Bob Dylan Unveils 2026 ‘Rough And Rowdy Ways Tour’ Dates,https://news.pollstar.com/2025/12/08/bob-dylan-unveils-2026-rough-and-rowdy-ways-tour-dates/,2025-12-08,2026-03-21,2026-05-01,Palace Theatre,"Columbus, Ohio",Theater,FALSE,,,TRUE
Bob Dylan,Bob Dylan Unveils 2026 ‘Rough And Rowdy Ways Tour’ Dates,https://news.pollstar.com/2025/12/08/bob-dylan-unveils-2026-rough-and-rowdy-ways-tour-dates/,2025-12-08,2026-03-21,2026-05-01,KeyBank State Theatre,"Cleveland, Ohio",Theater,FALSE,,,TRUE
Bob Dylan,Bob Dylan Unveils 2026 ‘Rough And Rowdy Ways Tour’ Dates,https://news.pollstar.com/2025/12/08/bob-dylan-unveils-2026-rough-and-rowdy-ways-tour-dates/,2025-12-08,2026-03-21,2026-05-01,Winsupply Theatre,"Dayton, Ohio",Auditorium,FALSE,,,TRUE
Bob Dylan,Bob Dylan Unveils 2026 ‘Rough And Rowdy Ways Tour’ Dates,https://news.pollstar.com/2025/12/08/bob-dylan-unveils-2026-rough-and-rowdy-ways-tour-dates/,2025-12-08,2026-03-21,2026-05-01,Knoxville Civic Auditorium,"Knoxville, Tennessee",Theater,FALSE,,,TRUE
Bob Dylan,Bob Dylan Unveils 2026 ‘Rough And Rowdy Ways Tour’ Dates,https://news.pollstar.com/2025/12/08/bob-dylan-unveils-2026-rough-and-rowdy-ways-tour-dates/,2025-12-08,2026-03-21,2026-05-01,SKyPAC,"Bowling Green, Kentucky",Auditorium,FALSE,,,TRUE
Bob Dylan,Bob Dylan Unveils 2026 ‘Rough And Rowdy Ways Tour’ Dates,https://news.pollstar.com/2025/12/08/bob-dylan-unveils-2026-rough-and-rowdy-ways-tour-dates/,2025-12-08,2026-03-21,2026-05-01,Soldiers and Sailors Memorial Auditorium,"Chattanooga, Tennessee",Theater,FALSE,,,TRUE
Bob Dylan,Bob Dylan Unveils 2026 ‘Rough And Rowdy Ways Tour’ Dates,https://news.pollstar.com/2025/12/08/bob-dylan-unveils-2026-rough-and-rowdy-ways-tour-dates/,2025-12-08,2026-03-21,2026-05-01,Thomas Wolfe Auditorium,"Asheville, North Carolina",Theater,FALSE,,,TRUE
Bob Dylan,Bob Dylan Unveils 2026 ‘Rough And Rowdy Ways Tour’ Dates,https://news.pollstar.com/2025/12/08/bob-dylan-unveils-2026-rough-and-rowdy-ways-tour-dates/,2025-12-08,2026-03-21,2026-05-01,Spartanburg Memorial Auditorium,"Spartanburg, South Carolina",Theater,FALSE,,,TRUE
Bob Dylan,Bob Dylan Unveils 2026 ‘Rough And Rowdy Ways Tour’ Dates,https://news.pollstar.com/2025/12/08/bob-dylan-unveils-2026-rough-and-rowdy-ways-tour-dates/,2025-12-08,2026-03-21,2026-05-01,Macon City Auditorium,"Macon, Georgia",Theater,FALSE,,,TRUE
Bob Dylan,Bob Dylan Unveils 2026 ‘Rough And Rowdy Ways Tour’ Dates,https://news.pollstar.com/2025/12/08/bob-dylan-unveils-2026-rough-and-rowdy-ways-tour-dates/,2025-12-08,2026-03-21,2026-05-01,Dothan Civic Center,"Dothan, Alabama",Arena,FALSE,,,TRUE
Bob Dylan,Bob Dylan Unveils 2026 ‘Rough And Rowdy Ways Tour’ Dates,https://news.pollstar.com/2025/12/08/bob-dylan-unveils-2026-rough-and-rowdy-ways-tour-dates/,2025-12-08,2026-03-21,2026-05-01,Thalia Mara Hall,"Jackson, Mississippi",Other,FALSE,,,TRUE
Bob Dylan,Bob Dylan Unveils 2026 ‘Rough And Rowdy Ways Tour’ Dates,https://news.pollstar.com/2025/12/08/bob-dylan-unveils-2026-rough-and-rowdy-ways-tour-dates/,2025-12-08,2026-03-21,2026-05-01,Raising Cane’s River Center,"Baton Rouge, Louisiana",Arena,FALSE,,,TRUE
Bob Dylan,Bob Dylan Unveils 2026 ‘Rough And Rowdy Ways Tour’ Dates,https://news.pollstar.com/2025/12/08/bob-dylan-unveils-2026-rough-and-rowdy-ways-tour-dates/,2025-12-08,2026-03-21,2026-05-01,Shreveport Municipal Auditorium,"Shreveport, Louisiana",Theater,FALSE,,,TRUE
Bob Dylan,Bob Dylan Unveils 2026 ‘Rough And Rowdy Ways Tour’ Dates,https://news.pollstar.com/2025/12/08/bob-dylan-unveils-2026-rough-and-rowdy-ways-tour-dates/,2025-12-08,2026-03-21,2026-05-01,Cowan Center,"Tyler, Texas",Other,FALSE,,,TRUE
Bob Dylan,Bob Dylan Unveils 2026 ‘Rough And Rowdy Ways Tour’ Dates,https://news.pollstar.com/2025/12/08/bob-dylan-unveils-2026-rough-and-rowdy-ways-tour-dates/,2025-12-08,2026-03-21,2026-05-01,Abilene Auditorium,"Abilene, Texas",Theater,FALSE,,,TRUE
Avenged Sevenfold,"Avenged Sevenfold, Good Charlotte Team Up For 2026 North American Tour",https://news.pollstar.com/2025/12/08/avenged-sevenfold-good-charlotte-team-up-for-2026-north-american-tour/,2025-12-08,2026-07-25,2026-08-27,Thunder Ridge Nature Arena,"Ridgedale, MO",Arena,FALSE,,,TRUE
Avenged Sevenfold,"Avenged Sevenfold, Good Charlotte Team Up For 2026 North American Tour",https://news.pollstar.com/2025/12/08/avenged-sevenfold-good-charlotte-team-up-for-2026-north-american-tour/,2025-12-08,2026-07-25,2026-08-27,Mystic Lake Amphitheater,"Shakopee, MN",Amphitheater,LYV,,,TRUE
Avenged Sevenfold,"Avenged Sevenfold, Good Charlotte Team Up For 2026 North American Tour",https://news.pollstar.com/2025/12/08/avenged-sevenfold-good-charlotte-team-up-for-2026-north-american-tour/,2025-12-08,2026-07-25,2026-08-27,Credit Union 1 Amphitheatre,"Tinley Park, IL",Amphitheater,LYV,,,TRUE
Avenged Sevenfold,"Avenged Sevenfold, Good Charlotte Team Up For 2026 North American Tour",https://news.pollstar.com/2025/12/08/avenged-sevenfold-good-charlotte-team-up-for-2026-north-american-tour/,2025-12-08,2026-07-25,2026-08-27,Hollywood Casino Amphitheater,"St. Louis, MO",Amphitheater,LYV,,,TRUE
Avenged Sevenfold,"Avenged Sevenfold, Good Charlotte Team Up For 2026 North American Tour",https://news.pollstar.com/2025/12/08/avenged-sevenfold-good-charlotte-team-up-for-2026-north-american-tour/,2025-12-08,2026-07-25,2026-08-27,Pine Knob Music Theatre,"Clarkston, MI",Amphitheater,LYV,,,TRUE
Avenged Sevenfold,"Avenged Sevenfold, Good Charlotte Team Up For 2026 North American Tour",https://news.pollstar.com/2025/12/08/avenged-sevenfold-good-charlotte-team-up-for-2026-north-american-tour/,2025-12-08,2026-07-25,2026-08-27,RBC Amphitheatre,"Toronto, ON",Amphitheater,LYV,,,TRUE
Avenged Sevenfold,"Avenged Sevenfold, Good Charlotte Team Up For 2026 North American Tour",https://news.pollstar.com/2025/12/08/avenged-sevenfold-good-charlotte-team-up-for-2026-north-american-tour/,2025-12-08,2026-07-25,2026-08-27,Bell Centre,"Montreal, QC",Arena,FALSE,,,TRUE
Avenged Sevenfold,"Avenged Sevenfold, Good Charlotte Team Up For 2026 North American Tour",https://news.pollstar.com/2025/12/08/avenged-sevenfold-good-charlotte-team-up-for-2026-north-american-tour/,2025-12-08,2026-07-25,2026-08-27,UBS Arena,"Belmont Park, NY",Arena,FALSE,,,TRUE
Avenged Sevenfold,"Avenged Sevenfold, Good Charlotte Team Up For 2026 North American Tour",https://news.pollstar.com/2025/12/08/avenged-sevenfold-good-charlotte-team-up-for-2026-north-american-tour/,2025-12-08,2026-07-25,2026-08-27,Xfinity Center,"Mansfield, MA",Arena,LYV,,,TRUE
Avenged Sevenfold,"Avenged Sevenfold, Good Charlotte Team Up For 2026 North American Tour",https://news.pollstar.com/2025/12/08/avenged-sevenfold-good-charlotte-team-up-for-2026-north-american-tour/,2025-12-08,2026-07-25,2026-08-27,Freedom Mortgage Pavilion,"Camden, NJ",Amphitheater,LYV,,,TRUE
Avenged Sevenfold,"Avenged Sevenfold, Good Charlotte Team Up For 2026 North American Tour",https://news.pollstar.com/2025/12/08/avenged-sevenfold-good-charlotte-team-up-for-2026-north-american-tour/,2025-12-08,2026-07-25,2026-08-27,PNC Music Pavilion,"Charlotte, NC",Amphitheater,LYV,,,TRUE
Avenged Sevenfold,"Avenged Sevenfold, Good Charlotte Team Up For 2026 North American Tour",https://news.pollstar.com/2025/12/08/avenged-sevenfold-good-charlotte-team-up-for-2026-north-american-tour/,2025-12-08,2026-07-25,2026-08-27,MIDFLORIDA Credit Union Amphitheatre,"Tampa, FL",Amphitheater,LYV,,,TRUE
Avenged Sevenfold,"Avenged Sevenfold, Good Charlotte Team Up For 2026 North American Tour",https://news.pollstar.com/2025/12/08/avenged-sevenfold-good-charlotte-team-up-for-2026-north-american-tour/,2025-12-08,2026-07-25,2026-08-27,Dos Equis Pavilion,"Dallas, TX",Amphitheater,LYV,,,TRUE
Avenged Sevenfold,"Avenged Sevenfold, Good Charlotte Team Up For 2026 North American Tour",https://news.pollstar.com/2025/12/08/avenged-sevenfold-good-charlotte-team-up-for-2026-north-american-tour/,2025-12-08,2026-07-25,2026-08-27,Ball Arena,"Denver, CO",Arena,FALSE,,,TRUE
Avenged Sevenfold,"Avenged Sevenfold, Good Charlotte Team Up For 2026 North American Tour",https://news.pollstar.com/2025/12/08/avenged-sevenfold-good-charlotte-team-up-for-2026-north-american-tour/,2025-12-08,2026-07-25,2026-08-27,Utah First Credit Union Amphitheatre,"Salt Lake City, UT",Amphitheater,LYV,,,TRUE
Avenged Sevenfold,"Avenged Sevenfold, Good Charlotte Team Up For 2026 North American Tour",https://news.pollstar.com/2025/12/08/avenged-sevenfold-good-charlotte-team-up-for-2026-north-american-tour/,2025-12-08,2026-07-25,2026-08-27,Talking Stick Resort Amphitheatre,"Phoenix, AZ",Amphitheater,LYV,,,TRUE
David Byrne,David Byrne Expands North American & European Tour Dates,https://news.pollstar.com/2025/12/08/david-byrne-expands-north-american-european-tour-dates/,2025-12-08,2026-01-14,2026-07-14,Spark Arena,"Auckland, NZ",Arena,FALSE,,,TRUE
David Byrne,David Byrne Expands North American & European Tour Dates,https://news.pollstar.com/2025/12/08/david-byrne-expands-north-american-european-tour-dates/,2025-12-08,2026-01-14,2026-07-14,Brisbane Entertainment Center,"Brisbane, AUS",Arena,FALSE,,,TRUE
David Byrne,David Byrne Expands North American & European Tour Dates,https://news.pollstar.com/2025/12/08/david-byrne-expands-north-american-european-tour-dates/,2025-12-08,2026-01-14,2026-07-14,ICC Sydney Theatre,"Sydney, AUS",Theater,FALSE,,,TRUE
David Byrne,David Byrne Expands North American & European Tour Dates,https://news.pollstar.com/2025/12/08/david-byrne-expands-north-american-european-tour-dates/,2025-12-08,2026-01-14,2026-07-14,Sidney Myer Music Bowl,"Melbourne, AUS",Amphitheater,LYV,,,TRUE
David Byrne,David Byrne Expands North American & European Tour Dates,https://news.pollstar.com/2025/12/08/david-byrne-expands-north-american-european-tour-dates/,2025-12-08,2026-01-14,2026-07-14,Adelaide Entertainment Centre Arena,"Adelaide, AUS",Arena,FALSE,,,TRUE
David Byrne,David Byrne Expands North American & European Tour Dates,https://news.pollstar.com/2025/12/08/david-byrne-expands-north-american-european-tour-dates/,2025-12-08,2026-01-14,2026-07-14,RAC Arena,"Perth, AUS",Arena,FALSE,,,TRUE
David Byrne,David Byrne Expands North American & European Tour Dates,https://news.pollstar.com/2025/12/08/david-byrne-expands-north-american-european-tour-dates/,2025-12-08,2026-01-14,2026-07-14,Big Ears Festival,"Knoxville, TN",Other,FALSE,,,TRUE
David Byrne,David Byrne Expands North American & European Tour Dates,https://news.pollstar.com/2025/12/08/david-byrne-expands-north-american-european-tour-dates/,2025-12-08,2026-01-14,2026-07-14,Big Ears Festival,"Knoxville, TN",Other,FALSE,,,TRUE
David Byrne,David Byrne Expands North American & European Tour Dates,https://news.pollstar.com/2025/12/08/david-byrne-expands-north-american-european-tour-dates/,2025-12-08,2026-01-14,2026-07-14,Queen Elizabeth Theatre,"Vancouver, BC",Theater,FALSE,,,TRUE
David Byrne,David Byrne Expands North American & European Tour Dates,https://news.pollstar.com/2025/12/08/david-byrne-expands-north-american-european-tour-dates/,2025-12-08,2026-01-14,2026-07-14,Queen Elizabeth Theatre,"Vancouver, BC",Theater,FALSE,,,TRUE
David Byrne,David Byrne Expands North American & European Tour Dates,https://news.pollstar.com/2025/12/08/david-byrne-expands-north-american-european-tour-dates/,2025-12-08,2026-01-14,2026-07-14,Keller Auditorium,"Portland, OR",Theater,FALSE,,,TRUE
David Byrne,David Byrne Expands North American & European Tour Dates,https://news.pollstar.com/2025/12/08/david-byrne-expands-north-american-european-tour-dates/,2025-12-08,2026-01-14,2026-07-14,Keller Auditorium,"Portland, OR",Theater,FALSE,,,TRUE
David Byrne,David Byrne Expands North American & European Tour Dates,https://news.pollstar.com/2025/12/08/david-byrne-expands-north-american-european-tour-dates/,2025-12-08,2026-01-14,2026-07-14,Coachella Valley Music & Arts Festival,"Indio, CA",Amphitheater,LYV,,,TRUE
David Byrne,David Byrne Expands North American & European Tour Dates,https://news.pollstar.com/2025/12/08/david-byrne-expands-north-american-european-tour-dates/,2025-12-08,2026-01-14,2026-07-14,Santa Barbara Bowl,"Santa Barbara, CA",Amphitheater,LYV,,,TRUE
David Byrne,David Byrne Expands North American & European Tour Dates,https://news.pollstar.com/2025/12/08/david-byrne-expands-north-american-european-tour-dates/,2025-12-08,2026-01-14,2026-07-14,Frost Amphitheater,"Stanford, CA",Theater,FALSE,,,TRUE
David Byrne,David Byrne Expands North American & European Tour Dates,https://news.pollstar.com/2025/12/08/david-byrne-expands-north-american-european-tour-dates/,2025-12-08,2026-01-14,2026-07-14,Coachella Valley Music & Arts Festival,"Indio, CA",Amphitheater,LYV,,,TRUE
David Byrne,David Byrne Expands North American & European Tour Dates,https://news.pollstar.com/2025/12/08/david-byrne-expands-north-american-european-tour-dates/,2025-12-08,2026-01-14,2026-07-14,The Colosseum Theater at Ceasars Palace,"Las Vegas, NV",Theater,FALSE,,,TRUE
David Byrne,David Byrne Expands North American & European Tour Dates,https://news.pollstar.com/2025/12/08/david-byrne-expands-north-american-european-tour-dates/,2025-12-08,2026-01-14,2026-07-14,Arizona Financial Theatre,"Phoenix, AZ",Theater,LYV,,,TRUE
David Byrne,David Byrne Expands North American & European Tour Dates,https://news.pollstar.com/2025/12/08/david-byrne-expands-north-american-european-tour-dates/,2025-12-08,2026-01-14,2026-07-14,Smart Financial Centre,"Houston, TX",Theater,FALSE,,,TRUE
David Byrne,David Byrne Expands North American & European Tour Dates,https://news.pollstar.com/2025/12/08/david-byrne-expands-north-american-european-tour-dates/,2025-12-08,2026-01-14,2026-07-14,Stifel Theatre,"St. Louis, MO",Theater,FALSE,,,TRUE
David Byrne,David Byrne Expands North American & European Tour Dates,https://news.pollstar.com/2025/12/08/david-byrne-expands-north-american-european-tour-dates/,2025-12-08,2026-01-14,2026-07-14,Stifel Theatre,"St. Louis, MO",Theater,FALSE,,,TRUE
David Byrne,David Byrne Expands North American & European Tour Dates,https://news.pollstar.com/2025/12/08/david-byrne-expands-north-american-european-tour-dates/,2025-12-08,2026-01-14,2026-07-14,Murat Theatre,"Indianapolis, IN",Theater,FALSE,,,TRUE
David Byrne,David Byrne Expands North American & European Tour Dates,https://news.pollstar.com/2025/12/08/david-byrne-expands-north-american-european-tour-dates/,2025-12-08,2026-01-14,2026-07-14,Murat Theatre,"Indianapolis, IN",Theater,FALSE,,,TRUE
David Byrne,David Byrne Expands North American & European Tour Dates,https://news.pollstar.com/2025/12/08/david-byrne-expands-north-american-european-tour-dates/,2025-12-08,2026-01-14,2026-07-14,Miller High Life Theatre,"Milwaukee, WI",Theater,FALSE,,,TRUE
David Byrne,David Byrne Expands North American & European Tour Dates,https://news.pollstar.com/2025/12/08/david-byrne-expands-north-american-european-tour-dates/,2025-12-08,2026-01-14,2026-07-14,Starlight Theatre,"Kansas City, MO",Theater,FALSE,,,TRUE
David Byrne,David Byrne Expands North American & European Tour Dates,https://news.pollstar.com/2025/12/08/david-byrne-expands-north-american-european-tour-dates/,2025-12-08,2026-01-14,2026-07-14,"Playhouse Square, KeyBank State Theatre","Cleveland, OH",Theater,FALSE,,,TRUE
David Byrne,David Byrne Expands North American & European Tour Dates,https://news.pollstar.com/2025/12/08/david-byrne-expands-north-american-european-tour-dates/,2025-12-08,2026-01-14,2026-07-14,Ascend Amphitheater,"Nashville, TN",Amphitheater,LYV,,,TRUE
David Byrne,David Byrne Expands North American & European Tour Dates,https://news.pollstar.com/2025/12/08/david-byrne-expands-north-american-european-tour-dates/,2025-12-08,2026-01-14,2026-07-14,Durham Performing Arts Center,"Durham, NC",Other,FALSE,,,TRUE
David Byrne,David Byrne Expands North American & European Tour Dates,https://news.pollstar.com/2025/12/08/david-byrne-expands-north-american-european-tour-dates/,2025-12-08,2026-01-14,2026-07-14,The Dome,"Virginia Beach, VA",Arena,FALSE,,,TRUE
David Byrne,David Byrne Expands North American & European Tour Dates,https://news.pollstar.com/2025/12/08/david-byrne-expands-north-american-european-tour-dates/,2025-12-08,2026-01-14,2026-07-14,Hartford HealthCare Amphitheater,"Bridgeport, CT",Amphitheater,LYV,,,TRUE
David Byrne,David Byrne Expands North American & European Tour Dates,https://news.pollstar.com/2025/12/08/david-byrne-expands-north-american-european-tour-dates/,2025-12-08,2026-01-14,2026-07-14,Hippodrome Theatre,"Baltimore, MD",Theater,FALSE,,,TRUE
David Byrne,David Byrne Expands North American & European Tour Dates,https://news.pollstar.com/2025/12/08/david-byrne-expands-north-american-european-tour-dates/,2025-12-08,2026-01-14,2026-07-14,Hippodrome Theatre,"Baltimore, MD",Theater,FALSE,,,TRUE
David Byrne,David Byrne Expands North American & European Tour Dates,https://news.pollstar.com/2025/12/08/david-byrne-expands-north-american-european-tour-dates/,2025-12-08,2026-01-14,2026-07-14,"Berlin, Germany",Tempodrom,Other,FALSE,,,TRUE
David Byrne,David Byrne Expands North American & European Tour Dates,https://news.pollstar.com/2025/12/08/david-byrne-expands-north-american-european-tour-dates/,2025-12-08,2026-01-14,2026-07-14,"Amsterdam, Netherlands",AFAS Live,Other,FALSE,,,TRUE
David Byrne,David Byrne Expands North American & European Tour Dates,https://news.pollstar.com/2025/12/08/david-byrne-expands-north-american-european-tour-dates/,2025-12-08,2026-01-14,2026-07-14,"Amsterdam, Netherlands",AFAS Live,Other,FALSE,,,TRUE
David Byrne,David Byrne Expands North American & European Tour Dates,https://news.pollstar.com/2025/12/08/david-byrne-expands-north-american-european-tour-dates/,2025-12-08,2026-01-14,2026-07-14,"Brussels, Belgium",Forest National,Other,FALSE,,,TRUE
David Byrne,David Byrne Expands North American & European Tour Dates,https://news.pollstar.com/2025/12/08/david-byrne-expands-north-american-european-tour-dates/,2025-12-08,2026-01-14,2026-07-14,"Milan, Italy",Teatro degli Arcimboldi,Other,FALSE,,,TRUE
David Byrne,David Byrne Expands North American & European Tour Dates,https://news.pollstar.com/2025/12/08/david-byrne-expands-north-american-european-tour-dates/,2025-12-08,2026-01-14,2026-07-14,"Milan, Italy",Teatro delgi Arcimboldi,Other,FALSE,,,TRUE
David Byrne,David Byrne Expands North American & European Tour Dates,https://news.pollstar.com/2025/12/08/david-byrne-expands-north-american-european-tour-dates/,2025-12-08,2026-01-14,2026-07-14,"Frankfurt, Germany",Jahrhunderthalle,Other,FALSE,,,TRUE
David Byrne,David Byrne Expands North American & European Tour Dates,https://news.pollstar.com/2025/12/08/david-byrne-expands-north-american-european-tour-dates/,2025-12-08,2026-01-14,2026-07-14,"Esch-sur-Alzette, Luxembourg",Rockhal Maini Hall,Other,FALSE,,,TRUE
David Byrne,David Byrne Expands North American & European Tour Dates,https://news.pollstar.com/2025/12/08/david-byrne-expands-north-american-european-tour-dates/,2025-12-08,2026-01-14,2026-07-14,"Zurich, Switzerland",The Hall,Other,FALSE,,,TRUE
David Byrne,David Byrne Expands North American & European Tour Dates,https://news.pollstar.com/2025/12/08/david-byrne-expands-north-american-european-tour-dates/,2025-12-08,2026-01-14,2026-07-14,Utilita Arena,"Cardiff, UK",Arena,FALSE,,,TRUE
David Byrne,David Byrne Expands North American & European Tour Dates,https://news.pollstar.com/2025/12/08/david-byrne-expands-north-american-european-tour-dates/,2025-12-08,2026-01-14,2026-07-14,Eventim Apollo,"London, UK",Theater,FALSE,,,TRUE
David Byrne,David Byrne Expands North American & European Tour Dates,https://news.pollstar.com/2025/12/08/david-byrne-expands-north-american-european-tour-dates/,2025-12-08,2026-01-14,2026-07-14,Eventim Apollo,"London, UK",Theater,FALSE,,,TRUE
David Byrne,David Byrne Expands North American & European Tour Dates,https://news.pollstar.com/2025/12/08/david-byrne-expands-north-american-european-tour-dates/,2025-12-08,2026-01-14,2026-07-14,SEC Armadillo,"Glasgow, UK",Other,FALSE,,,TRUE
David Byrne,David Byrne Expands North American & European Tour Dates,https://news.pollstar.com/2025/12/08/david-byrne-expands-north-american-european-tour-dates/,2025-12-08,2026-01-14,2026-07-14,SEC Armadillo,"Glasgow, UK",Other,FALSE,,,TRUE
David Byrne,David Byrne Expands North American & European Tour Dates,https://news.pollstar.com/2025/12/08/david-byrne-expands-north-american-european-tour-dates/,2025-12-08,2026-01-14,2026-07-14,O2 Apollo,"Manchester, UK",Theater,LYV,,,TRUE
David Byrne,David Byrne Expands North American & European Tour Dates,https://news.pollstar.com/2025/12/08/david-byrne-expands-north-american-european-tour-dates/,2025-12-08,2026-01-14,2026-07-14,O2 Apollo,"Manchester, UK",Theater,LYV,,,TRUE
David Byrne,David Byrne Expands North American & European Tour Dates,https://news.pollstar.com/2025/12/08/david-byrne-expands-north-american-european-tour-dates/,2025-12-08,2026-01-14,2026-07-14,O2 Apollo,"Manchester, UK",Theater,LYV,,,TRUE
David Byrne,David Byrne Expands North American & European Tour Dates,https://news.pollstar.com/2025/12/08/david-byrne-expands-north-american-european-tour-dates/,2025-12-08,2026-01-14,2026-07-14,3Arena,"Dublin, Ireland",Arena,LYV,,,TRUE
David Byrne,David Byrne Expands North American & European Tour Dates,https://news.pollstar.com/2025/12/08/david-byrne-expands-north-american-european-tour-dates/,2025-12-08,2026-01-14,2026-07-14,Eventim Apollo,"London, UK",Theater,FALSE,,,TRUE
David Byrne,David Byrne Expands North American & European Tour Dates,https://news.pollstar.com/2025/12/08/david-byrne-expands-north-american-european-tour-dates/,2025-12-08,2026-01-14,2026-07-14,Eventim Apollo,"London, UK",Theater,FALSE,,,TRUE
David Byrne,David Byrne Expands North American & European Tour Dates,https://news.pollstar.com/2025/12/08/david-byrne-expands-north-american-european-tour-dates/,2025-12-08,2026-01-14,2026-07-14,"Paris, France",La Seine Musicale,Other,FALSE,,,TRUE
David Byrne,David Byrne Expands North American & European Tour Dates,https://news.pollstar.com/2025/12/08/david-byrne-expands-north-american-european-tour-dates/,2025-12-08,2026-01-14,2026-07-14,"Paris, France",La Siene Musicale,Other,FALSE,,,TRUE
David Byrne,David Byrne Expands North American & European Tour Dates,https://news.pollstar.com/2025/12/08/david-byrne-expands-north-american-european-tour-dates/,2025-12-08,2026-01-14,2026-07-14,"Oslo, Norway",Piknik i Parken,Other,FALSE,,,TRUE
David Byrne,David Byrne Expands North American & European Tour Dates,https://news.pollstar.com/2025/12/08/david-byrne-expands-north-american-european-tour-dates/,2025-12-08,2026-01-14,2026-07-14,"Prague, Czech Republic",O2 Universum,Other,FALSE,,,TRUE
David Byrne,David Byrne Expands North American & European Tour Dates,https://news.pollstar.com/2025/12/08/david-byrne-expands-north-american-european-tour-dates/,2025-12-08,2026-01-14,2026-07-14,"Budapest, Hungary",Budapest Arena,Other,FALSE,,,TRUE
David Byrne,David Byrne Expands North American & European Tour Dates,https://news.pollstar.com/2025/12/08/david-byrne-expands-north-american-european-tour-dates/,2025-12-08,2026-01-14,2026-07-14,"Athens, Greece",Release Athens x SNF Nests,Other,FALSE,,,TRUE
David Byrne,David Byrne Expands North American & European Tour Dates,https://news.pollstar.com/2025/12/08/david-byrne-expands-north-american-european-tour-dates/,2025-12-08,2026-01-14,2026-07-14,"Bari, Italy",Fiera del Levante,Other,FALSE,,,TRUE
David Byrne,David Byrne Expands North American & European Tour Dates,https://news.pollstar.com/2025/12/08/david-byrne-expands-north-american-european-tour-dates/,2025-12-08,2026-01-14,2026-07-14,"Lucca, Italy",Lucca Summer Festival,Other,FALSE,,,TRUE
David Byrne,David Byrne Expands North American & European Tour Dates,https://news.pollstar.com/2025/12/08/david-byrne-expands-north-american-european-tour-dates/,2025-12-08,2026-01-14,2026-07-14,"Pula, Croatia",Arena Pula,Other,FALSE,,,TRUE
David Byrne,David Byrne Expands North American & European Tour Dates,https://news.pollstar.com/2025/12/08/david-byrne-expands-north-american-european-tour-dates/,2025-12-08,2026-01-14,2026-07-14,"Gdynia, Poland",Open’er Festival,Other,FALSE,,,TRUE
David Byrne,David Byrne Expands North American & European Tour Dates,https://news.pollstar.com/2025/12/08/david-byrne-expands-north-american-european-tour-dates/,2025-12-08,2026-01-14,2026-07-14,"Roskilde, Denmark",Roskilde Festival,Other,FALSE,,,TRUE
David Byrne,David Byrne Expands North American & European Tour Dates,https://news.pollstar.com/2025/12/08/david-byrne-expands-north-american-european-tour-dates/,2025-12-08,2026-01-14,2026-07-14,"Beuningen, Holland",Down The Rabbit Hole,Other,FALSE,,,TRUE
David Byrne,David Byrne Expands North American & European Tour Dates,https://news.pollstar.com/2025/12/08/david-byrne-expands-north-american-european-tour-dates/,2025-12-08,2026-01-14,2026-07-14,"Barcelona, Spain",Cruïla Festival,Other,FALSE,,,TRUE
David Byrne,David Byrne Expands North American & European Tour Dates,https://news.pollstar.com/2025/12/08/david-byrne-expands-north-american-european-tour-dates/,2025-12-08,2026-01-14,2026-07-14,"Madrid, Spain",Mad Cool Festival,Other,FALSE,,,TRUE
David Byrne,David Byrne Expands North American & European Tour Dates,https://news.pollstar.com/2025/12/08/david-byrne-expands-north-american-european-tour-dates/,2025-12-08,2026-01-14,2026-07-14,"Cascais, Portugal",Ageas Cooljazz Festival,Other,FALSE,,,TRUE
Treaty Oak Revival,Treaty Oak Revival Announces 25-City U.S. Headline Tour,https://news.pollstar.com/2025/12/05/treaty-oak-revival-announces-25-city-u-s-headline-tour/,2025-12-05,2026-12-05,2027-08-08,Brooklyn Bowl Las Vegas,"Las Vegas, NV",Club,LYV,,,TRUE
Treaty Oak Revival,Treaty Oak Revival Announces 25-City U.S. Headline Tour,https://news.pollstar.com/2025/12/05/treaty-oak-revival-announces-25-city-u-s-headline-tour/,2025-12-05,2026-12-05,2027-08-08,Ector County Coliseum,"Odessa, TX",Other,FALSE,,,TRUE
Treaty Oak Revival,Treaty Oak Revival Announces 25-City U.S. Headline Tour,https://news.pollstar.com/2025/12/05/treaty-oak-revival-announces-25-city-u-s-headline-tour/,2025-12-05,2026-12-05,2027-08-08,Heritage Hall,"Ardmore, OK",Other,FALSE,,,TRUE
Treaty Oak Revival,Treaty Oak Revival Announces 25-City U.S. Headline Tour,https://news.pollstar.com/2025/12/05/treaty-oak-revival-announces-25-city-u-s-headline-tour/,2025-12-05,2026-12-05,2027-08-08,Cook’s Garage,"Lubbock, TX",Other,FALSE,,,TRUE
Treaty Oak Revival,Treaty Oak Revival Announces 25-City U.S. Headline Tour,https://news.pollstar.com/2025/12/05/treaty-oak-revival-announces-25-city-u-s-headline-tour/,2025-12-05,2026-12-05,2027-08-08,Cook’s Garage,"Lubbock, TX",Other,FALSE,,,TRUE
Treaty Oak Revival,Treaty Oak Revival Announces 25-City U.S. Headline Tour,https://news.pollstar.com/2025/12/05/treaty-oak-revival-announces-25-city-u-s-headline-tour/,2025-12-05,2026-12-05,2027-08-08,Paycom Center,"Oklahoma City, OK",Arena,FALSE,,,TRUE
Treaty Oak Revival,Treaty Oak Revival Announces 25-City U.S. Headline Tour,https://news.pollstar.com/2025/12/05/treaty-oak-revival-announces-25-city-u-s-headline-tour/,2025-12-05,2026-12-05,2027-08-08,Dickies Arena,"Fort Worth, TX",Arena,FALSE,,,TRUE
Treaty Oak Revival,Treaty Oak Revival Announces 25-City U.S. Headline Tour,https://news.pollstar.com/2025/12/05/treaty-oak-revival-announces-25-city-u-s-headline-tour/,2025-12-05,2026-12-05,2027-08-08,Toyota Center,"Houston, TX",Arena,FALSE,,,TRUE
Treaty Oak Revival,Treaty Oak Revival Announces 25-City U.S. Headline Tour,https://news.pollstar.com/2025/12/05/treaty-oak-revival-announces-25-city-u-s-headline-tour/,2025-12-05,2026-12-05,2027-08-08,DCU Center !,"Worcester, MA",Other,FALSE,,,TRUE
Treaty Oak Revival,Treaty Oak Revival Announces 25-City U.S. Headline Tour,https://news.pollstar.com/2025/12/05/treaty-oak-revival-announces-25-city-u-s-headline-tour/,2025-12-05,2026-12-05,2027-08-08,Hard Rock Live at Etess Arena !,"Atlantic City, NJ",Theater,FALSE,,,TRUE
Treaty Oak Revival,Treaty Oak Revival Announces 25-City U.S. Headline Tour,https://news.pollstar.com/2025/12/05/treaty-oak-revival-announces-25-city-u-s-headline-tour/,2025-12-05,2026-12-05,2027-08-08,Bryce Jordan Center !,"State College, PA",Arena,FALSE,,,TRUE
Treaty Oak Revival,Treaty Oak Revival Announces 25-City U.S. Headline Tour,https://news.pollstar.com/2025/12/05/treaty-oak-revival-announces-25-city-u-s-headline-tour/,2025-12-05,2026-12-05,2027-08-08,CFG Bank Arena !,"Baltimore, MD",Arena,FALSE,,,TRUE
Treaty Oak Revival,Treaty Oak Revival Announces 25-City U.S. Headline Tour,https://news.pollstar.com/2025/12/05/treaty-oak-revival-announces-25-city-u-s-headline-tour/,2025-12-05,2026-12-05,2027-08-08,Charleston Coliseum !,"Charleston, WV",Arena,FALSE,,,TRUE
Treaty Oak Revival,Treaty Oak Revival Announces 25-City U.S. Headline Tour,https://news.pollstar.com/2025/12/05/treaty-oak-revival-announces-25-city-u-s-headline-tour/,2025-12-05,2026-12-05,2027-08-08,Colonial Life Arena !,"Columbia, SC",Arena,FALSE,,,TRUE
Treaty Oak Revival,Treaty Oak Revival Announces 25-City U.S. Headline Tour,https://news.pollstar.com/2025/12/05/treaty-oak-revival-announces-25-city-u-s-headline-tour/,2025-12-05,2026-12-05,2027-08-08,Schottenstein Center !,"Columbus, OH",Arena,FALSE,,,TRUE
Treaty Oak Revival,Treaty Oak Revival Announces 25-City U.S. Headline Tour,https://news.pollstar.com/2025/12/05/treaty-oak-revival-announces-25-city-u-s-headline-tour/,2025-12-05,2026-12-05,2027-08-08,Ford Center !,"Evansville, IN",Arena,FALSE,,,TRUE
Treaty Oak Revival,Treaty Oak Revival Announces 25-City U.S. Headline Tour,https://news.pollstar.com/2025/12/05/treaty-oak-revival-announces-25-city-u-s-headline-tour/,2025-12-05,2026-12-05,2027-08-08,Rupp Arena !,"Lexington, KY",Arena,FALSE,,,TRUE
Treaty Oak Revival,Treaty Oak Revival Announces 25-City U.S. Headline Tour,https://news.pollstar.com/2025/12/05/treaty-oak-revival-announces-25-city-u-s-headline-tour/,2025-12-05,2026-12-05,2027-08-08,Great Southern Bank Arena !,"Springfield, MO",Arena,FALSE,,,TRUE
Treaty Oak Revival,Treaty Oak Revival Announces 25-City U.S. Headline Tour,https://news.pollstar.com/2025/12/05/treaty-oak-revival-announces-25-city-u-s-headline-tour/,2025-12-05,2026-12-05,2027-08-08,Simmons Bank Arena !,"North Little Rock, AR",Arena,FALSE,,,TRUE
Treaty Oak Revival,Treaty Oak Revival Announces 25-City U.S. Headline Tour,https://news.pollstar.com/2025/12/05/treaty-oak-revival-announces-25-city-u-s-headline-tour/,2025-12-05,2026-12-05,2027-08-08,Brookshire Grocery Arena !,"Bossier City, LA",Arena,FALSE,,,TRUE
Treaty Oak Revival,Treaty Oak Revival Announces 25-City U.S. Headline Tour,https://news.pollstar.com/2025/12/05/treaty-oak-revival-announces-25-city-u-s-headline-tour/,2025-12-05,2026-12-05,2027-08-08,First Horizon Coliseum !,"Greensboro, NC",Arena,FALSE,,,TRUE
Treaty Oak Revival,Treaty Oak Revival Announces 25-City U.S. Headline Tour,https://news.pollstar.com/2025/12/05/treaty-oak-revival-announces-25-city-u-s-headline-tour/,2025-12-05,2026-12-05,2027-08-08,Food City Center !,"Knoxville, TN",Arena,FALSE,,,TRUE
Treaty Oak Revival,Treaty Oak Revival Announces 25-City U.S. Headline Tour,https://news.pollstar.com/2025/12/05/treaty-oak-revival-announces-25-city-u-s-headline-tour/,2025-12-05,2026-12-05,2027-08-08,Auburn Rodeo,"Opelika, AL",Other,FALSE,,,TRUE
Treaty Oak Revival,Treaty Oak Revival Announces 25-City U.S. Headline Tour,https://news.pollstar.com/2025/12/05/treaty-oak-revival-announces-25-city-u-s-headline-tour/,2025-12-05,2026-12-05,2027-08-08,Cattle Country Festival,"Gonzales, TX",Amphitheater,LYV,,,TRUE
Treaty Oak Revival,Treaty Oak Revival Announces 25-City U.S. Headline Tour,https://news.pollstar.com/2025/12/05/treaty-oak-revival-announces-25-city-u-s-headline-tour/,2025-12-05,2026-12-05,2027-08-08,Stagecoach 2026,"Indio, CA",Other,FALSE,,,TRUE
Treaty Oak Revival,Treaty Oak Revival Announces 25-City U.S. Headline Tour,https://news.pollstar.com/2025/12/05/treaty-oak-revival-announces-25-city-u-s-headline-tour/,2025-12-05,2026-12-05,2027-08-08,Golden 1 Center !,"Sacramento, CA",Arena,FALSE,,,TRUE
Treaty Oak Revival,Treaty Oak Revival Announces 25-City U.S. Headline Tour,https://news.pollstar.com/2025/12/05/treaty-oak-revival-announces-25-city-u-s-headline-tour/,2025-12-05,2026-12-05,2027-08-08,WAMU Theater !,"Seattle, WA",Theater,FALSE,,,TRUE
Treaty Oak Revival,Treaty Oak Revival Announces 25-City U.S. Headline Tour,https://news.pollstar.com/2025/12/05/treaty-oak-revival-announces-25-city-u-s-headline-tour/,2025-12-05,2026-12-05,2027-08-08,Numerica Veterans Arena !,"Spokane, WA",Arena,FALSE,,,TRUE
Treaty Oak Revival,Treaty Oak Revival Announces 25-City U.S. Headline Tour,https://news.pollstar.com/2025/12/05/treaty-oak-revival-announces-25-city-u-s-headline-tour/,2025-12-05,2026-12-05,2027-08-08,Veterans Memorial Coliseum !,"Portland, OR",Arena,FALSE,,,TRUE
Treaty Oak Revival,Treaty Oak Revival Announces 25-City U.S. Headline Tour,https://news.pollstar.com/2025/12/05/treaty-oak-revival-announces-25-city-u-s-headline-tour/,2025-12-05,2026-12-05,2027-08-08,BankPlus Amphitheater !,"Southaven, MS",Theater,FALSE,,,TRUE
Treaty Oak Revival,Treaty Oak Revival Announces 25-City U.S. Headline Tour,https://news.pollstar.com/2025/12/05/treaty-oak-revival-announces-25-city-u-s-headline-tour/,2025-12-05,2026-12-05,2027-08-08,Coca-Cola Amphitheater,"Birmingham, AL",Amphitheater,LYV,,,TRUE
Treaty Oak Revival,Treaty Oak Revival Announces 25-City U.S. Headline Tour,https://news.pollstar.com/2025/12/05/treaty-oak-revival-announces-25-city-u-s-headline-tour/,2025-12-05,2026-12-05,2027-08-08,Bridgestone Arena !,"Nashville, TN",Arena,FALSE,,,TRUE
Treaty Oak Revival,Treaty Oak Revival Announces 25-City U.S. Headline Tour,https://news.pollstar.com/2025/12/05/treaty-oak-revival-announces-25-city-u-s-headline-tour/,2025-12-05,2026-12-05,2027-08-08,Gulf Coast Jam 2026,"Panama City Beach, FL",Amphitheater,LYV,,,TRUE
Treaty Oak Revival,Treaty Oak Revival Announces 25-City U.S. Headline Tour,https://news.pollstar.com/2025/12/05/treaty-oak-revival-announces-25-city-u-s-headline-tour/,2025-12-05,2026-12-05,2027-08-08,Atrium Health Amphitheatre !,"Macon, GA",Amphitheater,FALSE,,,TRUE
Treaty Oak Revival,Treaty Oak Revival Announces 25-City U.S. Headline Tour,https://news.pollstar.com/2025/12/05/treaty-oak-revival-announces-25-city-u-s-headline-tour/,2025-12-05,2026-12-05,2027-08-08,The Country Fest 2026,"North Lawrence, OH",Amphitheater,LYV,,,TRUE
Treaty Oak Revival,Treaty Oak Revival Announces 25-City U.S. Headline Tour,https://news.pollstar.com/2025/12/05/treaty-oak-revival-announces-25-city-u-s-headline-tour/,2025-12-05,2026-12-05,2027-08-08,Tailgate N’ Tallboys 2026,"Bloomington, IL",Other,FALSE,,,TRUE
Treaty Oak Revival,Treaty Oak Revival Announces 25-City U.S. Headline Tour,https://news.pollstar.com/2025/12/05/treaty-oak-revival-announces-25-city-u-s-headline-tour/,2025-12-05,2026-12-05,2027-08-08,Country Stampede,"Bonner Springs, KS",Other,FALSE,,,TRUE
Treaty Oak Revival,Treaty Oak Revival Announces 25-City U.S. Headline Tour,https://news.pollstar.com/2025/12/05/treaty-oak-revival-announces-25-city-u-s-headline-tour/,2025-12-05,2026-12-05,2027-08-08,NEBRASKAland Days,"North Platte, NE",Other,FALSE,,,TRUE
Treaty Oak Revival,Treaty Oak Revival Announces 25-City U.S. Headline Tour,https://news.pollstar.com/2025/12/05/treaty-oak-revival-announces-25-city-u-s-headline-tour/,2025-12-05,2026-12-05,2027-08-08,Red Rocks Amphitheatre !,"Morrison, CO",Amphitheater,FALSE,,,TRUE
Treaty Oak Revival,Treaty Oak Revival Announces 25-City U.S. Headline Tour,https://news.pollstar.com/2025/12/05/treaty-oak-revival-announces-25-city-u-s-headline-tour/,2025-12-05,2026-12-05,2027-08-08,Windy City Smokeout,"Chicago, IL",Other,FALSE,,,TRUE
Treaty Oak Revival,Treaty Oak Revival Announces 25-City U.S. Headline Tour,https://news.pollstar.com/2025/12/05/treaty-oak-revival-announces-25-city-u-s-headline-tour/,2025-12-05,2026-12-05,2027-08-08,Pinnacle Bank Arena !,"Lincoln, NE",Theater,FALSE,,,TRUE
Treaty Oak Revival,Treaty Oak Revival Announces 25-City U.S. Headline Tour,https://news.pollstar.com/2025/12/05/treaty-oak-revival-announces-25-city-u-s-headline-tour/,2025-12-05,2026-12-05,2027-08-08,Cheyenne Frontier Days,"Cheyenne, WY",Other,FALSE,,,TRUE
Treaty Oak Revival,Treaty Oak Revival Announces 25-City U.S. Headline Tour,https://news.pollstar.com/2025/12/05/treaty-oak-revival-announces-25-city-u-s-headline-tour/,2025-12-05,2026-12-05,2027-08-08,Utah First Credit Union Amphitheatre,"Salt Lake City, UT",Amphitheater,LYV,,,TRUE
Treaty Oak Revival,Treaty Oak Revival Announces 25-City U.S. Headline Tour,https://news.pollstar.com/2025/12/05/treaty-oak-revival-announces-25-city-u-s-headline-tour/,2025-12-05,2026-12-05,2027-08-08,xRoads41,"Oshkosh, WI",Other,FALSE,,,TRUE
Megan Moroney,Megan Moroney Unveils Dates For 2026 Global ‘Cloud 9 Tour’,https://news.pollstar.com/2025/12/04/megan-moroney-unveils-dates-for-2026-global-cloud-9-tour/,2025-12-04,2025-05-29,2025-10-01,Schottenstein Center,"Columbus, OH",Arena,FALSE,,,TRUE
Megan Moroney,Megan Moroney Unveils Dates For 2026 Global ‘Cloud 9 Tour’,https://news.pollstar.com/2025/12/04/megan-moroney-unveils-dates-for-2026-global-cloud-9-tour/,2025-12-04,2025-05-29,2025-10-01,Gainbridge Fieldhouse,"Indianapolis, IN",Arena,FALSE,,,TRUE
Megan Moroney,Megan Moroney Unveils Dates For 2026 Global ‘Cloud 9 Tour’,https://news.pollstar.com/2025/12/04/megan-moroney-unveils-dates-for-2026-global-cloud-9-tour/,2025-12-04,2025-05-29,2025-10-01,United Center,"Chicago, IL",Arena,FALSE,,,TRUE
Megan Moroney,Megan Moroney Unveils Dates For 2026 Global ‘Cloud 9 Tour’,https://news.pollstar.com/2025/12/04/megan-moroney-unveils-dates-for-2026-global-cloud-9-tour/,2025-12-04,2025-05-29,2025-10-01,CFG Bank Arena,"Baltimore, MD",Arena,FALSE,,,TRUE
Megan Moroney,Megan Moroney Unveils Dates For 2026 Global ‘Cloud 9 Tour’,https://news.pollstar.com/2025/12/04/megan-moroney-unveils-dates-for-2026-global-cloud-9-tour/,2025-12-04,2025-05-29,2025-10-01,First Horizon Coliseum,"Greensboro, NC",Arena,FALSE,,,TRUE
Megan Moroney,Megan Moroney Unveils Dates For 2026 Global ‘Cloud 9 Tour’,https://news.pollstar.com/2025/12/04/megan-moroney-unveils-dates-for-2026-global-cloud-9-tour/,2025-12-04,2025-05-29,2025-10-01,State Farm Arena,"Atlanta, GA",Arena,FALSE,,,TRUE
Megan Moroney,Megan Moroney Unveils Dates For 2026 Global ‘Cloud 9 Tour’,https://news.pollstar.com/2025/12/04/megan-moroney-unveils-dates-for-2026-global-cloud-9-tour/,2025-12-04,2025-05-29,2025-10-01,KFC Yum! Center,"Louisville, KY",Arena,FALSE,,,TRUE
Megan Moroney,Megan Moroney Unveils Dates For 2026 Global ‘Cloud 9 Tour’,https://news.pollstar.com/2025/12/04/megan-moroney-unveils-dates-for-2026-global-cloud-9-tour/,2025-12-04,2025-05-29,2025-10-01,Enterprise Center,"St. Louis, MO",Arena,FALSE,,,TRUE
Megan Moroney,Megan Moroney Unveils Dates For 2026 Global ‘Cloud 9 Tour’,https://news.pollstar.com/2025/12/04/megan-moroney-unveils-dates-for-2026-global-cloud-9-tour/,2025-12-04,2025-05-29,2025-10-01,PPG Paints Arena,"Pittsburgh, PA",Arena,FALSE,,,TRUE
Megan Moroney,Megan Moroney Unveils Dates For 2026 Global ‘Cloud 9 Tour’,https://news.pollstar.com/2025/12/04/megan-moroney-unveils-dates-for-2026-global-cloud-9-tour/,2025-12-04,2025-05-29,2025-10-01,Summerfest,"Milwaukee, WI",Amphitheater,LYV,,,TRUE
Megan Moroney,Megan Moroney Unveils Dates For 2026 Global ‘Cloud 9 Tour’,https://news.pollstar.com/2025/12/04/megan-moroney-unveils-dates-for-2026-global-cloud-9-tour/,2025-12-04,2025-05-29,2025-10-01,Van Andel Arena,"Grand Rapids, MI",Arena,FALSE,,,TRUE
Megan Moroney,Megan Moroney Unveils Dates For 2026 Global ‘Cloud 9 Tour’,https://news.pollstar.com/2025/12/04/megan-moroney-unveils-dates-for-2026-global-cloud-9-tour/,2025-12-04,2025-05-29,2025-10-01,Scotiabank Arena,"Toronto, ON",Arena,FALSE,,,TRUE
Megan Moroney,Megan Moroney Unveils Dates For 2026 Global ‘Cloud 9 Tour’,https://news.pollstar.com/2025/12/04/megan-moroney-unveils-dates-for-2026-global-cloud-9-tour/,2025-12-04,2025-05-29,2025-10-01,TD Garden,"Boston, MA",Arena,FALSE,,,TRUE
Megan Moroney,Megan Moroney Unveils Dates For 2026 Global ‘Cloud 9 Tour’,https://news.pollstar.com/2025/12/04/megan-moroney-unveils-dates-for-2026-global-cloud-9-tour/,2025-12-04,2025-05-29,2025-10-01,Barclays Center,"Brooklyn, NY",Arena,FALSE,,,TRUE
Megan Moroney,Megan Moroney Unveils Dates For 2026 Global ‘Cloud 9 Tour’,https://news.pollstar.com/2025/12/04/megan-moroney-unveils-dates-for-2026-global-cloud-9-tour/,2025-12-04,2025-05-29,2025-10-01,Prudential Center,"Newark, NJ",Arena,FALSE,,,TRUE
Megan Moroney,Megan Moroney Unveils Dates For 2026 Global ‘Cloud 9 Tour’,https://news.pollstar.com/2025/12/04/megan-moroney-unveils-dates-for-2026-global-cloud-9-tour/,2025-12-04,2025-05-29,2025-10-01,Xfinity Mobile Arena,"Philadelphia, PA",Arena,FALSE,,,TRUE
Megan Moroney,Megan Moroney Unveils Dates For 2026 Global ‘Cloud 9 Tour’,https://news.pollstar.com/2025/12/04/megan-moroney-unveils-dates-for-2026-global-cloud-9-tour/,2025-12-04,2025-05-29,2025-10-01,Spectrum Center,"Charlotte, NC",Arena,FALSE,,,TRUE
Megan Moroney,Megan Moroney Unveils Dates For 2026 Global ‘Cloud 9 Tour’,https://news.pollstar.com/2025/12/04/megan-moroney-unveils-dates-for-2026-global-cloud-9-tour/,2025-12-04,2025-05-29,2025-10-01,Kia Center,"Orlando, FL",Arena,FALSE,,,TRUE
Megan Moroney,Megan Moroney Unveils Dates For 2026 Global ‘Cloud 9 Tour’,https://news.pollstar.com/2025/12/04/megan-moroney-unveils-dates-for-2026-global-cloud-9-tour/,2025-12-04,2025-05-29,2025-10-01,Benchmark International Arena,"Tampa, FL",Arena,FALSE,,,TRUE
Megan Moroney,Megan Moroney Unveils Dates For 2026 Global ‘Cloud 9 Tour’,https://news.pollstar.com/2025/12/04/megan-moroney-unveils-dates-for-2026-global-cloud-9-tour/,2025-12-04,2025-05-29,2025-10-01,Amerant Bank Arena,"Sunrise, FL",Arena,LYV,,,TRUE
Megan Moroney,Megan Moroney Unveils Dates For 2026 Global ‘Cloud 9 Tour’,https://news.pollstar.com/2025/12/04/megan-moroney-unveils-dates-for-2026-global-cloud-9-tour/,2025-12-04,2025-05-29,2025-10-01,Great Jones County Fair,"Monticello, IA",Other,FALSE,,,TRUE
Megan Moroney,Megan Moroney Unveils Dates For 2026 Global ‘Cloud 9 Tour’,https://news.pollstar.com/2025/12/04/megan-moroney-unveils-dates-for-2026-global-cloud-9-tour/,2025-12-04,2025-05-29,2025-10-01,Target Center,"Minneapolis, MN",Arena,FALSE,,,TRUE
Megan Moroney,Megan Moroney Unveils Dates For 2026 Global ‘Cloud 9 Tour’,https://news.pollstar.com/2025/12/04/megan-moroney-unveils-dates-for-2026-global-cloud-9-tour/,2025-12-04,2025-05-29,2025-10-01,Pinnacle Bank Arena,"Lincoln, NE",Theater,FALSE,,,TRUE
Megan Moroney,Megan Moroney Unveils Dates For 2026 Global ‘Cloud 9 Tour’,https://news.pollstar.com/2025/12/04/megan-moroney-unveils-dates-for-2026-global-cloud-9-tour/,2025-12-04,2025-05-29,2025-10-01,Ball Arena,"Denver, CO",Arena,FALSE,,,TRUE
Megan Moroney,Megan Moroney Unveils Dates For 2026 Global ‘Cloud 9 Tour’,https://news.pollstar.com/2025/12/04/megan-moroney-unveils-dates-for-2026-global-cloud-9-tour/,2025-12-04,2025-05-29,2025-10-01,Moda Center,"Portland, OR",Arena,FALSE,,,TRUE
Megan Moroney,Megan Moroney Unveils Dates For 2026 Global ‘Cloud 9 Tour’,https://news.pollstar.com/2025/12/04/megan-moroney-unveils-dates-for-2026-global-cloud-9-tour/,2025-12-04,2025-05-29,2025-10-01,Climate Pledge Arena,"Seattle, WA",Arena,FALSE,,,TRUE
Megan Moroney,Megan Moroney Unveils Dates For 2026 Global ‘Cloud 9 Tour’,https://news.pollstar.com/2025/12/04/megan-moroney-unveils-dates-for-2026-global-cloud-9-tour/,2025-12-04,2025-05-29,2025-10-01,Golden 1 Center,"Sacramento, CA",Arena,FALSE,,,TRUE
Megan Moroney,Megan Moroney Unveils Dates For 2026 Global ‘Cloud 9 Tour’,https://news.pollstar.com/2025/12/04/megan-moroney-unveils-dates-for-2026-global-cloud-9-tour/,2025-12-04,2025-05-29,2025-10-01,Crypto.com Arena,"Los Angeles, CA",Arena,FALSE,,,TRUE
Megan Moroney,Megan Moroney Unveils Dates For 2026 Global ‘Cloud 9 Tour’,https://news.pollstar.com/2025/12/04/megan-moroney-unveils-dates-for-2026-global-cloud-9-tour/,2025-12-04,2025-05-29,2025-10-01,Desert Diamond Arena,"Glendale, AZ",Arena,FALSE,,,TRUE
Megan Moroney,Megan Moroney Unveils Dates For 2026 Global ‘Cloud 9 Tour’,https://news.pollstar.com/2025/12/04/megan-moroney-unveils-dates-for-2026-global-cloud-9-tour/,2025-12-04,2025-05-29,2025-10-01,American Airlines Center,"Dallas, TX",Arena,FALSE,,,TRUE
Megan Moroney,Megan Moroney Unveils Dates For 2026 Global ‘Cloud 9 Tour’,https://news.pollstar.com/2025/12/04/megan-moroney-unveils-dates-for-2026-global-cloud-9-tour/,2025-12-04,2025-05-29,2025-10-01,BOK Center,"Tulsa, OK",Arena,FALSE,,,TRUE
Megan Moroney,Megan Moroney Unveils Dates For 2026 Global ‘Cloud 9 Tour’,https://news.pollstar.com/2025/12/04/megan-moroney-unveils-dates-for-2026-global-cloud-9-tour/,2025-12-04,2025-05-29,2025-10-01,T-Mobile Center,"Kansas City, MO",Arena,FALSE,,,TRUE
Megan Moroney,Megan Moroney Unveils Dates For 2026 Global ‘Cloud 9 Tour’,https://news.pollstar.com/2025/12/04/megan-moroney-unveils-dates-for-2026-global-cloud-9-tour/,2025-12-04,2025-05-29,2025-10-01,Little Caesars Arena,"Detroit, MI",Theater,FALSE,,,TRUE
Megan Moroney,Megan Moroney Unveils Dates For 2026 Global ‘Cloud 9 Tour’,https://news.pollstar.com/2025/12/04/megan-moroney-unveils-dates-for-2026-global-cloud-9-tour/,2025-12-04,2025-05-29,2025-10-01,Bridgestone Arena,"Nashville, TN",Arena,FALSE,,,TRUE
Megan Moroney,Megan Moroney Unveils Dates For 2026 Global ‘Cloud 9 Tour’,https://news.pollstar.com/2025/12/04/megan-moroney-unveils-dates-for-2026-global-cloud-9-tour/,2025-12-04,2025-05-29,2025-10-01,Sentrum Scene,"Oslo, NO",Club,FALSE,,,TRUE
Megan Moroney,Megan Moroney Unveils Dates For 2026 Global ‘Cloud 9 Tour’,https://news.pollstar.com/2025/12/04/megan-moroney-unveils-dates-for-2026-global-cloud-9-tour/,2025-12-04,2025-05-29,2025-10-01,Annexet,"Stockholm, SE",Arena,FALSE,,,TRUE
Megan Moroney,Megan Moroney Unveils Dates For 2026 Global ‘Cloud 9 Tour’,https://news.pollstar.com/2025/12/04/megan-moroney-unveils-dates-for-2026-global-cloud-9-tour/,2025-12-04,2025-05-29,2025-10-01,Carlswerk Victoria,"Cologne, DE",Club,FALSE,,,TRUE
Megan Moroney,Megan Moroney Unveils Dates For 2026 Global ‘Cloud 9 Tour’,https://news.pollstar.com/2025/12/04/megan-moroney-unveils-dates-for-2026-global-cloud-9-tour/,2025-12-04,2025-05-29,2025-10-01,013 Poppodium,"Tilburg, NL",Theater,FALSE,,,TRUE
Megan Moroney,Megan Moroney Unveils Dates For 2026 Global ‘Cloud 9 Tour’,https://news.pollstar.com/2025/12/04/megan-moroney-unveils-dates-for-2026-global-cloud-9-tour/,2025-12-04,2025-05-29,2025-10-01,Le Trianon,"Paris, FR",Auditorium,FALSE,,,TRUE
Megan Moroney,Megan Moroney Unveils Dates For 2026 Global ‘Cloud 9 Tour’,https://news.pollstar.com/2025/12/04/megan-moroney-unveils-dates-for-2026-global-cloud-9-tour/,2025-12-04,2025-05-29,2025-10-01,Eventim Apollo,"London, UK",Theater,FALSE,,,TRUE
Megan Moroney,Megan Moroney Unveils Dates For 2026 Global ‘Cloud 9 Tour’,https://news.pollstar.com/2025/12/04/megan-moroney-unveils-dates-for-2026-global-cloud-9-tour/,2025-12-04,2025-05-29,2025-10-01,O2 Apollo,"Manchester, UK",Theater,LYV,,,TRUE
Megan Moroney,Megan Moroney Unveils Dates For 2026 Global ‘Cloud 9 Tour’,https://news.pollstar.com/2025/12/04/megan-moroney-unveils-dates-for-2026-global-cloud-9-tour/,2025-12-04,2025-05-29,2025-10-01,O2 Academy,"Glasgow, UK",Theater,LYV,,,TRUE
Megan Moroney,Megan Moroney Unveils Dates For 2026 Global ‘Cloud 9 Tour’,https://news.pollstar.com/2025/12/04/megan-moroney-unveils-dates-for-2026-global-cloud-9-tour/,2025-12-04,2025-05-29,2025-10-01,SSE Arena,"Belfast, UK",Arena,FALSE,,,TRUE
Rosalía Schedules Biggest Headline Run To Date With ‘Lux Tour 2026’,Rosalía Schedules Biggest Headline Run To Date With ‘Lux Tour 2026’,https://news.pollstar.com/2025/12/04/rosalia-schedules-biggest-headline-run-to-date-with-lux-tour-2026/,2025-12-04,2026-03-16,2026-09-03,LDLC Arena,"Lyon, FR",Arena,FALSE,,,TRUE
Rosalía Schedules Biggest Headline Run To Date With ‘Lux Tour 2026’,Rosalía Schedules Biggest Headline Run To Date With ‘Lux Tour 2026’,https://news.pollstar.com/2025/12/04/rosalia-schedules-biggest-headline-run-to-date-with-lux-tour-2026/,2025-12-04,2026-03-16,2026-09-03,Accor Arena,"Paris, FR",Arena,FALSE,,,TRUE
Rosalía Schedules Biggest Headline Run To Date With ‘Lux Tour 2026’,Rosalía Schedules Biggest Headline Run To Date With ‘Lux Tour 2026’,https://news.pollstar.com/2025/12/04/rosalia-schedules-biggest-headline-run-to-date-with-lux-tour-2026/,2025-12-04,2026-03-16,2026-09-03,Accor Arena,"Paris, FR",Arena,FALSE,,,TRUE
Rosalía Schedules Biggest Headline Run To Date With ‘Lux Tour 2026’,Rosalía Schedules Biggest Headline Run To Date With ‘Lux Tour 2026’,https://news.pollstar.com/2025/12/04/rosalia-schedules-biggest-headline-run-to-date-with-lux-tour-2026/,2025-12-04,2026-03-16,2026-09-03,Hallenstadion,"Zurich, CH",Arena,FALSE,,,TRUE
Rosalía Schedules Biggest Headline Run To Date With ‘Lux Tour 2026’,Rosalía Schedules Biggest Headline Run To Date With ‘Lux Tour 2026’,https://news.pollstar.com/2025/12/04/rosalia-schedules-biggest-headline-run-to-date-with-lux-tour-2026/,2025-12-04,2026-03-16,2026-09-03,Unipol Forum,"Milan, IT",Arena,FALSE,,,TRUE
Rosalía Schedules Biggest Headline Run To Date With ‘Lux Tour 2026’,Rosalía Schedules Biggest Headline Run To Date With ‘Lux Tour 2026’,https://news.pollstar.com/2025/12/04/rosalia-schedules-biggest-headline-run-to-date-with-lux-tour-2026/,2025-12-04,2026-03-16,2026-09-03,Movistar Arena,"Madrid, ES",Arena,FALSE,,,TRUE
Rosalía Schedules Biggest Headline Run To Date With ‘Lux Tour 2026’,Rosalía Schedules Biggest Headline Run To Date With ‘Lux Tour 2026’,https://news.pollstar.com/2025/12/04/rosalia-schedules-biggest-headline-run-to-date-with-lux-tour-2026/,2025-12-04,2026-03-16,2026-09-03,Movistar Arena,"Madrid, ES",Arena,FALSE,,,TRUE
Rosalía Schedules Biggest Headline Run To Date With ‘Lux Tour 2026’,Rosalía Schedules Biggest Headline Run To Date With ‘Lux Tour 2026’,https://news.pollstar.com/2025/12/04/rosalia-schedules-biggest-headline-run-to-date-with-lux-tour-2026/,2025-12-04,2026-03-16,2026-09-03,Movistar Arena,"Madrid, ES",Arena,FALSE,,,TRUE
Rosalía Schedules Biggest Headline Run To Date With ‘Lux Tour 2026’,Rosalía Schedules Biggest Headline Run To Date With ‘Lux Tour 2026’,https://news.pollstar.com/2025/12/04/rosalia-schedules-biggest-headline-run-to-date-with-lux-tour-2026/,2025-12-04,2026-03-16,2026-09-03,Movistar Arena,"Madrid, ES",Arena,FALSE,,,TRUE
Rosalía Schedules Biggest Headline Run To Date With ‘Lux Tour 2026’,Rosalía Schedules Biggest Headline Run To Date With ‘Lux Tour 2026’,https://news.pollstar.com/2025/12/04/rosalia-schedules-biggest-headline-run-to-date-with-lux-tour-2026/,2025-12-04,2026-03-16,2026-09-03,MEO Arena,"Lisbon, PT",Arena,LYV,,,TRUE
Rosalía Schedules Biggest Headline Run To Date With ‘Lux Tour 2026’,Rosalía Schedules Biggest Headline Run To Date With ‘Lux Tour 2026’,https://news.pollstar.com/2025/12/04/rosalia-schedules-biggest-headline-run-to-date-with-lux-tour-2026/,2025-12-04,2026-03-16,2026-09-03,MEO Arena,"Lisbon, PT",Arena,LYV,,,TRUE
Rosalía Schedules Biggest Headline Run To Date With ‘Lux Tour 2026’,Rosalía Schedules Biggest Headline Run To Date With ‘Lux Tour 2026’,https://news.pollstar.com/2025/12/04/rosalia-schedules-biggest-headline-run-to-date-with-lux-tour-2026/,2025-12-04,2026-03-16,2026-09-03,Palau Sant Jordi,"Barcelona, ES",Arena,FALSE,,,TRUE
Rosalía Schedules Biggest Headline Run To Date With ‘Lux Tour 2026’,Rosalía Schedules Biggest Headline Run To Date With ‘Lux Tour 2026’,https://news.pollstar.com/2025/12/04/rosalia-schedules-biggest-headline-run-to-date-with-lux-tour-2026/,2025-12-04,2026-03-16,2026-09-03,Palau Sant Jordi,"Barcelona, ES",Arena,FALSE,,,TRUE
Rosalía Schedules Biggest Headline Run To Date With ‘Lux Tour 2026’,Rosalía Schedules Biggest Headline Run To Date With ‘Lux Tour 2026’,https://news.pollstar.com/2025/12/04/rosalia-schedules-biggest-headline-run-to-date-with-lux-tour-2026/,2025-12-04,2026-03-16,2026-09-03,Palau Sant Jordi,"Barcelona, ES",Arena,FALSE,,,TRUE
Rosalía Schedules Biggest Headline Run To Date With ‘Lux Tour 2026’,Rosalía Schedules Biggest Headline Run To Date With ‘Lux Tour 2026’,https://news.pollstar.com/2025/12/04/rosalia-schedules-biggest-headline-run-to-date-with-lux-tour-2026/,2025-12-04,2026-03-16,2026-09-03,Palau Sant Jordi,"Barcelona, ES",Arena,FALSE,,,TRUE
Rosalía Schedules Biggest Headline Run To Date With ‘Lux Tour 2026’,Rosalía Schedules Biggest Headline Run To Date With ‘Lux Tour 2026’,https://news.pollstar.com/2025/12/04/rosalia-schedules-biggest-headline-run-to-date-with-lux-tour-2026/,2025-12-04,2026-03-16,2026-09-03,Ziggo Dome,"Amsterdam, NL",Arena,FALSE,,,TRUE
Rosalía Schedules Biggest Headline Run To Date With ‘Lux Tour 2026’,Rosalía Schedules Biggest Headline Run To Date With ‘Lux Tour 2026’,https://news.pollstar.com/2025/12/04/rosalia-schedules-biggest-headline-run-to-date-with-lux-tour-2026/,2025-12-04,2026-03-16,2026-09-03,AFAS Dome,"Antwerp, BE",Arena,FALSE,,,TRUE
Rosalía Schedules Biggest Headline Run To Date With ‘Lux Tour 2026’,Rosalía Schedules Biggest Headline Run To Date With ‘Lux Tour 2026’,https://news.pollstar.com/2025/12/04/rosalia-schedules-biggest-headline-run-to-date-with-lux-tour-2026/,2025-12-04,2026-03-16,2026-09-03,Lanxess Arena,"Cologne, DE",Arena,FALSE,,,TRUE
Rosalía Schedules Biggest Headline Run To Date With ‘Lux Tour 2026’,Rosalía Schedules Biggest Headline Run To Date With ‘Lux Tour 2026’,https://news.pollstar.com/2025/12/04/rosalia-schedules-biggest-headline-run-to-date-with-lux-tour-2026/,2025-12-04,2026-03-16,2026-09-03,Uber Arena,"Berlin, DE",Arena,FALSE,,,TRUE
Rosalía Schedules Biggest Headline Run To Date With ‘Lux Tour 2026’,Rosalía Schedules Biggest Headline Run To Date With ‘Lux Tour 2026’,https://news.pollstar.com/2025/12/04/rosalia-schedules-biggest-headline-run-to-date-with-lux-tour-2026/,2025-12-04,2026-03-16,2026-09-03,The O2,"London, UK",Arena,FALSE,,,TRUE
Rosalía Schedules Biggest Headline Run To Date With ‘Lux Tour 2026’,Rosalía Schedules Biggest Headline Run To Date With ‘Lux Tour 2026’,https://news.pollstar.com/2025/12/04/rosalia-schedules-biggest-headline-run-to-date-with-lux-tour-2026/,2025-12-04,2026-03-16,2026-09-03,Kaseya Center,"Miami, FL",Arena,FALSE,,,TRUE
Rosalía Schedules Biggest Headline Run To Date With ‘Lux Tour 2026’,Rosalía Schedules Biggest Headline Run To Date With ‘Lux Tour 2026’,https://news.pollstar.com/2025/12/04/rosalia-schedules-biggest-headline-run-to-date-with-lux-tour-2026/,2025-12-04,2026-03-16,2026-09-03,Kia Center,"Orlando, FL",Arena,FALSE,,,TRUE
Rosalía Schedules Biggest Headline Run To Date With ‘Lux Tour 2026’,Rosalía Schedules Biggest Headline Run To Date With ‘Lux Tour 2026’,https://news.pollstar.com/2025/12/04/rosalia-schedules-biggest-headline-run-to-date-with-lux-tour-2026/,2025-12-04,2026-03-16,2026-09-03,TD Garden,"Boston, MA",Arena,FALSE,,,TRUE
Rosalía Schedules Biggest Headline Run To Date With ‘Lux Tour 2026’,Rosalía Schedules Biggest Headline Run To Date With ‘Lux Tour 2026’,https://news.pollstar.com/2025/12/04/rosalia-schedules-biggest-headline-run-to-date-with-lux-tour-2026/,2025-12-04,2026-03-16,2026-09-03,Scotiabank Arena,"Toronto, ON",Arena,FALSE,,,TRUE
Rosalía Schedules Biggest Headline Run To Date With ‘Lux Tour 2026’,Rosalía Schedules Biggest Headline Run To Date With ‘Lux Tour 2026’,https://news.pollstar.com/2025/12/04/rosalia-schedules-biggest-headline-run-to-date-with-lux-tour-2026/,2025-12-04,2026-03-16,2026-09-03,Madison Square Garden,"New York, NY",Arena,FALSE,,,TRUE
Rosalía Schedules Biggest Headline Run To Date With ‘Lux Tour 2026’,Rosalía Schedules Biggest Headline Run To Date With ‘Lux Tour 2026’,https://news.pollstar.com/2025/12/04/rosalia-schedules-biggest-headline-run-to-date-with-lux-tour-2026/,2025-12-04,2026-03-16,2026-09-03,United Center,"Chicago, IL",Arena,FALSE,,,TRUE
Rosalía Schedules Biggest Headline Run To Date With ‘Lux Tour 2026’,Rosalía Schedules Biggest Headline Run To Date With ‘Lux Tour 2026’,https://news.pollstar.com/2025/12/04/rosalia-schedules-biggest-headline-run-to-date-with-lux-tour-2026/,2025-12-04,2026-03-16,2026-09-03,Toyota Center,"Houston, TX",Arena,FALSE,,,TRUE
Rosalía Schedules Biggest Headline Run To Date With ‘Lux Tour 2026’,Rosalía Schedules Biggest Headline Run To Date With ‘Lux Tour 2026’,https://news.pollstar.com/2025/12/04/rosalia-schedules-biggest-headline-run-to-date-with-lux-tour-2026/,2025-12-04,2026-03-16,2026-09-03,T-Mobile Arena,"Las Vegas, NV",Arena,FALSE,,,TRUE
Rosalía Schedules Biggest Headline Run To Date With ‘Lux Tour 2026’,Rosalía Schedules Biggest Headline Run To Date With ‘Lux Tour 2026’,https://news.pollstar.com/2025/12/04/rosalia-schedules-biggest-headline-run-to-date-with-lux-tour-2026/,2025-12-04,2026-03-16,2026-09-03,Kia Forum,"Los Angeles, CA",Arena,FALSE,,,TRUE
Rosalía Schedules Biggest Headline Run To Date With ‘Lux Tour 2026’,Rosalía Schedules Biggest Headline Run To Date With ‘Lux Tour 2026’,https://news.pollstar.com/2025/12/04/rosalia-schedules-biggest-headline-run-to-date-with-lux-tour-2026/,2025-12-04,2026-03-16,2026-09-03,Pechanga Arena,"San Diego, CA",Arena,FALSE,,,TRUE
Rosalía Schedules Biggest Headline Run To Date With ‘Lux Tour 2026’,Rosalía Schedules Biggest Headline Run To Date With ‘Lux Tour 2026’,https://news.pollstar.com/2025/12/04/rosalia-schedules-biggest-headline-run-to-date-with-lux-tour-2026/,2025-12-04,2026-03-16,2026-09-03,Oakland Arena,"Oakland, CA",Arena,FALSE,,,TRUE
Rosalía Schedules Biggest Headline Run To Date With ‘Lux Tour 2026’,Rosalía Schedules Biggest Headline Run To Date With ‘Lux Tour 2026’,https://news.pollstar.com/2025/12/04/rosalia-schedules-biggest-headline-run-to-date-with-lux-tour-2026/,2025-12-04,2026-03-16,2026-09-03,Movistar Arena,"Bogotá, CO",Arena,FALSE,,,TRUE
Rosalía Schedules Biggest Headline Run To Date With ‘Lux Tour 2026’,Rosalía Schedules Biggest Headline Run To Date With ‘Lux Tour 2026’,https://news.pollstar.com/2025/12/04/rosalia-schedules-biggest-headline-run-to-date-with-lux-tour-2026/,2025-12-04,2026-03-16,2026-09-03,Movistar Arena,"Santiago, CL",Arena,FALSE,,,TRUE
Rosalía Schedules Biggest Headline Run To Date With ‘Lux Tour 2026’,Rosalía Schedules Biggest Headline Run To Date With ‘Lux Tour 2026’,https://news.pollstar.com/2025/12/04/rosalia-schedules-biggest-headline-run-to-date-with-lux-tour-2026/,2025-12-04,2026-03-16,2026-09-03,Movistar Arena,"Santiago, CL",Arena,FALSE,,,TRUE
Rosalía Schedules Biggest Headline Run To Date With ‘Lux Tour 2026’,Rosalía Schedules Biggest Headline Run To Date With ‘Lux Tour 2026’,https://news.pollstar.com/2025/12/04/rosalia-schedules-biggest-headline-run-to-date-with-lux-tour-2026/,2025-12-04,2026-03-16,2026-09-03,Movistar Arena,"Buenos Aires, AR",Arena,FALSE,,,TRUE
Rosalía Schedules Biggest Headline Run To Date With ‘Lux Tour 2026’,Rosalía Schedules Biggest Headline Run To Date With ‘Lux Tour 2026’,https://news.pollstar.com/2025/12/04/rosalia-schedules-biggest-headline-run-to-date-with-lux-tour-2026/,2025-12-04,2026-03-16,2026-09-03,Movistar Arena,"Buenos Aires, AR",Arena,FALSE,,,TRUE
Rosalía Schedules Biggest Headline Run To Date With ‘Lux Tour 2026’,Rosalía Schedules Biggest Headline Run To Date With ‘Lux Tour 2026’,https://news.pollstar.com/2025/12/04/rosalia-schedules-biggest-headline-run-to-date-with-lux-tour-2026/,2025-12-04,2026-03-16,2026-09-03,Farmasi Arena,"Rio de Janeiro, BR",Arena,FALSE,,,TRUE
Rosalía Schedules Biggest Headline Run To Date With ‘Lux Tour 2026’,Rosalía Schedules Biggest Headline Run To Date With ‘Lux Tour 2026’,https://news.pollstar.com/2025/12/04/rosalia-schedules-biggest-headline-run-to-date-with-lux-tour-2026/,2025-12-04,2026-03-16,2026-09-03,Arena VFG,"Guadalajara, MX",Arena,FALSE,,,TRUE
Rosalía Schedules Biggest Headline Run To Date With ‘Lux Tour 2026’,Rosalía Schedules Biggest Headline Run To Date With ‘Lux Tour 2026’,https://news.pollstar.com/2025/12/04/rosalia-schedules-biggest-headline-run-to-date-with-lux-tour-2026/,2025-12-04,2026-03-16,2026-09-03,Arena Monterrey,"Monterrey, MX",Arena,FALSE,,,TRUE
Rosalía Schedules Biggest Headline Run To Date With ‘Lux Tour 2026’,Rosalía Schedules Biggest Headline Run To Date With ‘Lux Tour 2026’,https://news.pollstar.com/2025/12/04/rosalia-schedules-biggest-headline-run-to-date-with-lux-tour-2026/,2025-12-04,2026-03-16,2026-09-03,Palacio de los Deportes,"Mexico City, MX",Arena,LYV,,,TRUE
Rosalía Schedules Biggest Headline Run To Date With ‘Lux Tour 2026’,Rosalía Schedules Biggest Headline Run To Date With ‘Lux Tour 2026’,https://news.pollstar.com/2025/12/04/rosalia-schedules-biggest-headline-run-to-date-with-lux-tour-2026/,2025-12-04,2026-03-16,2026-09-03,Palacio de los Deportes,"Mexico City, MX",Arena,LYV,,,TRUE
Rosalía Schedules Biggest Headline Run To Date With ‘Lux Tour 2026’,Rosalía Schedules Biggest Headline Run To Date With ‘Lux Tour 2026’,https://news.pollstar.com/2025/12/04/rosalia-schedules-biggest-headline-run-to-date-with-lux-tour-2026/,2025-12-04,2026-03-16,2026-09-03,Coliseo de Puerto Rico,"San Juan, PR",Arena,FALSE,,,TRUE
King Gizzard,King Gizzard & The Lizard Wizard Announce Only U.S. Dates Of 2026,https://news.pollstar.com/2025/12/03/king-gizzard-the-lizard-wizard-announce-only-u-s-dates-of-2026/,2025-12-03,2026-08-14,2026-08-22,"Buena Vista, CO","Field Of Vision II, Meadow Creek",Other,FALSE,,,TRUE
King Gizzard,King Gizzard & The Lizard Wizard Announce Only U.S. Dates Of 2026,https://news.pollstar.com/2025/12/03/king-gizzard-the-lizard-wizard-announce-only-u-s-dates-of-2026/,2025-12-03,2026-08-14,2026-08-22,"Buena Vista, CO","Field Of Vision II, Meadow Creek",Other,FALSE,,,TRUE
King Gizzard,King Gizzard & The Lizard Wizard Announce Only U.S. Dates Of 2026,https://news.pollstar.com/2025/12/03/king-gizzard-the-lizard-wizard-announce-only-u-s-dates-of-2026/,2025-12-03,2026-08-14,2026-08-22,"Buena Vista, CO","Field Of Vision II, Meadow Creek",Other,FALSE,,,TRUE
King Gizzard,King Gizzard & The Lizard Wizard Announce Only U.S. Dates Of 2026,https://news.pollstar.com/2025/12/03/king-gizzard-the-lizard-wizard-announce-only-u-s-dates-of-2026/,2025-12-03,2026-08-14,2026-08-22,Forest Hills Stadium,"Forest Hills, NY",Stadium,FALSE,,,TRUE
King Gizzard,King Gizzard & The Lizard Wizard Announce Only U.S. Dates Of 2026,https://news.pollstar.com/2025/12/03/king-gizzard-the-lizard-wizard-announce-only-u-s-dates-of-2026/,2025-12-03,2026-08-14,2026-08-22,Forest Hills Stadium,"Forest Hills, NY",Stadium,FALSE,,,TRUE
King Gizzard,King Gizzard & The Lizard Wizard Announce Only U.S. Dates Of 2026,https://news.pollstar.com/2025/12/03/king-gizzard-the-lizard-wizard-announce-only-u-s-dates-of-2026/,2025-12-03,2026-08-14,2026-08-22,Forest Hills Stadium,"Forest Hills, NY",Stadium,FALSE,,,TRUE
A.J. Croce,A.J. Croce Unveils 2026 Dates For ‘Croce Plays Croce Tour’ Honoring Late Father,https://news.pollstar.com/2025/12/02/a-j-croce-unveils-2026-dates-for-croce-plays-croce-tour-honoring-late-father/,2025-12-03,2026-03-10,2026-09-27,Lyric Theatre,"Birmingham, AL",Auditorium,FALSE,,,TRUE
A.J. Croce,A.J. Croce Unveils 2026 Dates For ‘Croce Plays Croce Tour’ Honoring Late Father,https://news.pollstar.com/2025/12/02/a-j-croce-unveils-2026-dates-for-croce-plays-croce-tour-honoring-late-father/,2025-12-03,2026-03-10,2026-09-27,VBC Mars Music Hall,"Huntsville, AL",Other,FALSE,,,TRUE
A.J. Croce,A.J. Croce Unveils 2026 Dates For ‘Croce Plays Croce Tour’ Honoring Late Father,https://news.pollstar.com/2025/12/02/a-j-croce-unveils-2026-dates-for-croce-plays-croce-tour-honoring-late-father/,2025-12-03,2026-03-10,2026-09-27,Graceland Soundstage,"Memphis, TN",Auditorium,FALSE,,,TRUE
A.J. Croce,A.J. Croce Unveils 2026 Dates For ‘Croce Plays Croce Tour’ Honoring Late Father,https://news.pollstar.com/2025/12/02/a-j-croce-unveils-2026-dates-for-croce-plays-croce-tour-honoring-late-father/,2025-12-03,2026-03-10,2026-09-27,Tennessee Theatre,"Knoxville, TN",Auditorium,FALSE,,,TRUE
A.J. Croce,A.J. Croce Unveils 2026 Dates For ‘Croce Plays Croce Tour’ Honoring Late Father,https://news.pollstar.com/2025/12/02/a-j-croce-unveils-2026-dates-for-croce-plays-croce-tour-honoring-late-father/,2025-12-03,2026-03-10,2026-09-27,Brown County Music Center,"Nashville, IN",Other,FALSE,,,TRUE
A.J. Croce,A.J. Croce Unveils 2026 Dates For ‘Croce Plays Croce Tour’ Honoring Late Father,https://news.pollstar.com/2025/12/02/a-j-croce-unveils-2026-dates-for-croce-plays-croce-tour-honoring-late-father/,2025-12-03,2026-03-10,2026-09-27,Criterion,"Oklahoma City, OK",Theater,FALSE,,,TRUE
A.J. Croce,A.J. Croce Unveils 2026 Dates For ‘Croce Plays Croce Tour’ Honoring Late Father,https://news.pollstar.com/2025/12/02/a-j-croce-unveils-2026-dates-for-croce-plays-croce-tour-honoring-late-father/,2025-12-03,2026-03-10,2026-09-27,Tobin Center for the Performing Arts,"San Antonio, TX",Arena,FALSE,,,TRUE
A.J. Croce,A.J. Croce Unveils 2026 Dates For ‘Croce Plays Croce Tour’ Honoring Late Father,https://news.pollstar.com/2025/12/02/a-j-croce-unveils-2026-dates-for-croce-plays-croce-tour-honoring-late-father/,2025-12-03,2026-03-10,2026-09-27,Arlington Music Hall,"Arlington, TX",Other,FALSE,,,TRUE
A.J. Croce,A.J. Croce Unveils 2026 Dates For ‘Croce Plays Croce Tour’ Honoring Late Father,https://news.pollstar.com/2025/12/02/a-j-croce-unveils-2026-dates-for-croce-plays-croce-tour-honoring-late-father/,2025-12-03,2026-03-10,2026-09-27,Paramount Theatre - Austin,"Austin, TX",Theater,FALSE,,,TRUE
A.J. Croce,A.J. Croce Unveils 2026 Dates For ‘Croce Plays Croce Tour’ Honoring Late Father,https://news.pollstar.com/2025/12/02/a-j-croce-unveils-2026-dates-for-croce-plays-croce-tour-honoring-late-father/,2025-12-03,2026-03-10,2026-09-27,Bayou Music Center,"Houston, TX",Amphitheater,LYV,,,TRUE
A.J. Croce,A.J. Croce Unveils 2026 Dates For ‘Croce Plays Croce Tour’ Honoring Late Father,https://news.pollstar.com/2025/12/02/a-j-croce-unveils-2026-dates-for-croce-plays-croce-tour-honoring-late-father/,2025-12-03,2026-03-10,2026-09-27,Universal Preservation Hall,"Saratoga Springs, NY",Other,FALSE,,,TRUE
A.J. Croce,A.J. Croce Unveils 2026 Dates For ‘Croce Plays Croce Tour’ Honoring Late Father,https://news.pollstar.com/2025/12/02/a-j-croce-unveils-2026-dates-for-croce-plays-croce-tour-honoring-late-father/,2025-12-03,2026-03-10,2026-09-27,Tarrytown Music Hall,"Tarrytown, NY",Other,FALSE,,,TRUE
A.J. Croce,A.J. Croce Unveils 2026 Dates For ‘Croce Plays Croce Tour’ Honoring Late Father,https://news.pollstar.com/2025/12/02/a-j-croce-unveils-2026-dates-for-croce-plays-croce-tour-honoring-late-father/,2025-12-03,2026-03-10,2026-09-27,Foxwoods Resort Casino,"Mashantucket, CT",Club,FALSE,,,TRUE
A.J. Croce,A.J. Croce Unveils 2026 Dates For ‘Croce Plays Croce Tour’ Honoring Late Father,https://news.pollstar.com/2025/12/02/a-j-croce-unveils-2026-dates-for-croce-plays-croce-tour-honoring-late-father/,2025-12-03,2026-03-10,2026-09-27,Tupelo Music Hall,"Derry, NH",Other,FALSE,,,TRUE
A.J. Croce,A.J. Croce Unveils 2026 Dates For ‘Croce Plays Croce Tour’ Honoring Late Father,https://news.pollstar.com/2025/12/02/a-j-croce-unveils-2026-dates-for-croce-plays-croce-tour-honoring-late-father/,2025-12-03,2026-03-10,2026-09-27,Lobero Theatre,"Santa Barbara, CA",Auditorium,FALSE,,,TRUE
A.J. Croce,A.J. Croce Unveils 2026 Dates For ‘Croce Plays Croce Tour’ Honoring Late Father,https://news.pollstar.com/2025/12/02/a-j-croce-unveils-2026-dates-for-croce-plays-croce-tour-honoring-late-father/,2025-12-03,2026-03-10,2026-09-27,The Mountain Winery,"Saratoga, CA",Amphitheater,FALSE,,,TRUE
Maná,"Maná Adds 19 Dates To 2026 ‘Vivir Sin Aire Tour,’ Including 2 More LA Shows",https://news.pollstar.com/2025/12/01/mana-adds-19-dates-to-2026-vivir-sin-aire-tour-including-2-more-la-shows/,2025-12-01,2025-12-05,2026-11-08,SAP Center,"San Jose, CA",Arena,FALSE,,,TRUE
Maná,"Maná Adds 19 Dates To 2026 ‘Vivir Sin Aire Tour,’ Including 2 More LA Shows",https://news.pollstar.com/2025/12/01/mana-adds-19-dates-to-2026-vivir-sin-aire-tour-including-2-more-la-shows/,2025-12-01,2025-12-05,2026-11-08,SAP Center,"San Jose, CA",Arena,FALSE,,,TRUE
Maná,"Maná Adds 19 Dates To 2026 ‘Vivir Sin Aire Tour,’ Including 2 More LA Shows",https://news.pollstar.com/2025/12/01/mana-adds-19-dates-to-2026-vivir-sin-aire-tour-including-2-more-la-shows/,2025-12-01,2025-12-05,2026-11-08,UBS Arena,"Belmont Park, NY",Arena,FALSE,,,TRUE
Maná,"Maná Adds 19 Dates To 2026 ‘Vivir Sin Aire Tour,’ Including 2 More LA Shows",https://news.pollstar.com/2025/12/01/mana-adds-19-dates-to-2026-vivir-sin-aire-tour-including-2-more-la-shows/,2025-12-01,2025-12-05,2026-11-08,Barclays Center,"Brooklyn, NY",Arena,FALSE,,,TRUE
Maná,"Maná Adds 19 Dates To 2026 ‘Vivir Sin Aire Tour,’ Including 2 More LA Shows",https://news.pollstar.com/2025/12/01/mana-adds-19-dates-to-2026-vivir-sin-aire-tour-including-2-more-la-shows/,2025-12-01,2025-12-05,2026-11-08,MGM Grand National Harbor,"Washington, DC",Arena,FALSE,,,TRUE
Maná,"Maná Adds 19 Dates To 2026 ‘Vivir Sin Aire Tour,’ Including 2 More LA Shows",https://news.pollstar.com/2025/12/01/mana-adds-19-dates-to-2026-vivir-sin-aire-tour-including-2-more-la-shows/,2025-12-01,2025-12-05,2026-11-08,Xfinity Mobile Arena,"Philadelphia, PA",Arena,FALSE,,,TRUE
Maná,"Maná Adds 19 Dates To 2026 ‘Vivir Sin Aire Tour,’ Including 2 More LA Shows",https://news.pollstar.com/2025/12/01/mana-adds-19-dates-to-2026-vivir-sin-aire-tour-including-2-more-la-shows/,2025-12-01,2025-12-05,2026-11-08,Kia Center,"Orlando, FL",Arena,FALSE,,,TRUE
Maná,"Maná Adds 19 Dates To 2026 ‘Vivir Sin Aire Tour,’ Including 2 More LA Shows",https://news.pollstar.com/2025/12/01/mana-adds-19-dates-to-2026-vivir-sin-aire-tour-including-2-more-la-shows/,2025-12-01,2025-12-05,2026-11-08,Smoothie King Center,"New Orleans, LA",Arena,FALSE,,,TRUE
Maná,"Maná Adds 19 Dates To 2026 ‘Vivir Sin Aire Tour,’ Including 2 More LA Shows",https://news.pollstar.com/2025/12/01/mana-adds-19-dates-to-2026-vivir-sin-aire-tour-including-2-more-la-shows/,2025-12-01,2025-12-05,2026-11-08,Kaseya Center,"Miami, FL",Arena,FALSE,,,TRUE
Maná,"Maná Adds 19 Dates To 2026 ‘Vivir Sin Aire Tour,’ Including 2 More LA Shows",https://news.pollstar.com/2025/12/01/mana-adds-19-dates-to-2026-vivir-sin-aire-tour-including-2-more-la-shows/,2025-12-01,2025-12-05,2026-11-08,Kaseya Center,"Miami, FL",Arena,FALSE,,,TRUE
Maná,"Maná Adds 19 Dates To 2026 ‘Vivir Sin Aire Tour,’ Including 2 More LA Shows",https://news.pollstar.com/2025/12/01/mana-adds-19-dates-to-2026-vivir-sin-aire-tour-including-2-more-la-shows/,2025-12-01,2025-12-05,2026-11-08,State Farm Arena,"Atlanta, GA",Arena,FALSE,,,TRUE
Maná,"Maná Adds 19 Dates To 2026 ‘Vivir Sin Aire Tour,’ Including 2 More LA Shows",https://news.pollstar.com/2025/12/01/mana-adds-19-dates-to-2026-vivir-sin-aire-tour-including-2-more-la-shows/,2025-12-01,2025-12-05,2026-11-08,First Horizon Coliseum,"Greensboro, NC",Arena,FALSE,,,TRUE
Maná,"Maná Adds 19 Dates To 2026 ‘Vivir Sin Aire Tour,’ Including 2 More LA Shows",https://news.pollstar.com/2025/12/01/mana-adds-19-dates-to-2026-vivir-sin-aire-tour-including-2-more-la-shows/,2025-12-01,2025-12-05,2026-11-08,Coliseo de Puerto Rico,Puerto Rico,Arena,FALSE,,,TRUE
Maná,"Maná Adds 19 Dates To 2026 ‘Vivir Sin Aire Tour,’ Including 2 More LA Shows",https://news.pollstar.com/2025/12/01/mana-adds-19-dates-to-2026-vivir-sin-aire-tour-including-2-more-la-shows/,2025-12-01,2025-12-05,2026-11-08,Coliseo de Puerto Rico,Puerto Rico,Arena,FALSE,,,TRUE
Maná,"Maná Adds 19 Dates To 2026 ‘Vivir Sin Aire Tour,’ Including 2 More LA Shows",https://news.pollstar.com/2025/12/01/mana-adds-19-dates-to-2026-vivir-sin-aire-tour-including-2-more-la-shows/,2025-12-01,2025-12-05,2026-11-08,Honda Center,"Anaheim, CA",Arena,FALSE,,,TRUE
Maná,"Maná Adds 19 Dates To 2026 ‘Vivir Sin Aire Tour,’ Including 2 More LA Shows",https://news.pollstar.com/2025/12/01/mana-adds-19-dates-to-2026-vivir-sin-aire-tour-including-2-more-la-shows/,2025-12-01,2025-12-05,2026-11-08,Honda Center,"Anaheim, CA",Arena,FALSE,,,TRUE
Maná,"Maná Adds 19 Dates To 2026 ‘Vivir Sin Aire Tour,’ Including 2 More LA Shows",https://news.pollstar.com/2025/12/01/mana-adds-19-dates-to-2026-vivir-sin-aire-tour-including-2-more-la-shows/,2025-12-01,2025-12-05,2026-11-08,Red Rocks Amphitheatre,"Morrison, CO",Amphitheater,FALSE,,,TRUE
Maná,"Maná Adds 19 Dates To 2026 ‘Vivir Sin Aire Tour,’ Including 2 More LA Shows",https://news.pollstar.com/2025/12/01/mana-adds-19-dates-to-2026-vivir-sin-aire-tour-including-2-more-la-shows/,2025-12-01,2025-12-05,2026-11-08,Red Rocks Amphitheatre,"Morrison, CO",Amphitheater,FALSE,,,TRUE
Maná,"Maná Adds 19 Dates To 2026 ‘Vivir Sin Aire Tour,’ Including 2 More LA Shows",https://news.pollstar.com/2025/12/01/mana-adds-19-dates-to-2026-vivir-sin-aire-tour-including-2-more-la-shows/,2025-12-01,2025-12-05,2026-11-08,T-Mobile Arena,"Las Vegas, NV",Arena,FALSE,,,TRUE
Maná,"Maná Adds 19 Dates To 2026 ‘Vivir Sin Aire Tour,’ Including 2 More LA Shows",https://news.pollstar.com/2025/12/01/mana-adds-19-dates-to-2026-vivir-sin-aire-tour-including-2-more-la-shows/,2025-12-01,2025-12-05,2026-11-08,Intuit Dome,"Los Angeles, CA",Arena,FALSE,,,TRUE
Maná,"Maná Adds 19 Dates To 2026 ‘Vivir Sin Aire Tour,’ Including 2 More LA Shows",https://news.pollstar.com/2025/12/01/mana-adds-19-dates-to-2026-vivir-sin-aire-tour-including-2-more-la-shows/,2025-12-01,2025-12-05,2026-11-08,Intuit Dome,"Los Angeles, CA",Arena,FALSE,,,TRUE
Maná,"Maná Adds 19 Dates To 2026 ‘Vivir Sin Aire Tour,’ Including 2 More LA Shows",https://news.pollstar.com/2025/12/01/mana-adds-19-dates-to-2026-vivir-sin-aire-tour-including-2-more-la-shows/,2025-12-01,2025-12-05,2026-11-08,Acrisure Arena,"Palm Springs, CA",Arena,FALSE,,,TRUE
Maná,"Maná Adds 19 Dates To 2026 ‘Vivir Sin Aire Tour,’ Including 2 More LA Shows",https://news.pollstar.com/2025/12/01/mana-adds-19-dates-to-2026-vivir-sin-aire-tour-including-2-more-la-shows/,2025-12-01,2025-12-05,2026-11-08,North Island Credit Union Amphitheatre,"San Diego, CA",Amphitheater,LYV,,,TRUE
Maná,"Maná Adds 19 Dates To 2026 ‘Vivir Sin Aire Tour,’ Including 2 More LA Shows",https://news.pollstar.com/2025/12/01/mana-adds-19-dates-to-2026-vivir-sin-aire-tour-including-2-more-la-shows/,2025-12-01,2025-12-05,2026-11-08,Moda Center,"Portland, OR",Arena,FALSE,,,TRUE
Maná,"Maná Adds 19 Dates To 2026 ‘Vivir Sin Aire Tour,’ Including 2 More LA Shows",https://news.pollstar.com/2025/12/01/mana-adds-19-dates-to-2026-vivir-sin-aire-tour-including-2-more-la-shows/,2025-12-01,2025-12-05,2026-11-08,Climate Pledge Arena,"Seattle, WA",Arena,FALSE,,,TRUE
Maná,"Maná Adds 19 Dates To 2026 ‘Vivir Sin Aire Tour,’ Including 2 More LA Shows",https://news.pollstar.com/2025/12/01/mana-adds-19-dates-to-2026-vivir-sin-aire-tour-including-2-more-la-shows/,2025-12-01,2025-12-05,2026-11-08,Allstate Arena,"Rosemont, IL",Arena,FALSE,,,TRUE
Maná,"Maná Adds 19 Dates To 2026 ‘Vivir Sin Aire Tour,’ Including 2 More LA Shows",https://news.pollstar.com/2025/12/01/mana-adds-19-dates-to-2026-vivir-sin-aire-tour-including-2-more-la-shows/,2025-12-01,2025-12-05,2026-11-08,Little Caesars Arena,"Detroit, MI",Theater,FALSE,,,TRUE
Maná,"Maná Adds 19 Dates To 2026 ‘Vivir Sin Aire Tour,’ Including 2 More LA Shows",https://news.pollstar.com/2025/12/01/mana-adds-19-dates-to-2026-vivir-sin-aire-tour-including-2-more-la-shows/,2025-12-01,2025-12-05,2026-11-08,Toyota Center,"Houston, TX",Arena,FALSE,,,TRUE
Maná,"Maná Adds 19 Dates To 2026 ‘Vivir Sin Aire Tour,’ Including 2 More LA Shows",https://news.pollstar.com/2025/12/01/mana-adds-19-dates-to-2026-vivir-sin-aire-tour-including-2-more-la-shows/,2025-12-01,2025-12-05,2026-11-08,Moody Center,"Austin, TX",Arena,FALSE,,,TRUE
Neil Young,Neil Young & The Chrome Hearts Announce 2026 UK/EU Tour,https://news.pollstar.com/2025/11/26/neil-young-the-chrome-hearts-announce-2026-uk-eu-tour/,2025-11-26,2026-06-19,2026-07-16,Heaton Park,"Manchester, UK",Other,FALSE,,,TRUE
Neil Young,Neil Young & The Chrome Hearts Announce 2026 UK/EU Tour,https://news.pollstar.com/2025/11/26/neil-young-the-chrome-hearts-announce-2026-uk-eu-tour/,2025-11-26,2026-06-19,2026-07-16,"Nimes, France",Festival de Nimes,Other,FALSE,,,TRUE
Neil Young,Neil Young & The Chrome Hearts Announce 2026 UK/EU Tour,https://news.pollstar.com/2025/11/26/neil-young-the-chrome-hearts-announce-2026-uk-eu-tour/,2025-11-26,2026-06-19,2026-07-16,"Nancy, France",Nancy Open Air,Other,FALSE,,,TRUE
Neil Young,Neil Young & The Chrome Hearts Announce 2026 UK/EU Tour,https://news.pollstar.com/2025/11/26/neil-young-the-chrome-hearts-announce-2026-uk-eu-tour/,2025-11-26,2026-06-19,2026-07-16,"Chelmsford, UK","State Fayre, Hylands Park",Other,FALSE,,,TRUE
Neil Young,Neil Young & The Chrome Hearts Announce 2026 UK/EU Tour,https://news.pollstar.com/2025/11/26/neil-young-the-chrome-hearts-announce-2026-uk-eu-tour/,2025-11-26,2026-06-19,2026-07-16,"Glasgow, UK","Glasgow Summer Sessions, Bellahouston Park",Other,FALSE,,,TRUE
Neil Young,Neil Young & The Chrome Hearts Announce 2026 UK/EU Tour,https://news.pollstar.com/2025/11/26/neil-young-the-chrome-hearts-announce-2026-uk-eu-tour/,2025-11-26,2026-06-19,2026-07-16,Virgin Media Park,"Cork, Ireland",Other,FALSE,,,TRUE
Neil Young,Neil Young & The Chrome Hearts Announce 2026 UK/EU Tour,https://news.pollstar.com/2025/11/26/neil-young-the-chrome-hearts-announce-2026-uk-eu-tour/,2025-11-26,2026-06-19,2026-07-16,Blenheim Palace Festival,"Oxfordshire, UK",Other,FALSE,,,TRUE
Neil Young,Neil Young & The Chrome Hearts Announce 2026 UK/EU Tour,https://news.pollstar.com/2025/11/26/neil-young-the-chrome-hearts-announce-2026-uk-eu-tour/,2025-11-26,2026-06-19,2026-07-16,Blacker Fields,"Cardiff, UK",Other,FALSE,,,TRUE
Neil Young,Neil Young & The Chrome Hearts Announce 2026 UK/EU Tour,https://news.pollstar.com/2025/11/26/neil-young-the-chrome-hearts-announce-2026-uk-eu-tour/,2025-11-26,2026-06-19,2026-07-16,"Weert, The Netherlands",Evenemententerrein Weert-Noord,Other,FALSE,,,TRUE
Neil Young,Neil Young & The Chrome Hearts Announce 2026 UK/EU Tour,https://news.pollstar.com/2025/11/26/neil-young-the-chrome-hearts-announce-2026-uk-eu-tour/,2025-11-26,2026-06-19,2026-07-16,"Zottegem, Belgium",Rock Zottegem,Other,FALSE,,,TRUE
Neil Young,Neil Young & The Chrome Hearts Announce 2026 UK/EU Tour,https://news.pollstar.com/2025/11/26/neil-young-the-chrome-hearts-announce-2026-uk-eu-tour/,2025-11-26,2026-06-19,2026-07-16,"Locarno, Switzerland","Moon+Stars, Piazza Grande",Other,FALSE,,,TRUE
Neil Young,Neil Young & The Chrome Hearts Announce 2026 UK/EU Tour,https://news.pollstar.com/2025/11/26/neil-young-the-chrome-hearts-announce-2026-uk-eu-tour/,2025-11-26,2026-06-19,2026-07-16,"Lucca, Italy","Lucca Summer Festival, Mura Storiche",Other,FALSE,,,TRUE
Neil Young,Neil Young & The Chrome Hearts Announce 2026 UK/EU Tour,https://news.pollstar.com/2025/11/26/neil-young-the-chrome-hearts-announce-2026-uk-eu-tour/,2025-11-26,2026-06-19,2026-07-16,"Codroipo-Udine, Italy",Villa Manin,Other,FALSE,,,TRUE
Roberto Carlos,Roberto Carlos Announces Four Dates For 2026,https://news.pollstar.com/2025/11/24/roberto-carlos-announces-four-dates-for-2026/,2025-11-24,2026-02-27,2026-03-07,Kia Center,"Orlando, FL",Arena,FALSE,,,TRUE
Roberto Carlos,Roberto Carlos Announces Four Dates For 2026,https://news.pollstar.com/2025/11/24/roberto-carlos-announces-four-dates-for-2026/,2025-11-24,2026-02-27,2026-03-07,Kaseya Center,"Miami, FL",Arena,FALSE,,,TRUE
Roberto Carlos,Roberto Carlos Announces Four Dates For 2026,https://news.pollstar.com/2025/11/24/roberto-carlos-announces-four-dates-for-2026/,2025-11-24,2026-02-27,2026-03-07,Radio City Music Hall,"New York City, NY",Theater,FALSE,,,TRUE
Roberto Carlos,Roberto Carlos Announces Four Dates For 2026,https://news.pollstar.com/2025/11/24/roberto-carlos-announces-four-dates-for-2026/,2025-11-24,2026-02-27,2026-03-07,Wang Theater,"Boston, MA",Theater,FALSE,,,TRUE
‘Weird Al’ Yankovic Getting Bigger,‘Weird Al’ Yankovic Getting Bigger & Weirder In 2026,https://news.pollstar.com/2025/11/20/weird-al-yankovic-getting-bigger-weirder-in-2026/,2025-11-20,2026-05-26,2026-10-17,Hard Rock Live at Seminole Hotel and Casino,"Hollywood (Miami), FL",Theater,FALSE,,,TRUE
‘Weird Al’ Yankovic Getting Bigger,‘Weird Al’ Yankovic Getting Bigger & Weirder In 2026,https://news.pollstar.com/2025/11/20/weird-al-yankovic-getting-bigger-weirder-in-2026/,2025-11-20,2026-05-26,2026-10-17,Hertz Arena,"Estero (Ft. Myers), FL",Arena,FALSE,,,TRUE
‘Weird Al’ Yankovic Getting Bigger,‘Weird Al’ Yankovic Getting Bigger & Weirder In 2026,https://news.pollstar.com/2025/11/20/weird-al-yankovic-getting-bigger-weirder-in-2026/,2025-11-20,2026-05-26,2026-10-17,Kia Center,"Orlando, FL",Arena,FALSE,,,TRUE
‘Weird Al’ Yankovic Getting Bigger,‘Weird Al’ Yankovic Getting Bigger & Weirder In 2026,https://news.pollstar.com/2025/11/20/weird-al-yankovic-getting-bigger-weirder-in-2026/,2025-11-20,2026-05-26,2026-10-17,Bon Secours Wellness Arena,"Greenville, SC",Arena,FALSE,,,TRUE
‘Weird Al’ Yankovic Getting Bigger,‘Weird Al’ Yankovic Getting Bigger & Weirder In 2026,https://news.pollstar.com/2025/11/20/weird-al-yankovic-getting-bigger-weirder-in-2026/,2025-11-20,2026-05-26,2026-10-17,Ameris Bank Amphitheatre,"Alpharetta (Atlanta), GA",Amphitheater,LYV,,,TRUE
‘Weird Al’ Yankovic Getting Bigger,‘Weird Al’ Yankovic Getting Bigger & Weirder In 2026,https://news.pollstar.com/2025/11/20/weird-al-yankovic-getting-bigger-weirder-in-2026/,2025-11-20,2026-05-26,2026-10-17,Bell Auditorium,"Augusta, GA",Theater,FALSE,,,TRUE
‘Weird Al’ Yankovic Getting Bigger,‘Weird Al’ Yankovic Getting Bigger & Weirder In 2026,https://news.pollstar.com/2025/11/20/weird-al-yankovic-getting-bigger-weirder-in-2026/,2025-11-20,2026-05-26,2026-10-17,Enmarket Arena,"Savannah, GA",Arena,FALSE,,,TRUE
‘Weird Al’ Yankovic Getting Bigger,‘Weird Al’ Yankovic Getting Bigger & Weirder In 2026,https://news.pollstar.com/2025/11/20/weird-al-yankovic-getting-bigger-weirder-in-2026/,2025-11-20,2026-05-26,2026-10-17,First Horizon Coliseum,"Greensboro, NC",Arena,FALSE,,,TRUE
‘Weird Al’ Yankovic Getting Bigger,‘Weird Al’ Yankovic Getting Bigger & Weirder In 2026,https://news.pollstar.com/2025/11/20/weird-al-yankovic-getting-bigger-weirder-in-2026/,2025-11-20,2026-05-26,2026-10-17,Charleston Coliseum,"Charleston, WV",Arena,FALSE,,,TRUE
‘Weird Al’ Yankovic Getting Bigger,‘Weird Al’ Yankovic Getting Bigger & Weirder In 2026,https://news.pollstar.com/2025/11/20/weird-al-yankovic-getting-bigger-weirder-in-2026/,2025-11-20,2026-05-26,2026-10-17,Chartway Arena,"Norfolk, VA",Arena,FALSE,,,TRUE
‘Weird Al’ Yankovic Getting Bigger,‘Weird Al’ Yankovic Getting Bigger & Weirder In 2026,https://news.pollstar.com/2025/11/20/weird-al-yankovic-getting-bigger-weirder-in-2026/,2025-11-20,2026-05-26,2026-10-17,North Charleston Coliseum,"Charleston, SC",Arena,FALSE,,,TRUE
‘Weird Al’ Yankovic Getting Bigger,‘Weird Al’ Yankovic Getting Bigger & Weirder In 2026,https://news.pollstar.com/2025/11/20/weird-al-yankovic-getting-bigger-weirder-in-2026/,2025-11-20,2026-05-26,2026-10-17,Appalachian Wireless Arena,"Pikeville, KY",Arena,FALSE,,,TRUE
‘Weird Al’ Yankovic Getting Bigger,‘Weird Al’ Yankovic Getting Bigger & Weirder In 2026,https://news.pollstar.com/2025/11/20/weird-al-yankovic-getting-bigger-weirder-in-2026/,2025-11-20,2026-05-26,2026-10-17,Ozarks Amphitheater,"Camdenton (Lake of the Ozarks), MO",Theater,FALSE,,,TRUE
‘Weird Al’ Yankovic Getting Bigger,‘Weird Al’ Yankovic Getting Bigger & Weirder In 2026,https://news.pollstar.com/2025/11/20/weird-al-yankovic-getting-bigger-weirder-in-2026/,2025-11-20,2026-05-26,2026-10-17,KFC Yum! Center,"Louisville, KY",Arena,FALSE,,,TRUE
‘Weird Al’ Yankovic Getting Bigger,‘Weird Al’ Yankovic Getting Bigger & Weirder In 2026,https://news.pollstar.com/2025/11/20/weird-al-yankovic-getting-bigger-weirder-in-2026/,2025-11-20,2026-05-26,2026-10-17,Ford Center,"Evansville, IN",Arena,FALSE,,,TRUE
‘Weird Al’ Yankovic Getting Bigger,‘Weird Al’ Yankovic Getting Bigger & Weirder In 2026,https://news.pollstar.com/2025/11/20/weird-al-yankovic-getting-bigger-weirder-in-2026/,2025-11-20,2026-05-26,2026-10-17,Great Southern Bank Arena,"Springfield, MO",Arena,FALSE,,,TRUE
‘Weird Al’ Yankovic Getting Bigger,‘Weird Al’ Yankovic Getting Bigger & Weirder In 2026,https://news.pollstar.com/2025/11/20/weird-al-yankovic-getting-bigger-weirder-in-2026/,2025-11-20,2026-05-26,2026-10-17,Morton Amphitheater,"Riverside (Kansas City), MO",Amphitheater,LYV,,,TRUE
‘Weird Al’ Yankovic Getting Bigger,‘Weird Al’ Yankovic Getting Bigger & Weirder In 2026,https://news.pollstar.com/2025/11/20/weird-al-yankovic-getting-bigger-weirder-in-2026/,2025-11-20,2026-05-26,2026-10-17,Simmons Bank Arena,"Little Rock, AR",Arena,FALSE,,,TRUE
‘Weird Al’ Yankovic Getting Bigger,‘Weird Al’ Yankovic Getting Bigger & Weirder In 2026,https://news.pollstar.com/2025/11/20/weird-al-yankovic-getting-bigger-weirder-in-2026/,2025-11-20,2026-05-26,2026-10-17,INTRUST Bank Arena,"Wichita, KS",Arena,FALSE,,,TRUE
‘Weird Al’ Yankovic Getting Bigger,‘Weird Al’ Yankovic Getting Bigger & Weirder In 2026,https://news.pollstar.com/2025/11/20/weird-al-yankovic-getting-bigger-weirder-in-2026/,2025-11-20,2026-05-26,2026-10-17,Red Rocks Amphitheatre,"Morrison, CO",Amphitheater,FALSE,,,TRUE
‘Weird Al’ Yankovic Getting Bigger,‘Weird Al’ Yankovic Getting Bigger & Weirder In 2026,https://news.pollstar.com/2025/11/20/weird-al-yankovic-getting-bigger-weirder-in-2026/,2025-11-20,2026-05-26,2026-10-17,AMSOIL Arena,"Duluth, MN",Arena,FALSE,,,TRUE
‘Weird Al’ Yankovic Getting Bigger,‘Weird Al’ Yankovic Getting Bigger & Weirder In 2026,https://news.pollstar.com/2025/11/20/weird-al-yankovic-getting-bigger-weirder-in-2026/,2025-11-20,2026-05-26,2026-10-17,United Center,"Chicago, IL",Arena,FALSE,,,TRUE
‘Weird Al’ Yankovic Getting Bigger,‘Weird Al’ Yankovic Getting Bigger & Weirder In 2026,https://news.pollstar.com/2025/11/20/weird-al-yankovic-getting-bigger-weirder-in-2026/,2025-11-20,2026-05-26,2026-10-17,Baxter Arena,"Omaha, NE",Arena,FALSE,,,TRUE
‘Weird Al’ Yankovic Getting Bigger,‘Weird Al’ Yankovic Getting Bigger & Weirder In 2026,https://news.pollstar.com/2025/11/20/weird-al-yankovic-getting-bigger-weirder-in-2026/,2025-11-20,2026-05-26,2026-10-17,Denny Sanford PREMIER Center,"Sioux Falls, SD",Arena,FALSE,,,TRUE
‘Weird Al’ Yankovic Getting Bigger,‘Weird Al’ Yankovic Getting Bigger & Weirder In 2026,https://news.pollstar.com/2025/11/20/weird-al-yankovic-getting-bigger-weirder-in-2026/,2025-11-20,2026-05-26,2026-10-17,Alliant Energy PowerHouse,"Cedar Rapids, IA",Arena,FALSE,,,TRUE
‘Weird Al’ Yankovic Getting Bigger,‘Weird Al’ Yankovic Getting Bigger & Weirder In 2026,https://news.pollstar.com/2025/11/20/weird-al-yankovic-getting-bigger-weirder-in-2026/,2025-11-20,2026-05-26,2026-10-17,Acrisure Amphitheater,"Grand Rapids, MI",Amphitheater,LYV,,,TRUE
‘Weird Al’ Yankovic Getting Bigger,‘Weird Al’ Yankovic Getting Bigger & Weirder In 2026,https://news.pollstar.com/2025/11/20/weird-al-yankovic-getting-bigger-weirder-in-2026/,2025-11-20,2026-05-26,2026-10-17,The Colosseum at Caesars Windsor,"Windsor (Detroit), ON",Theater,FALSE,,,TRUE
‘Weird Al’ Yankovic Getting Bigger,‘Weird Al’ Yankovic Getting Bigger & Weirder In 2026,https://news.pollstar.com/2025/11/20/weird-al-yankovic-getting-bigger-weirder-in-2026/,2025-11-20,2026-05-26,2026-10-17,OLG Stage at Fallsview Casino,"Niagara Falls, ON",Theater,FALSE,,,TRUE
‘Weird Al’ Yankovic Getting Bigger,‘Weird Al’ Yankovic Getting Bigger & Weirder In 2026,https://news.pollstar.com/2025/11/20/weird-al-yankovic-getting-bigger-weirder-in-2026/,2025-11-20,2026-05-26,2026-10-17,Dow Event Center,"Saginaw, MI",Other,FALSE,,,TRUE
‘Weird Al’ Yankovic Getting Bigger,‘Weird Al’ Yankovic Getting Bigger & Weirder In 2026,https://news.pollstar.com/2025/11/20/weird-al-yankovic-getting-bigger-weirder-in-2026/,2025-11-20,2026-05-26,2026-10-17,Erie Insurance Arena,"Erie, PA",Arena,FALSE,,,TRUE
‘Weird Al’ Yankovic Getting Bigger,‘Weird Al’ Yankovic Getting Bigger & Weirder In 2026,https://news.pollstar.com/2025/11/20/weird-al-yankovic-getting-bigger-weirder-in-2026/,2025-11-20,2026-05-26,2026-10-17,The Empower Federal Credit Union Amphitheater at Lakeview,"Syracuse, NY",Amphitheater,LYV,,,TRUE
‘Weird Al’ Yankovic Getting Bigger,‘Weird Al’ Yankovic Getting Bigger & Weirder In 2026,https://news.pollstar.com/2025/11/20/weird-al-yankovic-getting-bigger-weirder-in-2026/,2025-11-20,2026-05-26,2026-10-17,UBS Arena,"Elmont, NY",Arena,FALSE,,,TRUE
‘Weird Al’ Yankovic Getting Bigger,‘Weird Al’ Yankovic Getting Bigger & Weirder In 2026,https://news.pollstar.com/2025/11/20/weird-al-yankovic-getting-bigger-weirder-in-2026/,2025-11-20,2026-05-26,2026-10-17,PNC Bank Arts Center,"Holmdel, NJ",Arena,LYV,,,TRUE
‘Weird Al’ Yankovic Getting Bigger,‘Weird Al’ Yankovic Getting Bigger & Weirder In 2026,https://news.pollstar.com/2025/11/20/weird-al-yankovic-getting-bigger-weirder-in-2026/,2025-11-20,2026-05-26,2026-10-17,Providence Performing Arts Center,"Providence, RI",Other,FALSE,,,TRUE
‘Weird Al’ Yankovic Getting Bigger,‘Weird Al’ Yankovic Getting Bigger & Weirder In 2026,https://news.pollstar.com/2025/11/20/weird-al-yankovic-getting-bigger-weirder-in-2026/,2025-11-20,2026-05-26,2026-10-17,Mohegan Sun Arena,"Uncasville, CT",Arena,FALSE,,,TRUE
‘Weird Al’ Yankovic Getting Bigger,‘Weird Al’ Yankovic Getting Bigger & Weirder In 2026,https://news.pollstar.com/2025/11/20/weird-al-yankovic-getting-bigger-weirder-in-2026/,2025-11-20,2026-05-26,2026-10-17,Borgata Event Center,"Atlantic City, NJ",Other,FALSE,,,TRUE
‘Weird Al’ Yankovic Getting Bigger,‘Weird Al’ Yankovic Getting Bigger & Weirder In 2026,https://news.pollstar.com/2025/11/20/weird-al-yankovic-getting-bigger-weirder-in-2026/,2025-11-20,2026-05-26,2026-10-17,TD Garden,"Boston, MA",Arena,FALSE,,,TRUE
‘Weird Al’ Yankovic Getting Bigger,‘Weird Al’ Yankovic Getting Bigger & Weirder In 2026,https://news.pollstar.com/2025/11/20/weird-al-yankovic-getting-bigger-weirder-in-2026/,2025-11-20,2026-05-26,2026-10-17,Maine Savings Amphitheater,"Bangor, ME",Amphitheater,LYV,,,TRUE
‘Weird Al’ Yankovic Getting Bigger,‘Weird Al’ Yankovic Getting Bigger & Weirder In 2026,https://news.pollstar.com/2025/11/20/weird-al-yankovic-getting-bigger-weirder-in-2026/,2025-11-20,2026-05-26,2026-10-17,Tanglewood - Koussevitzky Music Shed,"Lenox, MA",Other,FALSE,,,TRUE
‘Weird Al’ Yankovic Getting Bigger,‘Weird Al’ Yankovic Getting Bigger & Weirder In 2026,https://news.pollstar.com/2025/11/20/weird-al-yankovic-getting-bigger-weirder-in-2026/,2025-11-20,2026-05-26,2026-10-17,BankNH Pavilion,"Gilford, NH",Amphitheater,LYV,,,TRUE
‘Weird Al’ Yankovic Getting Bigger,‘Weird Al’ Yankovic Getting Bigger & Weirder In 2026,https://news.pollstar.com/2025/11/20/weird-al-yankovic-getting-bigger-weirder-in-2026/,2025-11-20,2026-05-26,2026-10-17,Midway Lawn at Champlain Valley Expo,"Essex Junction (Burlington), VT",Amphitheater,FALSE,,,TRUE
‘Weird Al’ Yankovic Getting Bigger,‘Weird Al’ Yankovic Getting Bigger & Weirder In 2026,https://news.pollstar.com/2025/11/20/weird-al-yankovic-getting-bigger-weirder-in-2026/,2025-11-20,2026-05-26,2026-10-17,Canadian Tire Centre,"Ottawa, ON",Arena,FALSE,,,TRUE
‘Weird Al’ Yankovic Getting Bigger,‘Weird Al’ Yankovic Getting Bigger & Weirder In 2026,https://news.pollstar.com/2025/11/20/weird-al-yankovic-getting-bigger-weirder-in-2026/,2025-11-20,2026-05-26,2026-10-17,Hartford HealthCare Amphitheater,"Bridgeport, CT",Amphitheater,LYV,,,TRUE
‘Weird Al’ Yankovic Getting Bigger,‘Weird Al’ Yankovic Getting Bigger & Weirder In 2026,https://news.pollstar.com/2025/11/20/weird-al-yankovic-getting-bigger-weirder-in-2026/,2025-11-20,2026-05-26,2026-10-17,Delaware Lottery Summer Concert Series at the Delaware State Fair,"Harrington, DE",Other,FALSE,,,TRUE
‘Weird Al’ Yankovic Getting Bigger,‘Weird Al’ Yankovic Getting Bigger & Weirder In 2026,https://news.pollstar.com/2025/11/20/weird-al-yankovic-getting-bigger-weirder-in-2026/,2025-11-20,2026-05-26,2026-10-17,GIANT Center,"Hershey, PA",Arena,FALSE,,,TRUE
‘Weird Al’ Yankovic Getting Bigger,‘Weird Al’ Yankovic Getting Bigger & Weirder In 2026,https://news.pollstar.com/2025/11/20/weird-al-yankovic-getting-bigger-weirder-in-2026/,2025-11-20,2026-05-26,2026-10-17,The Pavilion at Star Lake,"Burgettstown (Pittsburgh), PA",Amphitheater,LYV,,,TRUE
‘Weird Al’ Yankovic Getting Bigger,‘Weird Al’ Yankovic Getting Bigger & Weirder In 2026,https://news.pollstar.com/2025/11/20/weird-al-yankovic-getting-bigger-weirder-in-2026/,2025-11-20,2026-05-26,2026-10-17,Merriweather Post Pavilion,"Columbia, MD",Amphitheater,LYV,,,TRUE
‘Weird Al’ Yankovic Getting Bigger,‘Weird Al’ Yankovic Getting Bigger & Weirder In 2026,https://news.pollstar.com/2025/11/20/weird-al-yankovic-getting-bigger-weirder-in-2026/,2025-11-20,2026-05-26,2026-10-17,Musikfest,"Bethlehem, PA",Other,FALSE,,,TRUE
‘Weird Al’ Yankovic Getting Bigger,‘Weird Al’ Yankovic Getting Bigger & Weirder In 2026,https://news.pollstar.com/2025/11/20/weird-al-yankovic-getting-bigger-weirder-in-2026/,2025-11-20,2026-05-26,2026-10-17,Ohio State Fair Concert Series,"Columbus, OH",Other,FALSE,,,TRUE
‘Weird Al’ Yankovic Getting Bigger,‘Weird Al’ Yankovic Getting Bigger & Weirder In 2026,https://news.pollstar.com/2025/11/20/weird-al-yankovic-getting-bigger-weirder-in-2026/,2025-11-20,2026-05-26,2026-10-17,Ruoff Music Center,"Noblesville (Indianapolis), IN",Amphitheater,LYV,,,TRUE
‘Weird Al’ Yankovic Getting Bigger,‘Weird Al’ Yankovic Getting Bigger & Weirder In 2026,https://news.pollstar.com/2025/11/20/weird-al-yankovic-getting-bigger-weirder-in-2026/,2025-11-20,2026-05-26,2026-10-17,Minnesota State Fair Grandstand Concert Series,"St. Paul, MN",Amphitheater,FALSE,,,TRUE
‘Weird Al’ Yankovic Getting Bigger,‘Weird Al’ Yankovic Getting Bigger & Weirder In 2026,https://news.pollstar.com/2025/11/20/weird-al-yankovic-getting-bigger-weirder-in-2026/,2025-11-20,2026-05-26,2026-10-17,Alerus Center,"Grand Forks, ND",Other,FALSE,,,TRUE
‘Weird Al’ Yankovic Getting Bigger,‘Weird Al’ Yankovic Getting Bigger & Weirder In 2026,https://news.pollstar.com/2025/11/20/weird-al-yankovic-getting-bigger-weirder-in-2026/,2025-11-20,2026-05-26,2026-10-17,Canada Life Centre,"Winnipeg, MB",Arena,FALSE,,,TRUE
‘Weird Al’ Yankovic Getting Bigger,‘Weird Al’ Yankovic Getting Bigger & Weirder In 2026,https://news.pollstar.com/2025/11/20/weird-al-yankovic-getting-bigger-weirder-in-2026/,2025-11-20,2026-05-26,2026-10-17,Rogers Place,"Edmonton, AB",Arena,FALSE,,,TRUE
‘Weird Al’ Yankovic Getting Bigger,‘Weird Al’ Yankovic Getting Bigger & Weirder In 2026,https://news.pollstar.com/2025/11/20/weird-al-yankovic-getting-bigger-weirder-in-2026/,2025-11-20,2026-05-26,2026-10-17,Prospera Place,"Kelowna, BC",Arena,FALSE,,,TRUE
‘Weird Al’ Yankovic Getting Bigger,‘Weird Al’ Yankovic Getting Bigger & Weirder In 2026,https://news.pollstar.com/2025/11/20/weird-al-yankovic-getting-bigger-weirder-in-2026/,2025-11-20,2026-05-26,2026-10-17,Columbia Bank Concert Series at the Washington State Fair,"Puyallup (Seattle), WA",Other,FALSE,,,TRUE
‘Weird Al’ Yankovic Getting Bigger,‘Weird Al’ Yankovic Getting Bigger & Weirder In 2026,https://news.pollstar.com/2025/11/20/weird-al-yankovic-getting-bigger-weirder-in-2026/,2025-11-20,2026-05-26,2026-10-17,Hayden Homes Amphitheater,"Bend, OR",Amphitheater,LYV,,,TRUE
‘Weird Al’ Yankovic Getting Bigger,‘Weird Al’ Yankovic Getting Bigger & Weirder In 2026,https://news.pollstar.com/2025/11/20/weird-al-yankovic-getting-bigger-weirder-in-2026/,2025-11-20,2026-05-26,2026-10-17,Columbia Bank Concert Series at the Oregon State Fair,"Salem (Portland), OR",Other,FALSE,,,TRUE
‘Weird Al’ Yankovic Getting Bigger,‘Weird Al’ Yankovic Getting Bigger & Weirder In 2026,https://news.pollstar.com/2025/11/20/weird-al-yankovic-getting-bigger-weirder-in-2026/,2025-11-20,2026-05-26,2026-10-17,Bi-Mart Amphitheater,"Central Point (Medford), OR",Theater,FALSE,,,TRUE
‘Weird Al’ Yankovic Getting Bigger,‘Weird Al’ Yankovic Getting Bigger & Weirder In 2026,https://news.pollstar.com/2025/11/20/weird-al-yankovic-getting-bigger-weirder-in-2026/,2025-11-20,2026-05-26,2026-10-17,The Venue at Thunder Valley Casino Resort,"Lincoln (Sacramento), CA",Arena,FALSE,,,TRUE
‘Weird Al’ Yankovic Getting Bigger,‘Weird Al’ Yankovic Getting Bigger & Weirder In 2026,https://news.pollstar.com/2025/11/20/weird-al-yankovic-getting-bigger-weirder-in-2026/,2025-11-20,2026-05-26,2026-10-17,Save Mart Center,"Fresno, CA",Arena,LYV,,,TRUE
‘Weird Al’ Yankovic Getting Bigger,‘Weird Al’ Yankovic Getting Bigger & Weirder In 2026,https://news.pollstar.com/2025/11/20/weird-al-yankovic-getting-bigger-weirder-in-2026/,2025-11-20,2026-05-26,2026-10-17,Acrisure Arena,"Palm Desert, CA",Arena,FALSE,,,TRUE
‘Weird Al’ Yankovic Getting Bigger,‘Weird Al’ Yankovic Getting Bigger & Weirder In 2026,https://news.pollstar.com/2025/11/20/weird-al-yankovic-getting-bigger-weirder-in-2026/,2025-11-20,2026-05-26,2026-10-17,Viña Robles Amphitheatre,"Paso Robles, CA",Amphitheater,LYV,,,TRUE
‘Weird Al’ Yankovic Getting Bigger,‘Weird Al’ Yankovic Getting Bigger & Weirder In 2026,https://news.pollstar.com/2025/11/20/weird-al-yankovic-getting-bigger-weirder-in-2026/,2025-11-20,2026-05-26,2026-10-17,The Rady Shell at Jacobs Park,"San Diego, CA",Other,FALSE,,,TRUE
‘Weird Al’ Yankovic Getting Bigger,‘Weird Al’ Yankovic Getting Bigger & Weirder In 2026,https://news.pollstar.com/2025/11/20/weird-al-yankovic-getting-bigger-weirder-in-2026/,2025-11-20,2026-05-26,2026-10-17,MGM Grand Garden Arena,"Las Vegas, NV",Arena,FALSE,,,TRUE
‘Weird Al’ Yankovic Getting Bigger,‘Weird Al’ Yankovic Getting Bigger & Weirder In 2026,https://news.pollstar.com/2025/11/20/weird-al-yankovic-getting-bigger-weirder-in-2026/,2025-11-20,2026-05-26,2026-10-17,Honda Center,"Anaheim, CA",Arena,FALSE,,,TRUE
‘Weird Al’ Yankovic Getting Bigger,‘Weird Al’ Yankovic Getting Bigger & Weirder In 2026,https://news.pollstar.com/2025/11/20/weird-al-yankovic-getting-bigger-weirder-in-2026/,2025-11-20,2026-05-26,2026-10-17,Tucson Arena,"Tucson, AZ",Arena,FALSE,,,TRUE
‘Weird Al’ Yankovic Getting Bigger,‘Weird Al’ Yankovic Getting Bigger & Weirder In 2026,https://news.pollstar.com/2025/11/20/weird-al-yankovic-getting-bigger-weirder-in-2026/,2025-11-20,2026-05-26,2026-10-17,Moody Center,"Austin, TX",Arena,FALSE,,,TRUE
‘Weird Al’ Yankovic Getting Bigger,‘Weird Al’ Yankovic Getting Bigger & Weirder In 2026,https://news.pollstar.com/2025/11/20/weird-al-yankovic-getting-bigger-weirder-in-2026/,2025-11-20,2026-05-26,2026-10-17,Raising Cane’s River Center Arena,"Baton Rouge, LA",Arena,FALSE,,,TRUE
‘Weird Al’ Yankovic Getting Bigger,‘Weird Al’ Yankovic Getting Bigger & Weirder In 2026,https://news.pollstar.com/2025/11/20/weird-al-yankovic-getting-bigger-weirder-in-2026/,2025-11-20,2026-05-26,2026-10-17,Dickies Arena,"Fort Worth, TX",Arena,FALSE,,,TRUE
‘Weird Al’ Yankovic Getting Bigger,‘Weird Al’ Yankovic Getting Bigger & Weirder In 2026,https://news.pollstar.com/2025/11/20/weird-al-yankovic-getting-bigger-weirder-in-2026/,2025-11-20,2026-05-26,2026-10-17,Landers Center,"Southaven (Memphis, TN), MS",Arena,FALSE,,,TRUE
‘Weird Al’ Yankovic Getting Bigger,‘Weird Al’ Yankovic Getting Bigger & Weirder In 2026,https://news.pollstar.com/2025/11/20/weird-al-yankovic-getting-bigger-weirder-in-2026/,2025-11-20,2026-05-26,2026-10-17,Food City Center,"Knoxville, TN",Arena,FALSE,,,TRUE
‘Weird Al’ Yankovic Getting Bigger,‘Weird Al’ Yankovic Getting Bigger & Weirder In 2026,https://news.pollstar.com/2025/11/20/weird-al-yankovic-getting-bigger-weirder-in-2026/,2025-11-20,2026-05-26,2026-10-17,The Gogue Center,"Auburn, AL",Other,FALSE,,,TRUE
‘Weird Al’ Yankovic Getting Bigger,‘Weird Al’ Yankovic Getting Bigger & Weirder In 2026,https://news.pollstar.com/2025/11/20/weird-al-yankovic-getting-bigger-weirder-in-2026/,2025-11-20,2026-05-26,2026-10-17,Donald L. Tucker Civic Center,"Tallahassee, FL",Arena,FALSE,,,TRUE
‘Weird Al’ Yankovic Getting Bigger,‘Weird Al’ Yankovic Getting Bigger & Weirder In 2026,https://news.pollstar.com/2025/11/20/weird-al-yankovic-getting-bigger-weirder-in-2026/,2025-11-20,2026-05-26,2026-10-17,Coca-Cola Amphitheater,"Birmingham, AL",Amphitheater,LYV,,,TRUE
‘Weird Al’ Yankovic Getting Bigger,‘Weird Al’ Yankovic Getting Bigger & Weirder In 2026,https://news.pollstar.com/2025/11/20/weird-al-yankovic-getting-bigger-weirder-in-2026/,2025-11-20,2026-05-26,2026-10-17,The Wharf Amphitheater,"Orange Beach, AL",Amphitheater,LYV,,,TRUE
‘Weird Al’ Yankovic Getting Bigger,‘Weird Al’ Yankovic Getting Bigger & Weirder In 2026,https://news.pollstar.com/2025/11/20/weird-al-yankovic-getting-bigger-weirder-in-2026/,2025-11-20,2026-05-26,2026-10-17,Brandon Amphitheater,"Brandon (Jackson), MS",Amphitheater,LYV,,,TRUE
‘Weird Al’ Yankovic Getting Bigger,‘Weird Al’ Yankovic Getting Bigger & Weirder In 2026,https://news.pollstar.com/2025/11/20/weird-al-yankovic-getting-bigger-weirder-in-2026/,2025-11-20,2026-05-26,2026-10-17,Soldiers & Sailors Memorial Auditorium,"Chattanooga, TN",Theater,FALSE,,,TRUE
‘Weird Al’ Yankovic Getting Bigger,‘Weird Al’ Yankovic Getting Bigger & Weirder In 2026,https://news.pollstar.com/2025/11/20/weird-al-yankovic-getting-bigger-weirder-in-2026/,2025-11-20,2026-05-26,2026-10-17,Salem Civic Center,"Salem, VA",Arena,FALSE,,,TRUE
‘Weird Al’ Yankovic Getting Bigger,‘Weird Al’ Yankovic Getting Bigger & Weirder In 2026,https://news.pollstar.com/2025/11/20/weird-al-yankovic-getting-bigger-weirder-in-2026/,2025-11-20,2026-05-26,2026-10-17,John Paul Jones Arena,"Charlottesville, VA",Arena,FALSE,,,TRUE
‘Weird Al’ Yankovic Getting Bigger,‘Weird Al’ Yankovic Getting Bigger & Weirder In 2026,https://news.pollstar.com/2025/11/20/weird-al-yankovic-getting-bigger-weirder-in-2026/,2025-11-20,2026-05-26,2026-10-17,Huntington Center,"Toledo, OH",Arena,FALSE,,,TRUE
‘Weird Al’ Yankovic Getting Bigger,‘Weird Al’ Yankovic Getting Bigger & Weirder In 2026,https://news.pollstar.com/2025/11/20/weird-al-yankovic-getting-bigger-weirder-in-2026/,2025-11-20,2026-05-26,2026-10-17,Bryce Jordan Center,"University Park, PA",Arena,FALSE,,,TRUE
‘Weird Al’ Yankovic Getting Bigger,‘Weird Al’ Yankovic Getting Bigger & Weirder In 2026,https://news.pollstar.com/2025/11/20/weird-al-yankovic-getting-bigger-weirder-in-2026/,2025-11-20,2026-05-26,2026-10-17,Peoria Civic Center Arena,"Peoria, IL",Arena,FALSE,,,TRUE
‘Weird Al’ Yankovic Getting Bigger,‘Weird Al’ Yankovic Getting Bigger & Weirder In 2026,https://news.pollstar.com/2025/11/20/weird-al-yankovic-getting-bigger-weirder-in-2026/,2025-11-20,2026-05-26,2026-10-17,Allen County War Memorial Coliseum,"Fort Wayne, IN",Arena,FALSE,,,TRUE
‘Weird Al’ Yankovic Getting Bigger,‘Weird Al’ Yankovic Getting Bigger & Weirder In 2026,https://news.pollstar.com/2025/11/20/weird-al-yankovic-getting-bigger-weirder-in-2026/,2025-11-20,2026-05-26,2026-10-17,Resch Center,"Green Bay, WI",Arena,FALSE,,,TRUE
‘Weird Al’ Yankovic Getting Bigger,‘Weird Al’ Yankovic Getting Bigger & Weirder In 2026,https://news.pollstar.com/2025/11/20/weird-al-yankovic-getting-bigger-weirder-in-2026/,2025-11-20,2026-05-26,2026-10-17,Fiserv Forum,"Milwaukee, WI",Arena,FALSE,,,TRUE
The Weeknd Makes History With ‘After Hours Til Dawn Tour’ Surpassing $1B In Grosses,The Weeknd Makes History With ‘After Hours Til Dawn Tour’ Surpassing $1B In Grosses,https://news.pollstar.com/2025/11/20/the-weeknd-makes-history-with-after-hours-til-dawn-tour-surpassing-1b-in-grosses/,2025-11-20,2025-04-20,2025-09-06,Estadio GNP Seguros,"Mexico City, MX",Stadium,LYV,,,TRUE
The Weeknd Makes History With ‘After Hours Til Dawn Tour’ Surpassing $1B In Grosses,The Weeknd Makes History With ‘After Hours Til Dawn Tour’ Surpassing $1B In Grosses,https://news.pollstar.com/2025/11/20/the-weeknd-makes-history-with-after-hours-til-dawn-tour-surpassing-1b-in-grosses/,2025-11-20,2025-04-20,2025-09-06,Estadio GNP Seguros,"Mexico City, MX",Stadium,LYV,,,TRUE
The Weeknd Makes History With ‘After Hours Til Dawn Tour’ Surpassing $1B In Grosses,The Weeknd Makes History With ‘After Hours Til Dawn Tour’ Surpassing $1B In Grosses,https://news.pollstar.com/2025/11/20/the-weeknd-makes-history-with-after-hours-til-dawn-tour-surpassing-1b-in-grosses/,2025-11-20,2025-04-20,2025-09-06,Estadio GNP Seguros,"Mexico City, MX",Stadium,LYV,,,TRUE
The Weeknd Makes History With ‘After Hours Til Dawn Tour’ Surpassing $1B In Grosses,The Weeknd Makes History With ‘After Hours Til Dawn Tour’ Surpassing $1B In Grosses,https://news.pollstar.com/2025/11/20/the-weeknd-makes-history-with-after-hours-til-dawn-tour-surpassing-1b-in-grosses/,2025-11-20,2025-04-20,2025-09-06,Estádio Nilton Santos,"Rio de Janeiro, Brazil",Stadium,FALSE,,,TRUE
The Weeknd Makes History With ‘After Hours Til Dawn Tour’ Surpassing $1B In Grosses,The Weeknd Makes History With ‘After Hours Til Dawn Tour’ Surpassing $1B In Grosses,https://news.pollstar.com/2025/11/20/the-weeknd-makes-history-with-after-hours-til-dawn-tour-surpassing-1b-in-grosses/,2025-11-20,2025-04-20,2025-09-06,Estádio MorumBIS,"São Paulo, Brazil",Stadium,FALSE,,,TRUE
The Weeknd Makes History With ‘After Hours Til Dawn Tour’ Surpassing $1B In Grosses,The Weeknd Makes History With ‘After Hours Til Dawn Tour’ Surpassing $1B In Grosses,https://news.pollstar.com/2025/11/20/the-weeknd-makes-history-with-after-hours-til-dawn-tour-surpassing-1b-in-grosses/,2025-11-20,2025-04-20,2025-09-06,Estádio MorumBIS,"São Paulo, Brazil",Stadium,FALSE,,,TRUE
The Weeknd Makes History With ‘After Hours Til Dawn Tour’ Surpassing $1B In Grosses,The Weeknd Makes History With ‘After Hours Til Dawn Tour’ Surpassing $1B In Grosses,https://news.pollstar.com/2025/11/20/the-weeknd-makes-history-with-after-hours-til-dawn-tour-surpassing-1b-in-grosses/,2025-11-20,2025-04-20,2025-09-06,Etihad Stadium,"Manchester, UK",Stadium,FALSE,,,TRUE
The Weeknd Makes History With ‘After Hours Til Dawn Tour’ Surpassing $1B In Grosses,The Weeknd Makes History With ‘After Hours Til Dawn Tour’ Surpassing $1B In Grosses,https://news.pollstar.com/2025/11/20/the-weeknd-makes-history-with-after-hours-til-dawn-tour-surpassing-1b-in-grosses/,2025-11-20,2025-04-20,2025-09-06,Etihad Stadium,"Manchester, UK",Stadium,FALSE,,,TRUE
The Weeknd Makes History With ‘After Hours Til Dawn Tour’ Surpassing $1B In Grosses,The Weeknd Makes History With ‘After Hours Til Dawn Tour’ Surpassing $1B In Grosses,https://news.pollstar.com/2025/11/20/the-weeknd-makes-history-with-after-hours-til-dawn-tour-surpassing-1b-in-grosses/,2025-11-20,2025-04-20,2025-09-06,Parken,"Copenhagen, Denmark",Stadium,FALSE,,,TRUE
The Weeknd Makes History With ‘After Hours Til Dawn Tour’ Surpassing $1B In Grosses,The Weeknd Makes History With ‘After Hours Til Dawn Tour’ Surpassing $1B In Grosses,https://news.pollstar.com/2025/11/20/the-weeknd-makes-history-with-after-hours-til-dawn-tour-surpassing-1b-in-grosses/,2025-11-20,2025-04-20,2025-09-06,Parken,"Copenhagen, Denmark",Stadium,FALSE,,,TRUE
The Weeknd Makes History With ‘After Hours Til Dawn Tour’ Surpassing $1B In Grosses,The Weeknd Makes History With ‘After Hours Til Dawn Tour’ Surpassing $1B In Grosses,https://news.pollstar.com/2025/11/20/the-weeknd-makes-history-with-after-hours-til-dawn-tour-surpassing-1b-in-grosses/,2025-11-20,2025-04-20,2025-09-06,Allianz Arena,"Munich, Germany",Arena,FALSE,,,TRUE
The Weeknd Makes History With ‘After Hours Til Dawn Tour’ Surpassing $1B In Grosses,The Weeknd Makes History With ‘After Hours Til Dawn Tour’ Surpassing $1B In Grosses,https://news.pollstar.com/2025/11/20/the-weeknd-makes-history-with-after-hours-til-dawn-tour-surpassing-1b-in-grosses/,2025-11-20,2025-04-20,2025-09-06,Stade Pierre Mauroy,"Lille, France",Stadium,FALSE,,,TRUE
The Weeknd Makes History With ‘After Hours Til Dawn Tour’ Surpassing $1B In Grosses,The Weeknd Makes History With ‘After Hours Til Dawn Tour’ Surpassing $1B In Grosses,https://news.pollstar.com/2025/11/20/the-weeknd-makes-history-with-after-hours-til-dawn-tour-surpassing-1b-in-grosses/,2025-11-20,2025-04-20,2025-09-06,Stade De France,"Paris, France",Stadium,FALSE,,,TRUE
The Weeknd Makes History With ‘After Hours Til Dawn Tour’ Surpassing $1B In Grosses,The Weeknd Makes History With ‘After Hours Til Dawn Tour’ Surpassing $1B In Grosses,https://news.pollstar.com/2025/11/20/the-weeknd-makes-history-with-after-hours-til-dawn-tour-surpassing-1b-in-grosses/,2025-11-20,2025-04-20,2025-09-06,Stade de France,"Paris, France",Stadium,FALSE,,,TRUE
The Weeknd Makes History With ‘After Hours Til Dawn Tour’ Surpassing $1B In Grosses,The Weeknd Makes History With ‘After Hours Til Dawn Tour’ Surpassing $1B In Grosses,https://news.pollstar.com/2025/11/20/the-weeknd-makes-history-with-after-hours-til-dawn-tour-surpassing-1b-in-grosses/,2025-11-20,2025-04-20,2025-09-06,Stade de France,"Paris, France",Stadium,FALSE,,,TRUE
The Weeknd Makes History With ‘After Hours Til Dawn Tour’ Surpassing $1B In Grosses,The Weeknd Makes History With ‘After Hours Til Dawn Tour’ Surpassing $1B In Grosses,https://news.pollstar.com/2025/11/20/the-weeknd-makes-history-with-after-hours-til-dawn-tour-surpassing-1b-in-grosses/,2025-11-20,2025-04-20,2025-09-06,Stade de France,"Paris, France",Stadium,FALSE,,,TRUE
The Weeknd Makes History With ‘After Hours Til Dawn Tour’ Surpassing $1B In Grosses,The Weeknd Makes History With ‘After Hours Til Dawn Tour’ Surpassing $1B In Grosses,https://news.pollstar.com/2025/11/20/the-weeknd-makes-history-with-after-hours-til-dawn-tour-surpassing-1b-in-grosses/,2025-11-20,2025-04-20,2025-09-06,Johan Cruijff ArenA,"Amsterdam, Netherlands",Arena,FALSE,,,TRUE
The Weeknd Makes History With ‘After Hours Til Dawn Tour’ Surpassing $1B In Grosses,The Weeknd Makes History With ‘After Hours Til Dawn Tour’ Surpassing $1B In Grosses,https://news.pollstar.com/2025/11/20/the-weeknd-makes-history-with-after-hours-til-dawn-tour-surpassing-1b-in-grosses/,2025-11-20,2025-04-20,2025-09-06,Johan Cruijff ArenA,"Amsterdam, Netherlands",Arena,FALSE,,,TRUE
The Weeknd Makes History With ‘After Hours Til Dawn Tour’ Surpassing $1B In Grosses,The Weeknd Makes History With ‘After Hours Til Dawn Tour’ Surpassing $1B In Grosses,https://news.pollstar.com/2025/11/20/the-weeknd-makes-history-with-after-hours-til-dawn-tour-surpassing-1b-in-grosses/,2025-11-20,2025-04-20,2025-09-06,Johan Cruijff ArenA,"Amsterdam, Netherlands",Arena,FALSE,,,TRUE
The Weeknd Makes History With ‘After Hours Til Dawn Tour’ Surpassing $1B In Grosses,The Weeknd Makes History With ‘After Hours Til Dawn Tour’ Surpassing $1B In Grosses,https://news.pollstar.com/2025/11/20/the-weeknd-makes-history-with-after-hours-til-dawn-tour-surpassing-1b-in-grosses/,2025-11-20,2025-04-20,2025-09-06,Allianz Riviera,"Nice, France",Stadium,FALSE,,,TRUE
The Weeknd Makes History With ‘After Hours Til Dawn Tour’ Surpassing $1B In Grosses,The Weeknd Makes History With ‘After Hours Til Dawn Tour’ Surpassing $1B In Grosses,https://news.pollstar.com/2025/11/20/the-weeknd-makes-history-with-after-hours-til-dawn-tour-surpassing-1b-in-grosses/,2025-11-20,2025-04-20,2025-09-06,Allianz Riviera,"Nice, France",Stadium,FALSE,,,TRUE
The Weeknd Makes History With ‘After Hours Til Dawn Tour’ Surpassing $1B In Grosses,The Weeknd Makes History With ‘After Hours Til Dawn Tour’ Surpassing $1B In Grosses,https://news.pollstar.com/2025/11/20/the-weeknd-makes-history-with-after-hours-til-dawn-tour-surpassing-1b-in-grosses/,2025-11-20,2025-04-20,2025-09-06,San Siro Stadium,"Milan, Italy",Stadium,FALSE,,,TRUE
The Weeknd Makes History With ‘After Hours Til Dawn Tour’ Surpassing $1B In Grosses,The Weeknd Makes History With ‘After Hours Til Dawn Tour’ Surpassing $1B In Grosses,https://news.pollstar.com/2025/11/20/the-weeknd-makes-history-with-after-hours-til-dawn-tour-surpassing-1b-in-grosses/,2025-11-20,2025-04-20,2025-09-06,San Siro Stadium,"Milan, Italy",Stadium,FALSE,,,TRUE
The Weeknd Makes History With ‘After Hours Til Dawn Tour’ Surpassing $1B In Grosses,The Weeknd Makes History With ‘After Hours Til Dawn Tour’ Surpassing $1B In Grosses,https://news.pollstar.com/2025/11/20/the-weeknd-makes-history-with-after-hours-til-dawn-tour-surpassing-1b-in-grosses/,2025-11-20,2025-04-20,2025-09-06,San Siro Stadium,"Milan, Italy",Stadium,FALSE,,,TRUE
The Weeknd Makes History With ‘After Hours Til Dawn Tour’ Surpassing $1B In Grosses,The Weeknd Makes History With ‘After Hours Til Dawn Tour’ Surpassing $1B In Grosses,https://news.pollstar.com/2025/11/20/the-weeknd-makes-history-with-after-hours-til-dawn-tour-surpassing-1b-in-grosses/,2025-11-20,2025-04-20,2025-09-06,Deutsche Bank Park,"Frankfurt, Germany",Other,FALSE,,,TRUE
The Weeknd Makes History With ‘After Hours Til Dawn Tour’ Surpassing $1B In Grosses,The Weeknd Makes History With ‘After Hours Til Dawn Tour’ Surpassing $1B In Grosses,https://news.pollstar.com/2025/11/20/the-weeknd-makes-history-with-after-hours-til-dawn-tour-surpassing-1b-in-grosses/,2025-11-20,2025-04-20,2025-09-06,Deutsche Bank Park,"Frankfurt, Germany",Other,FALSE,,,TRUE
The Weeknd Makes History With ‘After Hours Til Dawn Tour’ Surpassing $1B In Grosses,The Weeknd Makes History With ‘After Hours Til Dawn Tour’ Surpassing $1B In Grosses,https://news.pollstar.com/2025/11/20/the-weeknd-makes-history-with-after-hours-til-dawn-tour-surpassing-1b-in-grosses/,2025-11-20,2025-04-20,2025-09-06,Deutsche Bank Park,"Frankfurt, Germany",Other,FALSE,,,TRUE
The Weeknd Makes History With ‘After Hours Til Dawn Tour’ Surpassing $1B In Grosses,The Weeknd Makes History With ‘After Hours Til Dawn Tour’ Surpassing $1B In Grosses,https://news.pollstar.com/2025/11/20/the-weeknd-makes-history-with-after-hours-til-dawn-tour-surpassing-1b-in-grosses/,2025-11-20,2025-04-20,2025-09-06,PGE Narodowy,"Warsaw, Poland",Stadium,FALSE,,,TRUE
The Weeknd Makes History With ‘After Hours Til Dawn Tour’ Surpassing $1B In Grosses,The Weeknd Makes History With ‘After Hours Til Dawn Tour’ Surpassing $1B In Grosses,https://news.pollstar.com/2025/11/20/the-weeknd-makes-history-with-after-hours-til-dawn-tour-surpassing-1b-in-grosses/,2025-11-20,2025-04-20,2025-09-06,PGE Narodowy,"Warsaw, Poland",Stadium,FALSE,,,TRUE
The Weeknd Makes History With ‘After Hours Til Dawn Tour’ Surpassing $1B In Grosses,The Weeknd Makes History With ‘After Hours Til Dawn Tour’ Surpassing $1B In Grosses,https://news.pollstar.com/2025/11/20/the-weeknd-makes-history-with-after-hours-til-dawn-tour-surpassing-1b-in-grosses/,2025-11-20,2025-04-20,2025-09-06,Strawberry Arena,"Stockholm, Sweden",Arena,FALSE,,,TRUE
The Weeknd Makes History With ‘After Hours Til Dawn Tour’ Surpassing $1B In Grosses,The Weeknd Makes History With ‘After Hours Til Dawn Tour’ Surpassing $1B In Grosses,https://news.pollstar.com/2025/11/20/the-weeknd-makes-history-with-after-hours-til-dawn-tour-surpassing-1b-in-grosses/,2025-11-20,2025-04-20,2025-09-06,Strawberry Arena,"Stockholm, Sweden",Arena,FALSE,,,TRUE
The Weeknd Makes History With ‘After Hours Til Dawn Tour’ Surpassing $1B In Grosses,The Weeknd Makes History With ‘After Hours Til Dawn Tour’ Surpassing $1B In Grosses,https://news.pollstar.com/2025/11/20/the-weeknd-makes-history-with-after-hours-til-dawn-tour-surpassing-1b-in-grosses/,2025-11-20,2025-04-20,2025-09-06,Strawberry Arena,"Stockholm, Sweden",Arena,FALSE,,,TRUE
The Weeknd Makes History With ‘After Hours Til Dawn Tour’ Surpassing $1B In Grosses,The Weeknd Makes History With ‘After Hours Til Dawn Tour’ Surpassing $1B In Grosses,https://news.pollstar.com/2025/11/20/the-weeknd-makes-history-with-after-hours-til-dawn-tour-surpassing-1b-in-grosses/,2025-11-20,2025-04-20,2025-09-06,Wembley Stadium,"London, UK",Stadium,FALSE,,,TRUE
The Weeknd Makes History With ‘After Hours Til Dawn Tour’ Surpassing $1B In Grosses,The Weeknd Makes History With ‘After Hours Til Dawn Tour’ Surpassing $1B In Grosses,https://news.pollstar.com/2025/11/20/the-weeknd-makes-history-with-after-hours-til-dawn-tour-surpassing-1b-in-grosses/,2025-11-20,2025-04-20,2025-09-06,Wembley Stadium,"London, UK",Stadium,FALSE,,,TRUE
The Weeknd Makes History With ‘After Hours Til Dawn Tour’ Surpassing $1B In Grosses,The Weeknd Makes History With ‘After Hours Til Dawn Tour’ Surpassing $1B In Grosses,https://news.pollstar.com/2025/11/20/the-weeknd-makes-history-with-after-hours-til-dawn-tour-surpassing-1b-in-grosses/,2025-11-20,2025-04-20,2025-09-06,Wembley Stadium,"London, UK",Stadium,FALSE,,,TRUE
The Weeknd Makes History With ‘After Hours Til Dawn Tour’ Surpassing $1B In Grosses,The Weeknd Makes History With ‘After Hours Til Dawn Tour’ Surpassing $1B In Grosses,https://news.pollstar.com/2025/11/20/the-weeknd-makes-history-with-after-hours-til-dawn-tour-surpassing-1b-in-grosses/,2025-11-20,2025-04-20,2025-09-06,Wembley Stadium,"London, UK",Stadium,FALSE,,,TRUE
The Weeknd Makes History With ‘After Hours Til Dawn Tour’ Surpassing $1B In Grosses,The Weeknd Makes History With ‘After Hours Til Dawn Tour’ Surpassing $1B In Grosses,https://news.pollstar.com/2025/11/20/the-weeknd-makes-history-with-after-hours-til-dawn-tour-surpassing-1b-in-grosses/,2025-11-20,2025-04-20,2025-09-06,Wembley Stadium,"London, UK",Stadium,FALSE,,,TRUE
The Weeknd Makes History With ‘After Hours Til Dawn Tour’ Surpassing $1B In Grosses,The Weeknd Makes History With ‘After Hours Til Dawn Tour’ Surpassing $1B In Grosses,https://news.pollstar.com/2025/11/20/the-weeknd-makes-history-with-after-hours-til-dawn-tour-surpassing-1b-in-grosses/,2025-11-20,2025-04-20,2025-09-06,Croke Park,"Dublin, Ireland",Other,FALSE,,,TRUE
The Weeknd Makes History With ‘After Hours Til Dawn Tour’ Surpassing $1B In Grosses,The Weeknd Makes History With ‘After Hours Til Dawn Tour’ Surpassing $1B In Grosses,https://news.pollstar.com/2025/11/20/the-weeknd-makes-history-with-after-hours-til-dawn-tour-surpassing-1b-in-grosses/,2025-11-20,2025-04-20,2025-09-06,Croke Park,"Dublin, Ireland",Other,FALSE,,,TRUE
The Weeknd Makes History With ‘After Hours Til Dawn Tour’ Surpassing $1B In Grosses,The Weeknd Makes History With ‘After Hours Til Dawn Tour’ Surpassing $1B In Grosses,https://news.pollstar.com/2025/11/20/the-weeknd-makes-history-with-after-hours-til-dawn-tour-surpassing-1b-in-grosses/,2025-11-20,2025-04-20,2025-09-06,Riyadh Air Metropolitano,"Madrid, Spain",Stadium,FALSE,,,TRUE
The Weeknd Makes History With ‘After Hours Til Dawn Tour’ Surpassing $1B In Grosses,The Weeknd Makes History With ‘After Hours Til Dawn Tour’ Surpassing $1B In Grosses,https://news.pollstar.com/2025/11/20/the-weeknd-makes-history-with-after-hours-til-dawn-tour-surpassing-1b-in-grosses/,2025-11-20,2025-04-20,2025-09-06,Riyadh Air Metropolitano,"Madrid, Spain",Stadium,FALSE,,,TRUE
The Weeknd Makes History With ‘After Hours Til Dawn Tour’ Surpassing $1B In Grosses,The Weeknd Makes History With ‘After Hours Til Dawn Tour’ Surpassing $1B In Grosses,https://news.pollstar.com/2025/11/20/the-weeknd-makes-history-with-after-hours-til-dawn-tour-surpassing-1b-in-grosses/,2025-11-20,2025-04-20,2025-09-06,Riyadh Air Metropolitano,"Madrid, Spain",Stadium,FALSE,,,TRUE
The Weeknd Makes History With ‘After Hours Til Dawn Tour’ Surpassing $1B In Grosses,The Weeknd Makes History With ‘After Hours Til Dawn Tour’ Surpassing $1B In Grosses,https://news.pollstar.com/2025/11/20/the-weeknd-makes-history-with-after-hours-til-dawn-tour-surpassing-1b-in-grosses/,2025-11-20,2025-04-20,2025-09-06,Estadi Olímpic Lluís Companys,"Barcelona, Spain",Stadium,FALSE,,,TRUE
The Weeknd Makes History With ‘After Hours Til Dawn Tour’ Surpassing $1B In Grosses,The Weeknd Makes History With ‘After Hours Til Dawn Tour’ Surpassing $1B In Grosses,https://news.pollstar.com/2025/11/20/the-weeknd-makes-history-with-after-hours-til-dawn-tour-surpassing-1b-in-grosses/,2025-11-20,2025-04-20,2025-09-06,Estadio do Restelo,"Lisbon, Portugal",Stadium,FALSE,,,TRUE
The Weeknd Makes History With ‘After Hours Til Dawn Tour’ Surpassing $1B In Grosses,The Weeknd Makes History With ‘After Hours Til Dawn Tour’ Surpassing $1B In Grosses,https://news.pollstar.com/2025/11/20/the-weeknd-makes-history-with-after-hours-til-dawn-tour-surpassing-1b-in-grosses/,2025-11-20,2025-04-20,2025-09-06,Estadio do Restelo,"Lisbon, Portugal",Stadium,FALSE,,,TRUE
INJI,INJI Announces ‘Superlame Tour’,https://news.pollstar.com/2025/11/20/inji-announces-superlame-tour/,2025-11-20,2026-04-10,2026-06-14,"Berlin, Germany",Säälchen,Other,FALSE,,,TRUE
INJI,INJI Announces ‘Superlame Tour’,https://news.pollstar.com/2025/11/20/inji-announces-superlame-tour/,2025-11-20,2026-04-10,2026-06-14,"Warsaw, Poland",NIEBO,Club,FALSE,,,TRUE
INJI,INJI Announces ‘Superlame Tour’,https://news.pollstar.com/2025/11/20/inji-announces-superlame-tour/,2025-11-20,2026-04-10,2026-06-14,"Amsterdam, Netherlands",Melkweg OZ,Other,FALSE,,,TRUE
INJI,INJI Announces ‘Superlame Tour’,https://news.pollstar.com/2025/11/20/inji-announces-superlame-tour/,2025-11-20,2026-04-10,2026-06-14,"Hamburg, Germany",Uebel & Gefährlich,Other,FALSE,,,TRUE
INJI,INJI Announces ‘Superlame Tour’,https://news.pollstar.com/2025/11/20/inji-announces-superlame-tour/,2025-11-20,2026-04-10,2026-06-14,"Munich, Germany",Hansa 39,Other,FALSE,,,TRUE
INJI,INJI Announces ‘Superlame Tour’,https://news.pollstar.com/2025/11/20/inji-announces-superlame-tour/,2025-11-20,2026-04-10,2026-06-14,"Paris, France",Central Chapelle,Other,FALSE,,,TRUE
INJI,INJI Announces ‘Superlame Tour’,https://news.pollstar.com/2025/11/20/inji-announces-superlame-tour/,2025-11-20,2026-04-10,2026-06-14,"Brussels, Belgium","Botanique, Orangerie",Other,FALSE,,,TRUE
INJI,INJI Announces ‘Superlame Tour’,https://news.pollstar.com/2025/11/20/inji-announces-superlame-tour/,2025-11-20,2026-04-10,2026-06-14,"Cologne, Germany",Buergerhaus Stollwerck,Other,FALSE,,,TRUE
INJI,INJI Announces ‘Superlame Tour’,https://news.pollstar.com/2025/11/20/inji-announces-superlame-tour/,2025-11-20,2026-04-10,2026-06-14,"Glasgow, United Kingdom",King Tut’s,Other,FALSE,,,TRUE
INJI,INJI Announces ‘Superlame Tour’,https://news.pollstar.com/2025/11/20/inji-announces-superlame-tour/,2025-11-20,2026-04-10,2026-06-14,"Manchester, United Kingdom",Gorilla,Other,FALSE,,,TRUE
INJI,INJI Announces ‘Superlame Tour’,https://news.pollstar.com/2025/11/20/inji-announces-superlame-tour/,2025-11-20,2026-04-10,2026-06-14,"London, United Kingdom",KOKO,Other,FALSE,,,TRUE
INJI,INJI Announces ‘Superlame Tour’,https://news.pollstar.com/2025/11/20/inji-announces-superlame-tour/,2025-11-20,2026-04-10,2026-06-14,"Vancouver, Canada",Fortune Sound Club,Other,FALSE,,,TRUE
INJI,INJI Announces ‘Superlame Tour’,https://news.pollstar.com/2025/11/20/inji-announces-superlame-tour/,2025-11-20,2026-04-10,2026-06-14,Holocene,"Portland, OR",Other,FALSE,,,TRUE
INJI,INJI Announces ‘Superlame Tour’,https://news.pollstar.com/2025/11/20/inji-announces-superlame-tour/,2025-11-20,2026-04-10,2026-06-14,Neumos,"Seattle, WA",Other,FALSE,,,TRUE
INJI,INJI Announces ‘Superlame Tour’,https://news.pollstar.com/2025/11/20/inji-announces-superlame-tour/,2025-11-20,2026-04-10,2026-06-14,The Castro,"San Francisco, CA",Theater,FALSE,,,TRUE
INJI,INJI Announces ‘Superlame Tour’,https://news.pollstar.com/2025/11/20/inji-announces-superlame-tour/,2025-11-20,2026-04-10,2026-06-14,The Fonda Theatre,"Los Angeles, CA",Auditorium,FALSE,,,TRUE
INJI,INJI Announces ‘Superlame Tour’,https://news.pollstar.com/2025/11/20/inji-announces-superlame-tour/,2025-11-20,2026-04-10,2026-06-14,Music Box,"San Diego, CA",Club,FALSE,,,TRUE
INJI,INJI Announces ‘Superlame Tour’,https://news.pollstar.com/2025/11/20/inji-announces-superlame-tour/,2025-11-20,2026-04-10,2026-06-14,"Toronto, Canada",The Danforth Music Hall,Other,FALSE,,,TRUE
INJI,INJI Announces ‘Superlame Tour’,https://news.pollstar.com/2025/11/20/inji-announces-superlame-tour/,2025-11-20,2026-04-10,2026-06-14,"Montreal, Canada",Le Studio TD,Other,FALSE,,,TRUE
INJI,INJI Announces ‘Superlame Tour’,https://news.pollstar.com/2025/11/20/inji-announces-superlame-tour/,2025-11-20,2026-04-10,2026-06-14,Royale,"Boston, MA",Club,FALSE,,,TRUE
INJI,INJI Announces ‘Superlame Tour’,https://news.pollstar.com/2025/11/20/inji-announces-superlame-tour/,2025-11-20,2026-04-10,2026-06-14,Webster Hall,"New York, NY",Other,FALSE,,,TRUE
INJI,INJI Announces ‘Superlame Tour’,https://news.pollstar.com/2025/11/20/inji-announces-superlame-tour/,2025-11-20,2026-04-10,2026-06-14,Union Transfer,"Philadelphia, PA",Club,FALSE,,,TRUE
INJI,INJI Announces ‘Superlame Tour’,https://news.pollstar.com/2025/11/20/inji-announces-superlame-tour/,2025-11-20,2026-04-10,2026-06-14,9:30 Club,"Washington, DC",Club,FALSE,,,TRUE
Jeff Tweedy,Jeff Tweedy Expands ‘Twilight Override Tour’ Into 2026,https://news.pollstar.com/2025/11/19/jeff-tweedy-expands-twilight-override-tour-into-2026/,2025-11-19,2026-11-19,2027-06-28,Germantown Performing Arts Center,"Germantown, TN",Other,FALSE,,,TRUE
Jeff Tweedy,Jeff Tweedy Expands ‘Twilight Override Tour’ Into 2026,https://news.pollstar.com/2025/11/19/jeff-tweedy-expands-twilight-override-tour-into-2026/,2025-11-19,2026-11-19,2027-06-28,Buskirk-Chuley Theater,"Bloomington, IN",Theater,FALSE,,,TRUE
Jeff Tweedy,Jeff Tweedy Expands ‘Twilight Override Tour’ Into 2026,https://news.pollstar.com/2025/11/19/jeff-tweedy-expands-twilight-override-tour-into-2026/,2025-11-19,2026-11-19,2027-06-28,Shannon Hall,"Madison, WI",Other,FALSE,,,TRUE
Jeff Tweedy,Jeff Tweedy Expands ‘Twilight Override Tour’ Into 2026,https://news.pollstar.com/2025/11/19/jeff-tweedy-expands-twilight-override-tour-into-2026/,2025-11-19,2026-11-19,2027-06-28,"McCaw Hall, KEXP Yule Benefit","Seattle, WA",Other,FALSE,,,TRUE
Jeff Tweedy,Jeff Tweedy Expands ‘Twilight Override Tour’ Into 2026,https://news.pollstar.com/2025/11/19/jeff-tweedy-expands-twilight-override-tour-into-2026/,2025-11-19,2026-11-19,2027-06-28,Largo,"Los Angeles, CA",Club,FALSE,,,TRUE
Jeff Tweedy,Jeff Tweedy Expands ‘Twilight Override Tour’ Into 2026,https://news.pollstar.com/2025/11/19/jeff-tweedy-expands-twilight-override-tour-into-2026/,2025-11-19,2026-11-19,2027-06-28,Largo,"Los Angeles, CA",Club,FALSE,,,TRUE
Jeff Tweedy,Jeff Tweedy Expands ‘Twilight Override Tour’ Into 2026,https://news.pollstar.com/2025/11/19/jeff-tweedy-expands-twilight-override-tour-into-2026/,2025-11-19,2026-11-19,2027-06-28,Largo,"Los Angeles, CA",Club,FALSE,,,TRUE
Jeff Tweedy,Jeff Tweedy Expands ‘Twilight Override Tour’ Into 2026,https://news.pollstar.com/2025/11/19/jeff-tweedy-expands-twilight-override-tour-into-2026/,2025-11-19,2026-11-19,2027-06-28,Largo,"Los Angeles, CA",Club,FALSE,,,TRUE
Jeff Tweedy,Jeff Tweedy Expands ‘Twilight Override Tour’ Into 2026,https://news.pollstar.com/2025/11/19/jeff-tweedy-expands-twilight-override-tour-into-2026/,2025-11-19,2026-11-19,2027-06-28,Teatro Eslava,"Madrid, ES",Auditorium,FALSE,,,TRUE
Jeff Tweedy,Jeff Tweedy Expands ‘Twilight Override Tour’ Into 2026,https://news.pollstar.com/2025/11/19/jeff-tweedy-expands-twilight-override-tour-into-2026/,2025-11-19,2026-11-19,2027-06-28,Paral lel 62,"Barcelona, ES",Club,FALSE,,,TRUE
Jeff Tweedy,Jeff Tweedy Expands ‘Twilight Override Tour’ Into 2026,https://news.pollstar.com/2025/11/19/jeff-tweedy-expands-twilight-override-tour-into-2026/,2025-11-19,2026-11-19,2027-06-28,Alhambra,"Paris, FR",Theater,FALSE,,,TRUE
Jeff Tweedy,Jeff Tweedy Expands ‘Twilight Override Tour’ Into 2026,https://news.pollstar.com/2025/11/19/jeff-tweedy-expands-twilight-override-tour-into-2026/,2025-11-19,2026-11-19,2027-06-28,Antigel Festival,"Geneva, CH",Other,FALSE,,,TRUE
Jeff Tweedy,Jeff Tweedy Expands ‘Twilight Override Tour’ Into 2026,https://news.pollstar.com/2025/11/19/jeff-tweedy-expands-twilight-override-tour-into-2026/,2025-11-19,2026-11-19,2027-06-28,De Roma,"Antwerp, BE",Club,FALSE,,,TRUE
Jeff Tweedy,Jeff Tweedy Expands ‘Twilight Override Tour’ Into 2026,https://news.pollstar.com/2025/11/19/jeff-tweedy-expands-twilight-override-tour-into-2026/,2025-11-19,2026-11-19,2027-06-28,TivoliVredenburgy,"Utrecht, NL",Theater,FALSE,,,TRUE
Jeff Tweedy,Jeff Tweedy Expands ‘Twilight Override Tour’ Into 2026,https://news.pollstar.com/2025/11/19/jeff-tweedy-expands-twilight-override-tour-into-2026/,2025-11-19,2026-11-19,2027-06-28,Islington Assembly Hall,"London, UK",Other,FALSE,,,TRUE
Jeff Tweedy,Jeff Tweedy Expands ‘Twilight Override Tour’ Into 2026,https://news.pollstar.com/2025/11/19/jeff-tweedy-expands-twilight-override-tour-into-2026/,2025-11-19,2026-11-19,2027-06-28,Islington Assembly Hall,"London, UK",Other,FALSE,,,TRUE
Jeff Tweedy,Jeff Tweedy Expands ‘Twilight Override Tour’ Into 2026,https://news.pollstar.com/2025/11/19/jeff-tweedy-expands-twilight-override-tour-into-2026/,2025-11-19,2026-11-19,2027-06-28,Hoyt Sherman Place,"Des Moines, IA",Auditorium,FALSE,,,TRUE
Jeff Tweedy,Jeff Tweedy Expands ‘Twilight Override Tour’ Into 2026,https://news.pollstar.com/2025/11/19/jeff-tweedy-expands-twilight-override-tour-into-2026/,2025-11-19,2026-11-19,2027-06-28,The Wiating Room,"Omaha, NE",Club,FALSE,,,TRUE
Jeff Tweedy,Jeff Tweedy Expands ‘Twilight Override Tour’ Into 2026,https://news.pollstar.com/2025/11/19/jeff-tweedy-expands-twilight-override-tour-into-2026/,2025-11-19,2026-11-19,2027-06-28,The Ogden Theatre,"Denver, CO",Auditorium,FALSE,,,TRUE
Jeff Tweedy,Jeff Tweedy Expands ‘Twilight Override Tour’ Into 2026,https://news.pollstar.com/2025/11/19/jeff-tweedy-expands-twilight-override-tour-into-2026/,2025-11-19,2026-11-19,2027-06-28,The Lensic,"Santa Fe, NM",Auditorium,FALSE,,,TRUE
Jeff Tweedy,Jeff Tweedy Expands ‘Twilight Override Tour’ Into 2026,https://news.pollstar.com/2025/11/19/jeff-tweedy-expands-twilight-override-tour-into-2026/,2025-11-19,2026-11-19,2027-06-28,The Van Buren,"Phoenix, AZ",Theater,LYV,,,TRUE
Jeff Tweedy,Jeff Tweedy Expands ‘Twilight Override Tour’ Into 2026,https://news.pollstar.com/2025/11/19/jeff-tweedy-expands-twilight-override-tour-into-2026/,2025-11-19,2026-11-19,2027-06-28,La Rosa,"Tucson, AZ",Club,FALSE,,,TRUE
Jeff Tweedy,Jeff Tweedy Expands ‘Twilight Override Tour’ Into 2026,https://news.pollstar.com/2025/11/19/jeff-tweedy-expands-twilight-override-tour-into-2026/,2025-11-19,2026-11-19,2027-06-28,The Belasco,"Los Angeles, CA",Theater,LYV,,,TRUE
Jeff Tweedy,Jeff Tweedy Expands ‘Twilight Override Tour’ Into 2026,https://news.pollstar.com/2025/11/19/jeff-tweedy-expands-twilight-override-tour-into-2026/,2025-11-19,2026-11-19,2027-06-28,The United Theater,"Los Angeles, CA",Theater,FALSE,,,TRUE
Jeff Tweedy,Jeff Tweedy Expands ‘Twilight Override Tour’ Into 2026,https://news.pollstar.com/2025/11/19/jeff-tweedy-expands-twilight-override-tour-into-2026/,2025-11-19,2026-11-19,2027-06-28,The Ventura Theatre,"Ventura, CA",Auditorium,FALSE,,,TRUE
Jeff Tweedy,Jeff Tweedy Expands ‘Twilight Override Tour’ Into 2026,https://news.pollstar.com/2025/11/19/jeff-tweedy-expands-twilight-override-tour-into-2026/,2025-11-19,2026-11-19,2027-06-28,The Rio Theatre,"Santa Cruz, CA",Theater,FALSE,,,TRUE
Jeff Tweedy,Jeff Tweedy Expands ‘Twilight Override Tour’ Into 2026,https://news.pollstar.com/2025/11/19/jeff-tweedy-expands-twilight-override-tour-into-2026/,2025-11-19,2026-11-19,2027-06-28,The Fillmore,"San Francisco, CA",Club,LYV,,,TRUE
Jeff Tweedy,Jeff Tweedy Expands ‘Twilight Override Tour’ Into 2026,https://news.pollstar.com/2025/11/19/jeff-tweedy-expands-twilight-override-tour-into-2026/,2025-11-19,2026-11-19,2027-06-28,The Fillmore,"San Francisco, CA",Club,LYV,,,TRUE
Jeff Tweedy,Jeff Tweedy Expands ‘Twilight Override Tour’ Into 2026,https://news.pollstar.com/2025/11/19/jeff-tweedy-expands-twilight-override-tour-into-2026/,2025-11-19,2026-11-19,2027-06-28,Uptown Theatre,"Napa, CA",Auditorium,FALSE,,,TRUE
Jeff Tweedy,Jeff Tweedy Expands ‘Twilight Override Tour’ Into 2026,https://news.pollstar.com/2025/11/19/jeff-tweedy-expands-twilight-override-tour-into-2026/,2025-11-19,2026-11-19,2027-06-28,Cascade Theatre,"Redding, CA",Auditorium,FALSE,,,TRUE
Jeff Tweedy,Jeff Tweedy Expands ‘Twilight Override Tour’ Into 2026,https://news.pollstar.com/2025/11/19/jeff-tweedy-expands-twilight-override-tour-into-2026/,2025-11-19,2026-11-19,2027-06-28,Revolution Hall,"Portland, OR",Theater,FALSE,,,TRUE
Jeff Tweedy,Jeff Tweedy Expands ‘Twilight Override Tour’ Into 2026,https://news.pollstar.com/2025/11/19/jeff-tweedy-expands-twilight-override-tour-into-2026/,2025-11-19,2026-11-19,2027-06-28,Revolution Hall,"Portland, OR",Theater,FALSE,,,TRUE
Jeff Tweedy,Jeff Tweedy Expands ‘Twilight Override Tour’ Into 2026,https://news.pollstar.com/2025/11/19/jeff-tweedy-expands-twilight-override-tour-into-2026/,2025-11-19,2026-11-19,2027-06-28,Commodore Ballroom,"Vancouver, BC",Club,FALSE,,,TRUE
Jeff Tweedy,Jeff Tweedy Expands ‘Twilight Override Tour’ Into 2026,https://news.pollstar.com/2025/11/19/jeff-tweedy-expands-twilight-override-tour-into-2026/,2025-11-19,2026-11-19,2027-06-28,Royal Theatre,"Victoria, BC",Theater,FALSE,,,TRUE
Jeff Tweedy,Jeff Tweedy Expands ‘Twilight Override Tour’ Into 2026,https://news.pollstar.com/2025/11/19/jeff-tweedy-expands-twilight-override-tour-into-2026/,2025-11-19,2026-11-19,2027-06-28,The Wilma,"Missoula, MT",Auditorium,FALSE,,,TRUE
Jeff Tweedy,Jeff Tweedy Expands ‘Twilight Override Tour’ Into 2026,https://news.pollstar.com/2025/11/19/jeff-tweedy-expands-twilight-override-tour-into-2026/,2025-11-19,2026-11-19,2027-06-28,The Newberry,"Great Falls, MT",Auditorium,FALSE,,,TRUE
Jeff Tweedy,Jeff Tweedy Expands ‘Twilight Override Tour’ Into 2026,https://news.pollstar.com/2025/11/19/jeff-tweedy-expands-twilight-override-tour-into-2026/,2025-11-19,2026-11-19,2027-06-28,The ELM,"Bozeman, MT",Theater,FALSE,,,TRUE
Jeff Tweedy,Jeff Tweedy Expands ‘Twilight Override Tour’ Into 2026,https://news.pollstar.com/2025/11/19/jeff-tweedy-expands-twilight-override-tour-into-2026/,2025-11-19,2026-11-19,2027-06-28,Solid Sound Festival,"North Adams, MA",Other,FALSE,,,TRUE
Father John Misty,Father John Misty Announces 2026 Tour Dates,https://news.pollstar.com/2025/11/18/father-john-misty-announces-2026-tour-dates/,2025-11-18,2026-03-23,2026-06-14,Majestic Ventura Theater,"Ventura, CA",Theater,FALSE,,,TRUE
Father John Misty,Father John Misty Announces 2026 Tour Dates,https://news.pollstar.com/2025/11/18/father-john-misty-announces-2026-tour-dates/,2025-11-18,2026-03-23,2026-06-14,The Castro Theatre,"San Francisco, CA",Theater,FALSE,,,TRUE
Father John Misty,Father John Misty Announces 2026 Tour Dates,https://news.pollstar.com/2025/11/18/father-john-misty-announces-2026-tour-dates/,2025-11-18,2026-03-23,2026-06-14,The Castro Theatre,"San Francisco, CA",Theater,FALSE,,,TRUE
Father John Misty,Father John Misty Announces 2026 Tour Dates,https://news.pollstar.com/2025/11/18/father-john-misty-announces-2026-tour-dates/,2025-11-18,2026-03-23,2026-06-14,Channel 24,"Sacramento, CA",Club,FALSE,,,TRUE
Father John Misty,Father John Misty Announces 2026 Tour Dates,https://news.pollstar.com/2025/11/18/father-john-misty-announces-2026-tour-dates/,2025-11-18,2026-03-23,2026-06-14,"Reno, NV","Grand Sierra Resort and Casino, Grand Theatre",Other,FALSE,,,TRUE
Father John Misty,Father John Misty Announces 2026 Tour Dates,https://news.pollstar.com/2025/11/18/father-john-misty-announces-2026-tour-dates/,2025-11-18,2026-03-23,2026-06-14,Treefort Music Festival,"Boise, ID",Other,FALSE,,,TRUE
Father John Misty,Father John Misty Announces 2026 Tour Dates,https://news.pollstar.com/2025/11/18/father-john-misty-announces-2026-tour-dates/,2025-11-18,2026-03-23,2026-06-14,The Wilma,"Missoula, MT",Auditorium,FALSE,,,TRUE
Father John Misty,Father John Misty Announces 2026 Tour Dates,https://news.pollstar.com/2025/11/18/father-john-misty-announces-2026-tour-dates/,2025-11-18,2026-03-23,2026-06-14,McDonald Theatre,"Eugene, OR",Auditorium,FALSE,,,TRUE
Father John Misty,Father John Misty Announces 2026 Tour Dates,https://news.pollstar.com/2025/11/18/father-john-misty-announces-2026-tour-dates/,2025-11-18,2026-03-23,2026-06-14,Paramount Theatre,"Seattle, WA",Theater,FALSE,,,TRUE
Father John Misty,Father John Misty Announces 2026 Tour Dates,https://news.pollstar.com/2025/11/18/father-john-misty-announces-2026-tour-dates/,2025-11-18,2026-03-23,2026-06-14,Paramount Theatre,"Seattle, WA",Theater,FALSE,,,TRUE
Father John Misty,Father John Misty Announces 2026 Tour Dates,https://news.pollstar.com/2025/11/18/father-john-misty-announces-2026-tour-dates/,2025-11-18,2026-03-23,2026-06-14,Belly Up Aspen,"Aspen, CO",Club,FALSE,,,TRUE
Father John Misty,Father John Misty Announces 2026 Tour Dates,https://news.pollstar.com/2025/11/18/father-john-misty-announces-2026-tour-dates/,2025-11-18,2026-03-23,2026-06-14,Kilby Block Party,"Salt Lake City, UT",Other,FALSE,,,TRUE
Father John Misty,Father John Misty Announces 2026 Tour Dates,https://news.pollstar.com/2025/11/18/father-john-misty-announces-2026-tour-dates/,2025-11-18,2026-03-23,2026-06-14,Brooklyn Bowl,"Las Vegas, NV",Club,LYV,,,TRUE
Father John Misty,Father John Misty Announces 2026 Tour Dates,https://news.pollstar.com/2025/11/18/father-john-misty-announces-2026-tour-dates/,2025-11-18,2026-03-23,2026-06-14,The Fox Theater,"Pomona, CA",Theater,FALSE,,,TRUE
Father John Misty,Father John Misty Announces 2026 Tour Dates,https://news.pollstar.com/2025/11/18/father-john-misty-announces-2026-tour-dates/,2025-11-18,2026-03-23,2026-06-14,Sagres Campo Pequeno,"Lisbon, PT",Other,FALSE,,,TRUE
Father John Misty,Father John Misty Announces 2026 Tour Dates,https://news.pollstar.com/2025/11/18/father-john-misty-announces-2026-tour-dates/,2025-11-18,2026-03-23,2026-06-14,Coliseu do Porto,"Porto, PT",Arena,FALSE,,,TRUE
Father John Misty,Father John Misty Announces 2026 Tour Dates,https://news.pollstar.com/2025/11/18/father-john-misty-announces-2026-tour-dates/,2025-11-18,2026-03-23,2026-06-14,Primavera Festival,"Barcelona, ES",Other,FALSE,,,TRUE
Father John Misty,Father John Misty Announces 2026 Tour Dates,https://news.pollstar.com/2025/11/18/father-john-misty-announces-2026-tour-dates/,2025-11-18,2026-03-23,2026-06-14,Northside Festival,"Aarhus, DK",Other,FALSE,,,TRUE
Father John Misty,Father John Misty Announces 2026 Tour Dates,https://news.pollstar.com/2025/11/18/father-john-misty-announces-2026-tour-dates/,2025-11-18,2026-03-23,2026-06-14,Live At Amsterdam Bos,"Amsterdam, NL",Amphitheater,FALSE,,,TRUE
Father John Misty,Father John Misty Announces 2026 Tour Dates,https://news.pollstar.com/2025/11/18/father-john-misty-announces-2026-tour-dates/,2025-11-18,2026-03-23,2026-06-14,Carlswerk Victoria,"Cologne, DE",Club,FALSE,,,TRUE
Father John Misty,Father John Misty Announces 2026 Tour Dates,https://news.pollstar.com/2025/11/18/father-john-misty-announces-2026-tour-dates/,2025-11-18,2026-03-23,2026-06-14,OLT Rivierenhof,"Antwerp, BE",Amphitheater,FALSE,,,TRUE
Father John Misty,Father John Misty Announces 2026 Tour Dates,https://news.pollstar.com/2025/11/18/father-john-misty-announces-2026-tour-dates/,2025-11-18,2026-03-23,2026-06-14,Lido Festival,"London, UK",Other,FALSE,,,TRUE
Father John Misty,Father John Misty Announces 2026 Tour Dates,https://news.pollstar.com/2025/11/18/father-john-misty-announces-2026-tour-dates/,2025-11-18,2026-03-23,2026-06-14,Beyond The Pale Festival,"Wicklow, IE",Other,FALSE,,,TRUE
Alejandro Fernández,Alejandro Fernández Extends ‘De Rey A Rey Tour’ With 7 Dates In 2026,https://news.pollstar.com/2025/11/17/alejandro-fernandez-extends-de-rey-a-rey-tour-with-7-dates-in-2026/,2025-11-17,2026-05-01,2026-09-20,Yaamava’ Theater,"Highland, CA",Theater,FALSE,,,TRUE
Alejandro Fernández,Alejandro Fernández Extends ‘De Rey A Rey Tour’ With 7 Dates In 2026,https://news.pollstar.com/2025/11/17/alejandro-fernandez-extends-de-rey-a-rey-tour-with-7-dates-in-2026/,2025-11-17,2026-05-01,2026-09-20,Yaamava’ Theater,"Highland, CA",Theater,FALSE,,,TRUE
Alejandro Fernández,Alejandro Fernández Extends ‘De Rey A Rey Tour’ With 7 Dates In 2026,https://news.pollstar.com/2025/11/17/alejandro-fernandez-extends-de-rey-a-rey-tour-with-7-dates-in-2026/,2025-11-17,2026-05-01,2026-09-20,Red Rocks Amphitheatre,"Morrison, CO",Amphitheater,FALSE,,,TRUE
Alejandro Fernández,Alejandro Fernández Extends ‘De Rey A Rey Tour’ With 7 Dates In 2026,https://news.pollstar.com/2025/11/17/alejandro-fernandez-extends-de-rey-a-rey-tour-with-7-dates-in-2026/,2025-11-17,2026-05-01,2026-09-20,Allstate Arena,"Rosemont, IL",Arena,FALSE,,,TRUE
Alejandro Fernández,Alejandro Fernández Extends ‘De Rey A Rey Tour’ With 7 Dates In 2026,https://news.pollstar.com/2025/11/17/alejandro-fernandez-extends-de-rey-a-rey-tour-with-7-dates-in-2026/,2025-11-17,2026-05-01,2026-09-20,MGM Grand Garden Arena,"Las Vegas, NV",Arena,FALSE,,,TRUE
Alejandro Fernández,Alejandro Fernández Extends ‘De Rey A Rey Tour’ With 7 Dates In 2026,https://news.pollstar.com/2025/11/17/alejandro-fernandez-extends-de-rey-a-rey-tour-with-7-dates-in-2026/,2025-11-17,2026-05-01,2026-09-20,UTEP Don Haskins Center,"El Paso, TX",Arena,FALSE,,,TRUE
Alejandro Fernández,Alejandro Fernández Extends ‘De Rey A Rey Tour’ With 7 Dates In 2026,https://news.pollstar.com/2025/11/17/alejandro-fernandez-extends-de-rey-a-rey-tour-with-7-dates-in-2026/,2025-11-17,2026-05-01,2026-09-20,Arizona Financial Theatre,"Phoenix, AZ",Theater,LYV,,,TRUE
Japanese Metalcore Band Hanabie.,Japanese Metalcore Band Hanabie. Announces Spring North America Tour,https://news.pollstar.com/2025/11/11/japanese-metalcore-band-hanabie-announces-spring-north-america-tour/,2025-11-12,2025-03-13,2025-04-11,Big Night Live,"Boston, MA",Club,FALSE,,,TRUE
Japanese Metalcore Band Hanabie.,Japanese Metalcore Band Hanabie. Announces Spring North America Tour,https://news.pollstar.com/2025/11/11/japanese-metalcore-band-hanabie-announces-spring-north-america-tour/,2025-11-12,2025-03-13,2025-04-11,Brooklyn Bowl,"Brooklyn, NY",Club,LYV,,,TRUE
Japanese Metalcore Band Hanabie.,Japanese Metalcore Band Hanabie. Announces Spring North America Tour,https://news.pollstar.com/2025/11/11/japanese-metalcore-band-hanabie-announces-spring-north-america-tour/,2025-11-12,2025-03-13,2025-04-11,The Fillmore Silver Spring,"Silver Spring, MD",Club,LYV,,,TRUE
Japanese Metalcore Band Hanabie.,Japanese Metalcore Band Hanabie. Announces Spring North America Tour,https://news.pollstar.com/2025/11/11/japanese-metalcore-band-hanabie-announces-spring-north-america-tour/,2025-11-12,2025-03-13,2025-04-11,Théâtre Beanfield,"Montreal, QC",Theater,FALSE,,,TRUE
Japanese Metalcore Band Hanabie.,Japanese Metalcore Band Hanabie. Announces Spring North America Tour,https://news.pollstar.com/2025/11/11/japanese-metalcore-band-hanabie-announces-spring-north-america-tour/,2025-11-12,2025-03-13,2025-04-11,The Danforth Music Hall,"Toronto, ON",Theater,FALSE,,,TRUE
Japanese Metalcore Band Hanabie.,Japanese Metalcore Band Hanabie. Announces Spring North America Tour,https://news.pollstar.com/2025/11/11/japanese-metalcore-band-hanabie-announces-spring-north-america-tour/,2025-11-12,2025-03-13,2025-04-11,Roxian Theatre Presented by Citizens,"Pittsburgh, PA",Theater,FALSE,,,TRUE
Japanese Metalcore Band Hanabie.,Japanese Metalcore Band Hanabie. Announces Spring North America Tour,https://news.pollstar.com/2025/11/11/japanese-metalcore-band-hanabie-announces-spring-north-america-tour/,2025-11-12,2025-03-13,2025-04-11,Theatre of Living Arts,"Philadelphia, PA",Theater,FALSE,,,TRUE
Japanese Metalcore Band Hanabie.,Japanese Metalcore Band Hanabie. Announces Spring North America Tour,https://news.pollstar.com/2025/11/11/japanese-metalcore-band-hanabie-announces-spring-north-america-tour/,2025-11-12,2025-03-13,2025-04-11,The Ritz,"Raleigh, NC",Club,FALSE,,,TRUE
Japanese Metalcore Band Hanabie.,Japanese Metalcore Band Hanabie. Announces Spring North America Tour,https://news.pollstar.com/2025/11/11/japanese-metalcore-band-hanabie-announces-spring-north-america-tour/,2025-11-12,2025-03-13,2025-04-11,Buckhead Theatre,"Atlanta, GA",Theater,FALSE,,,TRUE
Japanese Metalcore Band Hanabie.,Japanese Metalcore Band Hanabie. Announces Spring North America Tour,https://news.pollstar.com/2025/11/11/japanese-metalcore-band-hanabie-announces-spring-north-america-tour/,2025-11-12,2025-03-13,2025-04-11,House of Blues Orlando,"Orlando, FL",Club,LYV,,,TRUE
Japanese Metalcore Band Hanabie.,Japanese Metalcore Band Hanabie. Announces Spring North America Tour,https://news.pollstar.com/2025/11/11/japanese-metalcore-band-hanabie-announces-spring-north-america-tour/,2025-11-12,2025-03-13,2025-04-11,House of Blues Cleveland,"Cleveland, OH",Club,LYV,,,TRUE
Japanese Metalcore Band Hanabie.,Japanese Metalcore Band Hanabie. Announces Spring North America Tour,https://news.pollstar.com/2025/11/11/japanese-metalcore-band-hanabie-announces-spring-north-america-tour/,2025-11-12,2025-03-13,2025-04-11,Saint Andrew’s Hall,"Detroit, MI",Theater,FALSE,,,TRUE
Japanese Metalcore Band Hanabie.,Japanese Metalcore Band Hanabie. Announces Spring North America Tour,https://news.pollstar.com/2025/11/11/japanese-metalcore-band-hanabie-announces-spring-north-america-tour/,2025-11-12,2025-03-13,2025-04-11,House of Blues Chicago,"Chicago, IL",Club,LYV,,,TRUE
Japanese Metalcore Band Hanabie.,Japanese Metalcore Band Hanabie. Announces Spring North America Tour,https://news.pollstar.com/2025/11/11/japanese-metalcore-band-hanabie-announces-spring-north-america-tour/,2025-11-12,2025-03-13,2025-04-11,The Fillmore Minneapolis,"Minneapolis, MN",Club,LYV,,,TRUE
Japanese Metalcore Band Hanabie.,Japanese Metalcore Band Hanabie. Announces Spring North America Tour,https://news.pollstar.com/2025/11/11/japanese-metalcore-band-hanabie-announces-spring-north-america-tour/,2025-11-12,2025-03-13,2025-04-11,House of Blues Dallas,"Dallas, TX",Club,LYV,,,TRUE
Japanese Metalcore Band Hanabie.,Japanese Metalcore Band Hanabie. Announces Spring North America Tour,https://news.pollstar.com/2025/11/11/japanese-metalcore-band-hanabie-announces-spring-north-america-tour/,2025-11-12,2025-03-13,2025-04-11,House of Blues Houston,"Houston, TX",Club,LYV,,,TRUE
Japanese Metalcore Band Hanabie.,Japanese Metalcore Band Hanabie. Announces Spring North America Tour,https://news.pollstar.com/2025/11/11/japanese-metalcore-band-hanabie-announces-spring-north-america-tour/,2025-11-12,2025-03-13,2025-04-11,Emo’s Austin,"Austin, TX",Club,FALSE,,,TRUE
Japanese Metalcore Band Hanabie.,Japanese Metalcore Band Hanabie. Announces Spring North America Tour,https://news.pollstar.com/2025/11/11/japanese-metalcore-band-hanabie-announces-spring-north-america-tour/,2025-11-12,2025-03-13,2025-04-11,The Van Buren,"Phoenix, AZ",Theater,LYV,,,TRUE
Japanese Metalcore Band Hanabie.,Japanese Metalcore Band Hanabie. Announces Spring North America Tour,https://news.pollstar.com/2025/11/11/japanese-metalcore-band-hanabie-announces-spring-north-america-tour/,2025-11-12,2025-03-13,2025-04-11,House of Blues San Diego,"San Diego, CA",Club,LYV,,,TRUE
Japanese Metalcore Band Hanabie.,Japanese Metalcore Band Hanabie. Announces Spring North America Tour,https://news.pollstar.com/2025/11/11/japanese-metalcore-band-hanabie-announces-spring-north-america-tour/,2025-11-12,2025-03-13,2025-04-11,August Hall,"San Francisco, CA",Theater,FALSE,,,TRUE
Japanese Metalcore Band Hanabie.,Japanese Metalcore Band Hanabie. Announces Spring North America Tour,https://news.pollstar.com/2025/11/11/japanese-metalcore-band-hanabie-announces-spring-north-america-tour/,2025-11-12,2025-03-13,2025-04-11,The Belasco,"Los Angeles, CA",Theater,LYV,,,TRUE
BENEE Embarking On North American Tour To Promote Sophomore Album,BENEE Embarking On North American Tour To Promote Sophomore Album,https://news.pollstar.com/2025/11/11/benee-embarking-on-north-american-tour-to-promote-sophomore-album/,2025-11-11,2026-02-27,2026-04-03,Goldfield Trading Post,"Sacramento, CA",Club,FALSE,,,TRUE
BENEE Embarking On North American Tour To Promote Sophomore Album,BENEE Embarking On North American Tour To Promote Sophomore Album,https://news.pollstar.com/2025/11/11/benee-embarking-on-north-american-tour-to-promote-sophomore-album/,2025-11-11,2026-02-27,2026-04-03,The Fillmore,"San Francisco, CA",Club,LYV,,,TRUE
BENEE Embarking On North American Tour To Promote Sophomore Album,BENEE Embarking On North American Tour To Promote Sophomore Album,https://news.pollstar.com/2025/11/11/benee-embarking-on-north-american-tour-to-promote-sophomore-album/,2025-11-11,2026-02-27,2026-04-03,Wonder Ballroom,"Portland, OR",Other,FALSE,,,TRUE
BENEE Embarking On North American Tour To Promote Sophomore Album,BENEE Embarking On North American Tour To Promote Sophomore Album,https://news.pollstar.com/2025/11/11/benee-embarking-on-north-american-tour-to-promote-sophomore-album/,2025-11-11,2026-02-27,2026-04-03,The Crocodile,"Seattle, WA",Club,FALSE,,,TRUE
BENEE Embarking On North American Tour To Promote Sophomore Album,BENEE Embarking On North American Tour To Promote Sophomore Album,https://news.pollstar.com/2025/11/11/benee-embarking-on-north-american-tour-to-promote-sophomore-album/,2025-11-11,2026-02-27,2026-04-03,Hollywood Theatre,"Vancouver, BC",Theater,FALSE,,,TRUE
BENEE Embarking On North American Tour To Promote Sophomore Album,BENEE Embarking On North American Tour To Promote Sophomore Album,https://news.pollstar.com/2025/11/11/benee-embarking-on-north-american-tour-to-promote-sophomore-album/,2025-11-11,2026-02-27,2026-04-03,The Grand At The Complex,"Salt Lake City, UT",Club,FALSE,,,TRUE
BENEE Embarking On North American Tour To Promote Sophomore Album,BENEE Embarking On North American Tour To Promote Sophomore Album,https://news.pollstar.com/2025/11/11/benee-embarking-on-north-american-tour-to-promote-sophomore-album/,2025-11-11,2026-02-27,2026-04-03,Gothic Theatre,"Denver, CO",Auditorium,FALSE,,,TRUE
BENEE Embarking On North American Tour To Promote Sophomore Album,BENEE Embarking On North American Tour To Promote Sophomore Album,https://news.pollstar.com/2025/11/11/benee-embarking-on-north-american-tour-to-promote-sophomore-album/,2025-11-11,2026-02-27,2026-04-03,Varsity Theater,"Minneapolis, MN",Theater,FALSE,,,TRUE
BENEE Embarking On North American Tour To Promote Sophomore Album,BENEE Embarking On North American Tour To Promote Sophomore Album,https://news.pollstar.com/2025/11/11/benee-embarking-on-north-american-tour-to-promote-sophomore-album/,2025-11-11,2026-02-27,2026-04-03,Metro,"Chicago, IL",Stadium,FALSE,,,TRUE
BENEE Embarking On North American Tour To Promote Sophomore Album,BENEE Embarking On North American Tour To Promote Sophomore Album,https://news.pollstar.com/2025/11/11/benee-embarking-on-north-american-tour-to-promote-sophomore-album/,2025-11-11,2026-02-27,2026-04-03,The Concert Hall,"Toronto, ON",Theater,FALSE,,,TRUE
BENEE Embarking On North American Tour To Promote Sophomore Album,BENEE Embarking On North American Tour To Promote Sophomore Album,https://news.pollstar.com/2025/11/11/benee-embarking-on-north-american-tour-to-promote-sophomore-album/,2025-11-11,2026-02-27,2026-04-03,Electric City,"Buffalo, NY",Club,FALSE,,,TRUE
BENEE Embarking On North American Tour To Promote Sophomore Album,BENEE Embarking On North American Tour To Promote Sophomore Album,https://news.pollstar.com/2025/11/11/benee-embarking-on-north-american-tour-to-promote-sophomore-album/,2025-11-11,2026-02-27,2026-04-03,Paradise Rock Club,"Boston, MA",Club,FALSE,,,TRUE
BENEE Embarking On North American Tour To Promote Sophomore Album,BENEE Embarking On North American Tour To Promote Sophomore Album,https://news.pollstar.com/2025/11/11/benee-embarking-on-north-american-tour-to-promote-sophomore-album/,2025-11-11,2026-02-27,2026-04-03,Brooklyn Bowl Philadelphia,"Philadelphia, PA",Club,LYV,,,TRUE
BENEE Embarking On North American Tour To Promote Sophomore Album,BENEE Embarking On North American Tour To Promote Sophomore Album,https://news.pollstar.com/2025/11/11/benee-embarking-on-north-american-tour-to-promote-sophomore-album/,2025-11-11,2026-02-27,2026-04-03,Irving Plaza,"New York, NY",Club,LYV,,,TRUE
BENEE Embarking On North American Tour To Promote Sophomore Album,BENEE Embarking On North American Tour To Promote Sophomore Album,https://news.pollstar.com/2025/11/11/benee-embarking-on-north-american-tour-to-promote-sophomore-album/,2025-11-11,2026-02-27,2026-04-03,9:30 Club,"Washington, DC",Club,FALSE,,,TRUE
BENEE Embarking On North American Tour To Promote Sophomore Album,BENEE Embarking On North American Tour To Promote Sophomore Album,https://news.pollstar.com/2025/11/11/benee-embarking-on-north-american-tour-to-promote-sophomore-album/,2025-11-11,2026-02-27,2026-04-03,Cat’s Cradle,"Carrboro, NC",Other,FALSE,,,TRUE
BENEE Embarking On North American Tour To Promote Sophomore Album,BENEE Embarking On North American Tour To Promote Sophomore Album,https://news.pollstar.com/2025/11/11/benee-embarking-on-north-american-tour-to-promote-sophomore-album/,2025-11-11,2026-02-27,2026-04-03,The Basement East,"Nashville, TN",Club,FALSE,,,TRUE
BENEE Embarking On North American Tour To Promote Sophomore Album,BENEE Embarking On North American Tour To Promote Sophomore Album,https://news.pollstar.com/2025/11/11/benee-embarking-on-north-american-tour-to-promote-sophomore-album/,2025-11-11,2026-02-27,2026-04-03,Terminal West,"Atlanta, GA",Club,FALSE,,,TRUE
BENEE Embarking On North American Tour To Promote Sophomore Album,BENEE Embarking On North American Tour To Promote Sophomore Album,https://news.pollstar.com/2025/11/11/benee-embarking-on-north-american-tour-to-promote-sophomore-album/,2025-11-11,2026-02-27,2026-04-03,The Echo Lounge & Music Hall,"Dallas, TX",Theater,FALSE,,,TRUE
BENEE Embarking On North American Tour To Promote Sophomore Album,BENEE Embarking On North American Tour To Promote Sophomore Album,https://news.pollstar.com/2025/11/11/benee-embarking-on-north-american-tour-to-promote-sophomore-album/,2025-11-11,2026-02-27,2026-04-03,Scoot Inn,"Austin, TX",Club,FALSE,,,TRUE
BENEE Embarking On North American Tour To Promote Sophomore Album,BENEE Embarking On North American Tour To Promote Sophomore Album,https://news.pollstar.com/2025/11/11/benee-embarking-on-north-american-tour-to-promote-sophomore-album/,2025-11-11,2026-02-27,2026-04-03,Crescent Ballroom,"Phoenix, AZ",Club,FALSE,,,TRUE
BENEE Embarking On North American Tour To Promote Sophomore Album,BENEE Embarking On North American Tour To Promote Sophomore Album,https://news.pollstar.com/2025/11/11/benee-embarking-on-north-american-tour-to-promote-sophomore-album/,2025-11-11,2026-02-27,2026-04-03,House Of Blues San Diego,"San Diego, CA",Club,LYV,,,TRUE
BENEE Embarking On North American Tour To Promote Sophomore Album,BENEE Embarking On North American Tour To Promote Sophomore Album,https://news.pollstar.com/2025/11/11/benee-embarking-on-north-american-tour-to-promote-sophomore-album/,2025-11-11,2026-02-27,2026-04-03,The Fonda Theatre,"Los Angeles, CA",Auditorium,FALSE,,,TRUE
Sublime To Celebrate 30th Anniversary Of Iconic Self-Titled Album At Red Rocks Amphitheatre,Sublime To Celebrate 30th Anniversary Of Iconic Self-Titled Album At Red Rocks Amphitheatre,https://news.pollstar.com/2025/11/11/sublime-to-celebrate-30th-anniversary-of-iconic-self-titled-album-at-red-rocks-amphitheatre/,2025-11-11,2025-12-10,2026-05-24,"Tulsa, OK","The Edge Christmas Concert, Tulsa Theater",Other,FALSE,,,TRUE
Sublime To Celebrate 30th Anniversary Of Iconic Self-Titled Album At Red Rocks Amphitheatre,Sublime To Celebrate 30th Anniversary Of Iconic Self-Titled Album At Red Rocks Amphitheatre,https://news.pollstar.com/2025/11/11/sublime-to-celebrate-30th-anniversary-of-iconic-self-titled-album-at-red-rocks-amphitheatre/,2025-11-11,2025-12-10,2026-05-24,"Chicago, IL","Q101 Twisted, Aragon Ballroom",Other,FALSE,,,TRUE
Sublime To Celebrate 30th Anniversary Of Iconic Self-Titled Album At Red Rocks Amphitheatre,Sublime To Celebrate 30th Anniversary Of Iconic Self-Titled Album At Red Rocks Amphitheatre,https://news.pollstar.com/2025/11/11/sublime-to-celebrate-30th-anniversary-of-iconic-self-titled-album-at-red-rocks-amphitheatre/,2025-11-11,2025-12-10,2026-05-24,The Venue at Thunder Valley Casino,"Lincoln, CA",Arena,FALSE,,,TRUE
Sublime To Celebrate 30th Anniversary Of Iconic Self-Titled Album At Red Rocks Amphitheatre,Sublime To Celebrate 30th Anniversary Of Iconic Self-Titled Album At Red Rocks Amphitheatre,https://news.pollstar.com/2025/11/11/sublime-to-celebrate-30th-anniversary-of-iconic-self-titled-album-at-red-rocks-amphitheatre/,2025-11-11,2025-12-10,2026-05-24,SAP Center LIVE 105 Not So Silent Night,"San Jose, CA",Arena,FALSE,,,TRUE
Sublime To Celebrate 30th Anniversary Of Iconic Self-Titled Album At Red Rocks Amphitheatre,Sublime To Celebrate 30th Anniversary Of Iconic Self-Titled Album At Red Rocks Amphitheatre,https://news.pollstar.com/2025/11/11/sublime-to-celebrate-30th-anniversary-of-iconic-self-titled-album-at-red-rocks-amphitheatre/,2025-11-11,2025-12-10,2026-05-24,"Inglewood, CA","iHeart Radio ALTer Ego ’26, Kia Forum",Other,FALSE,,,TRUE
Sublime To Celebrate 30th Anniversary Of Iconic Self-Titled Album At Red Rocks Amphitheatre,Sublime To Celebrate 30th Anniversary Of Iconic Self-Titled Album At Red Rocks Amphitheatre,https://news.pollstar.com/2025/11/11/sublime-to-celebrate-30th-anniversary-of-iconic-self-titled-album-at-red-rocks-amphitheatre/,2025-11-11,2025-12-10,2026-05-24,Innings Festival,"Tempe, AZ",Amphitheater,LYV,,,TRUE
Sublime To Celebrate 30th Anniversary Of Iconic Self-Titled Album At Red Rocks Amphitheatre,Sublime To Celebrate 30th Anniversary Of Iconic Self-Titled Album At Red Rocks Amphitheatre,https://news.pollstar.com/2025/11/11/sublime-to-celebrate-30th-anniversary-of-iconic-self-titled-album-at-red-rocks-amphitheatre/,2025-11-11,2025-12-10,2026-05-24,Reggae Rise Up Florida,"St. Petersburg, FL",Other,FALSE,,,TRUE
Sublime To Celebrate 30th Anniversary Of Iconic Self-Titled Album At Red Rocks Amphitheatre,Sublime To Celebrate 30th Anniversary Of Iconic Self-Titled Album At Red Rocks Amphitheatre,https://news.pollstar.com/2025/11/11/sublime-to-celebrate-30th-anniversary-of-iconic-self-titled-album-at-red-rocks-amphitheatre/,2025-11-11,2025-12-10,2026-05-24,"Melbourne, Australia",Melbourne Festival Hall,Other,FALSE,,,TRUE
Sublime To Celebrate 30th Anniversary Of Iconic Self-Titled Album At Red Rocks Amphitheatre,Sublime To Celebrate 30th Anniversary Of Iconic Self-Titled Album At Red Rocks Amphitheatre,https://news.pollstar.com/2025/11/11/sublime-to-celebrate-30th-anniversary-of-iconic-self-titled-album-at-red-rocks-amphitheatre/,2025-11-11,2025-12-10,2026-05-24,"Tyagarah, Australia",Bluesfest Byron Bay,Other,FALSE,,,TRUE
Sublime To Celebrate 30th Anniversary Of Iconic Self-Titled Album At Red Rocks Amphitheatre,Sublime To Celebrate 30th Anniversary Of Iconic Self-Titled Album At Red Rocks Amphitheatre,https://news.pollstar.com/2025/11/11/sublime-to-celebrate-30th-anniversary-of-iconic-self-titled-album-at-red-rocks-amphitheatre/,2025-11-11,2025-12-10,2026-05-24,"Sydney, Australia",Sydney Hordern Pavilion,Other,FALSE,,,TRUE
Sublime To Celebrate 30th Anniversary Of Iconic Self-Titled Album At Red Rocks Amphitheatre,Sublime To Celebrate 30th Anniversary Of Iconic Self-Titled Album At Red Rocks Amphitheatre,https://news.pollstar.com/2025/11/11/sublime-to-celebrate-30th-anniversary-of-iconic-self-titled-album-at-red-rocks-amphitheatre/,2025-11-11,2025-12-10,2026-05-24,"Morrison, CO Self-Titled Album in Full",Red Rocks Amphitheatre,Other,FALSE,,,TRUE
Sublime To Celebrate 30th Anniversary Of Iconic Self-Titled Album At Red Rocks Amphitheatre,Sublime To Celebrate 30th Anniversary Of Iconic Self-Titled Album At Red Rocks Amphitheatre,https://news.pollstar.com/2025/11/11/sublime-to-celebrate-30th-anniversary-of-iconic-self-titled-album-at-red-rocks-amphitheatre/,2025-11-11,2025-12-10,2026-05-24,"Morrison, CO Greatest Hits",Red Rocks Amphitheatre,Other,FALSE,,,TRUE
Sublime To Celebrate 30th Anniversary Of Iconic Self-Titled Album At Red Rocks Amphitheatre,Sublime To Celebrate 30th Anniversary Of Iconic Self-Titled Album At Red Rocks Amphitheatre,https://news.pollstar.com/2025/11/11/sublime-to-celebrate-30th-anniversary-of-iconic-self-titled-album-at-red-rocks-amphitheatre/,2025-11-11,2025-12-10,2026-05-24,Sonic Temple Festival,"Columbus, OH",Amphitheater,LYV,,,TRUE
Sublime To Celebrate 30th Anniversary Of Iconic Self-Titled Album At Red Rocks Amphitheatre,Sublime To Celebrate 30th Anniversary Of Iconic Self-Titled Album At Red Rocks Amphitheatre,https://news.pollstar.com/2025/11/11/sublime-to-celebrate-30th-anniversary-of-iconic-self-titled-album-at-red-rocks-amphitheatre/,2025-11-11,2025-12-10,2026-05-24,"Tilburg, Netherlands",013 Poppodium,Other,FALSE,,,TRUE
Sublime To Celebrate 30th Anniversary Of Iconic Self-Titled Album At Red Rocks Amphitheatre,Sublime To Celebrate 30th Anniversary Of Iconic Self-Titled Album At Red Rocks Amphitheatre,https://news.pollstar.com/2025/11/11/sublime-to-celebrate-30th-anniversary-of-iconic-self-titled-album-at-red-rocks-amphitheatre/,2025-11-11,2025-12-10,2026-05-24,Slam Dunk Festival,"Hatfield, UK",Other,FALSE,,,TRUE
Sublime To Celebrate 30th Anniversary Of Iconic Self-Titled Album At Red Rocks Amphitheatre,Sublime To Celebrate 30th Anniversary Of Iconic Self-Titled Album At Red Rocks Amphitheatre,https://news.pollstar.com/2025/11/11/sublime-to-celebrate-30th-anniversary-of-iconic-self-titled-album-at-red-rocks-amphitheatre/,2025-11-11,2025-12-10,2026-05-24,"Leeds, England",Slam Dunk Festival,Other,FALSE,,,TRUE
Matt Rife,Matt Rife Expands ‘Stay Golden World Tour’,https://news.pollstar.com/2025/11/11/matt-rife-expands-stay-golden-world-tour-with/,2025-11-11,2026-02-07,2027-08-30,Singapore,Singapore Indoor Stadium,Stadium,FALSE,,,TRUE
Matt Rife,Matt Rife Expands ‘Stay Golden World Tour’,https://news.pollstar.com/2025/11/11/matt-rife-expands-stay-golden-world-tour-with/,2025-11-11,2026-02-07,2027-08-30,Prudential Center,"Newark, NJ",Arena,FALSE,,,TRUE
Matt Rife,Matt Rife Expands ‘Stay Golden World Tour’,https://news.pollstar.com/2025/11/11/matt-rife-expands-stay-golden-world-tour-with/,2025-11-11,2026-02-07,2027-08-30,Capital One Arena,"Washington, DC",Arena,FALSE,,,TRUE
Matt Rife,Matt Rife Expands ‘Stay Golden World Tour’,https://news.pollstar.com/2025/11/11/matt-rife-expands-stay-golden-world-tour-with/,2025-11-11,2026-02-07,2027-08-30,VyStar Veterans Memorial Arena,"Jacksonville, FL",Arena,FALSE,,,TRUE
Matt Rife,Matt Rife Expands ‘Stay Golden World Tour’,https://news.pollstar.com/2025/11/11/matt-rife-expands-stay-golden-world-tour-with/,2025-11-11,2026-02-07,2027-08-30,Benchmark International Arena,"Tampa, FL",Arena,FALSE,,,TRUE
Matt Rife,Matt Rife Expands ‘Stay Golden World Tour’,https://news.pollstar.com/2025/11/11/matt-rife-expands-stay-golden-world-tour-with/,2025-11-11,2026-02-07,2027-08-30,Enmarket Arena,"Savannah, GA",Arena,FALSE,,,TRUE
Matt Rife,Matt Rife Expands ‘Stay Golden World Tour’,https://news.pollstar.com/2025/11/11/matt-rife-expands-stay-golden-world-tour-with/,2025-11-11,2026-02-07,2027-08-30,Lenovo Center,"Raleigh, NC",Arena,FALSE,,,TRUE
Matt Rife,Matt Rife Expands ‘Stay Golden World Tour’,https://news.pollstar.com/2025/11/11/matt-rife-expands-stay-golden-world-tour-with/,2025-11-11,2026-02-07,2027-08-30,KFC Yum! Center,"Louisville, KY",Arena,FALSE,,,TRUE
Matt Rife,Matt Rife Expands ‘Stay Golden World Tour’,https://news.pollstar.com/2025/11/11/matt-rife-expands-stay-golden-world-tour-with/,2025-11-11,2026-02-07,2027-08-30,Heritage Bank Center,"Cincinnati, OH",Arena,FALSE,,,TRUE
Matt Rife,Matt Rife Expands ‘Stay Golden World Tour’,https://news.pollstar.com/2025/11/11/matt-rife-expands-stay-golden-world-tour-with/,2025-11-11,2026-02-07,2027-08-30,"Amsterdam, Netherlands",Ziggo Dome,Other,FALSE,,,TRUE
Matt Rife,Matt Rife Expands ‘Stay Golden World Tour’,https://news.pollstar.com/2025/11/11/matt-rife-expands-stay-golden-world-tour-with/,2025-11-11,2026-02-07,2027-08-30,"Zurich, Switzerland",Hallenstadion,Other,FALSE,,,TRUE
Matt Rife,Matt Rife Expands ‘Stay Golden World Tour’,https://news.pollstar.com/2025/11/11/matt-rife-expands-stay-golden-world-tour-with/,2025-11-11,2026-02-07,2027-08-30,"Oslo, Norway",Unity Arena,Other,FALSE,,,TRUE
Matt Rife,Matt Rife Expands ‘Stay Golden World Tour’,https://news.pollstar.com/2025/11/11/matt-rife-expands-stay-golden-world-tour-with/,2025-11-11,2026-02-07,2027-08-30,"Stockholm, Sweden",Avicii Arena,Other,FALSE,,,TRUE
Matt Rife,Matt Rife Expands ‘Stay Golden World Tour’,https://news.pollstar.com/2025/11/11/matt-rife-expands-stay-golden-world-tour-with/,2025-11-11,2026-02-07,2027-08-30,3Arena,"Dublin, Ireland",Arena,LYV,,,TRUE
Matt Rife,Matt Rife Expands ‘Stay Golden World Tour’,https://news.pollstar.com/2025/11/11/matt-rife-expands-stay-golden-world-tour-with/,2025-11-11,2026-02-07,2027-08-30,"London, England",The O2 Arena,Other,FALSE,,,TRUE
Matt Rife,Matt Rife Expands ‘Stay Golden World Tour’,https://news.pollstar.com/2025/11/11/matt-rife-expands-stay-golden-world-tour-with/,2025-11-11,2026-02-07,2027-08-30,"Manchester, England",AO Arena,Other,FALSE,,,TRUE
Matt Rife,Matt Rife Expands ‘Stay Golden World Tour’,https://news.pollstar.com/2025/11/11/matt-rife-expands-stay-golden-world-tour-with/,2025-11-11,2026-02-07,2027-08-30,"Glasgow, Scotland",OVO Hydro,Other,FALSE,,,TRUE
Matt Rife,Matt Rife Expands ‘Stay Golden World Tour’,https://news.pollstar.com/2025/11/11/matt-rife-expands-stay-golden-world-tour-with/,2025-11-11,2026-02-07,2027-08-30,"Rome, Italy",Sala Santa Cecilia Auditorium,Other,FALSE,,,TRUE
Matt Rife,Matt Rife Expands ‘Stay Golden World Tour’,https://news.pollstar.com/2025/11/11/matt-rife-expands-stay-golden-world-tour-with/,2025-11-11,2026-02-07,2027-08-30,Hard Rock Live,"Hollywood, FL",Theater,FALSE,,,TRUE
Matt Rife,Matt Rife Expands ‘Stay Golden World Tour’,https://news.pollstar.com/2025/11/11/matt-rife-expands-stay-golden-world-tour-with/,2025-11-11,2026-02-07,2027-08-30,Spectrum Center,"Charlotte, NC",Arena,FALSE,,,TRUE
Matt Rife,Matt Rife Expands ‘Stay Golden World Tour’,https://news.pollstar.com/2025/11/11/matt-rife-expands-stay-golden-world-tour-with/,2025-11-11,2026-02-07,2027-08-30,Greek Theatre,"Los Angeles, CA",Amphitheater,FALSE,,,TRUE
Matt Rife,Matt Rife Expands ‘Stay Golden World Tour’,https://news.pollstar.com/2025/11/11/matt-rife-expands-stay-golden-world-tour-with/,2025-11-11,2026-02-07,2027-08-30,Ocean Casino Resort,"Atlantic City, NJ",Theater,FALSE,,,TRUE
Matt Rife,Matt Rife Expands ‘Stay Golden World Tour’,https://news.pollstar.com/2025/11/11/matt-rife-expands-stay-golden-world-tour-with/,2025-11-11,2026-02-07,2027-08-30,Alaska Airlines Center,"Anchorage, AK",Other,FALSE,,,TRUE
Matt Rife,Matt Rife Expands ‘Stay Golden World Tour’,https://news.pollstar.com/2025/11/11/matt-rife-expands-stay-golden-world-tour-with/,2025-11-11,2026-02-07,2027-08-30,Carlson Center,"Fairbanks, AK",Other,FALSE,,,TRUE
Matt Rife,Matt Rife Expands ‘Stay Golden World Tour’,https://news.pollstar.com/2025/11/11/matt-rife-expands-stay-golden-world-tour-with/,2025-11-11,2026-02-07,2027-08-30,Hayden Homes Amphitheater,"Bend, OR",Amphitheater,LYV,,,TRUE
Matt Rife,Matt Rife Expands ‘Stay Golden World Tour’,https://news.pollstar.com/2025/11/11/matt-rife-expands-stay-golden-world-tour-with/,2025-11-11,2026-02-07,2027-08-30,Mohegan Sun Arena,"Uncasville, CT",Arena,FALSE,,,TRUE
Matt Rife,Matt Rife Expands ‘Stay Golden World Tour’,https://news.pollstar.com/2025/11/11/matt-rife-expands-stay-golden-world-tour-with/,2025-11-11,2026-02-07,2027-08-30,Mohegan Sun Arena,"Uncasville, CT",Arena,FALSE,,,TRUE
Matt Rife,Matt Rife Expands ‘Stay Golden World Tour’,https://news.pollstar.com/2025/11/11/matt-rife-expands-stay-golden-world-tour-with/,2025-11-11,2026-02-07,2027-08-30,Choctaw Casino,"Choctaw, OK",Club,FALSE,,,TRUE
Matt Rife,Matt Rife Expands ‘Stay Golden World Tour’,https://news.pollstar.com/2025/11/11/matt-rife-expands-stay-golden-world-tour-with/,2025-11-11,2026-02-07,2027-08-30,Ford Idaho Center Arena,"Nampa, ID",Arena,FALSE,,,TRUE
Matt Rife,Matt Rife Expands ‘Stay Golden World Tour’,https://news.pollstar.com/2025/11/11/matt-rife-expands-stay-golden-world-tour-with/,2025-11-11,2026-02-07,2027-08-30,Moda Center,"Portland, OR",Arena,FALSE,,,TRUE
Matt Rife,Matt Rife Expands ‘Stay Golden World Tour’,https://news.pollstar.com/2025/11/11/matt-rife-expands-stay-golden-world-tour-with/,2025-11-11,2026-02-07,2027-08-30,Golden 1 Center,"Sacramento, CA",Arena,FALSE,,,TRUE
Matt Rife,Matt Rife Expands ‘Stay Golden World Tour’,https://news.pollstar.com/2025/11/11/matt-rife-expands-stay-golden-world-tour-with/,2025-11-11,2026-02-07,2027-08-30,Red Rocks Amphitheatre,"Morrison, CO",Amphitheater,FALSE,,,TRUE
Matt Rife,Matt Rife Expands ‘Stay Golden World Tour’,https://news.pollstar.com/2025/11/11/matt-rife-expands-stay-golden-world-tour-with/,2025-11-11,2026-02-07,2027-08-30,Bridgestone Arena,"Nashville, TN",Arena,FALSE,,,TRUE
Matt Rife,Matt Rife Expands ‘Stay Golden World Tour’,https://news.pollstar.com/2025/11/11/matt-rife-expands-stay-golden-world-tour-with/,2025-11-11,2026-02-07,2027-08-30,United Center,"Chicago, IL",Arena,FALSE,,,TRUE
Matt Rife,Matt Rife Expands ‘Stay Golden World Tour’,https://news.pollstar.com/2025/11/11/matt-rife-expands-stay-golden-world-tour-with/,2025-11-11,2026-02-07,2027-08-30,Fiserv Forum,"Milwaukee, WI",Arena,FALSE,,,TRUE
Matt Rife,Matt Rife Expands ‘Stay Golden World Tour’,https://news.pollstar.com/2025/11/11/matt-rife-expands-stay-golden-world-tour-with/,2025-11-11,2026-02-07,2027-08-30,Gainbridge Fieldhouse,"Indianapolis, IN",Arena,FALSE,,,TRUE
Matt Rife,Matt Rife Expands ‘Stay Golden World Tour’,https://news.pollstar.com/2025/11/11/matt-rife-expands-stay-golden-world-tour-with/,2025-11-11,2026-02-07,2027-08-30,UBS Arena,"Belmont Park, NY",Arena,FALSE,,,TRUE
Matt Rife,Matt Rife Expands ‘Stay Golden World Tour’,https://news.pollstar.com/2025/11/11/matt-rife-expands-stay-golden-world-tour-with/,2025-11-11,2026-02-07,2027-08-30,KeyBank Center,"Buffalo, NY",Arena,FALSE,,,TRUE
Matt Rife,Matt Rife Expands ‘Stay Golden World Tour’,https://news.pollstar.com/2025/11/11/matt-rife-expands-stay-golden-world-tour-with/,2025-11-11,2026-02-07,2027-08-30,Scotiabank Arena,"Toronto, ON",Arena,FALSE,,,TRUE
Matt Rife,Matt Rife Expands ‘Stay Golden World Tour’,https://news.pollstar.com/2025/11/11/matt-rife-expands-stay-golden-world-tour-with/,2025-11-11,2026-02-07,2027-08-30,Dickies Arena,"Fort Worth, TX",Arena,FALSE,,,TRUE
Matt Rife,Matt Rife Expands ‘Stay Golden World Tour’,https://news.pollstar.com/2025/11/11/matt-rife-expands-stay-golden-world-tour-with/,2025-11-11,2026-02-07,2027-08-30,INTRUST Bank Arena,"Wichita, KS",Arena,FALSE,,,TRUE
Matt Rife,Matt Rife Expands ‘Stay Golden World Tour’,https://news.pollstar.com/2025/11/11/matt-rife-expands-stay-golden-world-tour-with/,2025-11-11,2026-02-07,2027-08-30,Mortgage Matchup Center,"Phoenix, AZ",Arena,FALSE,,,TRUE
Matt Rife,Matt Rife Expands ‘Stay Golden World Tour’,https://news.pollstar.com/2025/11/11/matt-rife-expands-stay-golden-world-tour-with/,2025-11-11,2026-02-07,2027-08-30,Paycom Center,"Oklahoma City, OK",Arena,FALSE,,,TRUE
Matt Rife,Matt Rife Expands ‘Stay Golden World Tour’,https://news.pollstar.com/2025/11/11/matt-rife-expands-stay-golden-world-tour-with/,2025-11-11,2026-02-07,2027-08-30,Wolfbrook Arena,"Christchurch, NZ",Arena,FALSE,,,TRUE
Matt Rife,Matt Rife Expands ‘Stay Golden World Tour’,https://news.pollstar.com/2025/11/11/matt-rife-expands-stay-golden-world-tour-with/,2025-11-11,2026-02-07,2027-08-30,Spark Arena,"Auckland, NZ",Arena,FALSE,,,TRUE
Matt Rife,Matt Rife Expands ‘Stay Golden World Tour’,https://news.pollstar.com/2025/11/11/matt-rife-expands-stay-golden-world-tour-with/,2025-11-11,2026-02-07,2027-08-30,Brisbane Entertainment Centre,"Brisbane, AU",Arena,FALSE,,,TRUE
Matt Rife,Matt Rife Expands ‘Stay Golden World Tour’,https://news.pollstar.com/2025/11/11/matt-rife-expands-stay-golden-world-tour-with/,2025-11-11,2026-02-07,2027-08-30,Brisbane Entertainment Centre,"Brisbane, AU",Arena,FALSE,,,TRUE
Matt Rife,Matt Rife Expands ‘Stay Golden World Tour’,https://news.pollstar.com/2025/11/11/matt-rife-expands-stay-golden-world-tour-with/,2025-11-11,2026-02-07,2027-08-30,Adelaide Entertainment Centre,"Adelaide, AU",Arena,FALSE,,,TRUE
Matt Rife,Matt Rife Expands ‘Stay Golden World Tour’,https://news.pollstar.com/2025/11/11/matt-rife-expands-stay-golden-world-tour-with/,2025-11-11,2026-02-07,2027-08-30,Palais Theatre,"Melbourne, AU",Auditorium,FALSE,,,TRUE
Matt Rife,Matt Rife Expands ‘Stay Golden World Tour’,https://news.pollstar.com/2025/11/11/matt-rife-expands-stay-golden-world-tour-with/,2025-11-11,2026-02-07,2027-08-30,Palais Theatre,"Melbourne, AU",Auditorium,FALSE,,,TRUE
Matt Rife,Matt Rife Expands ‘Stay Golden World Tour’,https://news.pollstar.com/2025/11/11/matt-rife-expands-stay-golden-world-tour-with/,2025-11-11,2026-02-07,2027-08-30,ICC Sydney Theatre,"Sydney, AU",Theater,FALSE,,,TRUE
Matt Rife,Matt Rife Expands ‘Stay Golden World Tour’,https://news.pollstar.com/2025/11/11/matt-rife-expands-stay-golden-world-tour-with/,2025-11-11,2026-02-07,2027-08-30,ICC Sydney Theatre,"Sydney, AU",Theater,FALSE,,,TRUE
Matt Rife,Matt Rife Expands ‘Stay Golden World Tour’,https://news.pollstar.com/2025/11/11/matt-rife-expands-stay-golden-world-tour-with/,2025-11-11,2026-02-07,2027-08-30,Sydney Opera House,"Sydney, AU",Theater,FALSE,,,TRUE
Matt Rife,Matt Rife Expands ‘Stay Golden World Tour’,https://news.pollstar.com/2025/11/11/matt-rife-expands-stay-golden-world-tour-with/,2025-11-11,2026-02-07,2027-08-30,Perth HPC,"Perth, AU",Arena,FALSE,,,TRUE
Matt Rife,Matt Rife Expands ‘Stay Golden World Tour’,https://news.pollstar.com/2025/11/11/matt-rife-expands-stay-golden-world-tour-with/,2025-11-11,2026-02-07,2027-08-30,Perth HPC,"Perth, AU",Arena,FALSE,,,TRUE
Matt Rife,Matt Rife Expands ‘Stay Golden World Tour’,https://news.pollstar.com/2025/11/11/matt-rife-expands-stay-golden-world-tour-with/,2025-11-11,2026-02-07,2027-08-30,Perth HPC,"Perth, AU",Arena,FALSE,,,TRUE
Matt Rife,Matt Rife Expands ‘Stay Golden World Tour’,https://news.pollstar.com/2025/11/11/matt-rife-expands-stay-golden-world-tour-with/,2025-11-11,2026-02-07,2027-08-30,Kinsmen Park,"Edmonton, AB",Other,FALSE,,,TRUE
Matt Rife,Matt Rife Expands ‘Stay Golden World Tour’,https://news.pollstar.com/2025/11/11/matt-rife-expands-stay-golden-world-tour-with/,2025-11-11,2026-02-07,2027-08-30,Assiniboine Park,"Winnipeg, MB",Other,FALSE,,,TRUE
Matt Rife,Matt Rife Expands ‘Stay Golden World Tour’,https://news.pollstar.com/2025/11/11/matt-rife-expands-stay-golden-world-tour-with/,2025-11-11,2026-02-07,2027-08-30,Garrison Grounds,"Halifax, NS",Other,FALSE,,,TRUE
Matt Rife,Matt Rife Expands ‘Stay Golden World Tour’,https://news.pollstar.com/2025/11/11/matt-rife-expands-stay-golden-world-tour-with/,2025-11-11,2026-02-07,2027-08-30,Garrison Grounds,"Halifax, NS",Other,FALSE,,,TRUE
Matt Rife,Matt Rife Expands ‘Stay Golden World Tour’,https://news.pollstar.com/2025/11/11/matt-rife-expands-stay-golden-world-tour-with/,2025-11-11,2026-02-07,2027-08-30,Maine Savings Amphitheatre,"Bangor, ME",Amphitheater,FALSE,,,TRUE
Matt Rife,Matt Rife Expands ‘Stay Golden World Tour’,https://news.pollstar.com/2025/11/11/matt-rife-expands-stay-golden-world-tour-with/,2025-11-11,2026-02-07,2027-08-30,Prince’s Island Park,"Calgary, AB",Other,FALSE,,,TRUE
Matt Rife,Matt Rife Expands ‘Stay Golden World Tour’,https://news.pollstar.com/2025/11/11/matt-rife-expands-stay-golden-world-tour-with/,2025-11-11,2026-02-07,2027-08-30,ONE Spokane Stadium,"Spokane, WA",Stadium,FALSE,,,TRUE
Matt Rife,Matt Rife Expands ‘Stay Golden World Tour’,https://news.pollstar.com/2025/11/11/matt-rife-expands-stay-golden-world-tour-with/,2025-11-11,2026-02-07,2027-08-30,Stanley Park,"Vancouver, BC",Other,FALSE,,,TRUE
Matt Rife,Matt Rife Expands ‘Stay Golden World Tour’,https://news.pollstar.com/2025/11/11/matt-rife-expands-stay-golden-world-tour-with/,2025-11-11,2026-02-07,2027-08-30,Walmart AMP,"Rogers, AR",Amphitheater,LYV,,,TRUE
Red Clay Strays,"Red Clay Strays Announce Madison Square Garden Headline Show, Aug. 9",https://news.pollstar.com/2025/11/07/red-clay-strays-announce-madison-square-garden-headline-show-aug-9/,2025-11-07,2025-04-19,2025-12-05,"London, United Kingdom",Hackney Church,Other,FALSE,,,TRUE
Red Clay Strays,"Red Clay Strays Announce Madison Square Garden Headline Show, Aug. 9",https://news.pollstar.com/2025/11/07/red-clay-strays-announce-madison-square-garden-headline-show-aug-9/,2025-11-07,2025-04-19,2025-12-05,"London, United Kingdom",The Roundhouse,Other,FALSE,,,TRUE
Red Clay Strays,"Red Clay Strays Announce Madison Square Garden Headline Show, Aug. 9",https://news.pollstar.com/2025/11/07/red-clay-strays-announce-madison-square-garden-headline-show-aug-9/,2025-11-07,2025-04-19,2025-12-05,National Stadium,"Dublin, Ireland",Stadium,FALSE,,,TRUE
Red Clay Strays,"Red Clay Strays Announce Madison Square Garden Headline Show, Aug. 9",https://news.pollstar.com/2025/11/07/red-clay-strays-announce-madison-square-garden-headline-show-aug-9/,2025-11-07,2025-04-19,2025-12-05,"Belfast, United Kingdom",Ulster Hall,Other,FALSE,,,TRUE
Red Clay Strays,"Red Clay Strays Announce Madison Square Garden Headline Show, Aug. 9",https://news.pollstar.com/2025/11/07/red-clay-strays-announce-madison-square-garden-headline-show-aug-9/,2025-11-07,2025-04-19,2025-12-05,St. Pete Country Fest,"United Central, FL",Amphitheater,LYV,,,TRUE
Red Clay Strays,"Red Clay Strays Announce Madison Square Garden Headline Show, Aug. 9",https://news.pollstar.com/2025/11/07/red-clay-strays-announce-madison-square-garden-headline-show-aug-9/,2025-11-07,2025-04-19,2025-12-05,The Theater at Virgin Hotels,"Las Vegas, NV",Theater,FALSE,,,TRUE
Red Clay Strays,"Red Clay Strays Announce Madison Square Garden Headline Show, Aug. 9",https://news.pollstar.com/2025/11/07/red-clay-strays-announce-madison-square-garden-headline-show-aug-9/,2025-11-07,2025-04-19,2025-12-05,The Theater at Virgin Hotels,"Las Vegas, NV",Theater,FALSE,,,TRUE
Red Clay Strays,"Red Clay Strays Announce Madison Square Garden Headline Show, Aug. 9",https://news.pollstar.com/2025/11/07/red-clay-strays-announce-madison-square-garden-headline-show-aug-9/,2025-11-07,2025-04-19,2025-12-05,Two Step Inn,"Georgetown, TX",Amphitheater,LYV,,,TRUE
Red Clay Strays,"Red Clay Strays Announce Madison Square Garden Headline Show, Aug. 9",https://news.pollstar.com/2025/11/07/red-clay-strays-announce-madison-square-garden-headline-show-aug-9/,2025-11-07,2025-04-19,2025-12-05,Stagecoach,"Indio, CA",Amphitheater,LYV,,,TRUE
Red Clay Strays,"Red Clay Strays Announce Madison Square Garden Headline Show, Aug. 9",https://news.pollstar.com/2025/11/07/red-clay-strays-announce-madison-square-garden-headline-show-aug-9/,2025-11-07,2025-04-19,2025-12-05,Patriotic Festival,"Norfolk, VA",Other,FALSE,,,TRUE
Red Clay Strays,"Red Clay Strays Announce Madison Square Garden Headline Show, Aug. 9",https://news.pollstar.com/2025/11/07/red-clay-strays-announce-madison-square-garden-headline-show-aug-9/,2025-11-07,2025-04-19,2025-12-05,Buckeye Country Superfest,"Columbus, OH",Amphitheater,LYV,,,TRUE
Red Clay Strays,"Red Clay Strays Announce Madison Square Garden Headline Show, Aug. 9",https://news.pollstar.com/2025/11/07/red-clay-strays-announce-madison-square-garden-headline-show-aug-9/,2025-11-07,2025-04-19,2025-12-05,Madison Square Garden,"New York, NY",Arena,FALSE,,,TRUE
Gunna,"Gunna Adds ‘Wun World’ Tour Dates In Toronto, D.C., Europe",https://news.pollstar.com/2025/11/06/gunna-adds-wun-world-tour-dates-in-toronto-d-c-europe/,2025-11-06,2025-11-17,2026-07-03,MGM Music Hall (SOLD-OUT),"Boston, MA",Theater,FALSE,,,TRUE
Gunna,"Gunna Adds ‘Wun World’ Tour Dates In Toronto, D.C., Europe",https://news.pollstar.com/2025/11/06/gunna-adds-wun-world-tour-dates-in-toronto-d-c-europe/,2025-11-06,2025-11-17,2026-07-03,Liacouras Center,"Philadelphia, PA",Arena,FALSE,,,TRUE
Gunna,"Gunna Adds ‘Wun World’ Tour Dates In Toronto, D.C., Europe",https://news.pollstar.com/2025/11/06/gunna-adds-wun-world-tour-dates-in-toronto-d-c-europe/,2025-11-06,2025-11-17,2026-07-03,The Anthem (SOLD-OUT),"Washington, DC",Club,FALSE,,,TRUE
Gunna,"Gunna Adds ‘Wun World’ Tour Dates In Toronto, D.C., Europe",https://news.pollstar.com/2025/11/06/gunna-adds-wun-world-tour-dates-in-toronto-d-c-europe/,2025-11-06,2025-11-17,2026-07-03,Madison Square Garden,"New York, NY",Arena,FALSE,,,TRUE
Gunna,"Gunna Adds ‘Wun World’ Tour Dates In Toronto, D.C., Europe",https://news.pollstar.com/2025/11/06/gunna-adds-wun-world-tour-dates-in-toronto-d-c-europe/,2025-11-06,2025-11-17,2026-07-03,Coca Cola Coliseum (SOLD-OUT),"Toronto, ON",Arena,LYV,,,TRUE
Gunna,"Gunna Adds ‘Wun World’ Tour Dates In Toronto, D.C., Europe",https://news.pollstar.com/2025/11/06/gunna-adds-wun-world-tour-dates-in-toronto-d-c-europe/,2025-11-06,2025-11-17,2026-07-03,Coca Cola Coliseum - ADDED DATE,"Toronto, ON",Arena,LYV,,,TRUE
Gunna,"Gunna Adds ‘Wun World’ Tour Dates In Toronto, D.C., Europe",https://news.pollstar.com/2025/11/06/gunna-adds-wun-world-tour-dates-in-toronto-d-c-europe/,2025-11-06,2025-11-17,2026-07-03,The Dome (SOLD-OUT),"Virginia Beach, VA",Arena,FALSE,,,TRUE
Gunna,"Gunna Adds ‘Wun World’ Tour Dates In Toronto, D.C., Europe",https://news.pollstar.com/2025/11/06/gunna-adds-wun-world-tour-dates-in-toronto-d-c-europe/,2025-11-06,2025-11-17,2026-07-03,Bojangles Coliseum,"Charlotte, NC",Arena,FALSE,,,TRUE
Gunna,"Gunna Adds ‘Wun World’ Tour Dates In Toronto, D.C., Europe",https://news.pollstar.com/2025/11/06/gunna-adds-wun-world-tour-dates-in-toronto-d-c-europe/,2025-11-06,2025-11-17,2026-07-03,The Anthem - ADDED DATE,"Washington, DC",Club,FALSE,,,TRUE
Gunna,"Gunna Adds ‘Wun World’ Tour Dates In Toronto, D.C., Europe",https://news.pollstar.com/2025/11/06/gunna-adds-wun-world-tour-dates-in-toronto-d-c-europe/,2025-11-06,2025-11-17,2026-07-03,FPL Solar Amphitheatre,"Miami, FL",Amphitheater,LYV,,,TRUE
Gunna,"Gunna Adds ‘Wun World’ Tour Dates In Toronto, D.C., Europe",https://news.pollstar.com/2025/11/06/gunna-adds-wun-world-tour-dates-in-toronto-d-c-europe/,2025-11-06,2025-11-17,2026-07-03,Yuengling Center,"Tampa, FL",Arena,FALSE,,,TRUE
Gunna,"Gunna Adds ‘Wun World’ Tour Dates In Toronto, D.C., Europe",https://news.pollstar.com/2025/11/06/gunna-adds-wun-world-tour-dates-in-toronto-d-c-europe/,2025-11-06,2025-11-17,2026-07-03,State Farm Arena (SOLD-OUT),"Atlanta, GA",Arena,FALSE,,,TRUE
Gunna,"Gunna Adds ‘Wun World’ Tour Dates In Toronto, D.C., Europe",https://news.pollstar.com/2025/11/06/gunna-adds-wun-world-tour-dates-in-toronto-d-c-europe/,2025-11-06,2025-11-17,2026-07-03,713 Music Hall (SOLD-OUT),"Houston, TX",Theater,FALSE,,,TRUE
Gunna,"Gunna Adds ‘Wun World’ Tour Dates In Toronto, D.C., Europe",https://news.pollstar.com/2025/11/06/gunna-adds-wun-world-tour-dates-in-toronto-d-c-europe/,2025-11-06,2025-11-17,2026-07-03,Pavilion at Toyota Music Factory (SOLD-OUT),"Irving, TX",Amphitheater,LYV,,,TRUE
Gunna,"Gunna Adds ‘Wun World’ Tour Dates In Toronto, D.C., Europe",https://news.pollstar.com/2025/11/06/gunna-adds-wun-world-tour-dates-in-toronto-d-c-europe/,2025-11-06,2025-11-17,2026-07-03,Viejas Arena,"San Diego, CA",Arena,FALSE,,,TRUE
Gunna,"Gunna Adds ‘Wun World’ Tour Dates In Toronto, D.C., Europe",https://news.pollstar.com/2025/11/06/gunna-adds-wun-world-tour-dates-in-toronto-d-c-europe/,2025-11-06,2025-11-17,2026-07-03,YouTube Theater,"Los Angeles, CA",Theater,FALSE,,,TRUE
Gunna,"Gunna Adds ‘Wun World’ Tour Dates In Toronto, D.C., Europe",https://news.pollstar.com/2025/11/06/gunna-adds-wun-world-tour-dates-in-toronto-d-c-europe/,2025-11-06,2025-11-17,2026-07-03,Bill Graham Civic Auditorium,"San Francisco, CA",Theater,FALSE,,,TRUE
Gunna,"Gunna Adds ‘Wun World’ Tour Dates In Toronto, D.C., Europe",https://news.pollstar.com/2025/11/06/gunna-adds-wun-world-tour-dates-in-toronto-d-c-europe/,2025-11-06,2025-11-17,2026-07-03,WAMU Theater,"Seattle, WA",Theater,FALSE,,,TRUE
Gunna,"Gunna Adds ‘Wun World’ Tour Dates In Toronto, D.C., Europe",https://news.pollstar.com/2025/11/06/gunna-adds-wun-world-tour-dates-in-toronto-d-c-europe/,2025-11-06,2025-11-17,2026-07-03,Milk & Cookies Festival*,"Cape Town, South Africa",Amphitheater,LYV,,,TRUE
Gunna,"Gunna Adds ‘Wun World’ Tour Dates In Toronto, D.C., Europe",https://news.pollstar.com/2025/11/06/gunna-adds-wun-world-tour-dates-in-toronto-d-c-europe/,2025-11-06,2025-11-17,2026-07-03,Milk & Cookies Festival*,"Johannesburg, South Africa",Amphitheater,LYV,,,TRUE
Gunna,"Gunna Adds ‘Wun World’ Tour Dates In Toronto, D.C., Europe",https://news.pollstar.com/2025/11/06/gunna-adds-wun-world-tour-dates-in-toronto-d-c-europe/,2025-11-06,2025-11-17,2026-07-03,Rolling Loud*,"Sydney, Australia",Amphitheater,LYV,,,TRUE
Gunna,"Gunna Adds ‘Wun World’ Tour Dates In Toronto, D.C., Europe",https://news.pollstar.com/2025/11/06/gunna-adds-wun-world-tour-dates-in-toronto-d-c-europe/,2025-11-06,2025-11-17,2026-07-03,Rolling Loud*,"Melbourne, Australia",Amphitheater,LYV,,,TRUE
Gunna,"Gunna Adds ‘Wun World’ Tour Dates In Toronto, D.C., Europe",https://news.pollstar.com/2025/11/06/gunna-adds-wun-world-tour-dates-in-toronto-d-c-europe/,2025-11-06,2025-11-17,2026-07-03,Adidas Arena (SOLD-OUT),"Paris, France",Arena,FALSE,,,TRUE
Gunna,"Gunna Adds ‘Wun World’ Tour Dates In Toronto, D.C., Europe",https://news.pollstar.com/2025/11/06/gunna-adds-wun-world-tour-dates-in-toronto-d-c-europe/,2025-11-06,2025-11-17,2026-07-03,Palladium (SOLD-OUT),"Cologne, Germany",Theater,FALSE,,,TRUE
Gunna,"Gunna Adds ‘Wun World’ Tour Dates In Toronto, D.C., Europe",https://news.pollstar.com/2025/11/06/gunna-adds-wun-world-tour-dates-in-toronto-d-c-europe/,2025-11-06,2025-11-17,2026-07-03,Uber Eats Music Hall (SOLD-OUT),"Berlin, Germany",Theater,FALSE,,,TRUE
Gunna,"Gunna Adds ‘Wun World’ Tour Dates In Toronto, D.C., Europe",https://news.pollstar.com/2025/11/06/gunna-adds-wun-world-tour-dates-in-toronto-d-c-europe/,2025-11-06,2025-11-17,2026-07-03,The O2 (SOLD-OUT),"London, UK",Arena,FALSE,,,TRUE
Gunna,"Gunna Adds ‘Wun World’ Tour Dates In Toronto, D.C., Europe",https://news.pollstar.com/2025/11/06/gunna-adds-wun-world-tour-dates-in-toronto-d-c-europe/,2025-11-06,2025-11-17,2026-07-03,The O2 - ADDED DATE,"London, UK",Other,FALSE,,,TRUE
Gunna,"Gunna Adds ‘Wun World’ Tour Dates In Toronto, D.C., Europe",https://news.pollstar.com/2025/11/06/gunna-adds-wun-world-tour-dates-in-toronto-d-c-europe/,2025-11-06,2025-11-17,2026-07-03,AO Arena (SOLD-OUT),"Manchester, UK",Arena,FALSE,,,TRUE
Gunna,"Gunna Adds ‘Wun World’ Tour Dates In Toronto, D.C., Europe",https://news.pollstar.com/2025/11/06/gunna-adds-wun-world-tour-dates-in-toronto-d-c-europe/,2025-11-06,2025-11-17,2026-07-03,AFAS Live (SOLD-OUT),"Amsterdam, NL",Club,LYV,,,TRUE
Gunna,"Gunna Adds ‘Wun World’ Tour Dates In Toronto, D.C., Europe",https://news.pollstar.com/2025/11/06/gunna-adds-wun-world-tour-dates-in-toronto-d-c-europe/,2025-11-06,2025-11-17,2026-07-03,AFAS Live - ADDED DATE,"Amsterdam, NL",Club,LYV,,,TRUE
Gunna,"Gunna Adds ‘Wun World’ Tour Dates In Toronto, D.C., Europe",https://news.pollstar.com/2025/11/06/gunna-adds-wun-world-tour-dates-in-toronto-d-c-europe/,2025-11-06,2025-11-17,2026-07-03,Afronation*,"Portimão, Portugal",Amphitheater,LYV,,,TRUE
Maren Morris’ ‘The Dreamsicle Tour’ Heads Into 2026,Maren Morris’ ‘The Dreamsicle Tour’ Heads Into 2026,https://news.pollstar.com/2025/11/05/maren-morris-the-dreamsicle-tour-heads-into-2026/,2025-11-05,2025-04-15,2025-05-03,Brown County Music Center,"Nashville, IN",Other,FALSE,,,TRUE
Maren Morris’ ‘The Dreamsicle Tour’ Heads Into 2026,Maren Morris’ ‘The Dreamsicle Tour’ Heads Into 2026,https://news.pollstar.com/2025/11/05/maren-morris-the-dreamsicle-tour-heads-into-2026/,2025-11-05,2025-04-15,2025-05-03,Peace Center,"Greenville, SC",Other,FALSE,,,TRUE
Maren Morris’ ‘The Dreamsicle Tour’ Heads Into 2026,Maren Morris’ ‘The Dreamsicle Tour’ Heads Into 2026,https://news.pollstar.com/2025/11/05/maren-morris-the-dreamsicle-tour-heads-into-2026/,2025-11-05,2025-04-15,2025-05-03,High Water Festival,"North Charleston, SC",Amphitheater,LYV,,,TRUE
Maren Morris’ ‘The Dreamsicle Tour’ Heads Into 2026,Maren Morris’ ‘The Dreamsicle Tour’ Heads Into 2026,https://news.pollstar.com/2025/11/05/maren-morris-the-dreamsicle-tour-heads-into-2026/,2025-11-05,2025-04-15,2025-05-03,Hard Rock Event Center at Seminole Hard Rock Hotel & Casino Tampa,"Tampa, FL",Theater,FALSE,,,TRUE
Maren Morris’ ‘The Dreamsicle Tour’ Heads Into 2026,Maren Morris’ ‘The Dreamsicle Tour’ Heads Into 2026,https://news.pollstar.com/2025/11/05/maren-morris-the-dreamsicle-tour-heads-into-2026/,2025-11-05,2025-04-15,2025-05-03,The Fillmore Miami Beach,"Miami, FL",Club,LYV,,,TRUE
Maren Morris’ ‘The Dreamsicle Tour’ Heads Into 2026,Maren Morris’ ‘The Dreamsicle Tour’ Heads Into 2026,https://news.pollstar.com/2025/11/05/maren-morris-the-dreamsicle-tour-heads-into-2026/,2025-11-05,2025-04-15,2025-05-03,House of Blues Orlando,"Orlando, FL",Club,LYV,,,TRUE
Maren Morris’ ‘The Dreamsicle Tour’ Heads Into 2026,Maren Morris’ ‘The Dreamsicle Tour’ Heads Into 2026,https://news.pollstar.com/2025/11/05/maren-morris-the-dreamsicle-tour-heads-into-2026/,2025-11-05,2025-04-15,2025-05-03,Barbara B. Mann Performing Arts Hall at FSW,"Fort Myers, FL",Other,FALSE,,,TRUE
Maren Morris’ ‘The Dreamsicle Tour’ Heads Into 2026,Maren Morris’ ‘The Dreamsicle Tour’ Heads Into 2026,https://news.pollstar.com/2025/11/05/maren-morris-the-dreamsicle-tour-heads-into-2026/,2025-11-05,2025-04-15,2025-05-03,Ponte Vedra Concert Hall,"Ponte Vedra, FL",Other,FALSE,,,TRUE
Maren Morris’ ‘The Dreamsicle Tour’ Heads Into 2026,Maren Morris’ ‘The Dreamsicle Tour’ Heads Into 2026,https://news.pollstar.com/2025/11/05/maren-morris-the-dreamsicle-tour-heads-into-2026/,2025-11-05,2025-04-15,2025-05-03,Ponte Vedra Concert Hall,"Ponte Vedra, FL",Other,FALSE,,,TRUE
Maren Morris’ ‘The Dreamsicle Tour’ Heads Into 2026,Maren Morris’ ‘The Dreamsicle Tour’ Heads Into 2026,https://news.pollstar.com/2025/11/05/maren-morris-the-dreamsicle-tour-heads-into-2026/,2025-11-05,2025-04-15,2025-05-03,ACL Live at The Moody Theater,"Austin, TX",Theater,FALSE,,,TRUE
Maren Morris’ ‘The Dreamsicle Tour’ Heads Into 2026,Maren Morris’ ‘The Dreamsicle Tour’ Heads Into 2026,https://news.pollstar.com/2025/11/05/maren-morris-the-dreamsicle-tour-heads-into-2026/,2025-11-05,2025-04-15,2025-05-03,713 Music Hall,"Houston, TX",Theater,FALSE,,,TRUE
Maren Morris’ ‘The Dreamsicle Tour’ Heads Into 2026,Maren Morris’ ‘The Dreamsicle Tour’ Heads Into 2026,https://news.pollstar.com/2025/11/05/maren-morris-the-dreamsicle-tour-heads-into-2026/,2025-11-05,2025-04-15,2025-05-03,Majestic Theater,"Dallas, TX",Theater,FALSE,,,TRUE
Descendents And Frank Turner,Descendents And Frank Turner & The Sleeping Souls Announce Co-Headline Tour,https://news.pollstar.com/2025/11/04/descendents-and-frank-turner-the-sleeping-souls-announce-co-headline-tour/,2025-11-04,2026-02-13,2026-03-15,GLC Live at 20 Monroe,"Grand Rapids, MI",Theater,FALSE,,,TRUE
Descendents And Frank Turner,Descendents And Frank Turner & The Sleeping Souls Announce Co-Headline Tour,https://news.pollstar.com/2025/11/04/descendents-and-frank-turner-the-sleeping-souls-announce-co-headline-tour/,2025-11-04,2026-02-13,2026-03-15,House of Blues Cleveland,"Cleveland, OH",Club,LYV,,,TRUE
Descendents And Frank Turner,Descendents And Frank Turner & The Sleeping Souls Announce Co-Headline Tour,https://news.pollstar.com/2025/11/04/descendents-and-frank-turner-the-sleeping-souls-announce-co-headline-tour/,2025-11-04,2026-02-13,2026-03-15,The Andrew J Brady Music Center,"Cincinnati, OH",Amphitheater,LYV,,,TRUE
Descendents And Frank Turner,Descendents And Frank Turner & The Sleeping Souls Announce Co-Headline Tour,https://news.pollstar.com/2025/11/04/descendents-and-frank-turner-the-sleeping-souls-announce-co-headline-tour/,2025-11-04,2026-02-13,2026-03-15,Roxian Theatre Presented by Citizens,"Pittsburgh, PA",Theater,FALSE,,,TRUE
Descendents And Frank Turner,Descendents And Frank Turner & The Sleeping Souls Announce Co-Headline Tour,https://news.pollstar.com/2025/11/04/descendents-and-frank-turner-the-sleeping-souls-announce-co-headline-tour/,2025-11-04,2026-02-13,2026-03-15,Dome at Toyota Oakdale Theatre,"Wallingford, CT",Theater,FALSE,,,TRUE
Descendents And Frank Turner,Descendents And Frank Turner & The Sleeping Souls Announce Co-Headline Tour,https://news.pollstar.com/2025/11/04/descendents-and-frank-turner-the-sleeping-souls-announce-co-headline-tour/,2025-11-04,2026-02-13,2026-03-15,Nevermore Hall,"Baltimore, MD",Theater,FALSE,,,TRUE
Descendents And Frank Turner,Descendents And Frank Turner & The Sleeping Souls Announce Co-Headline Tour,https://news.pollstar.com/2025/11/04/descendents-and-frank-turner-the-sleeping-souls-announce-co-headline-tour/,2025-11-04,2026-02-13,2026-03-15,The Fillmore Charlotte,"Charlotte, NC",Club,LYV,,,TRUE
Descendents And Frank Turner,Descendents And Frank Turner & The Sleeping Souls Announce Co-Headline Tour,https://news.pollstar.com/2025/11/04/descendents-and-frank-turner-the-sleeping-souls-announce-co-headline-tour/,2025-11-04,2026-02-13,2026-03-15,House of Blues Orlando,"Orlando, FL",Club,LYV,,,TRUE
Descendents And Frank Turner,Descendents And Frank Turner & The Sleeping Souls Announce Co-Headline Tour,https://news.pollstar.com/2025/11/04/descendents-and-frank-turner-the-sleeping-souls-announce-co-headline-tour/,2025-11-04,2026-02-13,2026-03-15,Jannus Live,"St. Petersburg, FL",Club,FALSE,,,TRUE
Descendents And Frank Turner,Descendents And Frank Turner & The Sleeping Souls Announce Co-Headline Tour,https://news.pollstar.com/2025/11/04/descendents-and-frank-turner-the-sleeping-souls-announce-co-headline-tour/,2025-11-04,2026-02-13,2026-03-15,House of Blues New Orleans,"New Orleans, LA",Club,LYV,,,TRUE
Descendents And Frank Turner,Descendents And Frank Turner & The Sleeping Souls Announce Co-Headline Tour,https://news.pollstar.com/2025/11/04/descendents-and-frank-turner-the-sleeping-souls-announce-co-headline-tour/,2025-11-04,2026-02-13,2026-03-15,House of Blues Houston,"Houston, TX",Club,LYV,,,TRUE
Descendents And Frank Turner,Descendents And Frank Turner & The Sleeping Souls Announce Co-Headline Tour,https://news.pollstar.com/2025/11/04/descendents-and-frank-turner-the-sleeping-souls-announce-co-headline-tour/,2025-11-04,2026-02-13,2026-03-15,Aztec Theatre,"San Antonio, TX",Theater,FALSE,,,TRUE
Descendents And Frank Turner,Descendents And Frank Turner & The Sleeping Souls Announce Co-Headline Tour,https://news.pollstar.com/2025/11/04/descendents-and-frank-turner-the-sleeping-souls-announce-co-headline-tour/,2025-11-04,2026-02-13,2026-03-15,The Criterion,"Oklahoma City, OK",Theater,FALSE,,,TRUE
Descendents And Frank Turner,Descendents And Frank Turner & The Sleeping Souls Announce Co-Headline Tour,https://news.pollstar.com/2025/11/04/descendents-and-frank-turner-the-sleeping-souls-announce-co-headline-tour/,2025-11-04,2026-02-13,2026-03-15,Rialto Theatre,"Tucson, AZ",Theater,FALSE,,,TRUE
Descendents And Frank Turner,Descendents And Frank Turner & The Sleeping Souls Announce Co-Headline Tour,https://news.pollstar.com/2025/11/04/descendents-and-frank-turner-the-sleeping-souls-announce-co-headline-tour/,2025-11-04,2026-02-13,2026-03-15,House of Blues Anaheim,"Anaheim, CA",Club,LYV,,,TRUE
Descendents And Frank Turner,Descendents And Frank Turner & The Sleeping Souls Announce Co-Headline Tour,https://news.pollstar.com/2025/11/04/descendents-and-frank-turner-the-sleeping-souls-announce-co-headline-tour/,2025-11-04,2026-02-13,2026-03-15,Hard Rock Live Sacramento,"Wheatland, CA",Theater,FALSE,,,TRUE
Descendents And Frank Turner,Descendents And Frank Turner & The Sleeping Souls Announce Co-Headline Tour,https://news.pollstar.com/2025/11/04/descendents-and-frank-turner-the-sleeping-souls-announce-co-headline-tour/,2025-11-04,2026-02-13,2026-03-15,SteelHouse Omaha,"Omaha, NE",Theater,FALSE,,,TRUE
Descendents And Frank Turner,Descendents And Frank Turner & The Sleeping Souls Announce Co-Headline Tour,https://news.pollstar.com/2025/11/04/descendents-and-frank-turner-the-sleeping-souls-announce-co-headline-tour/,2025-11-04,2026-02-13,2026-03-15,Capitol Theatre,"Davenport, IA",Theater,FALSE,,,TRUE
Descendents And Frank Turner,Descendents And Frank Turner & The Sleeping Souls Announce Co-Headline Tour,https://news.pollstar.com/2025/11/04/descendents-and-frank-turner-the-sleeping-souls-announce-co-headline-tour/,2025-11-04,2026-02-13,2026-03-15,The Salt Shed Indoors,"Chicago, IL",Amphitheater,LYV,,,TRUE
Sting,Sting Extends ‘3.0’ Into 2026,https://news.pollstar.com/2025/11/03/sting-extends-3-0-into-2026/,2025-11-03,2026-05-09,2026-05-25,Choctaw Grand Theater,"Durant, OK",Theater,FALSE,,,TRUE
Sting,Sting Extends ‘3.0’ Into 2026,https://news.pollstar.com/2025/11/03/sting-extends-3-0-into-2026/,2025-11-03,2026-05-09,2026-05-25,The Pavilion at Toyota Music Factory,"Irving, TX",Amphitheater,LYV,,,TRUE
Sting,Sting Extends ‘3.0’ Into 2026,https://news.pollstar.com/2025/11/03/sting-extends-3-0-into-2026/,2025-11-03,2026-05-09,2026-05-25,Moody Amphitheater at Waterloo Park,"Austin, TX",Amphitheater,LYV,,,TRUE
Sting,Sting Extends ‘3.0’ Into 2026,https://news.pollstar.com/2025/11/03/sting-extends-3-0-into-2026/,2025-11-03,2026-05-09,2026-05-25,The Cynthia Woods Mitchell Pavilion presented by Huntsman,"Houston, TX",Amphitheater,LYV,,,TRUE
Sting,Sting Extends ‘3.0’ Into 2026,https://news.pollstar.com/2025/11/03/sting-extends-3-0-into-2026/,2025-11-03,2026-05-09,2026-05-25,Synovus Bank Amphitheater at Chastain Park,"Atlanta, GA",Amphitheater,LYV,,,TRUE
Sting,Sting Extends ‘3.0’ Into 2026,https://news.pollstar.com/2025/11/03/sting-extends-3-0-into-2026/,2025-11-03,2026-05-09,2026-05-25,Enmarket Arena,"Savannah, GA",Arena,FALSE,,,TRUE
Sting,Sting Extends ‘3.0’ Into 2026,https://news.pollstar.com/2025/11/03/sting-extends-3-0-into-2026/,2025-11-03,2026-05-09,2026-05-25,PNC Music Pavilion,"Charlotte, NC",Amphitheater,LYV,,,TRUE
Sting,Sting Extends ‘3.0’ Into 2026,https://news.pollstar.com/2025/11/03/sting-extends-3-0-into-2026/,2025-11-03,2026-05-09,2026-05-25,Red Hat Amphitheater,"Raleigh, NC",Amphitheater,LYV,,,TRUE
Sting,Sting Extends ‘3.0’ Into 2026,https://news.pollstar.com/2025/11/03/sting-extends-3-0-into-2026/,2025-11-03,2026-05-09,2026-05-25,Wolf Trap,"Vienna, VA",Other,FALSE,,,TRUE
Sting,Sting Extends ‘3.0’ Into 2026,https://news.pollstar.com/2025/11/03/sting-extends-3-0-into-2026/,2025-11-03,2026-05-09,2026-05-25,Wolf Trap,"Vienna, VA",Other,FALSE,,,TRUE
Sting,Sting Extends ‘3.0’ Into 2026,https://news.pollstar.com/2025/11/03/sting-extends-3-0-into-2026/,2025-11-03,2026-05-09,2026-05-25,Wolf Trap,"Vienna, VA",Other,FALSE,,,TRUE
Sting,Sting Extends ‘3.0’ Into 2026,https://news.pollstar.com/2025/11/03/sting-extends-3-0-into-2026/,2025-11-03,2026-05-09,2026-05-25,Allianz Amphitheater at Riverfront,"Richmond, VA",Amphitheater,LYV,,,TRUE
The Neighbourhood,The Neighbourhood Announces ‘The Wourld Tour’ Dates,https://news.pollstar.com/2025/11/03/the-neighbourhood-announces-the-wourld-tour-dates/,2025-11-03,2026-03-28,2026-10-09,Moody Center,"Austin, TX",Arena,FALSE,,,TRUE
The Neighbourhood,The Neighbourhood Announces ‘The Wourld Tour’ Dates,https://news.pollstar.com/2025/11/03/the-neighbourhood-announces-the-wourld-tour-dates/,2025-11-03,2026-03-28,2026-10-09,Dickies Arena,"Fort Worth, TX",Arena,FALSE,,,TRUE
The Neighbourhood,The Neighbourhood Announces ‘The Wourld Tour’ Dates,https://news.pollstar.com/2025/11/03/the-neighbourhood-announces-the-wourld-tour-dates/,2025-11-03,2026-03-28,2026-10-09,Armory,"Minneapolis, MN",Theater,FALSE,,,TRUE
The Neighbourhood,The Neighbourhood Announces ‘The Wourld Tour’ Dates,https://news.pollstar.com/2025/11/03/the-neighbourhood-announces-the-wourld-tour-dates/,2025-11-03,2026-03-28,2026-10-09,Scotiabank Arena,"Toronto, ON",Arena,FALSE,,,TRUE
The Neighbourhood,The Neighbourhood Announces ‘The Wourld Tour’ Dates,https://news.pollstar.com/2025/11/03/the-neighbourhood-announces-the-wourld-tour-dates/,2025-11-03,2026-03-28,2026-10-09,TD Garden,"Boston, MA",Arena,FALSE,,,TRUE
The Neighbourhood,The Neighbourhood Announces ‘The Wourld Tour’ Dates,https://news.pollstar.com/2025/11/03/the-neighbourhood-announces-the-wourld-tour-dates/,2025-11-03,2026-03-28,2026-10-09,The Anthem,"Washington, DC",Club,FALSE,,,TRUE
The Neighbourhood,The Neighbourhood Announces ‘The Wourld Tour’ Dates,https://news.pollstar.com/2025/11/03/the-neighbourhood-announces-the-wourld-tour-dates/,2025-11-03,2026-03-28,2026-10-09,Madison Square Garden,"New York, NY",Arena,FALSE,,,TRUE
The Neighbourhood,The Neighbourhood Announces ‘The Wourld Tour’ Dates,https://news.pollstar.com/2025/11/03/the-neighbourhood-announces-the-wourld-tour-dates/,2025-11-03,2026-03-28,2026-10-09,"Istanbul, Turkey",KüçükÇiftlik Park,Other,FALSE,,,TRUE
The Neighbourhood,The Neighbourhood Announces ‘The Wourld Tour’ Dates,https://news.pollstar.com/2025/11/03/the-neighbourhood-announces-the-wourld-tour-dates/,2025-11-03,2026-03-28,2026-10-09,"Prague, Czech Republic",Sportovní hala Fortuna,Other,FALSE,,,TRUE
The Neighbourhood,The Neighbourhood Announces ‘The Wourld Tour’ Dates,https://news.pollstar.com/2025/11/03/the-neighbourhood-announces-the-wourld-tour-dates/,2025-11-03,2026-03-28,2026-10-09,"Krakow, Poland",TAURON Arena,Other,FALSE,,,TRUE
The Neighbourhood,The Neighbourhood Announces ‘The Wourld Tour’ Dates,https://news.pollstar.com/2025/11/03/the-neighbourhood-announces-the-wourld-tour-dates/,2025-11-03,2026-03-28,2026-10-09,"Milan, Italy",Unipol Forum,Other,FALSE,,,TRUE
The Neighbourhood,The Neighbourhood Announces ‘The Wourld Tour’ Dates,https://news.pollstar.com/2025/11/03/the-neighbourhood-announces-the-wourld-tour-dates/,2025-11-03,2026-03-28,2026-10-09,"Zurich, Switzerland",The Hall,Other,FALSE,,,TRUE
The Neighbourhood,The Neighbourhood Announces ‘The Wourld Tour’ Dates,https://news.pollstar.com/2025/11/03/the-neighbourhood-announces-the-wourld-tour-dates/,2025-11-03,2026-03-28,2026-10-09,"Berlin, Germany",Velodrom,Other,FALSE,,,TRUE
The Neighbourhood,The Neighbourhood Announces ‘The Wourld Tour’ Dates,https://news.pollstar.com/2025/11/03/the-neighbourhood-announces-the-wourld-tour-dates/,2025-11-03,2026-03-28,2026-10-09,"Amsterdam, Netherlands",Ziggo Dome,Other,FALSE,,,TRUE
The Neighbourhood,The Neighbourhood Announces ‘The Wourld Tour’ Dates,https://news.pollstar.com/2025/11/03/the-neighbourhood-announces-the-wourld-tour-dates/,2025-11-03,2026-03-28,2026-10-09,"Cologne, Germany",Lanxess Arena,Other,FALSE,,,TRUE
The Neighbourhood,The Neighbourhood Announces ‘The Wourld Tour’ Dates,https://news.pollstar.com/2025/11/03/the-neighbourhood-announces-the-wourld-tour-dates/,2025-11-03,2026-03-28,2026-10-09,"Paris, France",Zenith,Other,FALSE,,,TRUE
The Neighbourhood,The Neighbourhood Announces ‘The Wourld Tour’ Dates,https://news.pollstar.com/2025/11/03/the-neighbourhood-announces-the-wourld-tour-dates/,2025-11-03,2026-03-28,2026-10-09,"Brussels, Belgium",Forest National,Other,FALSE,,,TRUE
The Neighbourhood,The Neighbourhood Announces ‘The Wourld Tour’ Dates,https://news.pollstar.com/2025/11/03/the-neighbourhood-announces-the-wourld-tour-dates/,2025-11-03,2026-03-28,2026-10-09,The O2,"London, UK",Arena,FALSE,,,TRUE
The Neighbourhood,The Neighbourhood Announces ‘The Wourld Tour’ Dates,https://news.pollstar.com/2025/11/03/the-neighbourhood-announces-the-wourld-tour-dates/,2025-11-03,2026-03-28,2026-10-09,3Arena,"Dublin, Ireland",Arena,LYV,,,TRUE
The Neighbourhood,The Neighbourhood Announces ‘The Wourld Tour’ Dates,https://news.pollstar.com/2025/11/03/the-neighbourhood-announces-the-wourld-tour-dates/,2025-11-03,2026-03-28,2026-10-09,Spark Arena,"Auckland, NZ",Arena,FALSE,,,TRUE
The Neighbourhood,The Neighbourhood Announces ‘The Wourld Tour’ Dates,https://news.pollstar.com/2025/11/03/the-neighbourhood-announces-the-wourld-tour-dates/,2025-11-03,2026-03-28,2026-10-09,"Melbourne, Australia",Margaret Court Arena,Other,FALSE,,,TRUE
The Neighbourhood,The Neighbourhood Announces ‘The Wourld Tour’ Dates,https://news.pollstar.com/2025/11/03/the-neighbourhood-announces-the-wourld-tour-dates/,2025-11-03,2026-03-28,2026-10-09,"Singapore, Singapore",The Star Theatre,Other,FALSE,,,TRUE
The Neighbourhood,The Neighbourhood Announces ‘The Wourld Tour’ Dates,https://news.pollstar.com/2025/11/03/the-neighbourhood-announces-the-wourld-tour-dates/,2025-11-03,2026-03-28,2026-10-09,"Jakarta, Indonesia",Istora Senayan,Other,FALSE,,,TRUE
The Neighbourhood,The Neighbourhood Announces ‘The Wourld Tour’ Dates,https://news.pollstar.com/2025/11/03/the-neighbourhood-announces-the-wourld-tour-dates/,2025-11-03,2026-03-28,2026-10-09,"Seol, South Korea",(TBA),Other,FALSE,,,TRUE
The Neighbourhood,The Neighbourhood Announces ‘The Wourld Tour’ Dates,https://news.pollstar.com/2025/11/03/the-neighbourhood-announces-the-wourld-tour-dates/,2025-11-03,2026-03-28,2026-10-09,"Guadalajara, Mexico",Auditorio Telmex,Other,FALSE,,,TRUE
The Neighbourhood,The Neighbourhood Announces ‘The Wourld Tour’ Dates,https://news.pollstar.com/2025/11/03/the-neighbourhood-announces-the-wourld-tour-dates/,2025-11-03,2026-03-28,2026-10-09,"Monterrey, Mexico",Auditorio Banamex,Other,FALSE,,,TRUE
The Neighbourhood,The Neighbourhood Announces ‘The Wourld Tour’ Dates,https://news.pollstar.com/2025/11/03/the-neighbourhood-announces-the-wourld-tour-dates/,2025-11-03,2026-03-28,2026-10-09,Rogers Arena,"Vancouver, BC",Arena,FALSE,,,TRUE
The Neighbourhood,The Neighbourhood Announces ‘The Wourld Tour’ Dates,https://news.pollstar.com/2025/11/03/the-neighbourhood-announces-the-wourld-tour-dates/,2025-11-03,2026-03-28,2026-10-09,WAMU Theater,"Seattle, WA",Theater,FALSE,,,TRUE
The Neighbourhood,The Neighbourhood Announces ‘The Wourld Tour’ Dates,https://news.pollstar.com/2025/11/03/the-neighbourhood-announces-the-wourld-tour-dates/,2025-11-03,2026-03-28,2026-10-09,Moda Center,"Portland, OR",Arena,FALSE,,,TRUE
The Neighbourhood,The Neighbourhood Announces ‘The Wourld Tour’ Dates,https://news.pollstar.com/2025/11/03/the-neighbourhood-announces-the-wourld-tour-dates/,2025-11-03,2026-03-28,2026-10-09,Bill Graham Civic Auditorium,"San Francisco, CA",Theater,FALSE,,,TRUE
The Neighbourhood,The Neighbourhood Announces ‘The Wourld Tour’ Dates,https://news.pollstar.com/2025/11/03/the-neighbourhood-announces-the-wourld-tour-dates/,2025-11-03,2026-03-28,2026-10-09,Kia Forum,"Inglewood, CA",Arena,FALSE,,,TRUE
Sammy Hagar,Sammy Hagar & The Best Of All Worlds Announce UK Tour Dates,https://news.pollstar.com/2025/10/28/sammy-hagar-the-best-of-all-worlds-announce-uk-tour-dates/,2025-10-28,2025-07-04,2025-07-09,Manchester AO Arena,"Manchester, UK",Arena,FALSE,,,TRUE
Sammy Hagar,Sammy Hagar & The Best Of All Worlds Announce UK Tour Dates,https://news.pollstar.com/2025/10/28/sammy-hagar-the-best-of-all-worlds-announce-uk-tour-dates/,2025-10-28,2025-07-04,2025-07-09,Birmingham BP Pulse Live,"Birmingham, UK",Arena,FALSE,,,TRUE
Sammy Hagar,Sammy Hagar & The Best Of All Worlds Announce UK Tour Dates,https://news.pollstar.com/2025/10/28/sammy-hagar-the-best-of-all-worlds-announce-uk-tour-dates/,2025-10-28,2025-07-04,2025-07-09,Leeds First Direct Bank Arena,"Leeds, UK",Arena,FALSE,,,TRUE
Sammy Hagar,Sammy Hagar & The Best Of All Worlds Announce UK Tour Dates,https://news.pollstar.com/2025/10/28/sammy-hagar-the-best-of-all-worlds-announce-uk-tour-dates/,2025-10-28,2025-07-04,2025-07-09,London O2 Arena,"London, UK",Arena,FALSE,,,TRUE
Mexican Rappers Alemán,"Mexican Rappers Alemán, Gera MX Band Together As Rich Mafia For 2026 US Tour",https://news.pollstar.com/2025/10/27/mexican-rappers-aleman-gera-mx-band-together-as-rich-mafia-for-2026-us-tour/,2025-10-27,2026-01-29,2026-02-21,Fillmore Auditorium,"Denver, CO",Theater,LYV,,,TRUE
Mexican Rappers Alemán,"Mexican Rappers Alemán, Gera MX Band Together As Rich Mafia For 2026 US Tour",https://news.pollstar.com/2025/10/27/mexican-rappers-aleman-gera-mx-band-together-as-rich-mafia-for-2026-us-tour/,2025-10-27,2026-01-29,2026-02-21,The Depot,"Salt Lake City, UT",Club,FALSE,,,TRUE
Mexican Rappers Alemán,"Mexican Rappers Alemán, Gera MX Band Together As Rich Mafia For 2026 US Tour",https://news.pollstar.com/2025/10/27/mexican-rappers-aleman-gera-mx-band-together-as-rich-mafia-for-2026-us-tour/,2025-10-27,2026-01-29,2026-02-21,Hard Rock Live,"Wheatland, CA",Theater,FALSE,,,TRUE
Mexican Rappers Alemán,"Mexican Rappers Alemán, Gera MX Band Together As Rich Mafia For 2026 US Tour",https://news.pollstar.com/2025/10/27/mexican-rappers-aleman-gera-mx-band-together-as-rich-mafia-for-2026-us-tour/,2025-10-27,2026-01-29,2026-02-21,San Jose Civic,"San Jose, CA",Theater,FALSE,,,TRUE
Mexican Rappers Alemán,"Mexican Rappers Alemán, Gera MX Band Together As Rich Mafia For 2026 US Tour",https://news.pollstar.com/2025/10/27/mexican-rappers-aleman-gera-mx-band-together-as-rich-mafia-for-2026-us-tour/,2025-10-27,2026-01-29,2026-02-21,Hollywood Palladium,"Los Angeles, CA",Theater,LYV,,,TRUE
Mexican Rappers Alemán,"Mexican Rappers Alemán, Gera MX Band Together As Rich Mafia For 2026 US Tour",https://news.pollstar.com/2025/10/27/mexican-rappers-aleman-gera-mx-band-together-as-rich-mafia-for-2026-us-tour/,2025-10-27,2026-01-29,2026-02-21,Observatory SD,"San Diego, CA",Club,FALSE,,,TRUE
Mexican Rappers Alemán,"Mexican Rappers Alemán, Gera MX Band Together As Rich Mafia For 2026 US Tour",https://news.pollstar.com/2025/10/27/mexican-rappers-aleman-gera-mx-band-together-as-rich-mafia-for-2026-us-tour/,2025-10-27,2026-01-29,2026-02-21,Lowbrow Palace,"El Paso, TX",Theater,FALSE,,,TRUE
Mexican Rappers Alemán,"Mexican Rappers Alemán, Gera MX Band Together As Rich Mafia For 2026 US Tour",https://news.pollstar.com/2025/10/27/mexican-rappers-aleman-gera-mx-band-together-as-rich-mafia-for-2026-us-tour/,2025-10-27,2026-01-29,2026-02-21,McAllen Performing Arts Center,"McAllen, TX",Theater,FALSE,,,TRUE
Mexican Rappers Alemán,"Mexican Rappers Alemán, Gera MX Band Together As Rich Mafia For 2026 US Tour",https://news.pollstar.com/2025/10/27/mexican-rappers-aleman-gera-mx-band-together-as-rich-mafia-for-2026-us-tour/,2025-10-27,2026-01-29,2026-02-21,South Side Ballroom,"Dallas, TX",Club,FALSE,,,TRUE
Mexican Rappers Alemán,"Mexican Rappers Alemán, Gera MX Band Together As Rich Mafia For 2026 US Tour",https://news.pollstar.com/2025/10/27/mexican-rappers-aleman-gera-mx-band-together-as-rich-mafia-for-2026-us-tour/,2025-10-27,2026-01-29,2026-02-21,The Aztec,"San Antonio, TX",Club,FALSE,,,TRUE
Mexican Rappers Alemán,"Mexican Rappers Alemán, Gera MX Band Together As Rich Mafia For 2026 US Tour",https://news.pollstar.com/2025/10/27/mexican-rappers-aleman-gera-mx-band-together-as-rich-mafia-for-2026-us-tour/,2025-10-27,2026-01-29,2026-02-21,713 Music Hall,"Houston, TX",Theater,FALSE,,,TRUE
Mexican Rappers Alemán,"Mexican Rappers Alemán, Gera MX Band Together As Rich Mafia For 2026 US Tour",https://news.pollstar.com/2025/10/27/mexican-rappers-aleman-gera-mx-band-together-as-rich-mafia-for-2026-us-tour/,2025-10-27,2026-01-29,2026-02-21,Brooklyn Paramount,"Brooklyn, NY",Theater,LYV,,,TRUE
Mexican Rappers Alemán,"Mexican Rappers Alemán, Gera MX Band Together As Rich Mafia For 2026 US Tour",https://news.pollstar.com/2025/10/27/mexican-rappers-aleman-gera-mx-band-together-as-rich-mafia-for-2026-us-tour/,2025-10-27,2026-01-29,2026-02-21,The Fillmore Minneapolis,"Minneapolis, MN",Club,LYV,,,TRUE
Mexican Rappers Alemán,"Mexican Rappers Alemán, Gera MX Band Together As Rich Mafia For 2026 US Tour",https://news.pollstar.com/2025/10/27/mexican-rappers-aleman-gera-mx-band-together-as-rich-mafia-for-2026-us-tour/,2025-10-27,2026-01-29,2026-02-21,Byline Bank Aragon Ballroom,"Chicago, IL",Club,LYV,,,TRUE
Miguel Embarking On Global ‘CAOS Tour’ In 2026,Miguel Embarking On Global ‘CAOS Tour’ In 2026,https://news.pollstar.com/2025/10/27/miguel-embarking-on-global-caos-tour-in-2026/,2025-10-27,2026-02-10,2026-05-05,Coca-Cola Roxy,"Atlanta, GA",Club,LYV,,,TRUE
Miguel Embarking On Global ‘CAOS Tour’ In 2026,Miguel Embarking On Global ‘CAOS Tour’ In 2026,https://news.pollstar.com/2025/10/27/miguel-embarking-on-global-caos-tour-in-2026/,2025-10-27,2026-02-10,2026-05-05,Ryman Auditorium,"Nashville, TN",Theater,FALSE,,,TRUE
Miguel Embarking On Global ‘CAOS Tour’ In 2026,Miguel Embarking On Global ‘CAOS Tour’ In 2026,https://news.pollstar.com/2025/10/27/miguel-embarking-on-global-caos-tour-in-2026/,2025-10-27,2026-02-10,2026-05-05,The Dome,"Virginia Beach, VA",Arena,FALSE,,,TRUE
Miguel Embarking On Global ‘CAOS Tour’ In 2026,Miguel Embarking On Global ‘CAOS Tour’ In 2026,https://news.pollstar.com/2025/10/27/miguel-embarking-on-global-caos-tour-in-2026/,2025-10-27,2026-02-10,2026-05-05,MGM Music Hall at Fenway,"Boston, MA",Theater,LYV,,,TRUE
Miguel Embarking On Global ‘CAOS Tour’ In 2026,Miguel Embarking On Global ‘CAOS Tour’ In 2026,https://news.pollstar.com/2025/10/27/miguel-embarking-on-global-caos-tour-in-2026/,2025-10-27,2026-02-10,2026-05-05,The Anthem,"Washington, DC",Club,FALSE,,,TRUE
Miguel Embarking On Global ‘CAOS Tour’ In 2026,Miguel Embarking On Global ‘CAOS Tour’ In 2026,https://news.pollstar.com/2025/10/27/miguel-embarking-on-global-caos-tour-in-2026/,2025-10-27,2026-02-10,2026-05-05,MTELUS,"Montreal, QC",Theater,LYV,,,TRUE
Miguel Embarking On Global ‘CAOS Tour’ In 2026,Miguel Embarking On Global ‘CAOS Tour’ In 2026,https://news.pollstar.com/2025/10/27/miguel-embarking-on-global-caos-tour-in-2026/,2025-10-27,2026-02-10,2026-05-05,History,"Toronto, ON",Club,LYV,,,TRUE
Miguel Embarking On Global ‘CAOS Tour’ In 2026,Miguel Embarking On Global ‘CAOS Tour’ In 2026,https://news.pollstar.com/2025/10/27/miguel-embarking-on-global-caos-tour-in-2026/,2025-10-27,2026-02-10,2026-05-05,The Met Philadelphia Presented by Highmark,"Philadelphia, PA",Theater,LYV,,,TRUE
Miguel Embarking On Global ‘CAOS Tour’ In 2026,Miguel Embarking On Global ‘CAOS Tour’ In 2026,https://news.pollstar.com/2025/10/27/miguel-embarking-on-global-caos-tour-in-2026/,2025-10-27,2026-02-10,2026-05-05,Toyota Oakdale Theatre,"Wallingford, CT",Theater,FALSE,,,TRUE
Miguel Embarking On Global ‘CAOS Tour’ In 2026,Miguel Embarking On Global ‘CAOS Tour’ In 2026,https://news.pollstar.com/2025/10/27/miguel-embarking-on-global-caos-tour-in-2026/,2025-10-27,2026-02-10,2026-05-05,Radio City Music Hall,"New York, NY",Theater,FALSE,,,TRUE
Miguel Embarking On Global ‘CAOS Tour’ In 2026,Miguel Embarking On Global ‘CAOS Tour’ In 2026,https://news.pollstar.com/2025/10/27/miguel-embarking-on-global-caos-tour-in-2026/,2025-10-27,2026-02-10,2026-05-05,Fox Theatre,"Detroit, MI",Theater,FALSE,,,TRUE
Miguel Embarking On Global ‘CAOS Tour’ In 2026,Miguel Embarking On Global ‘CAOS Tour’ In 2026,https://news.pollstar.com/2025/10/27/miguel-embarking-on-global-caos-tour-in-2026/,2025-10-27,2026-02-10,2026-05-05,The Andrew J Brady Music Center,"Cincinnati, OH",Amphitheater,LYV,,,TRUE
Miguel Embarking On Global ‘CAOS Tour’ In 2026,Miguel Embarking On Global ‘CAOS Tour’ In 2026,https://news.pollstar.com/2025/10/27/miguel-embarking-on-global-caos-tour-in-2026/,2025-10-27,2026-02-10,2026-05-05,Byline Bank Aragon Ballroom,"Chicago, IL",Club,LYV,,,TRUE
Miguel Embarking On Global ‘CAOS Tour’ In 2026,Miguel Embarking On Global ‘CAOS Tour’ In 2026,https://news.pollstar.com/2025/10/27/miguel-embarking-on-global-caos-tour-in-2026/,2025-10-27,2026-02-10,2026-05-05,The Armory,"Minneapolis, MN",Theater,FALSE,,,TRUE
Miguel Embarking On Global ‘CAOS Tour’ In 2026,Miguel Embarking On Global ‘CAOS Tour’ In 2026,https://news.pollstar.com/2025/10/27/miguel-embarking-on-global-caos-tour-in-2026/,2025-10-27,2026-02-10,2026-05-05,Landmark Credit Union Live,"Milwaukee, WI",Club,FALSE,,,TRUE
Miguel Embarking On Global ‘CAOS Tour’ In 2026,Miguel Embarking On Global ‘CAOS Tour’ In 2026,https://news.pollstar.com/2025/10/27/miguel-embarking-on-global-caos-tour-in-2026/,2025-10-27,2026-02-10,2026-05-05,Fillmore Auditorium,"Denver, CO",Theater,LYV,,,TRUE
Miguel Embarking On Global ‘CAOS Tour’ In 2026,Miguel Embarking On Global ‘CAOS Tour’ In 2026,https://news.pollstar.com/2025/10/27/miguel-embarking-on-global-caos-tour-in-2026/,2025-10-27,2026-02-10,2026-05-05,The Complex,"Salt Lake City, UT",Club,FALSE,,,TRUE
Miguel Embarking On Global ‘CAOS Tour’ In 2026,Miguel Embarking On Global ‘CAOS Tour’ In 2026,https://news.pollstar.com/2025/10/27/miguel-embarking-on-global-caos-tour-in-2026/,2025-10-27,2026-02-10,2026-05-05,Keller Auditorium,"Portland, OR",Theater,FALSE,,,TRUE
Miguel Embarking On Global ‘CAOS Tour’ In 2026,Miguel Embarking On Global ‘CAOS Tour’ In 2026,https://news.pollstar.com/2025/10/27/miguel-embarking-on-global-caos-tour-in-2026/,2025-10-27,2026-02-10,2026-05-05,WAMU Theater,"Seattle, WA",Theater,FALSE,,,TRUE
Miguel Embarking On Global ‘CAOS Tour’ In 2026,Miguel Embarking On Global ‘CAOS Tour’ In 2026,https://news.pollstar.com/2025/10/27/miguel-embarking-on-global-caos-tour-in-2026/,2025-10-27,2026-02-10,2026-05-05,UBC - Doug Mitchell Thunderbird Sports Centre,"Vancouver, BC",Arena,FALSE,,,TRUE
Miguel Embarking On Global ‘CAOS Tour’ In 2026,Miguel Embarking On Global ‘CAOS Tour’ In 2026,https://news.pollstar.com/2025/10/27/miguel-embarking-on-global-caos-tour-in-2026/,2025-10-27,2026-02-10,2026-05-05,Bill Graham Civic Auditorium,"San Francisco, CA",Theater,FALSE,,,TRUE
Miguel Embarking On Global ‘CAOS Tour’ In 2026,Miguel Embarking On Global ‘CAOS Tour’ In 2026,https://news.pollstar.com/2025/10/27/miguel-embarking-on-global-caos-tour-in-2026/,2025-10-27,2026-02-10,2026-05-05,Kia Forum^,"Los Angeles, CA",Arena,FALSE,,,TRUE
Miguel Embarking On Global ‘CAOS Tour’ In 2026,Miguel Embarking On Global ‘CAOS Tour’ In 2026,https://news.pollstar.com/2025/10/27/miguel-embarking-on-global-caos-tour-in-2026/,2025-10-27,2026-02-10,2026-05-05,Cal Coast Credit Union Open Air Theatre,"San Diego, CA",Theater,FALSE,,,TRUE
Miguel Embarking On Global ‘CAOS Tour’ In 2026,Miguel Embarking On Global ‘CAOS Tour’ In 2026,https://news.pollstar.com/2025/10/27/miguel-embarking-on-global-caos-tour-in-2026/,2025-10-27,2026-02-10,2026-05-05,Arizona Financial Theatre,"Phoenix, AZ",Theater,LYV,,,TRUE
Miguel Embarking On Global ‘CAOS Tour’ In 2026,Miguel Embarking On Global ‘CAOS Tour’ In 2026,https://news.pollstar.com/2025/10/27/miguel-embarking-on-global-caos-tour-in-2026/,2025-10-27,2026-02-10,2026-05-05,Moody Amphitheater,"Austin, TX",Amphitheater,LYV,,,TRUE
Miguel Embarking On Global ‘CAOS Tour’ In 2026,Miguel Embarking On Global ‘CAOS Tour’ In 2026,https://news.pollstar.com/2025/10/27/miguel-embarking-on-global-caos-tour-in-2026/,2025-10-27,2026-02-10,2026-05-05,The Pavilion at Toyota Music Factory,"Irving, TX",Amphitheater,LYV,,,TRUE
Miguel Embarking On Global ‘CAOS Tour’ In 2026,Miguel Embarking On Global ‘CAOS Tour’ In 2026,https://news.pollstar.com/2025/10/27/miguel-embarking-on-global-caos-tour-in-2026/,2025-10-27,2026-02-10,2026-05-05,713 Music Hall,"Houston, TX",Theater,FALSE,,,TRUE
Miguel Embarking On Global ‘CAOS Tour’ In 2026,Miguel Embarking On Global ‘CAOS Tour’ In 2026,https://news.pollstar.com/2025/10/27/miguel-embarking-on-global-caos-tour-in-2026/,2025-10-27,2026-02-10,2026-05-05,O2 Victoria Warehouse Manchester,"Manchester, UK",Club,LYV,,,TRUE
Miguel Embarking On Global ‘CAOS Tour’ In 2026,Miguel Embarking On Global ‘CAOS Tour’ In 2026,https://news.pollstar.com/2025/10/27/miguel-embarking-on-global-caos-tour-in-2026/,2025-10-27,2026-02-10,2026-05-05,O2 Academy Birmingham,"Birmingham, UK",Theater,LYV,,,TRUE
Miguel Embarking On Global ‘CAOS Tour’ In 2026,Miguel Embarking On Global ‘CAOS Tour’ In 2026,https://news.pollstar.com/2025/10/27/miguel-embarking-on-global-caos-tour-in-2026/,2025-10-27,2026-02-10,2026-05-05,O2 Academy Brixton,"London, UK",Theater,LYV,,,TRUE
Miguel Embarking On Global ‘CAOS Tour’ In 2026,Miguel Embarking On Global ‘CAOS Tour’ In 2026,https://news.pollstar.com/2025/10/27/miguel-embarking-on-global-caos-tour-in-2026/,2025-10-27,2026-02-10,2026-05-05,La Madeleine,"Brussels, BE",Club,FALSE,,,TRUE
Miguel Embarking On Global ‘CAOS Tour’ In 2026,Miguel Embarking On Global ‘CAOS Tour’ In 2026,https://news.pollstar.com/2025/10/27/miguel-embarking-on-global-caos-tour-in-2026/,2025-10-27,2026-02-10,2026-05-05,L’Olympia,"Paris, FR",Theater,FALSE,,,TRUE
Miguel Embarking On Global ‘CAOS Tour’ In 2026,Miguel Embarking On Global ‘CAOS Tour’ In 2026,https://news.pollstar.com/2025/10/27/miguel-embarking-on-global-caos-tour-in-2026/,2025-10-27,2026-02-10,2026-05-05,Carlswerk Victoria,"Cologne, DE",Club,FALSE,,,TRUE
Miguel Embarking On Global ‘CAOS Tour’ In 2026,Miguel Embarking On Global ‘CAOS Tour’ In 2026,https://news.pollstar.com/2025/10/27/miguel-embarking-on-global-caos-tour-in-2026/,2025-10-27,2026-02-10,2026-05-05,TivoliVredenburg,"Utrecht, NL",Theater,FALSE,,,TRUE
Miguel Embarking On Global ‘CAOS Tour’ In 2026,Miguel Embarking On Global ‘CAOS Tour’ In 2026,https://news.pollstar.com/2025/10/27/miguel-embarking-on-global-caos-tour-in-2026/,2025-10-27,2026-02-10,2026-05-05,Huxleys Neue Welt,"Berlin, DE",Theater,FALSE,,,TRUE
Miguel Embarking On Global ‘CAOS Tour’ In 2026,Miguel Embarking On Global ‘CAOS Tour’ In 2026,https://news.pollstar.com/2025/10/27/miguel-embarking-on-global-caos-tour-in-2026/,2025-10-27,2026-02-10,2026-05-05,Muffathalle,"Munich, DE",Arena,FALSE,,,TRUE
Miguel Embarking On Global ‘CAOS Tour’ In 2026,Miguel Embarking On Global ‘CAOS Tour’ In 2026,https://news.pollstar.com/2025/10/27/miguel-embarking-on-global-caos-tour-in-2026/,2025-10-27,2026-02-10,2026-05-05,SaSaZu,"Prague, CZ",Club,FALSE,,,TRUE
Miguel Embarking On Global ‘CAOS Tour’ In 2026,Miguel Embarking On Global ‘CAOS Tour’ In 2026,https://news.pollstar.com/2025/10/27/miguel-embarking-on-global-caos-tour-in-2026/,2025-10-27,2026-02-10,2026-05-05,X-TRA,"Zurich, CH",Club,FALSE,,,TRUE
Miguel Embarking On Global ‘CAOS Tour’ In 2026,Miguel Embarking On Global ‘CAOS Tour’ In 2026,https://news.pollstar.com/2025/10/27/miguel-embarking-on-global-caos-tour-in-2026/,2025-10-27,2026-02-10,2026-05-05,Alcatraz,"Milan, IT",Club,FALSE,,,TRUE
Miguel Embarking On Global ‘CAOS Tour’ In 2026,Miguel Embarking On Global ‘CAOS Tour’ In 2026,https://news.pollstar.com/2025/10/27/miguel-embarking-on-global-caos-tour-in-2026/,2025-10-27,2026-02-10,2026-05-05,La Riviera,"Madrid, ES",Club,FALSE,,,TRUE
Miguel Embarking On Global ‘CAOS Tour’ In 2026,Miguel Embarking On Global ‘CAOS Tour’ In 2026,https://news.pollstar.com/2025/10/27/miguel-embarking-on-global-caos-tour-in-2026/,2025-10-27,2026-02-10,2026-05-05,Razzmatazz,"Barcelona, ES",Club,FALSE,,,TRUE
Foo Fighters,Foo Fighters Announces 2026 Stadium Tour Dates With Queens Of The Stone Age,https://news.pollstar.com/2025/10/23/foo-fighters-announces-2026-stadium-tour-dates-with-queens-of-the-stone-age/,2025-10-23,2024-08-04,2024-09-26,Rogers Stadium,"Toronto, ON",Stadium,LYV,,,TRUE
Foo Fighters,Foo Fighters Announces 2026 Stadium Tour Dates With Queens Of The Stone Age,https://news.pollstar.com/2025/10/23/foo-fighters-announces-2026-stadium-tour-dates-with-queens-of-the-stone-age/,2025-10-23,2024-08-04,2024-09-26,Ford Field,"Detroit, MI",Stadium,FALSE,,,TRUE
Foo Fighters,Foo Fighters Announces 2026 Stadium Tour Dates With Queens Of The Stone Age,https://news.pollstar.com/2025/10/23/foo-fighters-announces-2026-stadium-tour-dates-with-queens-of-the-stone-age/,2025-10-23,2024-08-04,2024-09-26,Soldier Field,"Chicago, IL",Stadium,FALSE,,,TRUE
Foo Fighters,Foo Fighters Announces 2026 Stadium Tour Dates With Queens Of The Stone Age,https://news.pollstar.com/2025/10/23/foo-fighters-announces-2026-stadium-tour-dates-with-queens-of-the-stone-age/,2025-10-23,2024-08-04,2024-09-26,Huntington Bank Field,"Cleveland, OH",Stadium,FALSE,,,TRUE
Foo Fighters,Foo Fighters Announces 2026 Stadium Tour Dates With Queens Of The Stone Age,https://news.pollstar.com/2025/10/23/foo-fighters-announces-2026-stadium-tour-dates-with-queens-of-the-stone-age/,2025-10-23,2024-08-04,2024-09-26,Lincoln Financial Field,"Philadelphia, PA",Stadium,FALSE,,,TRUE
Foo Fighters,Foo Fighters Announces 2026 Stadium Tour Dates With Queens Of The Stone Age,https://news.pollstar.com/2025/10/23/foo-fighters-announces-2026-stadium-tour-dates-with-queens-of-the-stone-age/,2025-10-23,2024-08-04,2024-09-26,Nissan Stadium,"Nashville, TN",Stadium,FALSE,,,TRUE
Foo Fighters,Foo Fighters Announces 2026 Stadium Tour Dates With Queens Of The Stone Age,https://news.pollstar.com/2025/10/23/foo-fighters-announces-2026-stadium-tour-dates-with-queens-of-the-stone-age/,2025-10-23,2024-08-04,2024-09-26,Nationals Park,"Washington, DC",Stadium,FALSE,,,TRUE
Foo Fighters,Foo Fighters Announces 2026 Stadium Tour Dates With Queens Of The Stone Age,https://news.pollstar.com/2025/10/23/foo-fighters-announces-2026-stadium-tour-dates-with-queens-of-the-stone-age/,2025-10-23,2024-08-04,2024-09-26,Fargodome,"Fargo, ND",Arena,FALSE,,,TRUE
Foo Fighters,Foo Fighters Announces 2026 Stadium Tour Dates With Queens Of The Stone Age,https://news.pollstar.com/2025/10/23/foo-fighters-announces-2026-stadium-tour-dates-with-queens-of-the-stone-age/,2025-10-23,2024-08-04,2024-09-26,Mosaic Stadium,"Regina, SK",Stadium,FALSE,,,TRUE
Foo Fighters,Foo Fighters Announces 2026 Stadium Tour Dates With Queens Of The Stone Age,https://news.pollstar.com/2025/10/23/foo-fighters-announces-2026-stadium-tour-dates-with-queens-of-the-stone-age/,2025-10-23,2024-08-04,2024-09-26,Commonwealth Stadium,"Edmonton, AB",Stadium,FALSE,,,TRUE
Foo Fighters,Foo Fighters Announces 2026 Stadium Tour Dates With Queens Of The Stone Age,https://news.pollstar.com/2025/10/23/foo-fighters-announces-2026-stadium-tour-dates-with-queens-of-the-stone-age/,2025-10-23,2024-08-04,2024-09-26,BC Place,"Vancouver, BC",Arena,FALSE,,,TRUE
Foo Fighters,Foo Fighters Announces 2026 Stadium Tour Dates With Queens Of The Stone Age,https://news.pollstar.com/2025/10/23/foo-fighters-announces-2026-stadium-tour-dates-with-queens-of-the-stone-age/,2025-10-23,2024-08-04,2024-09-26,Allegiant Stadium,"Las Vegas, NV",Stadium,FALSE,,,TRUE
mgk Celebrates 5 Years Of ‘Tickets To My Downfall’ With 2026 Tour,mgk Celebrates 5 Years Of ‘Tickets To My Downfall’ With 2026 Tour,https://news.pollstar.com/2025/10/22/mgk-celebrates-5-years-of-tickets-to-my-downfall-with-2026-tour/,2025-10-22,2026-05-15,2026-12-19,Warped Tour Orlando,"Orlando, FL",Other,FALSE,,,TRUE
mgk Celebrates 5 Years Of ‘Tickets To My Downfall’ With 2026 Tour,mgk Celebrates 5 Years Of ‘Tickets To My Downfall’ With 2026 Tour,https://news.pollstar.com/2025/10/22/mgk-celebrates-5-years-of-tickets-to-my-downfall-with-2026-tour/,2025-10-22,2026-05-15,2026-12-19,Desert Diamond Arena,"Glendale, AZ",Arena,FALSE,,,TRUE
mgk Celebrates 5 Years Of ‘Tickets To My Downfall’ With 2026 Tour,mgk Celebrates 5 Years Of ‘Tickets To My Downfall’ With 2026 Tour,https://news.pollstar.com/2025/10/22/mgk-celebrates-5-years-of-tickets-to-my-downfall-with-2026-tour/,2025-10-22,2026-05-15,2026-12-19,Kia Forum,"Inglewood, CA",Arena,FALSE,,,TRUE
mgk Celebrates 5 Years Of ‘Tickets To My Downfall’ With 2026 Tour,mgk Celebrates 5 Years Of ‘Tickets To My Downfall’ With 2026 Tour,https://news.pollstar.com/2025/10/22/mgk-celebrates-5-years-of-tickets-to-my-downfall-with-2026-tour/,2025-10-22,2026-05-15,2026-12-19,F1 Las Vegas,"Las Vegas, NV",Other,FALSE,,,TRUE
mgk Celebrates 5 Years Of ‘Tickets To My Downfall’ With 2026 Tour,mgk Celebrates 5 Years Of ‘Tickets To My Downfall’ With 2026 Tour,https://news.pollstar.com/2025/10/22/mgk-celebrates-5-years-of-tickets-to-my-downfall-with-2026-tour/,2025-10-22,2026-05-15,2026-12-19,Ball Arena,"Denver, CO",Arena,FALSE,,,TRUE
mgk Celebrates 5 Years Of ‘Tickets To My Downfall’ With 2026 Tour,mgk Celebrates 5 Years Of ‘Tickets To My Downfall’ With 2026 Tour,https://news.pollstar.com/2025/10/22/mgk-celebrates-5-years-of-tickets-to-my-downfall-with-2026-tour/,2025-10-22,2026-05-15,2026-12-19,CHI Health Center,"Omaha, NE",Arena,FALSE,,,TRUE
mgk Celebrates 5 Years Of ‘Tickets To My Downfall’ With 2026 Tour,mgk Celebrates 5 Years Of ‘Tickets To My Downfall’ With 2026 Tour,https://news.pollstar.com/2025/10/22/mgk-celebrates-5-years-of-tickets-to-my-downfall-with-2026-tour/,2025-10-22,2026-05-15,2026-12-19,Scotiabank Saddledome,"Calgary, AB",Arena,FALSE,,,TRUE
mgk Celebrates 5 Years Of ‘Tickets To My Downfall’ With 2026 Tour,mgk Celebrates 5 Years Of ‘Tickets To My Downfall’ With 2026 Tour,https://news.pollstar.com/2025/10/22/mgk-celebrates-5-years-of-tickets-to-my-downfall-with-2026-tour/,2025-10-22,2026-05-15,2026-12-19,Rogers Place,"Edmonton, AB",Arena,FALSE,,,TRUE
mgk Celebrates 5 Years Of ‘Tickets To My Downfall’ With 2026 Tour,mgk Celebrates 5 Years Of ‘Tickets To My Downfall’ With 2026 Tour,https://news.pollstar.com/2025/10/22/mgk-celebrates-5-years-of-tickets-to-my-downfall-with-2026-tour/,2025-10-22,2026-05-15,2026-12-19,Allstate Arena,"Rosemont, IL",Arena,FALSE,,,TRUE
mgk Celebrates 5 Years Of ‘Tickets To My Downfall’ With 2026 Tour,mgk Celebrates 5 Years Of ‘Tickets To My Downfall’ With 2026 Tour,https://news.pollstar.com/2025/10/22/mgk-celebrates-5-years-of-tickets-to-my-downfall-with-2026-tour/,2025-10-22,2026-05-15,2026-12-19,Fiserv Forum,"Milwaukee, WI",Arena,FALSE,,,TRUE
mgk Celebrates 5 Years Of ‘Tickets To My Downfall’ With 2026 Tour,mgk Celebrates 5 Years Of ‘Tickets To My Downfall’ With 2026 Tour,https://news.pollstar.com/2025/10/22/mgk-celebrates-5-years-of-tickets-to-my-downfall-with-2026-tour/,2025-10-22,2026-05-15,2026-12-19,TD Coliseum,"Hamilton, ON",Arena,LYV,,,TRUE
mgk Celebrates 5 Years Of ‘Tickets To My Downfall’ With 2026 Tour,mgk Celebrates 5 Years Of ‘Tickets To My Downfall’ With 2026 Tour,https://news.pollstar.com/2025/10/22/mgk-celebrates-5-years-of-tickets-to-my-downfall-with-2026-tour/,2025-10-22,2026-05-15,2026-12-19,Centre Bell,"Montreal, QC",Arena,FALSE,,,TRUE
mgk Celebrates 5 Years Of ‘Tickets To My Downfall’ With 2026 Tour,mgk Celebrates 5 Years Of ‘Tickets To My Downfall’ With 2026 Tour,https://news.pollstar.com/2025/10/22/mgk-celebrates-5-years-of-tickets-to-my-downfall-with-2026-tour/,2025-10-22,2026-05-15,2026-12-19,TD Garden,"Boston, MA",Arena,FALSE,,,TRUE
mgk Celebrates 5 Years Of ‘Tickets To My Downfall’ With 2026 Tour,mgk Celebrates 5 Years Of ‘Tickets To My Downfall’ With 2026 Tour,https://news.pollstar.com/2025/10/22/mgk-celebrates-5-years-of-tickets-to-my-downfall-with-2026-tour/,2025-10-22,2026-05-15,2026-12-19,Barclays Center,"Brooklyn, NY",Arena,FALSE,,,TRUE
mgk Celebrates 5 Years Of ‘Tickets To My Downfall’ With 2026 Tour,mgk Celebrates 5 Years Of ‘Tickets To My Downfall’ With 2026 Tour,https://news.pollstar.com/2025/10/22/mgk-celebrates-5-years-of-tickets-to-my-downfall-with-2026-tour/,2025-10-22,2026-05-15,2026-12-19,Xfinity Mobile Arena,"Philadelphia, PA",Arena,FALSE,,,TRUE
mgk Celebrates 5 Years Of ‘Tickets To My Downfall’ With 2026 Tour,mgk Celebrates 5 Years Of ‘Tickets To My Downfall’ With 2026 Tour,https://news.pollstar.com/2025/10/22/mgk-celebrates-5-years-of-tickets-to-my-downfall-with-2026-tour/,2025-10-22,2026-05-15,2026-12-19,Bridgestone Arena,"Nashville, TN",Arena,FALSE,,,TRUE
mgk Celebrates 5 Years Of ‘Tickets To My Downfall’ With 2026 Tour,mgk Celebrates 5 Years Of ‘Tickets To My Downfall’ With 2026 Tour,https://news.pollstar.com/2025/10/22/mgk-celebrates-5-years-of-tickets-to-my-downfall-with-2026-tour/,2025-10-22,2026-05-15,2026-12-19,Benchmark International Arena,"Tampa, FL",Arena,FALSE,,,TRUE
mgk Celebrates 5 Years Of ‘Tickets To My Downfall’ With 2026 Tour,mgk Celebrates 5 Years Of ‘Tickets To My Downfall’ With 2026 Tour,https://news.pollstar.com/2025/10/22/mgk-celebrates-5-years-of-tickets-to-my-downfall-with-2026-tour/,2025-10-22,2026-05-15,2026-12-19,Toyota Amphitheater,"Wheatland, CA",Amphitheater,LYV,,,TRUE
mgk Celebrates 5 Years Of ‘Tickets To My Downfall’ With 2026 Tour,mgk Celebrates 5 Years Of ‘Tickets To My Downfall’ With 2026 Tour,https://news.pollstar.com/2025/10/22/mgk-celebrates-5-years-of-tickets-to-my-downfall-with-2026-tour/,2025-10-22,2026-05-15,2026-12-19,Toyota Pavilion at Concord,"Concord, CA",Amphitheater,LYV,,,TRUE
mgk Celebrates 5 Years Of ‘Tickets To My Downfall’ With 2026 Tour,mgk Celebrates 5 Years Of ‘Tickets To My Downfall’ With 2026 Tour,https://news.pollstar.com/2025/10/22/mgk-celebrates-5-years-of-tickets-to-my-downfall-with-2026-tour/,2025-10-22,2026-05-15,2026-12-19,North Island Credit Union Amphitheater,"Chula Vista, CA",Theater,FALSE,,,TRUE
mgk Celebrates 5 Years Of ‘Tickets To My Downfall’ With 2026 Tour,mgk Celebrates 5 Years Of ‘Tickets To My Downfall’ With 2026 Tour,https://news.pollstar.com/2025/10/22/mgk-celebrates-5-years-of-tickets-to-my-downfall-with-2026-tour/,2025-10-22,2026-05-15,2026-12-19,Germania Insurance Amphitheater,"Austin, TX",Amphitheater,LYV,,,TRUE
mgk Celebrates 5 Years Of ‘Tickets To My Downfall’ With 2026 Tour,mgk Celebrates 5 Years Of ‘Tickets To My Downfall’ With 2026 Tour,https://news.pollstar.com/2025/10/22/mgk-celebrates-5-years-of-tickets-to-my-downfall-with-2026-tour/,2025-10-22,2026-05-15,2026-12-19,The Cynthia Woods Mitchell Pavilion,"The Woodlands, TX",Amphitheater,LYV,,,TRUE
mgk Celebrates 5 Years Of ‘Tickets To My Downfall’ With 2026 Tour,mgk Celebrates 5 Years Of ‘Tickets To My Downfall’ With 2026 Tour,https://news.pollstar.com/2025/10/22/mgk-celebrates-5-years-of-tickets-to-my-downfall-with-2026-tour/,2025-10-22,2026-05-15,2026-12-19,Dos Equis Pavilion,"Dallas, TX",Amphitheater,LYV,,,TRUE
mgk Celebrates 5 Years Of ‘Tickets To My Downfall’ With 2026 Tour,mgk Celebrates 5 Years Of ‘Tickets To My Downfall’ With 2026 Tour,https://news.pollstar.com/2025/10/22/mgk-celebrates-5-years-of-tickets-to-my-downfall-with-2026-tour/,2025-10-22,2026-05-15,2026-12-19,iTHINK Financial Amphitheatre,"West Palm Beach, FL",Amphitheater,LYV,,,TRUE
mgk Celebrates 5 Years Of ‘Tickets To My Downfall’ With 2026 Tour,mgk Celebrates 5 Years Of ‘Tickets To My Downfall’ With 2026 Tour,https://news.pollstar.com/2025/10/22/mgk-celebrates-5-years-of-tickets-to-my-downfall-with-2026-tour/,2025-10-22,2026-05-15,2026-12-19,Lakewood Amphitheatre,"Atlanta, GA",Amphitheater,LYV,,,TRUE
mgk Celebrates 5 Years Of ‘Tickets To My Downfall’ With 2026 Tour,mgk Celebrates 5 Years Of ‘Tickets To My Downfall’ With 2026 Tour,https://news.pollstar.com/2025/10/22/mgk-celebrates-5-years-of-tickets-to-my-downfall-with-2026-tour/,2025-10-22,2026-05-15,2026-12-19,Credit One Stadium,"Charleston, SC",Stadium,FALSE,,,TRUE
mgk Celebrates 5 Years Of ‘Tickets To My Downfall’ With 2026 Tour,mgk Celebrates 5 Years Of ‘Tickets To My Downfall’ With 2026 Tour,https://news.pollstar.com/2025/10/22/mgk-celebrates-5-years-of-tickets-to-my-downfall-with-2026-tour/,2025-10-22,2026-05-15,2026-12-19,PNC Music Pavilion,"Charlotte, NC",Amphitheater,LYV,,,TRUE
mgk Celebrates 5 Years Of ‘Tickets To My Downfall’ With 2026 Tour,mgk Celebrates 5 Years Of ‘Tickets To My Downfall’ With 2026 Tour,https://news.pollstar.com/2025/10/22/mgk-celebrates-5-years-of-tickets-to-my-downfall-with-2026-tour/,2025-10-22,2026-05-15,2026-12-19,Coastal Credit Union Music Park at Walnut Creek,"Raleigh, NC",Amphitheater,LYV,,,TRUE
mgk Celebrates 5 Years Of ‘Tickets To My Downfall’ With 2026 Tour,mgk Celebrates 5 Years Of ‘Tickets To My Downfall’ With 2026 Tour,https://news.pollstar.com/2025/10/22/mgk-celebrates-5-years-of-tickets-to-my-downfall-with-2026-tour/,2025-10-22,2026-05-15,2026-12-19,Jiffy Lube Live,"Bristow, VA",Amphitheater,LYV,,,TRUE
mgk Celebrates 5 Years Of ‘Tickets To My Downfall’ With 2026 Tour,mgk Celebrates 5 Years Of ‘Tickets To My Downfall’ With 2026 Tour,https://news.pollstar.com/2025/10/22/mgk-celebrates-5-years-of-tickets-to-my-downfall-with-2026-tour/,2025-10-22,2026-05-15,2026-12-19,Maine Savings Amphitheater,"Bangor, ME",Amphitheater,LYV,,,TRUE
mgk Celebrates 5 Years Of ‘Tickets To My Downfall’ With 2026 Tour,mgk Celebrates 5 Years Of ‘Tickets To My Downfall’ With 2026 Tour,https://news.pollstar.com/2025/10/22/mgk-celebrates-5-years-of-tickets-to-my-downfall-with-2026-tour/,2025-10-22,2026-05-15,2026-12-19,Xfinity Theatre,"Hartford, CT",Theater,LYV,,,TRUE
mgk Celebrates 5 Years Of ‘Tickets To My Downfall’ With 2026 Tour,mgk Celebrates 5 Years Of ‘Tickets To My Downfall’ With 2026 Tour,https://news.pollstar.com/2025/10/22/mgk-celebrates-5-years-of-tickets-to-my-downfall-with-2026-tour/,2025-10-22,2026-05-15,2026-12-19,PNC Bank Arts Center,"Holmdel, NJ",Arena,LYV,,,TRUE
mgk Celebrates 5 Years Of ‘Tickets To My Downfall’ With 2026 Tour,mgk Celebrates 5 Years Of ‘Tickets To My Downfall’ With 2026 Tour,https://news.pollstar.com/2025/10/22/mgk-celebrates-5-years-of-tickets-to-my-downfall-with-2026-tour/,2025-10-22,2026-05-15,2026-12-19,The Pavilion at Star Lake,"Burgettstown, PA",Amphitheater,LYV,,,TRUE
mgk Celebrates 5 Years Of ‘Tickets To My Downfall’ With 2026 Tour,mgk Celebrates 5 Years Of ‘Tickets To My Downfall’ With 2026 Tour,https://news.pollstar.com/2025/10/22/mgk-celebrates-5-years-of-tickets-to-my-downfall-with-2026-tour/,2025-10-22,2026-05-15,2026-12-19,The Pavilion at Montage Mountain,"Scranton, PA",Amphitheater,LYV,,,TRUE
mgk Celebrates 5 Years Of ‘Tickets To My Downfall’ With 2026 Tour,mgk Celebrates 5 Years Of ‘Tickets To My Downfall’ With 2026 Tour,https://news.pollstar.com/2025/10/22/mgk-celebrates-5-years-of-tickets-to-my-downfall-with-2026-tour/,2025-10-22,2026-05-15,2026-12-19,Darien Lake Amphitheater,"Darien Center, NY",Amphitheater,LYV,,,TRUE
mgk Celebrates 5 Years Of ‘Tickets To My Downfall’ With 2026 Tour,mgk Celebrates 5 Years Of ‘Tickets To My Downfall’ With 2026 Tour,https://news.pollstar.com/2025/10/22/mgk-celebrates-5-years-of-tickets-to-my-downfall-with-2026-tour/,2025-10-22,2026-05-15,2026-12-19,Budweiser Stage,"Toronto, ON",Amphitheater,LYV,,,TRUE
mgk Celebrates 5 Years Of ‘Tickets To My Downfall’ With 2026 Tour,mgk Celebrates 5 Years Of ‘Tickets To My Downfall’ With 2026 Tour,https://news.pollstar.com/2025/10/22/mgk-celebrates-5-years-of-tickets-to-my-downfall-with-2026-tour/,2025-10-22,2026-05-15,2026-12-19,Pine Knob Music Theatre,"Clarkston, MI",Amphitheater,LYV,,,TRUE
mgk Celebrates 5 Years Of ‘Tickets To My Downfall’ With 2026 Tour,mgk Celebrates 5 Years Of ‘Tickets To My Downfall’ With 2026 Tour,https://news.pollstar.com/2025/10/22/mgk-celebrates-5-years-of-tickets-to-my-downfall-with-2026-tour/,2025-10-22,2026-05-15,2026-12-19,Acrisure Amphitheater,"Grand Rapids, MI",Amphitheater,LYV,,,TRUE
mgk Celebrates 5 Years Of ‘Tickets To My Downfall’ With 2026 Tour,mgk Celebrates 5 Years Of ‘Tickets To My Downfall’ With 2026 Tour,https://news.pollstar.com/2025/10/22/mgk-celebrates-5-years-of-tickets-to-my-downfall-with-2026-tour/,2025-10-22,2026-05-15,2026-12-19,Hollywood Casino Amphitheater,"Maryland Heights, MO",Amphitheater,LYV,,,TRUE
mgk Celebrates 5 Years Of ‘Tickets To My Downfall’ With 2026 Tour,mgk Celebrates 5 Years Of ‘Tickets To My Downfall’ With 2026 Tour,https://news.pollstar.com/2025/10/22/mgk-celebrates-5-years-of-tickets-to-my-downfall-with-2026-tour/,2025-10-22,2026-05-15,2026-12-19,Ruoff Music Center,"Noblesville, IN",Amphitheater,LYV,,,TRUE
mgk Celebrates 5 Years Of ‘Tickets To My Downfall’ With 2026 Tour,mgk Celebrates 5 Years Of ‘Tickets To My Downfall’ With 2026 Tour,https://news.pollstar.com/2025/10/22/mgk-celebrates-5-years-of-tickets-to-my-downfall-with-2026-tour/,2025-10-22,2026-05-15,2026-12-19,Utah First Credit Union Amphitheater,"MWest Valley City, UT",Theater,FALSE,,,TRUE
mgk Celebrates 5 Years Of ‘Tickets To My Downfall’ With 2026 Tour,mgk Celebrates 5 Years Of ‘Tickets To My Downfall’ With 2026 Tour,https://news.pollstar.com/2025/10/22/mgk-celebrates-5-years-of-tickets-to-my-downfall-with-2026-tour/,2025-10-22,2026-05-15,2026-12-19,Ford Idaho Center Amphitehater,"Boise, ID",Other,FALSE,,,TRUE
mgk Celebrates 5 Years Of ‘Tickets To My Downfall’ With 2026 Tour,mgk Celebrates 5 Years Of ‘Tickets To My Downfall’ With 2026 Tour,https://news.pollstar.com/2025/10/22/mgk-celebrates-5-years-of-tickets-to-my-downfall-with-2026-tour/,2025-10-22,2026-05-15,2026-12-19,White River Amphitheatre,"Auburn, WA",Amphitheater,LYV,,,TRUE
mgk Celebrates 5 Years Of ‘Tickets To My Downfall’ With 2026 Tour,mgk Celebrates 5 Years Of ‘Tickets To My Downfall’ With 2026 Tour,https://news.pollstar.com/2025/10/22/mgk-celebrates-5-years-of-tickets-to-my-downfall-with-2026-tour/,2025-10-22,2026-05-15,2026-12-19,Cascades Amphitheater,"Ridgefield, WA",Amphitheater,LYV,,,TRUE
Brandi Carlile Embarking On Global Arena Tour In 2026,Brandi Carlile Embarking On Global Arena Tour In 2026,https://news.pollstar.com/2025/10/22/brandi-carlile-embarking-on-global-arena-tour-in-2026/,2025-10-22,2026-02-10,2026-11-01,Xfinity Mobile Arena,"Philadelphia, PA",Arena,FALSE,,,TRUE
Brandi Carlile Embarking On Global Arena Tour In 2026,Brandi Carlile Embarking On Global Arena Tour In 2026,https://news.pollstar.com/2025/10/22/brandi-carlile-embarking-on-global-arena-tour-in-2026/,2025-10-22,2026-02-10,2026-11-01,TD Garden,"Boston, MA",Arena,FALSE,,,TRUE
Brandi Carlile Embarking On Global Arena Tour In 2026,Brandi Carlile Embarking On Global Arena Tour In 2026,https://news.pollstar.com/2025/10/22/brandi-carlile-embarking-on-global-arena-tour-in-2026/,2025-10-22,2026-02-10,2026-11-01,Madison Square Garden,"New York, NY",Arena,FALSE,,,TRUE
Brandi Carlile Embarking On Global Arena Tour In 2026,Brandi Carlile Embarking On Global Arena Tour In 2026,https://news.pollstar.com/2025/10/22/brandi-carlile-embarking-on-global-arena-tour-in-2026/,2025-10-22,2026-02-10,2026-11-01,Scotiabank Arena,"Toronto, Ontario",Arena,FALSE,,,TRUE
Brandi Carlile Embarking On Global Arena Tour In 2026,Brandi Carlile Embarking On Global Arena Tour In 2026,https://news.pollstar.com/2025/10/22/brandi-carlile-embarking-on-global-arena-tour-in-2026/,2025-10-22,2026-02-10,2026-11-01,Allstate Arena,"Rosemont, IL",Arena,FALSE,,,TRUE
Brandi Carlile Embarking On Global Arena Tour In 2026,Brandi Carlile Embarking On Global Arena Tour In 2026,https://news.pollstar.com/2025/10/22/brandi-carlile-embarking-on-global-arena-tour-in-2026/,2025-10-22,2026-02-10,2026-11-01,Target Center,"Minneapolis, MN",Arena,FALSE,,,TRUE
Brandi Carlile Embarking On Global Arena Tour In 2026,Brandi Carlile Embarking On Global Arena Tour In 2026,https://news.pollstar.com/2025/10/22/brandi-carlile-embarking-on-global-arena-tour-in-2026/,2025-10-22,2026-02-10,2026-11-01,Delta Center,"Salt Lake City, UT",Arena,FALSE,,,TRUE
Brandi Carlile Embarking On Global Arena Tour In 2026,Brandi Carlile Embarking On Global Arena Tour In 2026,https://news.pollstar.com/2025/10/22/brandi-carlile-embarking-on-global-arena-tour-in-2026/,2025-10-22,2026-02-10,2026-11-01,Kia Forum,"Inglewood, CA",Arena,FALSE,,,TRUE
Brandi Carlile Embarking On Global Arena Tour In 2026,Brandi Carlile Embarking On Global Arena Tour In 2026,https://news.pollstar.com/2025/10/22/brandi-carlile-embarking-on-global-arena-tour-in-2026/,2025-10-22,2026-02-10,2026-11-01,Moda Center,"Portland, OR",Arena,FALSE,,,TRUE
Brandi Carlile Embarking On Global Arena Tour In 2026,Brandi Carlile Embarking On Global Arena Tour In 2026,https://news.pollstar.com/2025/10/22/brandi-carlile-embarking-on-global-arena-tour-in-2026/,2025-10-22,2026-02-10,2026-11-01,Chase Center,"San Francisco, CA",Arena,FALSE,,,TRUE
Brandi Carlile Embarking On Global Arena Tour In 2026,Brandi Carlile Embarking On Global Arena Tour In 2026,https://news.pollstar.com/2025/10/22/brandi-carlile-embarking-on-global-arena-tour-in-2026/,2025-10-22,2026-02-10,2026-11-01,3Arena,"Dublin, Ireland",Arena,LYV,,,TRUE
Brandi Carlile Embarking On Global Arena Tour In 2026,Brandi Carlile Embarking On Global Arena Tour In 2026,https://news.pollstar.com/2025/10/22/brandi-carlile-embarking-on-global-arena-tour-in-2026/,2025-10-22,2026-02-10,2026-11-01,Co-op Live,"Manchester, U.K.",Arena,FALSE,,,TRUE
Brandi Carlile Embarking On Global Arena Tour In 2026,Brandi Carlile Embarking On Global Arena Tour In 2026,https://news.pollstar.com/2025/10/22/brandi-carlile-embarking-on-global-arena-tour-in-2026/,2025-10-22,2026-02-10,2026-11-01,OVO Hydro,"Glasgow, U.K.",Arena,FALSE,,,TRUE
Brandi Carlile Embarking On Global Arena Tour In 2026,Brandi Carlile Embarking On Global Arena Tour In 2026,https://news.pollstar.com/2025/10/22/brandi-carlile-embarking-on-global-arena-tour-in-2026/,2025-10-22,2026-02-10,2026-11-01,The O2,"London, U.K.",Arena,FALSE,,,TRUE
Brandi Carlile Embarking On Global Arena Tour In 2026,Brandi Carlile Embarking On Global Arena Tour In 2026,https://news.pollstar.com/2025/10/22/brandi-carlile-embarking-on-global-arena-tour-in-2026/,2025-10-22,2026-02-10,2026-11-01,La Seine Musicale,"Paris, France",Other,FALSE,,,TRUE
Brandi Carlile Embarking On Global Arena Tour In 2026,Brandi Carlile Embarking On Global Arena Tour In 2026,https://news.pollstar.com/2025/10/22/brandi-carlile-embarking-on-global-arena-tour-in-2026/,2025-10-22,2026-02-10,2026-11-01,The Hall,"Zurich, Switzerland",Theater,FALSE,,,TRUE
Brandi Carlile Embarking On Global Arena Tour In 2026,Brandi Carlile Embarking On Global Arena Tour In 2026,https://news.pollstar.com/2025/10/22/brandi-carlile-embarking-on-global-arena-tour-in-2026/,2025-10-22,2026-02-10,2026-11-01,Mitsubishi Electric Halle,"Düsseldorf, Germany",Arena,FALSE,,,TRUE
Brandi Carlile Embarking On Global Arena Tour In 2026,Brandi Carlile Embarking On Global Arena Tour In 2026,https://news.pollstar.com/2025/10/22/brandi-carlile-embarking-on-global-arena-tour-in-2026/,2025-10-22,2026-02-10,2026-11-01,AFAS Live,"Amsterdam, Netherlands",Club,LYV,,,TRUE
Brandi Carlile Embarking On Global Arena Tour In 2026,Brandi Carlile Embarking On Global Arena Tour In 2026,https://news.pollstar.com/2025/10/22/brandi-carlile-embarking-on-global-arena-tour-in-2026/,2025-10-22,2026-02-10,2026-11-01,Spektrum,"Oslo, Norway",Arena,FALSE,,,TRUE
Brandi Carlile Embarking On Global Arena Tour In 2026,Brandi Carlile Embarking On Global Arena Tour In 2026,https://news.pollstar.com/2025/10/22/brandi-carlile-embarking-on-global-arena-tour-in-2026/,2025-10-22,2026-02-10,2026-11-01,Annexet,"Stockholm, Sweden",Arena,FALSE,,,TRUE
Brandi Carlile Embarking On Global Arena Tour In 2026,Brandi Carlile Embarking On Global Arena Tour In 2026,https://news.pollstar.com/2025/10/22/brandi-carlile-embarking-on-global-arena-tour-in-2026/,2025-10-22,2026-02-10,2026-11-01,Sagres Campo Pequeno,"Lisbon, Portugal",Other,FALSE,,,TRUE
Billy Gardell,Billy Gardell Announces ‘The Less Is More Tour’,https://news.pollstar.com/2025/10/21/billy-gardell-announces-the-less-is-more-tour/,2025-10-21,2026-01-30,2026-05-02,Pablo Center,"Eau Claire, WI",Other,FALSE,,,TRUE
Billy Gardell,Billy Gardell Announces ‘The Less Is More Tour’,https://news.pollstar.com/2025/10/21/billy-gardell-announces-the-less-is-more-tour/,2025-10-21,2026-01-30,2026-05-02,AMES Center,"Burnsville, MN",Other,FALSE,,,TRUE
Billy Gardell,Billy Gardell Announces ‘The Less Is More Tour’,https://news.pollstar.com/2025/10/21/billy-gardell-announces-the-less-is-more-tour/,2025-10-21,2026-01-30,2026-05-02,Orpheum Theatre Center,"Sioux Falls, SD",Theater,LYV,,,TRUE
Billy Gardell,Billy Gardell Announces ‘The Less Is More Tour’,https://news.pollstar.com/2025/10/21/billy-gardell-announces-the-less-is-more-tour/,2025-10-21,2026-01-30,2026-05-02,Rapid City PAC,"Rapid City, SD",Auditorium,FALSE,,,TRUE
Billy Gardell,Billy Gardell Announces ‘The Less Is More Tour’,https://news.pollstar.com/2025/10/21/billy-gardell-announces-the-less-is-more-tour/,2025-10-21,2026-01-30,2026-05-02,Bridge View Center,"Ottumwa, IA",Other,FALSE,,,TRUE
Billy Gardell,Billy Gardell Announces ‘The Less Is More Tour’,https://news.pollstar.com/2025/10/21/billy-gardell-announces-the-less-is-more-tour/,2025-10-21,2026-01-30,2026-05-02,Englert Theatre,"Iowa City, IA",Auditorium,FALSE,,,TRUE
Billy Gardell,Billy Gardell Announces ‘The Less Is More Tour’,https://news.pollstar.com/2025/10/21/billy-gardell-announces-the-less-is-more-tour/,2025-10-21,2026-01-30,2026-05-02,Park Theatre,"Cranston, RI",Theater,FALSE,,,TRUE
Billy Gardell,Billy Gardell Announces ‘The Less Is More Tour’,https://news.pollstar.com/2025/10/21/billy-gardell-announces-the-less-is-more-tour/,2025-10-21,2026-01-30,2026-05-02,Nashua Center for the Arts,"Nashua, NH",Other,FALSE,,,TRUE
Billy Gardell,Billy Gardell Announces ‘The Less Is More Tour’,https://news.pollstar.com/2025/10/21/billy-gardell-announces-the-less-is-more-tour/,2025-10-21,2026-01-30,2026-05-02,Fremont Theatre,"San Luis Obispo, CA",Auditorium,FALSE,,,TRUE
Billy Gardell,Billy Gardell Announces ‘The Less Is More Tour’,https://news.pollstar.com/2025/10/21/billy-gardell-announces-the-less-is-more-tour/,2025-10-21,2026-01-30,2026-05-02,Uptown Theatre,"Napa, CA",Auditorium,FALSE,,,TRUE
Billy Gardell,Billy Gardell Announces ‘The Less Is More Tour’,https://news.pollstar.com/2025/10/21/billy-gardell-announces-the-less-is-more-tour/,2025-10-21,2026-01-30,2026-05-02,Soreng Theatre,"Eugene, OR",Auditorium,FALSE,,,TRUE
Billy Gardell,Billy Gardell Announces ‘The Less Is More Tour’,https://news.pollstar.com/2025/10/21/billy-gardell-announces-the-less-is-more-tour/,2025-10-21,2026-01-30,2026-05-02,Rialto Theatre,"Tacoma, WA",Theater,FALSE,,,TRUE
Billy Gardell,Billy Gardell Announces ‘The Less Is More Tour’,https://news.pollstar.com/2025/10/21/billy-gardell-announces-the-less-is-more-tour/,2025-10-21,2026-01-30,2026-05-02,Paramount Hudson Valley Theater,"Peekskill, NY",Theater,FALSE,,,TRUE
Billy Gardell,Billy Gardell Announces ‘The Less Is More Tour’,https://news.pollstar.com/2025/10/21/billy-gardell-announces-the-less-is-more-tour/,2025-10-21,2026-01-30,2026-05-02,Capitol Theatre,"York, PA",Theater,FALSE,,,TRUE
Wu-Tang Clan To Bring ‘The Final Chamber’ Overseas In 2026,Wu-Tang Clan To Bring ‘The Final Chamber’ Overseas In 2026,https://news.pollstar.com/2025/10/21/wu-tang-clan-to-bring-the-final-chamber-overseas-in-2026/,2025-10-21,2026-03-02,2026-03-28,Amsterdam,Ziggo Dome,Arena,FALSE,,,TRUE
Wu-Tang Clan To Bring ‘The Final Chamber’ Overseas In 2026,Wu-Tang Clan To Bring ‘The Final Chamber’ Overseas In 2026,https://news.pollstar.com/2025/10/21/wu-tang-clan-to-bring-the-final-chamber-overseas-in-2026/,2025-10-21,2026-03-02,2026-03-28,Berlin,Uber Arena,Arena,FALSE,,,TRUE
Wu-Tang Clan To Bring ‘The Final Chamber’ Overseas In 2026,Wu-Tang Clan To Bring ‘The Final Chamber’ Overseas In 2026,https://news.pollstar.com/2025/10/21/wu-tang-clan-to-bring-the-final-chamber-overseas-in-2026/,2025-10-21,2026-03-02,2026-03-28,LODZ,Atlas Arena,Arena,FALSE,,,TRUE
Wu-Tang Clan To Bring ‘The Final Chamber’ Overseas In 2026,Wu-Tang Clan To Bring ‘The Final Chamber’ Overseas In 2026,https://news.pollstar.com/2025/10/21/wu-tang-clan-to-bring-the-final-chamber-overseas-in-2026/,2025-10-21,2026-03-02,2026-03-28,Vienna,Winer Stadthalle,Arena,FALSE,,,TRUE
Wu-Tang Clan To Bring ‘The Final Chamber’ Overseas In 2026,Wu-Tang Clan To Bring ‘The Final Chamber’ Overseas In 2026,https://news.pollstar.com/2025/10/21/wu-tang-clan-to-bring-the-final-chamber-overseas-in-2026/,2025-10-21,2026-03-02,2026-03-28,Bologna,Unipol Arena,Arena,FALSE,,,TRUE
Wu-Tang Clan To Bring ‘The Final Chamber’ Overseas In 2026,Wu-Tang Clan To Bring ‘The Final Chamber’ Overseas In 2026,https://news.pollstar.com/2025/10/21/wu-tang-clan-to-bring-the-final-chamber-overseas-in-2026/,2025-10-21,2026-03-02,2026-03-28,Cologne,Lanxess Arena,Arena,FALSE,,,TRUE
Wu-Tang Clan To Bring ‘The Final Chamber’ Overseas In 2026,Wu-Tang Clan To Bring ‘The Final Chamber’ Overseas In 2026,https://news.pollstar.com/2025/10/21/wu-tang-clan-to-bring-the-final-chamber-overseas-in-2026/,2025-10-21,2026-03-02,2026-03-28,Paris,Accor Arena,Theater,FALSE,,,TRUE
Wu-Tang Clan To Bring ‘The Final Chamber’ Overseas In 2026,Wu-Tang Clan To Bring ‘The Final Chamber’ Overseas In 2026,https://news.pollstar.com/2025/10/21/wu-tang-clan-to-bring-the-final-chamber-overseas-in-2026/,2025-10-21,2026-03-02,2026-03-28,Zurich,Hallenstadion,Arena,FALSE,,,TRUE
Wu-Tang Clan To Bring ‘The Final Chamber’ Overseas In 2026,Wu-Tang Clan To Bring ‘The Final Chamber’ Overseas In 2026,https://news.pollstar.com/2025/10/21/wu-tang-clan-to-bring-the-final-chamber-overseas-in-2026/,2025-10-21,2026-03-02,2026-03-28,Brussels,ING Arena,Arena,FALSE,,,TRUE
Wu-Tang Clan To Bring ‘The Final Chamber’ Overseas In 2026,Wu-Tang Clan To Bring ‘The Final Chamber’ Overseas In 2026,https://news.pollstar.com/2025/10/21/wu-tang-clan-to-bring-the-final-chamber-overseas-in-2026/,2025-10-21,2026-03-02,2026-03-28,London,The O2,Amphitheater,LYV,,,TRUE
Wu-Tang Clan To Bring ‘The Final Chamber’ Overseas In 2026,Wu-Tang Clan To Bring ‘The Final Chamber’ Overseas In 2026,https://news.pollstar.com/2025/10/21/wu-tang-clan-to-bring-the-final-chamber-overseas-in-2026/,2025-10-21,2026-03-02,2026-03-28,Manchester,Co-op Live,Theater,FALSE,,,TRUE
Wu-Tang Clan To Bring ‘The Final Chamber’ Overseas In 2026,Wu-Tang Clan To Bring ‘The Final Chamber’ Overseas In 2026,https://news.pollstar.com/2025/10/21/wu-tang-clan-to-bring-the-final-chamber-overseas-in-2026/,2025-10-21,2026-03-02,2026-03-28,Dubai,Coca-Cola Arena,Arena,FALSE,,,TRUE
Wu-Tang Clan To Bring ‘The Final Chamber’ Overseas In 2026,Wu-Tang Clan To Bring ‘The Final Chamber’ Overseas In 2026,https://news.pollstar.com/2025/10/21/wu-tang-clan-to-bring-the-final-chamber-overseas-in-2026/,2025-10-21,2026-03-02,2026-03-28,Brisbane,Brisbane Entertainment Centre,Arena,FALSE,,,TRUE
Wu-Tang Clan To Bring ‘The Final Chamber’ Overseas In 2026,Wu-Tang Clan To Bring ‘The Final Chamber’ Overseas In 2026,https://news.pollstar.com/2025/10/21/wu-tang-clan-to-bring-the-final-chamber-overseas-in-2026/,2025-10-21,2026-03-02,2026-03-28,Melbourne,Rod Laver Arena,Arena,FALSE,,,TRUE
Wu-Tang Clan To Bring ‘The Final Chamber’ Overseas In 2026,Wu-Tang Clan To Bring ‘The Final Chamber’ Overseas In 2026,https://news.pollstar.com/2025/10/21/wu-tang-clan-to-bring-the-final-chamber-overseas-in-2026/,2025-10-21,2026-03-02,2026-03-28,Sydney,Qudos Bank Arena,Theater,FALSE,,,TRUE
Conan Gray,Conan Gray Announces ‘Wishbone World Tour’ Arena Dates,https://news.pollstar.com/2025/10/20/conan-gray-announces-wishbone-world-tour-arena-dates/,2025-10-20,2026-02-19,2026-10-08,Target Center,"Minneapolis, MN",Arena,FALSE,,,TRUE
Conan Gray,Conan Gray Announces ‘Wishbone World Tour’ Arena Dates,https://news.pollstar.com/2025/10/20/conan-gray-announces-wishbone-world-tour-arena-dates/,2025-10-20,2026-02-19,2026-10-08,Fishers Event Center,"Fishers, IN",Arena,FALSE,,,TRUE
Conan Gray,Conan Gray Announces ‘Wishbone World Tour’ Arena Dates,https://news.pollstar.com/2025/10/20/conan-gray-announces-wishbone-world-tour-arena-dates/,2025-10-20,2026-02-19,2026-10-08,Scotiabank Arena,"Toronto, ON",Arena,FALSE,,,TRUE
Conan Gray,Conan Gray Announces ‘Wishbone World Tour’ Arena Dates,https://news.pollstar.com/2025/10/20/conan-gray-announces-wishbone-world-tour-arena-dates/,2025-10-20,2026-02-19,2026-10-08,TD Garden,"Boston, MA",Arena,FALSE,,,TRUE
Conan Gray,Conan Gray Announces ‘Wishbone World Tour’ Arena Dates,https://news.pollstar.com/2025/10/20/conan-gray-announces-wishbone-world-tour-arena-dates/,2025-10-20,2026-02-19,2026-10-08,Prudential Center,"Newark, NJ",Arena,FALSE,,,TRUE
Conan Gray,Conan Gray Announces ‘Wishbone World Tour’ Arena Dates,https://news.pollstar.com/2025/10/20/conan-gray-announces-wishbone-world-tour-arena-dates/,2025-10-20,2026-02-19,2026-10-08,UBS Arena,"Belmont Park, NY",Arena,FALSE,,,TRUE
Conan Gray,Conan Gray Announces ‘Wishbone World Tour’ Arena Dates,https://news.pollstar.com/2025/10/20/conan-gray-announces-wishbone-world-tour-arena-dates/,2025-10-20,2026-02-19,2026-10-08,Xfinity Mobile Arena,"Philadelphia, PA",Arena,FALSE,,,TRUE
Conan Gray,Conan Gray Announces ‘Wishbone World Tour’ Arena Dates,https://news.pollstar.com/2025/10/20/conan-gray-announces-wishbone-world-tour-arena-dates/,2025-10-20,2026-02-19,2026-10-08,Lenovo Center,"Raleigh, NC",Arena,FALSE,,,TRUE
Conan Gray,Conan Gray Announces ‘Wishbone World Tour’ Arena Dates,https://news.pollstar.com/2025/10/20/conan-gray-announces-wishbone-world-tour-arena-dates/,2025-10-20,2026-02-19,2026-10-08,State Farm Arena,"Atlanta, GA",Arena,FALSE,,,TRUE
Conan Gray,Conan Gray Announces ‘Wishbone World Tour’ Arena Dates,https://news.pollstar.com/2025/10/20/conan-gray-announces-wishbone-world-tour-arena-dates/,2025-10-20,2026-02-19,2026-10-08,Kia Center,"Orlando, FL",Arena,FALSE,,,TRUE
Conan Gray,Conan Gray Announces ‘Wishbone World Tour’ Arena Dates,https://news.pollstar.com/2025/10/20/conan-gray-announces-wishbone-world-tour-arena-dates/,2025-10-20,2026-02-19,2026-10-08,Dickies Arena,"Fort Worth, TX",Arena,FALSE,,,TRUE
Conan Gray,Conan Gray Announces ‘Wishbone World Tour’ Arena Dates,https://news.pollstar.com/2025/10/20/conan-gray-announces-wishbone-world-tour-arena-dates/,2025-10-20,2026-02-19,2026-10-08,Toyota Center,"Houston, TX",Arena,FALSE,,,TRUE
Conan Gray,Conan Gray Announces ‘Wishbone World Tour’ Arena Dates,https://news.pollstar.com/2025/10/20/conan-gray-announces-wishbone-world-tour-arena-dates/,2025-10-20,2026-02-19,2026-10-08,Desert Diamond Arena,"Glendale, AZ",Arena,FALSE,,,TRUE
Conan Gray,Conan Gray Announces ‘Wishbone World Tour’ Arena Dates,https://news.pollstar.com/2025/10/20/conan-gray-announces-wishbone-world-tour-arena-dates/,2025-10-20,2026-02-19,2026-10-08,Climate Pledge Arena,"Seattle, WA",Arena,FALSE,,,TRUE
Conan Gray,Conan Gray Announces ‘Wishbone World Tour’ Arena Dates,https://news.pollstar.com/2025/10/20/conan-gray-announces-wishbone-world-tour-arena-dates/,2025-10-20,2026-02-19,2026-10-08,Golden 1 Center,"Sacramento, CA",Arena,FALSE,,,TRUE
Conan Gray,Conan Gray Announces ‘Wishbone World Tour’ Arena Dates,https://news.pollstar.com/2025/10/20/conan-gray-announces-wishbone-world-tour-arena-dates/,2025-10-20,2026-02-19,2026-10-08,Kia Forum,"Los Angeles, CA",Arena,FALSE,,,TRUE
Conan Gray,Conan Gray Announces ‘Wishbone World Tour’ Arena Dates,https://news.pollstar.com/2025/10/20/conan-gray-announces-wishbone-world-tour-arena-dates/,2025-10-20,2026-02-19,2026-10-08,3Arena,"Dublin, IE",Arena,LYV,,,TRUE
Conan Gray,Conan Gray Announces ‘Wishbone World Tour’ Arena Dates,https://news.pollstar.com/2025/10/20/conan-gray-announces-wishbone-world-tour-arena-dates/,2025-10-20,2026-02-19,2026-10-08,bp Pulse LIVE,"Birmingham, UK",Arena,FALSE,,,TRUE
Conan Gray,Conan Gray Announces ‘Wishbone World Tour’ Arena Dates,https://news.pollstar.com/2025/10/20/conan-gray-announces-wishbone-world-tour-arena-dates/,2025-10-20,2026-02-19,2026-10-08,AO Arena,"Manchester, UK",Arena,FALSE,,,TRUE
Conan Gray,Conan Gray Announces ‘Wishbone World Tour’ Arena Dates,https://news.pollstar.com/2025/10/20/conan-gray-announces-wishbone-world-tour-arena-dates/,2025-10-20,2026-02-19,2026-10-08,OVO Hydro,"Glasgow, UK",Arena,FALSE,,,TRUE
Conan Gray,Conan Gray Announces ‘Wishbone World Tour’ Arena Dates,https://news.pollstar.com/2025/10/20/conan-gray-announces-wishbone-world-tour-arena-dates/,2025-10-20,2026-02-19,2026-10-08,O2 Arena,"London, UK",Arena,FALSE,,,TRUE
Conan Gray,Conan Gray Announces ‘Wishbone World Tour’ Arena Dates,https://news.pollstar.com/2025/10/20/conan-gray-announces-wishbone-world-tour-arena-dates/,2025-10-20,2026-02-19,2026-10-08,Ziggo Dome,"Amsterdam, NL",Arena,FALSE,,,TRUE
Conan Gray,Conan Gray Announces ‘Wishbone World Tour’ Arena Dates,https://news.pollstar.com/2025/10/20/conan-gray-announces-wishbone-world-tour-arena-dates/,2025-10-20,2026-02-19,2026-10-08,AFAS Dome,"Antwerp, BE",Arena,FALSE,,,TRUE
Conan Gray,Conan Gray Announces ‘Wishbone World Tour’ Arena Dates,https://news.pollstar.com/2025/10/20/conan-gray-announces-wishbone-world-tour-arena-dates/,2025-10-20,2026-02-19,2026-10-08,Mitsubishi Electric Halle,"Dusseldorf, DE",Arena,FALSE,,,TRUE
Conan Gray,Conan Gray Announces ‘Wishbone World Tour’ Arena Dates,https://news.pollstar.com/2025/10/20/conan-gray-announces-wishbone-world-tour-arena-dates/,2025-10-20,2026-02-19,2026-10-08,Adidas Arena,"Paris, FR",Arena,FALSE,,,TRUE
Conan Gray,Conan Gray Announces ‘Wishbone World Tour’ Arena Dates,https://news.pollstar.com/2025/10/20/conan-gray-announces-wishbone-world-tour-arena-dates/,2025-10-20,2026-02-19,2026-10-08,Sporthalle,"Hamburg, DE",Arena,FALSE,,,TRUE
Conan Gray,Conan Gray Announces ‘Wishbone World Tour’ Arena Dates,https://news.pollstar.com/2025/10/20/conan-gray-announces-wishbone-world-tour-arena-dates/,2025-10-20,2026-02-19,2026-10-08,Unity Arena,"Oslo, NO",Arena,FALSE,,,TRUE
Conan Gray,Conan Gray Announces ‘Wishbone World Tour’ Arena Dates,https://news.pollstar.com/2025/10/20/conan-gray-announces-wishbone-world-tour-arena-dates/,2025-10-20,2026-02-19,2026-10-08,Avicii Arena,"Stockholm, SE",Arena,FALSE,,,TRUE
Conan Gray,Conan Gray Announces ‘Wishbone World Tour’ Arena Dates,https://news.pollstar.com/2025/10/20/conan-gray-announces-wishbone-world-tour-arena-dates/,2025-10-20,2026-02-19,2026-10-08,Royal Arena,"Copenhagen, DK",Arena,LYV,,,TRUE
Conan Gray,Conan Gray Announces ‘Wishbone World Tour’ Arena Dates,https://news.pollstar.com/2025/10/20/conan-gray-announces-wishbone-world-tour-arena-dates/,2025-10-20,2026-02-19,2026-10-08,Max-Schmeling-Halle,"Berlin, DE",Arena,FALSE,,,TRUE
Conan Gray,Conan Gray Announces ‘Wishbone World Tour’ Arena Dates,https://news.pollstar.com/2025/10/20/conan-gray-announces-wishbone-world-tour-arena-dates/,2025-10-20,2026-02-19,2026-10-08,Tauron Arena,"Krakow, PL",Arena,FALSE,,,TRUE
Conan Gray,Conan Gray Announces ‘Wishbone World Tour’ Arena Dates,https://news.pollstar.com/2025/10/20/conan-gray-announces-wishbone-world-tour-arena-dates/,2025-10-20,2026-02-19,2026-10-08,O2 Universum,"Prague, CZ",Arena,FALSE,,,TRUE
Conan Gray,Conan Gray Announces ‘Wishbone World Tour’ Arena Dates,https://news.pollstar.com/2025/10/20/conan-gray-announces-wishbone-world-tour-arena-dates/,2025-10-20,2026-02-19,2026-10-08,Wiener Stadthalle,"Vienna, AT",Arena,FALSE,,,TRUE
Conan Gray,Conan Gray Announces ‘Wishbone World Tour’ Arena Dates,https://news.pollstar.com/2025/10/20/conan-gray-announces-wishbone-world-tour-arena-dates/,2025-10-20,2026-02-19,2026-10-08,ChorusLive Arena,"Bergamo, IT",Arena,FALSE,,,TRUE
Conan Gray,Conan Gray Announces ‘Wishbone World Tour’ Arena Dates,https://news.pollstar.com/2025/10/20/conan-gray-announces-wishbone-world-tour-arena-dates/,2025-10-20,2026-02-19,2026-10-08,Palacio Vistalegre,"Madrid, ES",Arena,FALSE,,,TRUE
Conan Gray,Conan Gray Announces ‘Wishbone World Tour’ Arena Dates,https://news.pollstar.com/2025/10/20/conan-gray-announces-wishbone-world-tour-arena-dates/,2025-10-20,2026-02-19,2026-10-08,MEO Arena,"Lisbon, PT",Arena,LYV,,,TRUE
Conan Gray,Conan Gray Announces ‘Wishbone World Tour’ Arena Dates,https://news.pollstar.com/2025/10/20/conan-gray-announces-wishbone-world-tour-arena-dates/,2025-10-20,2026-02-19,2026-10-08,Spark Arena,"Auckland, NZ",Arena,FALSE,,,TRUE
Conan Gray,Conan Gray Announces ‘Wishbone World Tour’ Arena Dates,https://news.pollstar.com/2025/10/20/conan-gray-announces-wishbone-world-tour-arena-dates/,2025-10-20,2026-02-19,2026-10-08,Quodos Bank Arena,"Sydney, AU",Arena,FALSE,,,TRUE
Conan Gray,Conan Gray Announces ‘Wishbone World Tour’ Arena Dates,https://news.pollstar.com/2025/10/20/conan-gray-announces-wishbone-world-tour-arena-dates/,2025-10-20,2026-02-19,2026-10-08,Rod Laver Arena,"Melbourne, AU",Arena,FALSE,,,TRUE
Conan Gray,Conan Gray Announces ‘Wishbone World Tour’ Arena Dates,https://news.pollstar.com/2025/10/20/conan-gray-announces-wishbone-world-tour-arena-dates/,2025-10-20,2026-02-19,2026-10-08,Adelaide Entertainment Centre,"Adelaide, AU",Arena,FALSE,,,TRUE
Conan Gray,Conan Gray Announces ‘Wishbone World Tour’ Arena Dates,https://news.pollstar.com/2025/10/20/conan-gray-announces-wishbone-world-tour-arena-dates/,2025-10-20,2026-02-19,2026-10-08,RAC Arena,"Perth, AU",Arena,FALSE,,,TRUE
John Mulaney,John Mulaney Expands ‘Mister Whatever Tour’ With 25 New Dates,https://news.pollstar.com/2025/10/20/john-mulaney-expands-mister-whatever-tour-with-25-new-dates/,2025-10-20,2026-01-09,2026-07-11,The Armory,"Minneapolis, MN",Theater,FALSE,,,TRUE
John Mulaney,John Mulaney Expands ‘Mister Whatever Tour’ With 25 New Dates,https://news.pollstar.com/2025/10/20/john-mulaney-expands-mister-whatever-tour-with-25-new-dates/,2025-10-20,2026-01-09,2026-07-11,Stifel Theatre,"St. Louis, MO",Theater,FALSE,,,TRUE
John Mulaney,John Mulaney Expands ‘Mister Whatever Tour’ With 25 New Dates,https://news.pollstar.com/2025/10/20/john-mulaney-expands-mister-whatever-tour-with-25-new-dates/,2025-10-20,2026-01-09,2026-07-11,Palace Theatre,"Columbus, OH",Theater,FALSE,,,TRUE
John Mulaney,John Mulaney Expands ‘Mister Whatever Tour’ With 25 New Dates,https://news.pollstar.com/2025/10/20/john-mulaney-expands-mister-whatever-tour-with-25-new-dates/,2025-10-20,2026-01-09,2026-07-11,Orpheum Theater,"Madison, WI",Theater,FALSE,,,TRUE
John Mulaney,John Mulaney Expands ‘Mister Whatever Tour’ With 25 New Dates,https://news.pollstar.com/2025/10/20/john-mulaney-expands-mister-whatever-tour-with-25-new-dates/,2025-10-20,2026-01-09,2026-07-11,Paramount THeatre,"Seattle, WA",Theater,FALSE,,,TRUE
John Mulaney,John Mulaney Expands ‘Mister Whatever Tour’ With 25 New Dates,https://news.pollstar.com/2025/10/20/john-mulaney-expands-mister-whatever-tour-with-25-new-dates/,2025-10-20,2026-01-09,2026-07-11,Johnny Mercer Theatre,"Savannah, GA",Theater,FALSE,,,TRUE
John Mulaney,John Mulaney Expands ‘Mister Whatever Tour’ With 25 New Dates,https://news.pollstar.com/2025/10/20/john-mulaney-expands-mister-whatever-tour-with-25-new-dates/,2025-10-20,2026-01-09,2026-07-11,The Classic Center Theatre,"Athens, GA",Auditorium,FALSE,,,TRUE
John Mulaney,John Mulaney Expands ‘Mister Whatever Tour’ With 25 New Dates,https://news.pollstar.com/2025/10/20/john-mulaney-expands-mister-whatever-tour-with-25-new-dates/,2025-10-20,2026-01-09,2026-07-11,Alabama Theatre,"Birmingham, AL",Auditorium,FALSE,,,TRUE
John Mulaney,John Mulaney Expands ‘Mister Whatever Tour’ With 25 New Dates,https://news.pollstar.com/2025/10/20/john-mulaney-expands-mister-whatever-tour-with-25-new-dates/,2025-10-20,2026-01-09,2026-07-11,Mahalia Jackson Theatre of Performing Arts,"New Orleans, LA",Auditorium,FALSE,,,TRUE
John Mulaney,John Mulaney Expands ‘Mister Whatever Tour’ With 25 New Dates,https://news.pollstar.com/2025/10/20/john-mulaney-expands-mister-whatever-tour-with-25-new-dates/,2025-10-20,2026-01-09,2026-07-11,Taft Theatre,"Cincinnati, OH",Auditorium,FALSE,,,TRUE
John Mulaney,John Mulaney Expands ‘Mister Whatever Tour’ With 25 New Dates,https://news.pollstar.com/2025/10/20/john-mulaney-expands-mister-whatever-tour-with-25-new-dates/,2025-10-20,2026-01-09,2026-07-11,Emens Auditorium at Ball State University,"Muncie, IN",Theater,FALSE,,,TRUE
John Mulaney,John Mulaney Expands ‘Mister Whatever Tour’ With 25 New Dates,https://news.pollstar.com/2025/10/20/john-mulaney-expands-mister-whatever-tour-with-25-new-dates/,2025-10-20,2026-01-09,2026-07-11,Celebrity Theatre,"Phoenix, AZ",Theater,FALSE,,,TRUE
John Mulaney,John Mulaney Expands ‘Mister Whatever Tour’ With 25 New Dates,https://news.pollstar.com/2025/10/20/john-mulaney-expands-mister-whatever-tour-with-25-new-dates/,2025-10-20,2026-01-09,2026-07-11,"Fantasy Springs Resort Casino, Special Events Center","Indio, CA",Other,FALSE,,,TRUE
John Mulaney,John Mulaney Expands ‘Mister Whatever Tour’ With 25 New Dates,https://news.pollstar.com/2025/10/20/john-mulaney-expands-mister-whatever-tour-with-25-new-dates/,2025-10-20,2026-01-09,2026-07-11,Chrysler Hall,"Norfolk, VA",Other,FALSE,,,TRUE
John Mulaney,John Mulaney Expands ‘Mister Whatever Tour’ With 25 New Dates,https://news.pollstar.com/2025/10/20/john-mulaney-expands-mister-whatever-tour-with-25-new-dates/,2025-10-20,2026-01-09,2026-07-11,Altria Theater,"Richmond, VA",Theater,FALSE,,,TRUE
John Mulaney,John Mulaney Expands ‘Mister Whatever Tour’ With 25 New Dates,https://news.pollstar.com/2025/10/20/john-mulaney-expands-mister-whatever-tour-with-25-new-dates/,2025-10-20,2026-01-09,2026-07-11,Orpheum Theater,"Omaha, NE",Theater,FALSE,,,TRUE
John Mulaney,John Mulaney Expands ‘Mister Whatever Tour’ With 25 New Dates,https://news.pollstar.com/2025/10/20/john-mulaney-expands-mister-whatever-tour-with-25-new-dates/,2025-10-20,2026-01-09,2026-07-11,Eccles Theater,"Salt Lake City, UT",Theater,FALSE,,,TRUE
John Mulaney,John Mulaney Expands ‘Mister Whatever Tour’ With 25 New Dates,https://news.pollstar.com/2025/10/20/john-mulaney-expands-mister-whatever-tour-with-25-new-dates/,2025-10-20,2026-01-09,2026-07-11,PPAC,"Providence, RI",Auditorium,FALSE,,,TRUE
John Mulaney,John Mulaney Expands ‘Mister Whatever Tour’ With 25 New Dates,https://news.pollstar.com/2025/10/20/john-mulaney-expands-mister-whatever-tour-with-25-new-dates/,2025-10-20,2026-01-09,2026-07-11,Theatre St-Denis,"Montreal, QC",Auditorium,FALSE,,,TRUE
John Mulaney,John Mulaney Expands ‘Mister Whatever Tour’ With 25 New Dates,https://news.pollstar.com/2025/10/20/john-mulaney-expands-mister-whatever-tour-with-25-new-dates/,2025-10-20,2026-01-09,2026-07-11,FirstOntario Concert Hall,"Hamilton, ON",Other,FALSE,,,TRUE
John Mulaney,John Mulaney Expands ‘Mister Whatever Tour’ With 25 New Dates,https://news.pollstar.com/2025/10/20/john-mulaney-expands-mister-whatever-tour-with-25-new-dates/,2025-10-20,2026-01-09,2026-07-11,The Arena at TD Palce,"Ottawa, ON",Arena,FALSE,,,TRUE
John Mulaney,John Mulaney Expands ‘Mister Whatever Tour’ With 25 New Dates,https://news.pollstar.com/2025/10/20/john-mulaney-expands-mister-whatever-tour-with-25-new-dates/,2025-10-20,2026-01-09,2026-07-11,Shea’s Buffalo Theatre,"Buffalo, NY",Theater,FALSE,,,TRUE
John Mulaney,John Mulaney Expands ‘Mister Whatever Tour’ With 25 New Dates,https://news.pollstar.com/2025/10/20/john-mulaney-expands-mister-whatever-tour-with-25-new-dates/,2025-10-20,2026-01-09,2026-07-11,Red Rocks Amphitheatre,"Morrison, CO",Amphitheater,FALSE,,,TRUE
John Mulaney,John Mulaney Expands ‘Mister Whatever Tour’ With 25 New Dates,https://news.pollstar.com/2025/10/20/john-mulaney-expands-mister-whatever-tour-with-25-new-dates/,2025-10-20,2026-01-09,2026-07-11,Wrigley Field,"Chicago, IL",Stadium,FALSE,,,TRUE
Danny Brown Releases New Single ‘Copycats’ Ahead Of New Album,Danny Brown Releases New Single ‘Copycats’ Ahead Of New Album & Tour,https://news.pollstar.com/2025/10/16/danny-brown-releases-new-single-copycats-ahead-of-new-album-tour/,2025-10-16,2025-11-10,2025-12-14,Big Night Live,"Boston, MA",Club,FALSE,,,TRUE
Danny Brown Releases New Single ‘Copycats’ Ahead Of New Album,Danny Brown Releases New Single ‘Copycats’ Ahead Of New Album & Tour,https://news.pollstar.com/2025/10/16/danny-brown-releases-new-single-copycats-ahead-of-new-album-tour/,2025-10-16,2025-11-10,2025-12-14,Rebel,"Toronto, ON",Other,FALSE,,,TRUE
Danny Brown Releases New Single ‘Copycats’ Ahead Of New Album,Danny Brown Releases New Single ‘Copycats’ Ahead Of New Album & Tour,https://news.pollstar.com/2025/10/16/danny-brown-releases-new-single-copycats-ahead-of-new-album-tour/,2025-10-16,2025-11-10,2025-12-14,Globe Iron,"Cleveland, OH",Club,FALSE,,,TRUE
Danny Brown Releases New Single ‘Copycats’ Ahead Of New Album,Danny Brown Releases New Single ‘Copycats’ Ahead Of New Album & Tour,https://news.pollstar.com/2025/10/16/danny-brown-releases-new-single-copycats-ahead-of-new-album-tour/,2025-10-16,2025-11-10,2025-12-14,The Rave,"Milwaukee, WI",Theater,FALSE,,,TRUE
Danny Brown Releases New Single ‘Copycats’ Ahead Of New Album,Danny Brown Releases New Single ‘Copycats’ Ahead Of New Album & Tour,https://news.pollstar.com/2025/10/16/danny-brown-releases-new-single-copycats-ahead-of-new-album-tour/,2025-10-16,2025-11-10,2025-12-14,Vic Theatre,"Chicago, IL",Theater,FALSE,,,TRUE
Danny Brown Releases New Single ‘Copycats’ Ahead Of New Album,Danny Brown Releases New Single ‘Copycats’ Ahead Of New Album & Tour,https://news.pollstar.com/2025/10/16/danny-brown-releases-new-single-copycats-ahead-of-new-album-tour/,2025-10-16,2025-11-10,2025-12-14,Uptown Theater,"Minneapolis, MN",Theater,FALSE,,,TRUE
Danny Brown Releases New Single ‘Copycats’ Ahead Of New Album,Danny Brown Releases New Single ‘Copycats’ Ahead Of New Album & Tour,https://news.pollstar.com/2025/10/16/danny-brown-releases-new-single-copycats-ahead-of-new-album-tour/,2025-10-16,2025-11-10,2025-12-14,The Ogden,"Denver, CO",Club,FALSE,,,TRUE
Danny Brown Releases New Single ‘Copycats’ Ahead Of New Album,Danny Brown Releases New Single ‘Copycats’ Ahead Of New Album & Tour,https://news.pollstar.com/2025/10/16/danny-brown-releases-new-single-copycats-ahead-of-new-album-tour/,2025-10-16,2025-11-10,2025-12-14,"The Complex, Rockwell","Salt Lake City, UT",Club,FALSE,,,TRUE
Danny Brown Releases New Single ‘Copycats’ Ahead Of New Album,Danny Brown Releases New Single ‘Copycats’ Ahead Of New Album & Tour,https://news.pollstar.com/2025/10/16/danny-brown-releases-new-single-copycats-ahead-of-new-album-tour/,2025-10-16,2025-11-10,2025-12-14,Ace of Spades,"Sacramento, CA",Club,FALSE,,,TRUE
Danny Brown Releases New Single ‘Copycats’ Ahead Of New Album,Danny Brown Releases New Single ‘Copycats’ Ahead Of New Album & Tour,https://news.pollstar.com/2025/10/16/danny-brown-releases-new-single-copycats-ahead-of-new-album-tour/,2025-10-16,2025-11-10,2025-12-14,The Regency Ballroom,"San Francisco, CA",Other,FALSE,,,TRUE
Danny Brown Releases New Single ‘Copycats’ Ahead Of New Album,Danny Brown Releases New Single ‘Copycats’ Ahead Of New Album & Tour,https://news.pollstar.com/2025/10/16/danny-brown-releases-new-single-copycats-ahead-of-new-album-tour/,2025-10-16,2025-11-10,2025-12-14,The Bellwether,"Los Angeles, CA",Club,FALSE,,,TRUE
Danny Brown Releases New Single ‘Copycats’ Ahead Of New Album,Danny Brown Releases New Single ‘Copycats’ Ahead Of New Album & Tour,https://news.pollstar.com/2025/10/16/danny-brown-releases-new-single-copycats-ahead-of-new-album-tour/,2025-10-16,2025-11-10,2025-12-14,The Observatory Santa Ana,"Santa Ana, CA",Club,FALSE,,,TRUE
Danny Brown Releases New Single ‘Copycats’ Ahead Of New Album,Danny Brown Releases New Single ‘Copycats’ Ahead Of New Album & Tour,https://news.pollstar.com/2025/10/16/danny-brown-releases-new-single-copycats-ahead-of-new-album-tour/,2025-10-16,2025-11-10,2025-12-14,The Observatory North Park,"San Diego, CA",Club,FALSE,,,TRUE
Danny Brown Releases New Single ‘Copycats’ Ahead Of New Album,Danny Brown Releases New Single ‘Copycats’ Ahead Of New Album & Tour,https://news.pollstar.com/2025/10/16/danny-brown-releases-new-single-copycats-ahead-of-new-album-tour/,2025-10-16,2025-11-10,2025-12-14,Marquee,"Phoenix, AZ",Theater,FALSE,,,TRUE
Danny Brown Releases New Single ‘Copycats’ Ahead Of New Album,Danny Brown Releases New Single ‘Copycats’ Ahead Of New Album & Tour,https://news.pollstar.com/2025/10/16/danny-brown-releases-new-single-copycats-ahead-of-new-album-tour/,2025-10-16,2025-11-10,2025-12-14,Emos,"Austin, TX",Club,FALSE,,,TRUE
Danny Brown Releases New Single ‘Copycats’ Ahead Of New Album,Danny Brown Releases New Single ‘Copycats’ Ahead Of New Album & Tour,https://news.pollstar.com/2025/10/16/danny-brown-releases-new-single-copycats-ahead-of-new-album-tour/,2025-10-16,2025-11-10,2025-12-14,White Oak Music Hall,"Houston, TX",Other,FALSE,,,TRUE
Danny Brown Releases New Single ‘Copycats’ Ahead Of New Album,Danny Brown Releases New Single ‘Copycats’ Ahead Of New Album & Tour,https://news.pollstar.com/2025/10/16/danny-brown-releases-new-single-copycats-ahead-of-new-album-tour/,2025-10-16,2025-11-10,2025-12-14,Granada,"Dallas, TX",Club,FALSE,,,TRUE
Danny Brown Releases New Single ‘Copycats’ Ahead Of New Album,Danny Brown Releases New Single ‘Copycats’ Ahead Of New Album & Tour,https://news.pollstar.com/2025/10/16/danny-brown-releases-new-single-copycats-ahead-of-new-album-tour/,2025-10-16,2025-11-10,2025-12-14,Masquerade,"Atlanta, GA",Club,FALSE,,,TRUE
Danny Brown Releases New Single ‘Copycats’ Ahead Of New Album,Danny Brown Releases New Single ‘Copycats’ Ahead Of New Album & Tour,https://news.pollstar.com/2025/10/16/danny-brown-releases-new-single-copycats-ahead-of-new-album-tour/,2025-10-16,2025-11-10,2025-12-14,Nevermore Music Hall,"Baltimore, MD",Other,FALSE,,,TRUE
Danny Brown Releases New Single ‘Copycats’ Ahead Of New Album,Danny Brown Releases New Single ‘Copycats’ Ahead Of New Album & Tour,https://news.pollstar.com/2025/10/16/danny-brown-releases-new-single-copycats-ahead-of-new-album-tour/,2025-10-16,2025-11-10,2025-12-14,Theatre of Living Arts,"Philadelphia, PA",Theater,FALSE,,,TRUE
Danny Brown Releases New Single ‘Copycats’ Ahead Of New Album,Danny Brown Releases New Single ‘Copycats’ Ahead Of New Album & Tour,https://news.pollstar.com/2025/10/16/danny-brown-releases-new-single-copycats-ahead-of-new-album-tour/,2025-10-16,2025-11-10,2025-12-14,Warsaw,"New York, NY",Club,FALSE,,,TRUE
Matt Pryor,Matt Pryor & The Salton Sea Announce 2026 Tour Dates,https://news.pollstar.com/2025/10/15/matt-pryor-the-salton-sea-announce-2026-tour-dates/,2025-10-15,2026-01-22,2026-05-08,Club Dada,"Dallas, TX",Club,FALSE,,,TRUE
Matt Pryor,Matt Pryor & The Salton Sea Announce 2026 Tour Dates,https://news.pollstar.com/2025/10/15/matt-pryor-the-salton-sea-announce-2026-tour-dates/,2025-10-15,2026-01-22,2026-05-08,The 13th Floor,"Austin, TX",Club,FALSE,,,TRUE
Matt Pryor,Matt Pryor & The Salton Sea Announce 2026 Tour Dates,https://news.pollstar.com/2025/10/15/matt-pryor-the-salton-sea-announce-2026-tour-dates/,2025-10-15,2026-01-22,2026-05-08,Paper Tiger,"San Antonio, TX",Club,FALSE,,,TRUE
Matt Pryor,Matt Pryor & The Salton Sea Announce 2026 Tour Dates,https://news.pollstar.com/2025/10/15/matt-pryor-the-salton-sea-announce-2026-tour-dates/,2025-10-15,2026-01-22,2026-05-08,White Oak,"Houston, TX",Club,FALSE,,,TRUE
Matt Pryor,Matt Pryor & The Salton Sea Announce 2026 Tour Dates,https://news.pollstar.com/2025/10/15/matt-pryor-the-salton-sea-announce-2026-tour-dates/,2025-10-15,2026-01-22,2026-05-08,New World Brewery,"Tampa, FL",Club,FALSE,,,TRUE
Matt Pryor,Matt Pryor & The Salton Sea Announce 2026 Tour Dates,https://news.pollstar.com/2025/10/15/matt-pryor-the-salton-sea-announce-2026-tour-dates/,2025-10-15,2026-01-22,2026-05-08,Respectable Street,"West Palm Beach, FL",Club,FALSE,,,TRUE
Matt Pryor,Matt Pryor & The Salton Sea Announce 2026 Tour Dates,https://news.pollstar.com/2025/10/15/matt-pryor-the-salton-sea-announce-2026-tour-dates/,2025-10-15,2026-01-22,2026-05-08,Will’s Pub,"Orlando, FL",Other,FALSE,,,TRUE
Matt Pryor,Matt Pryor & The Salton Sea Announce 2026 Tour Dates,https://news.pollstar.com/2025/10/15/matt-pryor-the-salton-sea-announce-2026-tour-dates/,2025-10-15,2026-01-22,2026-05-08,Jack Rabbits,"Jacksonville, FL",Club,FALSE,,,TRUE
Matt Pryor,Matt Pryor & The Salton Sea Announce 2026 Tour Dates,https://news.pollstar.com/2025/10/15/matt-pryor-the-salton-sea-announce-2026-tour-dates/,2025-10-15,2026-01-22,2026-05-08,The Music Farm,"Charleston, SC",Club,FALSE,,,TRUE
Matt Pryor,Matt Pryor & The Salton Sea Announce 2026 Tour Dates,https://news.pollstar.com/2025/10/15/matt-pryor-the-salton-sea-announce-2026-tour-dates/,2025-10-15,2026-01-22,2026-05-08,Richmond Music Hall,"Richmond, VA",Other,FALSE,,,TRUE
Matt Pryor,Matt Pryor & The Salton Sea Announce 2026 Tour Dates,https://news.pollstar.com/2025/10/15/matt-pryor-the-salton-sea-announce-2026-tour-dates/,2025-10-15,2026-01-22,2026-05-08,Cat’s Cradle,"Carrboro, NC",Other,FALSE,,,TRUE
Matt Pryor,Matt Pryor & The Salton Sea Announce 2026 Tour Dates,https://news.pollstar.com/2025/10/15/matt-pryor-the-salton-sea-announce-2026-tour-dates/,2025-10-15,2026-01-22,2026-05-08,Eulogy,"Asheville, NC",Club,FALSE,,,TRUE
Matt Pryor,Matt Pryor & The Salton Sea Announce 2026 Tour Dates,https://news.pollstar.com/2025/10/15/matt-pryor-the-salton-sea-announce-2026-tour-dates/,2025-10-15,2026-01-22,2026-05-08,The Earl,"Atlanta, GA",Theater,FALSE,,,TRUE
Matt Pryor,Matt Pryor & The Salton Sea Announce 2026 Tour Dates,https://news.pollstar.com/2025/10/15/matt-pryor-the-salton-sea-announce-2026-tour-dates/,2025-10-15,2026-01-22,2026-05-08,TrimTab Brewing,"Birmingham, AL",Club,FALSE,,,TRUE
Matt Pryor,Matt Pryor & The Salton Sea Announce 2026 Tour Dates,https://news.pollstar.com/2025/10/15/matt-pryor-the-salton-sea-announce-2026-tour-dates/,2025-10-15,2026-01-22,2026-05-08,DRKMTTR,"Nashville, TN",Club,FALSE,,,TRUE
Matt Pryor,Matt Pryor & The Salton Sea Announce 2026 Tour Dates,https://news.pollstar.com/2025/10/15/matt-pryor-the-salton-sea-announce-2026-tour-dates/,2025-10-15,2026-01-22,2026-05-08,Valley Bar,"Phoenix, AZ",Other,FALSE,,,TRUE
Matt Pryor,Matt Pryor & The Salton Sea Announce 2026 Tour Dates,https://news.pollstar.com/2025/10/15/matt-pryor-the-salton-sea-announce-2026-tour-dates/,2025-10-15,2026-01-22,2026-05-08,Soda Bar,"San Diego, CA",Other,FALSE,,,TRUE
Matt Pryor,Matt Pryor & The Salton Sea Announce 2026 Tour Dates,https://news.pollstar.com/2025/10/15/matt-pryor-the-salton-sea-announce-2026-tour-dates/,2025-10-15,2026-01-22,2026-05-08,Pappy + Harriet’s,"Pioneertown, CA",Other,FALSE,,,TRUE
Matt Pryor,Matt Pryor & The Salton Sea Announce 2026 Tour Dates,https://news.pollstar.com/2025/10/15/matt-pryor-the-salton-sea-announce-2026-tour-dates/,2025-10-15,2026-01-22,2026-05-08,Constellation Room,"Santa Ana, CA",Club,FALSE,,,TRUE
Matt Pryor,Matt Pryor & The Salton Sea Announce 2026 Tour Dates,https://news.pollstar.com/2025/10/15/matt-pryor-the-salton-sea-announce-2026-tour-dates/,2025-10-15,2026-01-22,2026-05-08,Permanent Records,"Los Angeles, CA",Club,FALSE,,,TRUE
Matt Pryor,Matt Pryor & The Salton Sea Announce 2026 Tour Dates,https://news.pollstar.com/2025/10/15/matt-pryor-the-salton-sea-announce-2026-tour-dates/,2025-10-15,2026-01-22,2026-05-08,Bottom of the Hill,"San Francisco, CA",Club,FALSE,,,TRUE
Matt Pryor,Matt Pryor & The Salton Sea Announce 2026 Tour Dates,https://news.pollstar.com/2025/10/15/matt-pryor-the-salton-sea-announce-2026-tour-dates/,2025-10-15,2026-01-22,2026-05-08,Show Bar,"Portland, OR",Other,FALSE,,,TRUE
Matt Pryor,Matt Pryor & The Salton Sea Announce 2026 Tour Dates,https://news.pollstar.com/2025/10/15/matt-pryor-the-salton-sea-announce-2026-tour-dates/,2025-10-15,2026-01-22,2026-05-08,Sunset Tavern,"Seattle, WA",Club,FALSE,,,TRUE
Matt Pryor,Matt Pryor & The Salton Sea Announce 2026 Tour Dates,https://news.pollstar.com/2025/10/15/matt-pryor-the-salton-sea-announce-2026-tour-dates/,2025-10-15,2026-01-22,2026-05-08,Big Dipper,"Spokane, WA",Club,FALSE,,,TRUE
Matt Pryor,Matt Pryor & The Salton Sea Announce 2026 Tour Dates,https://news.pollstar.com/2025/10/15/matt-pryor-the-salton-sea-announce-2026-tour-dates/,2025-10-15,2026-01-22,2026-05-08,Shrine Social Club Basement,"Boise, ID",Theater,FALSE,,,TRUE
Matt Pryor,Matt Pryor & The Salton Sea Announce 2026 Tour Dates,https://news.pollstar.com/2025/10/15/matt-pryor-the-salton-sea-announce-2026-tour-dates/,2025-10-15,2026-01-22,2026-05-08,Kilby Court,"Salt Lake City, UT",Club,FALSE,,,TRUE
Matt Pryor,Matt Pryor & The Salton Sea Announce 2026 Tour Dates,https://news.pollstar.com/2025/10/15/matt-pryor-the-salton-sea-announce-2026-tour-dates/,2025-10-15,2026-01-22,2026-05-08,Skylark Lounge,"Denver, CO",Other,FALSE,,,TRUE
Matt Pryor,Matt Pryor & The Salton Sea Announce 2026 Tour Dates,https://news.pollstar.com/2025/10/15/matt-pryor-the-salton-sea-announce-2026-tour-dates/,2025-10-15,2026-01-22,2026-05-08,7th St Entry,"Minneapolis, MN",Club,FALSE,,,TRUE
Matt Pryor,Matt Pryor & The Salton Sea Announce 2026 Tour Dates,https://news.pollstar.com/2025/10/15/matt-pryor-the-salton-sea-announce-2026-tour-dates/,2025-10-15,2026-01-22,2026-05-08,Anodyne,"Milwaukee, WI",Club,FALSE,,,TRUE
Matt Pryor,Matt Pryor & The Salton Sea Announce 2026 Tour Dates,https://news.pollstar.com/2025/10/15/matt-pryor-the-salton-sea-announce-2026-tour-dates/,2025-10-15,2026-01-22,2026-05-08,Cobra Lounge,"Chicago, IL",Other,FALSE,,,TRUE
Matt Pryor,Matt Pryor & The Salton Sea Announce 2026 Tour Dates,https://news.pollstar.com/2025/10/15/matt-pryor-the-salton-sea-announce-2026-tour-dates/,2025-10-15,2026-01-22,2026-05-08,Sonia,"Boston, MA",Club,FALSE,,,TRUE
Matt Pryor,Matt Pryor & The Salton Sea Announce 2026 Tour Dates,https://news.pollstar.com/2025/10/15/matt-pryor-the-salton-sea-announce-2026-tour-dates/,2025-10-15,2026-01-22,2026-05-08,StageOne,"Fairfield, CT",Club,FALSE,,,TRUE
Matt Pryor,Matt Pryor & The Salton Sea Announce 2026 Tour Dates,https://news.pollstar.com/2025/10/15/matt-pryor-the-salton-sea-announce-2026-tour-dates/,2025-10-15,2026-01-22,2026-05-08,Mercury Lounge,"New York, NY",Other,FALSE,,,TRUE
Matt Pryor,Matt Pryor & The Salton Sea Announce 2026 Tour Dates,https://news.pollstar.com/2025/10/15/matt-pryor-the-salton-sea-announce-2026-tour-dates/,2025-10-15,2026-01-22,2026-05-08,First Unitarian Church,"Philadelphia, PA",Auditorium,FALSE,,,TRUE
Matt Pryor,Matt Pryor & The Salton Sea Announce 2026 Tour Dates,https://news.pollstar.com/2025/10/15/matt-pryor-the-salton-sea-announce-2026-tour-dates/,2025-10-15,2026-01-22,2026-05-08,Songbyrd,"Washington, DC",Club,FALSE,,,TRUE
Matt Pryor,Matt Pryor & The Salton Sea Announce 2026 Tour Dates,https://news.pollstar.com/2025/10/15/matt-pryor-the-salton-sea-announce-2026-tour-dates/,2025-10-15,2026-01-22,2026-05-08,Brillobox,"Pittsburgh, PA",Club,FALSE,,,TRUE
Matt Pryor,Matt Pryor & The Salton Sea Announce 2026 Tour Dates,https://news.pollstar.com/2025/10/15/matt-pryor-the-salton-sea-announce-2026-tour-dates/,2025-10-15,2026-01-22,2026-05-08,Rumba Cafe,"Columbus, OH",Club,FALSE,,,TRUE
Matt Pryor,Matt Pryor & The Salton Sea Announce 2026 Tour Dates,https://news.pollstar.com/2025/10/15/matt-pryor-the-salton-sea-announce-2026-tour-dates/,2025-10-15,2026-01-22,2026-05-08,The Hi Fi,"Indianapolis, IN",Club,FALSE,,,TRUE
Matt Pryor,Matt Pryor & The Salton Sea Announce 2026 Tour Dates,https://news.pollstar.com/2025/10/15/matt-pryor-the-salton-sea-announce-2026-tour-dates/,2025-10-15,2026-01-22,2026-05-08,Zanzabar,"Louisville, KY",Club,FALSE,,,TRUE
Matt Pryor,Matt Pryor & The Salton Sea Announce 2026 Tour Dates,https://news.pollstar.com/2025/10/15/matt-pryor-the-salton-sea-announce-2026-tour-dates/,2025-10-15,2026-01-22,2026-05-08,The Sinkhole,"St. Louis, MO",Club,FALSE,,,TRUE
Matt Pryor,Matt Pryor & The Salton Sea Announce 2026 Tour Dates,https://news.pollstar.com/2025/10/15/matt-pryor-the-salton-sea-announce-2026-tour-dates/,2025-10-15,2026-01-22,2026-05-08,Rough Trade Bristol,"Bristol, UK",Club,FALSE,,,TRUE
Matt Pryor,Matt Pryor & The Salton Sea Announce 2026 Tour Dates,https://news.pollstar.com/2025/10/15/matt-pryor-the-salton-sea-announce-2026-tour-dates/,2025-10-15,2026-01-22,2026-05-08,Clwb lfor Bach,"Cardiff, UK",Club,FALSE,,,TRUE
Matt Pryor,Matt Pryor & The Salton Sea Announce 2026 Tour Dates,https://news.pollstar.com/2025/10/15/matt-pryor-the-salton-sea-announce-2026-tour-dates/,2025-10-15,2026-01-22,2026-05-08,The Lexington,"London, UK",Club,FALSE,,,TRUE
Matt Pryor,Matt Pryor & The Salton Sea Announce 2026 Tour Dates,https://news.pollstar.com/2025/10/15/matt-pryor-the-salton-sea-announce-2026-tour-dates/,2025-10-15,2026-01-22,2026-05-08,Bodega,"Nottingham, UK",Club,FALSE,,,TRUE
Matt Pryor,Matt Pryor & The Salton Sea Announce 2026 Tour Dates,https://news.pollstar.com/2025/10/15/matt-pryor-the-salton-sea-announce-2026-tour-dates/,2025-10-15,2026-01-22,2026-05-08,Hug & Pint,"Glasgow, UK",Other,FALSE,,,TRUE
Matt Pryor,Matt Pryor & The Salton Sea Announce 2026 Tour Dates,https://news.pollstar.com/2025/10/15/matt-pryor-the-salton-sea-announce-2026-tour-dates/,2025-10-15,2026-01-22,2026-05-08,The Attic,"Leeds, UK",Club,FALSE,,,TRUE
Matt Pryor,Matt Pryor & The Salton Sea Announce 2026 Tour Dates,https://news.pollstar.com/2025/10/15/matt-pryor-the-salton-sea-announce-2026-tour-dates/,2025-10-15,2026-01-22,2026-05-08,Star & Garter,"Manchester, UK",Other,FALSE,,,TRUE
Matt Pryor,Matt Pryor & The Salton Sea Announce 2026 Tour Dates,https://news.pollstar.com/2025/10/15/matt-pryor-the-salton-sea-announce-2026-tour-dates/,2025-10-15,2026-01-22,2026-05-08,Blue Moon,"Cambridge, UK",Club,FALSE,,,TRUE
Twice,Twice Expands ‘<This Is For> World Tour’,https://news.pollstar.com/2025/10/13/twice-expands-this-is-for-world-tour/,2025-10-13,2026-01-09,2026-06-04,Rogers Arena,"Vancouver, BC",Arena,FALSE,,,TRUE
Twice,Twice Expands ‘<This Is For> World Tour’,https://news.pollstar.com/2025/10/13/twice-expands-this-is-for-world-tour/,2025-10-13,2026-01-09,2026-06-04,Rogers Arena,"Vancouver, BC",Arena,FALSE,,,TRUE
Twice,Twice Expands ‘<This Is For> World Tour’,https://news.pollstar.com/2025/10/13/twice-expands-this-is-for-world-tour/,2025-10-13,2026-01-09,2026-06-04,Climate Pledge Arena,"Seattle, WA",Arena,FALSE,,,TRUE
Twice,Twice Expands ‘<This Is For> World Tour’,https://news.pollstar.com/2025/10/13/twice-expands-this-is-for-world-tour/,2025-10-13,2026-01-09,2026-06-04,Climate Pledge Arena,"Seattle, WA",Arena,FALSE,,,TRUE
Twice,Twice Expands ‘<This Is For> World Tour’,https://news.pollstar.com/2025/10/13/twice-expands-this-is-for-world-tour/,2025-10-13,2026-01-09,2026-06-04,Oakland Arena,"Oakland, CA",Arena,FALSE,,,TRUE
Twice,Twice Expands ‘<This Is For> World Tour’,https://news.pollstar.com/2025/10/13/twice-expands-this-is-for-world-tour/,2025-10-13,2026-01-09,2026-06-04,Oakland Arena,"Oakland, CA",Arena,FALSE,,,TRUE
Twice,Twice Expands ‘<This Is For> World Tour’,https://news.pollstar.com/2025/10/13/twice-expands-this-is-for-world-tour/,2025-10-13,2026-01-09,2026-06-04,Kia Forum,"Los Angeles, CA",Arena,FALSE,,,TRUE
Twice,Twice Expands ‘<This Is For> World Tour’,https://news.pollstar.com/2025/10/13/twice-expands-this-is-for-world-tour/,2025-10-13,2026-01-09,2026-06-04,Kia Forum,"Los Angeles, CA",Arena,FALSE,,,TRUE
Twice,Twice Expands ‘<This Is For> World Tour’,https://news.pollstar.com/2025/10/13/twice-expands-this-is-for-world-tour/,2025-10-13,2026-01-09,2026-06-04,Kia Forum,"Los Angeles, CA",Arena,FALSE,,,TRUE
Twice,Twice Expands ‘<This Is For> World Tour’,https://news.pollstar.com/2025/10/13/twice-expands-this-is-for-world-tour/,2025-10-13,2026-01-09,2026-06-04,Kia Forum,"Los Angeles, CA",Arena,FALSE,,,TRUE
Twice,Twice Expands ‘<This Is For> World Tour’,https://news.pollstar.com/2025/10/13/twice-expands-this-is-for-world-tour/,2025-10-13,2026-01-09,2026-06-04,PHX Arena,"Phoenix, AZ",Arena,FALSE,,,TRUE
Twice,Twice Expands ‘<This Is For> World Tour’,https://news.pollstar.com/2025/10/13/twice-expands-this-is-for-world-tour/,2025-10-13,2026-01-09,2026-06-04,American Airlines Center,"Dallas, TX",Arena,FALSE,,,TRUE
Twice,Twice Expands ‘<This Is For> World Tour’,https://news.pollstar.com/2025/10/13/twice-expands-this-is-for-world-tour/,2025-10-13,2026-01-09,2026-06-04,American Airlines Center,"Dallas, TX",Arena,FALSE,,,TRUE
Twice,Twice Expands ‘<This Is For> World Tour’,https://news.pollstar.com/2025/10/13/twice-expands-this-is-for-world-tour/,2025-10-13,2026-01-09,2026-06-04,Capital One Arena,"Washington, DC",Arena,FALSE,,,TRUE
Twice,Twice Expands ‘<This Is For> World Tour’,https://news.pollstar.com/2025/10/13/twice-expands-this-is-for-world-tour/,2025-10-13,2026-01-09,2026-06-04,Capital One Arena,"Washington, DC",Arena,FALSE,,,TRUE
Twice,Twice Expands ‘<This Is For> World Tour’,https://news.pollstar.com/2025/10/13/twice-expands-this-is-for-world-tour/,2025-10-13,2026-01-09,2026-06-04,UBS Arena,"Belmont Park, NY",Arena,FALSE,,,TRUE
Twice,Twice Expands ‘<This Is For> World Tour’,https://news.pollstar.com/2025/10/13/twice-expands-this-is-for-world-tour/,2025-10-13,2026-01-09,2026-06-04,UBS Arena,"Belmont Park, NY",Arena,FALSE,,,TRUE
Twice,Twice Expands ‘<This Is For> World Tour’,https://news.pollstar.com/2025/10/13/twice-expands-this-is-for-world-tour/,2025-10-13,2026-01-09,2026-06-04,UBS Arena,"Belmont Park, NY",Arena,FALSE,,,TRUE
Twice,Twice Expands ‘<This Is For> World Tour’,https://news.pollstar.com/2025/10/13/twice-expands-this-is-for-world-tour/,2025-10-13,2026-01-09,2026-06-04,Xfinity Mobile Arena,"Philadelphia, PA",Arena,FALSE,,,TRUE
Twice,Twice Expands ‘<This Is For> World Tour’,https://news.pollstar.com/2025/10/13/twice-expands-this-is-for-world-tour/,2025-10-13,2026-01-09,2026-06-04,State Farm Arena,"Atlanta, GA",Arena,FALSE,,,TRUE
Twice,Twice Expands ‘<This Is For> World Tour’,https://news.pollstar.com/2025/10/13/twice-expands-this-is-for-world-tour/,2025-10-13,2026-01-09,2026-06-04,Bell Centre,"Montreal, QC",Arena,FALSE,,,TRUE
Twice,Twice Expands ‘<This Is For> World Tour’,https://news.pollstar.com/2025/10/13/twice-expands-this-is-for-world-tour/,2025-10-13,2026-01-09,2026-06-04,TD Coliseum,"Hamilton, ON",Arena,LYV,,,TRUE
Twice,Twice Expands ‘<This Is For> World Tour’,https://news.pollstar.com/2025/10/13/twice-expands-this-is-for-world-tour/,2025-10-13,2026-01-09,2026-06-04,TD Coliseum,"Hamilton, ON",Arena,LYV,,,TRUE
Twice,Twice Expands ‘<This Is For> World Tour’,https://news.pollstar.com/2025/10/13/twice-expands-this-is-for-world-tour/,2025-10-13,2026-01-09,2026-06-04,Kia Center,"Orlando, FL",Arena,FALSE,,,TRUE
Twice,Twice Expands ‘<This Is For> World Tour’,https://news.pollstar.com/2025/10/13/twice-expands-this-is-for-world-tour/,2025-10-13,2026-01-09,2026-06-04,Kia Center,"Orlando, FL",Arena,FALSE,,,TRUE
Twice,Twice Expands ‘<This Is For> World Tour’,https://news.pollstar.com/2025/10/13/twice-expands-this-is-for-world-tour/,2025-10-13,2026-01-09,2026-06-04,Spectrum Center,"Charlotte, NC",Arena,FALSE,,,TRUE
Twice,Twice Expands ‘<This Is For> World Tour’,https://news.pollstar.com/2025/10/13/twice-expands-this-is-for-world-tour/,2025-10-13,2026-01-09,2026-06-04,TD Garden,"Boston, MA",Arena,FALSE,,,TRUE
Twice,Twice Expands ‘<This Is For> World Tour’,https://news.pollstar.com/2025/10/13/twice-expands-this-is-for-world-tour/,2025-10-13,2026-01-09,2026-06-04,TD Garden,"Boston, MA",Arena,FALSE,,,TRUE
Twice,Twice Expands ‘<This Is For> World Tour’,https://news.pollstar.com/2025/10/13/twice-expands-this-is-for-world-tour/,2025-10-13,2026-01-09,2026-06-04,United Center,"Chicago, IL",Arena,FALSE,,,TRUE
Twice,Twice Expands ‘<This Is For> World Tour’,https://news.pollstar.com/2025/10/13/twice-expands-this-is-for-world-tour/,2025-10-13,2026-01-09,2026-06-04,United Center,"Chicago, IL",Arena,FALSE,,,TRUE
Twice,Twice Expands ‘<This Is For> World Tour’,https://news.pollstar.com/2025/10/13/twice-expands-this-is-for-world-tour/,2025-10-13,2026-01-09,2026-06-04,Little Caesars Arena,"Detroit, MI",Theater,FALSE,,,TRUE
Twice,Twice Expands ‘<This Is For> World Tour’,https://news.pollstar.com/2025/10/13/twice-expands-this-is-for-world-tour/,2025-10-13,2026-01-09,2026-06-04,Grand Casino Arena,"Saint Paul, MN",Theater,FALSE,,,TRUE
Twice,Twice Expands ‘<This Is For> World Tour’,https://news.pollstar.com/2025/10/13/twice-expands-this-is-for-world-tour/,2025-10-13,2026-01-09,2026-06-04,Ball Arena,"Denver, CO",Arena,FALSE,,,TRUE
Twice,Twice Expands ‘<This Is For> World Tour’,https://news.pollstar.com/2025/10/13/twice-expands-this-is-for-world-tour/,2025-10-13,2026-01-09,2026-06-04,Moody Center,"Austin, TX",Arena,FALSE,,,TRUE
Twice,Twice Expands ‘<This Is For> World Tour’,https://news.pollstar.com/2025/10/13/twice-expands-this-is-for-world-tour/,2025-10-13,2026-01-09,2026-06-04,Moody Center,"Austin, TX",Arena,FALSE,,,TRUE
Twice,Twice Expands ‘<This Is For> World Tour’,https://news.pollstar.com/2025/10/13/twice-expands-this-is-for-world-tour/,2025-10-13,2026-01-09,2026-06-04,MEO Arena,"Lisbon, PT",Arena,LYV,,,TRUE
Twice,Twice Expands ‘<This Is For> World Tour’,https://news.pollstar.com/2025/10/13/twice-expands-this-is-for-world-tour/,2025-10-13,2026-01-09,2026-06-04,Palau Sant Jordi,"Barcelona, ES",Arena,FALSE,,,TRUE
Twice,Twice Expands ‘<This Is For> World Tour’,https://news.pollstar.com/2025/10/13/twice-expands-this-is-for-world-tour/,2025-10-13,2026-01-09,2026-06-04,Accor Arena,"Paris, FR",Arena,FALSE,,,TRUE
Twice,Twice Expands ‘<This Is For> World Tour’,https://news.pollstar.com/2025/10/13/twice-expands-this-is-for-world-tour/,2025-10-13,2026-01-09,2026-06-04,Accor Arena,"Paris, FR",Arena,FALSE,,,TRUE
Twice,Twice Expands ‘<This Is For> World Tour’,https://news.pollstar.com/2025/10/13/twice-expands-this-is-for-world-tour/,2025-10-13,2026-01-09,2026-06-04,Inalpi Arena,"Turin, IT",Arena,FALSE,,,TRUE
Twice,Twice Expands ‘<This Is For> World Tour’,https://news.pollstar.com/2025/10/13/twice-expands-this-is-for-world-tour/,2025-10-13,2026-01-09,2026-06-04,Uber Arena,"Berlin, DE",Arena,FALSE,,,TRUE
Twice,Twice Expands ‘<This Is For> World Tour’,https://news.pollstar.com/2025/10/13/twice-expands-this-is-for-world-tour/,2025-10-13,2026-01-09,2026-06-04,LANXESS Arena,"Cologne, DE",Arena,FALSE,,,TRUE
Twice,Twice Expands ‘<This Is For> World Tour’,https://news.pollstar.com/2025/10/13/twice-expands-this-is-for-world-tour/,2025-10-13,2026-01-09,2026-06-04,Ziggo Dome,"Amsterdam, NL",Arena,FALSE,,,TRUE
Twice,Twice Expands ‘<This Is For> World Tour’,https://news.pollstar.com/2025/10/13/twice-expands-this-is-for-world-tour/,2025-10-13,2026-01-09,2026-06-04,Ziggo Dome,"Amsterdam, NL",Arena,FALSE,,,TRUE
Twice,Twice Expands ‘<This Is For> World Tour’,https://news.pollstar.com/2025/10/13/twice-expands-this-is-for-world-tour/,2025-10-13,2026-01-09,2026-06-04,The O2,"London, UK",Arena,FALSE,,,TRUE
Twice,Twice Expands ‘<This Is For> World Tour’,https://news.pollstar.com/2025/10/13/twice-expands-this-is-for-world-tour/,2025-10-13,2026-01-09,2026-06-04,The O2,"London, UK",Arena,FALSE,,,TRUE
The Weeknd,The Weeknd Adds UK/Euro Dates To ‘After Hours Til Dawn Stadium Tour’,https://news.pollstar.com/2025/10/09/the-weeknd-adds-uk-euro-dates-to-after-hours-til-dawn-stadium-tour/,2025-10-09,2026-04-20,2026-09-05,Estadio GNP Seguros,"Mexico City, MX",Stadium,LYV,,,TRUE
The Weeknd,The Weeknd Adds UK/Euro Dates To ‘After Hours Til Dawn Stadium Tour’,https://news.pollstar.com/2025/10/09/the-weeknd-adds-uk-euro-dates-to-after-hours-til-dawn-stadium-tour/,2025-10-09,2026-04-20,2026-09-05,Estadio GNP Seguros,"Mexico City, MX",Stadium,LYV,,,TRUE
The Weeknd,The Weeknd Adds UK/Euro Dates To ‘After Hours Til Dawn Stadium Tour’,https://news.pollstar.com/2025/10/09/the-weeknd-adds-uk-euro-dates-to-after-hours-til-dawn-stadium-tour/,2025-10-09,2026-04-20,2026-09-05,Estadio GNP Seguros,"Mexico City, MX",Stadium,LYV,,,TRUE
The Weeknd,The Weeknd Adds UK/Euro Dates To ‘After Hours Til Dawn Stadium Tour’,https://news.pollstar.com/2025/10/09/the-weeknd-adds-uk-euro-dates-to-after-hours-til-dawn-stadium-tour/,2025-10-09,2026-04-20,2026-09-05,Estádio Nilton Santos,"Rio de Janeiro, Brazil",Stadium,FALSE,,,TRUE
The Weeknd,The Weeknd Adds UK/Euro Dates To ‘After Hours Til Dawn Stadium Tour’,https://news.pollstar.com/2025/10/09/the-weeknd-adds-uk-euro-dates-to-after-hours-til-dawn-stadium-tour/,2025-10-09,2026-04-20,2026-09-05,Estádio MorumBIS,"São Paulo, Brazil",Stadium,FALSE,,,TRUE
The Weeknd,The Weeknd Adds UK/Euro Dates To ‘After Hours Til Dawn Stadium Tour’,https://news.pollstar.com/2025/10/09/the-weeknd-adds-uk-euro-dates-to-after-hours-til-dawn-stadium-tour/,2025-10-09,2026-04-20,2026-09-05,Estádio MorumBIS,"São Paulo, Brazil",Stadium,FALSE,,,TRUE
The Weeknd,The Weeknd Adds UK/Euro Dates To ‘After Hours Til Dawn Stadium Tour’,https://news.pollstar.com/2025/10/09/the-weeknd-adds-uk-euro-dates-to-after-hours-til-dawn-stadium-tour/,2025-10-09,2026-04-20,2026-09-05,Etihad Stadium - NEW DATE,"Manchester, UK",Stadium,FALSE,,,TRUE
The Weeknd,The Weeknd Adds UK/Euro Dates To ‘After Hours Til Dawn Stadium Tour’,https://news.pollstar.com/2025/10/09/the-weeknd-adds-uk-euro-dates-to-after-hours-til-dawn-stadium-tour/,2025-10-09,2026-04-20,2026-09-05,Parken - NEW DATE,"Copenhagen, Denmark",Other,FALSE,,,TRUE
The Weeknd,The Weeknd Adds UK/Euro Dates To ‘After Hours Til Dawn Stadium Tour’,https://news.pollstar.com/2025/10/09/the-weeknd-adds-uk-euro-dates-to-after-hours-til-dawn-stadium-tour/,2025-10-09,2026-04-20,2026-09-05,Allianz Arena - NEW DATE,"Munich, Germany",Arena,FALSE,,,TRUE
The Weeknd,The Weeknd Adds UK/Euro Dates To ‘After Hours Til Dawn Stadium Tour’,https://news.pollstar.com/2025/10/09/the-weeknd-adds-uk-euro-dates-to-after-hours-til-dawn-stadium-tour/,2025-10-09,2026-04-20,2026-09-05,Stade Pierre Mauroy - NEW DATE,"Lille, France",Stadium,FALSE,,,TRUE
The Weeknd,The Weeknd Adds UK/Euro Dates To ‘After Hours Til Dawn Stadium Tour’,https://news.pollstar.com/2025/10/09/the-weeknd-adds-uk-euro-dates-to-after-hours-til-dawn-stadium-tour/,2025-10-09,2026-04-20,2026-09-05,Stade De France - NEW DATE,"Paris, France",Stadium,FALSE,,,TRUE
The Weeknd,The Weeknd Adds UK/Euro Dates To ‘After Hours Til Dawn Stadium Tour’,https://news.pollstar.com/2025/10/09/the-weeknd-adds-uk-euro-dates-to-after-hours-til-dawn-stadium-tour/,2025-10-09,2026-04-20,2026-09-05,Stade de France,"Paris, France",Stadium,FALSE,,,TRUE
The Weeknd,The Weeknd Adds UK/Euro Dates To ‘After Hours Til Dawn Stadium Tour’,https://news.pollstar.com/2025/10/09/the-weeknd-adds-uk-euro-dates-to-after-hours-til-dawn-stadium-tour/,2025-10-09,2026-04-20,2026-09-05,Stade de France,"Paris, France",Stadium,FALSE,,,TRUE
The Weeknd,The Weeknd Adds UK/Euro Dates To ‘After Hours Til Dawn Stadium Tour’,https://news.pollstar.com/2025/10/09/the-weeknd-adds-uk-euro-dates-to-after-hours-til-dawn-stadium-tour/,2025-10-09,2026-04-20,2026-09-05,Stade de France,"Paris, France",Stadium,FALSE,,,TRUE
The Weeknd,The Weeknd Adds UK/Euro Dates To ‘After Hours Til Dawn Stadium Tour’,https://news.pollstar.com/2025/10/09/the-weeknd-adds-uk-euro-dates-to-after-hours-til-dawn-stadium-tour/,2025-10-09,2026-04-20,2026-09-05,Johan Cruijff ArenA,"Amsterdam, Netherlands",Arena,FALSE,,,TRUE
The Weeknd,The Weeknd Adds UK/Euro Dates To ‘After Hours Til Dawn Stadium Tour’,https://news.pollstar.com/2025/10/09/the-weeknd-adds-uk-euro-dates-to-after-hours-til-dawn-stadium-tour/,2025-10-09,2026-04-20,2026-09-05,Johan Cruijff ArenA,"Amsterdam, Netherlands",Arena,FALSE,,,TRUE
The Weeknd,The Weeknd Adds UK/Euro Dates To ‘After Hours Til Dawn Stadium Tour’,https://news.pollstar.com/2025/10/09/the-weeknd-adds-uk-euro-dates-to-after-hours-til-dawn-stadium-tour/,2025-10-09,2026-04-20,2026-09-05,Johan Cruijff ArenA,"Amsterdam, Netherlands",Arena,FALSE,,,TRUE
The Weeknd,The Weeknd Adds UK/Euro Dates To ‘After Hours Til Dawn Stadium Tour’,https://news.pollstar.com/2025/10/09/the-weeknd-adds-uk-euro-dates-to-after-hours-til-dawn-stadium-tour/,2025-10-09,2026-04-20,2026-09-05,Allianz Riviera,"Nice, France",Stadium,FALSE,,,TRUE
The Weeknd,The Weeknd Adds UK/Euro Dates To ‘After Hours Til Dawn Stadium Tour’,https://news.pollstar.com/2025/10/09/the-weeknd-adds-uk-euro-dates-to-after-hours-til-dawn-stadium-tour/,2025-10-09,2026-04-20,2026-09-05,Allianz Riviera,"Nice, France",Stadium,FALSE,,,TRUE
The Weeknd,The Weeknd Adds UK/Euro Dates To ‘After Hours Til Dawn Stadium Tour’,https://news.pollstar.com/2025/10/09/the-weeknd-adds-uk-euro-dates-to-after-hours-til-dawn-stadium-tour/,2025-10-09,2026-04-20,2026-09-05,San Siro Stadium,"Milan, Italy",Stadium,FALSE,,,TRUE
The Weeknd,The Weeknd Adds UK/Euro Dates To ‘After Hours Til Dawn Stadium Tour’,https://news.pollstar.com/2025/10/09/the-weeknd-adds-uk-euro-dates-to-after-hours-til-dawn-stadium-tour/,2025-10-09,2026-04-20,2026-09-05,San Siro Stadium,"Milan, Italy",Stadium,FALSE,,,TRUE
The Weeknd,The Weeknd Adds UK/Euro Dates To ‘After Hours Til Dawn Stadium Tour’,https://news.pollstar.com/2025/10/09/the-weeknd-adds-uk-euro-dates-to-after-hours-til-dawn-stadium-tour/,2025-10-09,2026-04-20,2026-09-05,San Siro Stadium,"Milan, Italy",Stadium,FALSE,,,TRUE
The Weeknd,The Weeknd Adds UK/Euro Dates To ‘After Hours Til Dawn Stadium Tour’,https://news.pollstar.com/2025/10/09/the-weeknd-adds-uk-euro-dates-to-after-hours-til-dawn-stadium-tour/,2025-10-09,2026-04-20,2026-09-05,Deutsche Bank Park,"Frankfurt, Germany",Other,FALSE,,,TRUE
The Weeknd,The Weeknd Adds UK/Euro Dates To ‘After Hours Til Dawn Stadium Tour’,https://news.pollstar.com/2025/10/09/the-weeknd-adds-uk-euro-dates-to-after-hours-til-dawn-stadium-tour/,2025-10-09,2026-04-20,2026-09-05,Deutsche Bank Park,"Frankfurt, Germany",Other,FALSE,,,TRUE
The Weeknd,The Weeknd Adds UK/Euro Dates To ‘After Hours Til Dawn Stadium Tour’,https://news.pollstar.com/2025/10/09/the-weeknd-adds-uk-euro-dates-to-after-hours-til-dawn-stadium-tour/,2025-10-09,2026-04-20,2026-09-05,Deutsche Bank Park,"Frankfurt, Germany",Other,FALSE,,,TRUE
The Weeknd,The Weeknd Adds UK/Euro Dates To ‘After Hours Til Dawn Stadium Tour’,https://news.pollstar.com/2025/10/09/the-weeknd-adds-uk-euro-dates-to-after-hours-til-dawn-stadium-tour/,2025-10-09,2026-04-20,2026-09-05,PGE Narodowy,"Warsaw, Poland",Stadium,FALSE,,,TRUE
The Weeknd,The Weeknd Adds UK/Euro Dates To ‘After Hours Til Dawn Stadium Tour’,https://news.pollstar.com/2025/10/09/the-weeknd-adds-uk-euro-dates-to-after-hours-til-dawn-stadium-tour/,2025-10-09,2026-04-20,2026-09-05,PGE Narodowy,"Warsaw, Poland",Stadium,FALSE,,,TRUE
The Weeknd,The Weeknd Adds UK/Euro Dates To ‘After Hours Til Dawn Stadium Tour’,https://news.pollstar.com/2025/10/09/the-weeknd-adds-uk-euro-dates-to-after-hours-til-dawn-stadium-tour/,2025-10-09,2026-04-20,2026-09-05,Strawberry Arena,"Stockholm, Sweden",Arena,FALSE,,,TRUE
The Weeknd,The Weeknd Adds UK/Euro Dates To ‘After Hours Til Dawn Stadium Tour’,https://news.pollstar.com/2025/10/09/the-weeknd-adds-uk-euro-dates-to-after-hours-til-dawn-stadium-tour/,2025-10-09,2026-04-20,2026-09-05,Strawberry Arena,"Stockholm, Sweden",Arena,FALSE,,,TRUE
The Weeknd,The Weeknd Adds UK/Euro Dates To ‘After Hours Til Dawn Stadium Tour’,https://news.pollstar.com/2025/10/09/the-weeknd-adds-uk-euro-dates-to-after-hours-til-dawn-stadium-tour/,2025-10-09,2026-04-20,2026-09-05,Strawberry Arena,"Stockholm, Sweden",Arena,FALSE,,,TRUE
The Weeknd,The Weeknd Adds UK/Euro Dates To ‘After Hours Til Dawn Stadium Tour’,https://news.pollstar.com/2025/10/09/the-weeknd-adds-uk-euro-dates-to-after-hours-til-dawn-stadium-tour/,2025-10-09,2026-04-20,2026-09-05,Wembley Stadium,"London, UK",Stadium,FALSE,,,TRUE
The Weeknd,The Weeknd Adds UK/Euro Dates To ‘After Hours Til Dawn Stadium Tour’,https://news.pollstar.com/2025/10/09/the-weeknd-adds-uk-euro-dates-to-after-hours-til-dawn-stadium-tour/,2025-10-09,2026-04-20,2026-09-05,Wembley Stadium,"London, UK",Stadium,FALSE,,,TRUE
The Weeknd,The Weeknd Adds UK/Euro Dates To ‘After Hours Til Dawn Stadium Tour’,https://news.pollstar.com/2025/10/09/the-weeknd-adds-uk-euro-dates-to-after-hours-til-dawn-stadium-tour/,2025-10-09,2026-04-20,2026-09-05,Wembley Stadium,"London, UK",Stadium,FALSE,,,TRUE
The Weeknd,The Weeknd Adds UK/Euro Dates To ‘After Hours Til Dawn Stadium Tour’,https://news.pollstar.com/2025/10/09/the-weeknd-adds-uk-euro-dates-to-after-hours-til-dawn-stadium-tour/,2025-10-09,2026-04-20,2026-09-05,Wembley Stadium,"London, UK",Stadium,FALSE,,,TRUE
The Weeknd,The Weeknd Adds UK/Euro Dates To ‘After Hours Til Dawn Stadium Tour’,https://news.pollstar.com/2025/10/09/the-weeknd-adds-uk-euro-dates-to-after-hours-til-dawn-stadium-tour/,2025-10-09,2026-04-20,2026-09-05,Wembley Stadium,"London, UK",Stadium,FALSE,,,TRUE
The Weeknd,The Weeknd Adds UK/Euro Dates To ‘After Hours Til Dawn Stadium Tour’,https://news.pollstar.com/2025/10/09/the-weeknd-adds-uk-euro-dates-to-after-hours-til-dawn-stadium-tour/,2025-10-09,2026-04-20,2026-09-05,Croke Park,"Dublin, Ireland",Other,FALSE,,,TRUE
The Weeknd,The Weeknd Adds UK/Euro Dates To ‘After Hours Til Dawn Stadium Tour’,https://news.pollstar.com/2025/10/09/the-weeknd-adds-uk-euro-dates-to-after-hours-til-dawn-stadium-tour/,2025-10-09,2026-04-20,2026-09-05,Croke Park,"Dublin, Ireland",Other,FALSE,,,TRUE
The Weeknd,The Weeknd Adds UK/Euro Dates To ‘After Hours Til Dawn Stadium Tour’,https://news.pollstar.com/2025/10/09/the-weeknd-adds-uk-euro-dates-to-after-hours-til-dawn-stadium-tour/,2025-10-09,2026-04-20,2026-09-05,Riyadh Air Metropolitano,"Madrid, Spain",Stadium,FALSE,,,TRUE
The Weeknd,The Weeknd Adds UK/Euro Dates To ‘After Hours Til Dawn Stadium Tour’,https://news.pollstar.com/2025/10/09/the-weeknd-adds-uk-euro-dates-to-after-hours-til-dawn-stadium-tour/,2025-10-09,2026-04-20,2026-09-05,Riyadh Air Metropolitano,"Madrid, Spain",Stadium,FALSE,,,TRUE
The Weeknd,The Weeknd Adds UK/Euro Dates To ‘After Hours Til Dawn Stadium Tour’,https://news.pollstar.com/2025/10/09/the-weeknd-adds-uk-euro-dates-to-after-hours-til-dawn-stadium-tour/,2025-10-09,2026-04-20,2026-09-05,Riyadh Air Metropolitano,"Madrid, Spain",Stadium,FALSE,,,TRUE
The Weeknd,The Weeknd Adds UK/Euro Dates To ‘After Hours Til Dawn Stadium Tour’,https://news.pollstar.com/2025/10/09/the-weeknd-adds-uk-euro-dates-to-after-hours-til-dawn-stadium-tour/,2025-10-09,2026-04-20,2026-09-05,Estadi Olímpic Lluís Companys - NEW DATE,"Barcelona, Spain",Stadium,FALSE,,,TRUE
The Weeknd,The Weeknd Adds UK/Euro Dates To ‘After Hours Til Dawn Stadium Tour’,https://news.pollstar.com/2025/10/09/the-weeknd-adds-uk-euro-dates-to-after-hours-til-dawn-stadium-tour/,2025-10-09,2026-04-20,2026-09-05,Estadio do Restelo - NEW DATE,"Lisbon, Portugal",Stadium,FALSE,,,TRUE
Rush,Rush Expand ‘Fifty Something Tour’ With 11 New Dates,https://news.pollstar.com/2025/10/08/rush-expand-fifty-something-tour-with-11-new-dates/,2025-10-08,2026-06-07,2026-09-19,Kia Forum,"Los Angeles, CA",Arena,FALSE,,,TRUE
Rush,Rush Expand ‘Fifty Something Tour’ With 11 New Dates,https://news.pollstar.com/2025/10/08/rush-expand-fifty-something-tour-with-11-new-dates/,2025-10-08,2026-06-07,2026-09-19,Kia Forum,"Los Angeles, CA",Arena,FALSE,,,TRUE
Rush,Rush Expand ‘Fifty Something Tour’ With 11 New Dates,https://news.pollstar.com/2025/10/08/rush-expand-fifty-something-tour-with-11-new-dates/,2025-10-08,2026-06-07,2026-09-19,Kia Forum,"Los Angeles, CA",Arena,FALSE,,,TRUE
Rush,Rush Expand ‘Fifty Something Tour’ With 11 New Dates,https://news.pollstar.com/2025/10/08/rush-expand-fifty-something-tour-with-11-new-dates/,2025-10-08,2026-06-07,2026-09-19,Kia Forum,"Los Angeles, CA",Arena,FALSE,,,TRUE
Rush,Rush Expand ‘Fifty Something Tour’ With 11 New Dates,https://news.pollstar.com/2025/10/08/rush-expand-fifty-something-tour-with-11-new-dates/,2025-10-08,2026-06-07,2026-09-19,Palacio de los Deportes,"Mexico City, MX",Arena,LYV,,,TRUE
Rush,Rush Expand ‘Fifty Something Tour’ With 11 New Dates,https://news.pollstar.com/2025/10/08/rush-expand-fifty-something-tour-with-11-new-dates/,2025-10-08,2026-06-07,2026-09-19,Dickies Arena,"Fort Worth, TX",Arena,FALSE,,,TRUE
Rush,Rush Expand ‘Fifty Something Tour’ With 11 New Dates,https://news.pollstar.com/2025/10/08/rush-expand-fifty-something-tour-with-11-new-dates/,2025-10-08,2026-06-07,2026-09-19,Dickies Arena,"Fort Worth, TX",Arena,FALSE,,,TRUE
Rush,Rush Expand ‘Fifty Something Tour’ With 11 New Dates,https://news.pollstar.com/2025/10/08/rush-expand-fifty-something-tour-with-11-new-dates/,2025-10-08,2026-06-07,2026-09-19,Dickies Arena,"Fort Worth, TX",Arena,FALSE,,,TRUE
Rush,Rush Expand ‘Fifty Something Tour’ With 11 New Dates,https://news.pollstar.com/2025/10/08/rush-expand-fifty-something-tour-with-11-new-dates/,2025-10-08,2026-06-07,2026-09-19,Dickies Arena,"Fort Worth, TX",Arena,FALSE,,,TRUE
Rush,Rush Expand ‘Fifty Something Tour’ With 11 New Dates,https://news.pollstar.com/2025/10/08/rush-expand-fifty-something-tour-with-11-new-dates/,2025-10-08,2026-06-07,2026-09-19,United Center,"Chicago, IL",Arena,FALSE,,,TRUE
Rush,Rush Expand ‘Fifty Something Tour’ With 11 New Dates,https://news.pollstar.com/2025/10/08/rush-expand-fifty-something-tour-with-11-new-dates/,2025-10-08,2026-06-07,2026-09-19,United Center,"Chicago, IL",Arena,FALSE,,,TRUE
Rush,Rush Expand ‘Fifty Something Tour’ With 11 New Dates,https://news.pollstar.com/2025/10/08/rush-expand-fifty-something-tour-with-11-new-dates/,2025-10-08,2026-06-07,2026-09-19,United Center,"Chicago, IL",Arena,FALSE,,,TRUE
Rush,Rush Expand ‘Fifty Something Tour’ With 11 New Dates,https://news.pollstar.com/2025/10/08/rush-expand-fifty-something-tour-with-11-new-dates/,2025-10-08,2026-06-07,2026-09-19,United Center,"Chicago, IL",Arena,FALSE,,,TRUE
Rush,Rush Expand ‘Fifty Something Tour’ With 11 New Dates,https://news.pollstar.com/2025/10/08/rush-expand-fifty-something-tour-with-11-new-dates/,2025-10-08,2026-06-07,2026-09-19,Madison Square Garden,"New York, NY",Arena,FALSE,,,TRUE
Rush,Rush Expand ‘Fifty Something Tour’ With 11 New Dates,https://news.pollstar.com/2025/10/08/rush-expand-fifty-something-tour-with-11-new-dates/,2025-10-08,2026-06-07,2026-09-19,Madison Square Garden,"New York, NY",Arena,FALSE,,,TRUE
Rush,Rush Expand ‘Fifty Something Tour’ With 11 New Dates,https://news.pollstar.com/2025/10/08/rush-expand-fifty-something-tour-with-11-new-dates/,2025-10-08,2026-06-07,2026-09-19,Madison Square Garden,"New York, NY",Arena,FALSE,,,TRUE
Rush,Rush Expand ‘Fifty Something Tour’ With 11 New Dates,https://news.pollstar.com/2025/10/08/rush-expand-fifty-something-tour-with-11-new-dates/,2025-10-08,2026-06-07,2026-09-19,Madison Square Garden,"New York, NY",Arena,FALSE,,,TRUE
Rush,Rush Expand ‘Fifty Something Tour’ With 11 New Dates,https://news.pollstar.com/2025/10/08/rush-expand-fifty-something-tour-with-11-new-dates/,2025-10-08,2026-06-07,2026-09-19,Scotiabank Arena,"Toronto, ON",Arena,FALSE,,,TRUE
Rush,Rush Expand ‘Fifty Something Tour’ With 11 New Dates,https://news.pollstar.com/2025/10/08/rush-expand-fifty-something-tour-with-11-new-dates/,2025-10-08,2026-06-07,2026-09-19,Scotiabank Arena,"Toronto, ON",Arena,FALSE,,,TRUE
Rush,Rush Expand ‘Fifty Something Tour’ With 11 New Dates,https://news.pollstar.com/2025/10/08/rush-expand-fifty-something-tour-with-11-new-dates/,2025-10-08,2026-06-07,2026-09-19,Scotiabank Arena,"Toronto, ON",Arena,FALSE,,,TRUE
Rush,Rush Expand ‘Fifty Something Tour’ With 11 New Dates,https://news.pollstar.com/2025/10/08/rush-expand-fifty-something-tour-with-11-new-dates/,2025-10-08,2026-06-07,2026-09-19,Scotiabank Arena,"Toronto, ON",Arena,FALSE,,,TRUE
Rush,Rush Expand ‘Fifty Something Tour’ With 11 New Dates,https://news.pollstar.com/2025/10/08/rush-expand-fifty-something-tour-with-11-new-dates/,2025-10-08,2026-06-07,2026-09-19,Rocket Arena,"Cleveland, OH",Arena,FALSE,,,TRUE
Rush,Rush Expand ‘Fifty Something Tour’ With 11 New Dates,https://news.pollstar.com/2025/10/08/rush-expand-fifty-something-tour-with-11-new-dates/,2025-10-08,2026-06-07,2026-09-19,Rocket Arena,"Cleveland, OH",Arena,FALSE,,,TRUE
Joyce Manor,Joyce Manor Announce 2026 Tour Dates & Upcoming Album,https://news.pollstar.com/2025/10/08/joyce-manor-announce-2026-tour-dates-upcoming-album/,2025-10-08,2026-03-09,2026-05-15,The Van Buren,"Phoenix, AZ",Theater,LYV,,,TRUE
Joyce Manor,Joyce Manor Announce 2026 Tour Dates & Upcoming Album,https://news.pollstar.com/2025/10/08/joyce-manor-announce-2026-tour-dates-upcoming-album/,2025-10-08,2026-03-09,2026-05-15,Stubb’s Waller Creek Amphitheater,"Austin, TX",Amphitheater,LYV,,,TRUE
Joyce Manor,Joyce Manor Announce 2026 Tour Dates & Upcoming Album,https://news.pollstar.com/2025/10/08/joyce-manor-announce-2026-tour-dates-upcoming-album/,2025-10-08,2026-03-09,2026-05-15,House of Blues Houston,"Houston, TX",Club,LYV,,,TRUE
Joyce Manor,Joyce Manor Announce 2026 Tour Dates & Upcoming Album,https://news.pollstar.com/2025/10/08/joyce-manor-announce-2026-tour-dates-upcoming-album/,2025-10-08,2026-03-09,2026-05-15,House of Blues Dallas,"Dallas, TX",Club,LYV,,,TRUE
Joyce Manor,Joyce Manor Announce 2026 Tour Dates & Upcoming Album,https://news.pollstar.com/2025/10/08/joyce-manor-announce-2026-tour-dates-upcoming-album/,2025-10-08,2026-03-09,2026-05-15,House of Blues New Orleans,"New Orleans, LA",Club,LYV,,,TRUE
Joyce Manor,Joyce Manor Announce 2026 Tour Dates & Upcoming Album,https://news.pollstar.com/2025/10/08/joyce-manor-announce-2026-tour-dates-upcoming-album/,2025-10-08,2026-03-09,2026-05-15,House of Blues Orlando,"Orlando, FL",Club,LYV,,,TRUE
Joyce Manor,Joyce Manor Announce 2026 Tour Dates & Upcoming Album,https://news.pollstar.com/2025/10/08/joyce-manor-announce-2026-tour-dates-upcoming-album/,2025-10-08,2026-03-09,2026-05-15,Buckhead Theatre,"Atlanta, GA",Theater,FALSE,,,TRUE
Joyce Manor,Joyce Manor Announce 2026 Tour Dates & Upcoming Album,https://news.pollstar.com/2025/10/08/joyce-manor-announce-2026-tour-dates-upcoming-album/,2025-10-08,2026-03-09,2026-05-15,House of Blues Myrtle Beach,"N. Myrtle Beach, SC",Club,LYV,,,TRUE
Joyce Manor,Joyce Manor Announce 2026 Tour Dates & Upcoming Album,https://news.pollstar.com/2025/10/08/joyce-manor-announce-2026-tour-dates-upcoming-album/,2025-10-08,2026-03-09,2026-05-15,Nevermore Hall,"Baltimore, MD",Theater,FALSE,,,TRUE
Joyce Manor,Joyce Manor Announce 2026 Tour Dates & Upcoming Album,https://news.pollstar.com/2025/10/08/joyce-manor-announce-2026-tour-dates-upcoming-album/,2025-10-08,2026-03-09,2026-05-15,Citizens House of Blues Boston,"Boston, MA",Club,LYV,,,TRUE
Joyce Manor,Joyce Manor Announce 2026 Tour Dates & Upcoming Album,https://news.pollstar.com/2025/10/08/joyce-manor-announce-2026-tour-dates-upcoming-album/,2025-10-08,2026-03-09,2026-05-15,The Fillmore Philadelphia,"Philadelphia, PA",Club,LYV,,,TRUE
Joyce Manor,Joyce Manor Announce 2026 Tour Dates & Upcoming Album,https://news.pollstar.com/2025/10/08/joyce-manor-announce-2026-tour-dates-upcoming-album/,2025-10-08,2026-03-09,2026-05-15,Brooklyn Paramount,"Brooklyn, NY",Theater,LYV,,,TRUE
Joyce Manor,Joyce Manor Announce 2026 Tour Dates & Upcoming Album,https://news.pollstar.com/2025/10/08/joyce-manor-announce-2026-tour-dates-upcoming-album/,2025-10-08,2026-03-09,2026-05-15,Asbury Hall,"Buffalo, NY",Other,FALSE,,,TRUE
Joyce Manor,Joyce Manor Announce 2026 Tour Dates & Upcoming Album,https://news.pollstar.com/2025/10/08/joyce-manor-announce-2026-tour-dates-upcoming-album/,2025-10-08,2026-03-09,2026-05-15,The Danforth Music Hall,"Toronto, ON",Theater,FALSE,,,TRUE
Joyce Manor,Joyce Manor Announce 2026 Tour Dates & Upcoming Album,https://news.pollstar.com/2025/10/08/joyce-manor-announce-2026-tour-dates-upcoming-album/,2025-10-08,2026-03-09,2026-05-15,Majestic Theatre,"Detroit, MI",Theater,FALSE,,,TRUE
Joyce Manor,Joyce Manor Announce 2026 Tour Dates & Upcoming Album,https://news.pollstar.com/2025/10/08/joyce-manor-announce-2026-tour-dates-upcoming-album/,2025-10-08,2026-03-09,2026-05-15,The Salt Shed,"Chicago, IL",Amphitheater,LYV,,,TRUE
Joyce Manor,Joyce Manor Announce 2026 Tour Dates & Upcoming Album,https://news.pollstar.com/2025/10/08/joyce-manor-announce-2026-tour-dates-upcoming-album/,2025-10-08,2026-03-09,2026-05-15,Coachella Valley Music & Arts Festival,"Indio, CA",Amphitheater,LYV,,,TRUE
Joyce Manor,Joyce Manor Announce 2026 Tour Dates & Upcoming Album,https://news.pollstar.com/2025/10/08/joyce-manor-announce-2026-tour-dates-upcoming-album/,2025-10-08,2026-03-09,2026-05-15,Coachella Valley Music & Arts Festival,"Indio, CA",Amphitheater,LYV,,,TRUE
Joyce Manor,Joyce Manor Announce 2026 Tour Dates & Upcoming Album,https://news.pollstar.com/2025/10/08/joyce-manor-announce-2026-tour-dates-upcoming-album/,2025-10-08,2026-03-09,2026-05-15,The Sylvee,"Madison, WI",Club,LYV,,,TRUE
Joyce Manor,Joyce Manor Announce 2026 Tour Dates & Upcoming Album,https://news.pollstar.com/2025/10/08/joyce-manor-announce-2026-tour-dates-upcoming-album/,2025-10-08,2026-03-09,2026-05-15,Varsity Theater,"Minneapolis, MN",Theater,FALSE,,,TRUE
Joyce Manor,Joyce Manor Announce 2026 Tour Dates & Upcoming Album,https://news.pollstar.com/2025/10/08/joyce-manor-announce-2026-tour-dates-upcoming-album/,2025-10-08,2026-03-09,2026-05-15,Wooly’s,"Des Moines, IA",Club,FALSE,,,TRUE
Joyce Manor,Joyce Manor Announce 2026 Tour Dates & Upcoming Album,https://news.pollstar.com/2025/10/08/joyce-manor-announce-2026-tour-dates-upcoming-album/,2025-10-08,2026-03-09,2026-05-15,Delmar Hall,"St. Louis, MO",Theater,FALSE,,,TRUE
Joyce Manor,Joyce Manor Announce 2026 Tour Dates & Upcoming Album,https://news.pollstar.com/2025/10/08/joyce-manor-announce-2026-tour-dates-upcoming-album/,2025-10-08,2026-03-09,2026-05-15,Liberty Hall,"Lawrence, KS",Other,FALSE,,,TRUE
Joyce Manor,Joyce Manor Announce 2026 Tour Dates & Upcoming Album,https://news.pollstar.com/2025/10/08/joyce-manor-announce-2026-tour-dates-upcoming-album/,2025-10-08,2026-03-09,2026-05-15,Fillmore Auditorium,"Denver, CO",Theater,LYV,,,TRUE
Joyce Manor,Joyce Manor Announce 2026 Tour Dates & Upcoming Album,https://news.pollstar.com/2025/10/08/joyce-manor-announce-2026-tour-dates-upcoming-album/,2025-10-08,2026-03-09,2026-05-15,The Depot,"Salt Lake City, UT",Club,FALSE,,,TRUE
Joyce Manor,Joyce Manor Announce 2026 Tour Dates & Upcoming Album,https://news.pollstar.com/2025/10/08/joyce-manor-announce-2026-tour-dates-upcoming-album/,2025-10-08,2026-03-09,2026-05-15,The Newberry,"Great Falls, MT",Auditorium,FALSE,,,TRUE
Joyce Manor,Joyce Manor Announce 2026 Tour Dates & Upcoming Album,https://news.pollstar.com/2025/10/08/joyce-manor-announce-2026-tour-dates-upcoming-album/,2025-10-08,2026-03-09,2026-05-15,The Palace Theatre,"Calgary, AB",Theater,FALSE,,,TRUE
Joyce Manor,Joyce Manor Announce 2026 Tour Dates & Upcoming Album,https://news.pollstar.com/2025/10/08/joyce-manor-announce-2026-tour-dates-upcoming-album/,2025-10-08,2026-03-09,2026-05-15,Midway Music Hall,"Edmonton, AB",Theater,FALSE,,,TRUE
Joyce Manor,Joyce Manor Announce 2026 Tour Dates & Upcoming Album,https://news.pollstar.com/2025/10/08/joyce-manor-announce-2026-tour-dates-upcoming-album/,2025-10-08,2026-03-09,2026-05-15,Commodore Ballroom,"Vancouver, BC",Club,FALSE,,,TRUE
Joyce Manor,Joyce Manor Announce 2026 Tour Dates & Upcoming Album,https://news.pollstar.com/2025/10/08/joyce-manor-announce-2026-tour-dates-upcoming-album/,2025-10-08,2026-03-09,2026-05-15,The Showbox,"Seattle, WA",Club,FALSE,,,TRUE
Joyce Manor,Joyce Manor Announce 2026 Tour Dates & Upcoming Album,https://news.pollstar.com/2025/10/08/joyce-manor-announce-2026-tour-dates-upcoming-album/,2025-10-08,2026-03-09,2026-05-15,Roseland Theater,"Portland, OR",Theater,FALSE,,,TRUE
Joyce Manor,Joyce Manor Announce 2026 Tour Dates & Upcoming Album,https://news.pollstar.com/2025/10/08/joyce-manor-announce-2026-tour-dates-upcoming-album/,2025-10-08,2026-03-09,2026-05-15,The Fillmore,"San Francisco, CA",Club,LYV,,,TRUE
The Offspring Returns To North America For A ‘Supercharged’ 2026,The Offspring Returns To North America For A ‘Supercharged’ 2026,https://news.pollstar.com/2025/10/06/the-offspring-returns-to-north-america-for-a-supercharged-2026/,2025-10-06,2025-01-16,2025-02-24,Dignity Health Arena,"Bakersfield, CA",Arena,FALSE,,,TRUE
The Offspring Returns To North America For A ‘Supercharged’ 2026,The Offspring Returns To North America For A ‘Supercharged’ 2026,https://news.pollstar.com/2025/10/06/the-offspring-returns-to-north-america-for-a-supercharged-2026/,2025-10-06,2025-01-16,2025-02-24,Grand Sierra Resort and Casino,"Reno, NV",Theater,FALSE,,,TRUE
The Offspring Returns To North America For A ‘Supercharged’ 2026,The Offspring Returns To North America For A ‘Supercharged’ 2026,https://news.pollstar.com/2025/10/06/the-offspring-returns-to-north-america-for-a-supercharged-2026/,2025-10-06,2025-01-16,2025-02-24,Ford Idaho Center Arena,"Nampa, ID",Arena,FALSE,,,TRUE
The Offspring Returns To North America For A ‘Supercharged’ 2026,The Offspring Returns To North America For A ‘Supercharged’ 2026,https://news.pollstar.com/2025/10/06/the-offspring-returns-to-north-america-for-a-supercharged-2026/,2025-10-06,2025-01-16,2025-02-24,Spokane Arena,"Spokane, WA",Arena,FALSE,,,TRUE
The Offspring Returns To North America For A ‘Supercharged’ 2026,The Offspring Returns To North America For A ‘Supercharged’ 2026,https://news.pollstar.com/2025/10/06/the-offspring-returns-to-north-america-for-a-supercharged-2026/,2025-10-06,2025-01-16,2025-02-24,Save-On-Foods Memorial Centre,"Victoria, BC",Arena,FALSE,,,TRUE
The Offspring Returns To North America For A ‘Supercharged’ 2026,The Offspring Returns To North America For A ‘Supercharged’ 2026,https://news.pollstar.com/2025/10/06/the-offspring-returns-to-north-america-for-a-supercharged-2026/,2025-10-06,2025-01-16,2025-02-24,Rogers Arena,"Vancouver, BC",Arena,FALSE,,,TRUE
The Offspring Returns To North America For A ‘Supercharged’ 2026,The Offspring Returns To North America For A ‘Supercharged’ 2026,https://news.pollstar.com/2025/10/06/the-offspring-returns-to-north-america-for-a-supercharged-2026/,2025-10-06,2025-01-16,2025-02-24,Prospera Place,"Kelowna, BC",Arena,FALSE,,,TRUE
The Offspring Returns To North America For A ‘Supercharged’ 2026,The Offspring Returns To North America For A ‘Supercharged’ 2026,https://news.pollstar.com/2025/10/06/the-offspring-returns-to-north-america-for-a-supercharged-2026/,2025-10-06,2025-01-16,2025-02-24,CN Centre,"Prince George, BC",Arena,FALSE,,,TRUE
The Offspring Returns To North America For A ‘Supercharged’ 2026,The Offspring Returns To North America For A ‘Supercharged’ 2026,https://news.pollstar.com/2025/10/06/the-offspring-returns-to-north-america-for-a-supercharged-2026/,2025-10-06,2025-01-16,2025-02-24,Bonnetts Energy Centre,"Grande Prairie, AB",Arena,FALSE,,,TRUE
The Offspring Returns To North America For A ‘Supercharged’ 2026,The Offspring Returns To North America For A ‘Supercharged’ 2026,https://news.pollstar.com/2025/10/06/the-offspring-returns-to-north-america-for-a-supercharged-2026/,2025-10-06,2025-01-16,2025-02-24,Rogers Place,"Edmonton, AB",Arena,FALSE,,,TRUE
The Offspring Returns To North America For A ‘Supercharged’ 2026,The Offspring Returns To North America For A ‘Supercharged’ 2026,https://news.pollstar.com/2025/10/06/the-offspring-returns-to-north-america-for-a-supercharged-2026/,2025-10-06,2025-01-16,2025-02-24,Scotiabank Saddledome,"Calgary, AB",Arena,FALSE,,,TRUE
The Offspring Returns To North America For A ‘Supercharged’ 2026,The Offspring Returns To North America For A ‘Supercharged’ 2026,https://news.pollstar.com/2025/10/06/the-offspring-returns-to-north-america-for-a-supercharged-2026/,2025-10-06,2025-01-16,2025-02-24,Canada Life Centre,"Winnipeg, MB",Arena,FALSE,,,TRUE
The Offspring Returns To North America For A ‘Supercharged’ 2026,The Offspring Returns To North America For A ‘Supercharged’ 2026,https://news.pollstar.com/2025/10/06/the-offspring-returns-to-north-america-for-a-supercharged-2026/,2025-10-06,2025-01-16,2025-02-24,FARGODOME,"Fargo, ND",Arena,FALSE,,,TRUE
The Offspring Returns To North America For A ‘Supercharged’ 2026,The Offspring Returns To North America For A ‘Supercharged’ 2026,https://news.pollstar.com/2025/10/06/the-offspring-returns-to-north-america-for-a-supercharged-2026/,2025-10-06,2025-01-16,2025-02-24,Tyson Events Center,"Sioux City, IA",Arena,FALSE,,,TRUE
The Offspring Returns To North America For A ‘Supercharged’ 2026,The Offspring Returns To North America For A ‘Supercharged’ 2026,https://news.pollstar.com/2025/10/06/the-offspring-returns-to-north-america-for-a-supercharged-2026/,2025-10-06,2025-01-16,2025-02-24,Ford Center,"Evansville, IN",Arena,FALSE,,,TRUE
The Offspring Returns To North America For A ‘Supercharged’ 2026,The Offspring Returns To North America For A ‘Supercharged’ 2026,https://news.pollstar.com/2025/10/06/the-offspring-returns-to-north-america-for-a-supercharged-2026/,2025-10-06,2025-01-16,2025-02-24,Van Andel Arena,"Grand Rapids, MI",Arena,FALSE,,,TRUE
The Offspring Returns To North America For A ‘Supercharged’ 2026,The Offspring Returns To North America For A ‘Supercharged’ 2026,https://news.pollstar.com/2025/10/06/the-offspring-returns-to-north-america-for-a-supercharged-2026/,2025-10-06,2025-01-16,2025-02-24,TD Coliseum,"Hamilton, ON",Arena,LYV,,,TRUE
The Offspring Returns To North America For A ‘Supercharged’ 2026,The Offspring Returns To North America For A ‘Supercharged’ 2026,https://news.pollstar.com/2025/10/06/the-offspring-returns-to-north-america-for-a-supercharged-2026/,2025-10-06,2025-01-16,2025-02-24,Canada Life Place,"London, ON",Arena,FALSE,,,TRUE
The Offspring Returns To North America For A ‘Supercharged’ 2026,The Offspring Returns To North America For A ‘Supercharged’ 2026,https://news.pollstar.com/2025/10/06/the-offspring-returns-to-north-america-for-a-supercharged-2026/,2025-10-06,2025-01-16,2025-02-24,Peterborough Memorial Centre,"Peterborough, ON",Arena,FALSE,,,TRUE
The Offspring Returns To North America For A ‘Supercharged’ 2026,The Offspring Returns To North America For A ‘Supercharged’ 2026,https://news.pollstar.com/2025/10/06/the-offspring-returns-to-north-america-for-a-supercharged-2026/,2025-10-06,2025-01-16,2025-02-24,Canadian Tire Centre,"Ottawa, ON",Arena,FALSE,,,TRUE
The Offspring Returns To North America For A ‘Supercharged’ 2026,The Offspring Returns To North America For A ‘Supercharged’ 2026,https://news.pollstar.com/2025/10/06/the-offspring-returns-to-north-america-for-a-supercharged-2026/,2025-10-06,2025-01-16,2025-02-24,Bell Centre,"Montreal, QC",Arena,FALSE,,,TRUE
The Offspring Returns To North America For A ‘Supercharged’ 2026,The Offspring Returns To North America For A ‘Supercharged’ 2026,https://news.pollstar.com/2025/10/06/the-offspring-returns-to-north-america-for-a-supercharged-2026/,2025-10-06,2025-01-16,2025-02-24,Avenir Centre,"Moncton, NB",Arena,FALSE,,,TRUE
The Offspring Returns To North America For A ‘Supercharged’ 2026,The Offspring Returns To North America For A ‘Supercharged’ 2026,https://news.pollstar.com/2025/10/06/the-offspring-returns-to-north-america-for-a-supercharged-2026/,2025-10-06,2025-01-16,2025-02-24,Scotiabank Centre,"Halifax, NS",Arena,FALSE,,,TRUE
Pentatonix,Pentatonix Announce Spring 2026 UK/Euro Dates,https://news.pollstar.com/2025/10/06/pentatonix-announce-spring-2026-uk-euro-dates/,2025-10-06,2025-04-07,2025-12-22,Maverik Center,"West Valley City, UT",Arena,FALSE,,,TRUE
Pentatonix,Pentatonix Announce Spring 2026 UK/Euro Dates,https://news.pollstar.com/2025/10/06/pentatonix-announce-spring-2026-uk-euro-dates/,2025-10-06,2025-04-07,2025-12-22,Ball Arena,"Denver, CO",Arena,FALSE,,,TRUE
Pentatonix,Pentatonix Announce Spring 2026 UK/Euro Dates,https://news.pollstar.com/2025/10/06/pentatonix-announce-spring-2026-uk-euro-dates/,2025-10-06,2025-04-07,2025-12-22,First Interstate Arena,"Billings, MT",Arena,FALSE,,,TRUE
Pentatonix,Pentatonix Announce Spring 2026 UK/Euro Dates,https://news.pollstar.com/2025/10/06/pentatonix-announce-spring-2026-uk-euro-dates/,2025-10-06,2025-04-07,2025-12-22,The Monument,"Rapid City, SD",Other,FALSE,,,TRUE
Pentatonix,Pentatonix Announce Spring 2026 UK/Euro Dates,https://news.pollstar.com/2025/10/06/pentatonix-announce-spring-2026-uk-euro-dates/,2025-10-06,2025-04-07,2025-12-22,CHI Health Center Omaha,"Omaha, NE",Arena,FALSE,,,TRUE
Pentatonix,Pentatonix Announce Spring 2026 UK/Euro Dates,https://news.pollstar.com/2025/10/06/pentatonix-announce-spring-2026-uk-euro-dates/,2025-10-06,2025-04-07,2025-12-22,INTRUST Bank Arena,"Wichita, KS",Arena,FALSE,,,TRUE
Pentatonix,Pentatonix Announce Spring 2026 UK/Euro Dates,https://news.pollstar.com/2025/10/06/pentatonix-announce-spring-2026-uk-euro-dates/,2025-10-06,2025-04-07,2025-12-22,Vibrant Arena at the Mark,"Moline, IL",Arena,FALSE,,,TRUE
Pentatonix,Pentatonix Announce Spring 2026 UK/Euro Dates,https://news.pollstar.com/2025/10/06/pentatonix-announce-spring-2026-uk-euro-dates/,2025-10-06,2025-04-07,2025-12-22,Xcel Energy Center,"Saint Paul, MN",Arena,FALSE,,,TRUE
Pentatonix,Pentatonix Announce Spring 2026 UK/Euro Dates,https://news.pollstar.com/2025/10/06/pentatonix-announce-spring-2026-uk-euro-dates/,2025-10-06,2025-04-07,2025-12-22,T-Mobile Center,"Kansas City, MO",Arena,FALSE,,,TRUE
Pentatonix,Pentatonix Announce Spring 2026 UK/Euro Dates,https://news.pollstar.com/2025/10/06/pentatonix-announce-spring-2026-uk-euro-dates/,2025-10-06,2025-04-07,2025-12-22,Enterprise Center,"St. Louis, MO",Arena,FALSE,,,TRUE
Pentatonix,Pentatonix Announce Spring 2026 UK/Euro Dates,https://news.pollstar.com/2025/10/06/pentatonix-announce-spring-2026-uk-euro-dates/,2025-10-06,2025-04-07,2025-12-22,Heritage Bank Center,"Cincinnati, OH",Arena,FALSE,,,TRUE
Pentatonix,Pentatonix Announce Spring 2026 UK/Euro Dates,https://news.pollstar.com/2025/10/06/pentatonix-announce-spring-2026-uk-euro-dates/,2025-10-06,2025-04-07,2025-12-22,Nationwide Arena,"Columbus, OH",Arena,FALSE,,,TRUE
Pentatonix,Pentatonix Announce Spring 2026 UK/Euro Dates,https://news.pollstar.com/2025/10/06/pentatonix-announce-spring-2026-uk-euro-dates/,2025-10-06,2025-04-07,2025-12-22,Gainbridge Fieldhouse,"Indianapolis, IN",Arena,FALSE,,,TRUE
Pentatonix,Pentatonix Announce Spring 2026 UK/Euro Dates,https://news.pollstar.com/2025/10/06/pentatonix-announce-spring-2026-uk-euro-dates/,2025-10-06,2025-04-07,2025-12-22,Allstate Arena,"Rosemont, IL",Arena,FALSE,,,TRUE
Pentatonix,Pentatonix Announce Spring 2026 UK/Euro Dates,https://news.pollstar.com/2025/10/06/pentatonix-announce-spring-2026-uk-euro-dates/,2025-10-06,2025-04-07,2025-12-22,Little Caesars Arena,"Detroit, MI",Theater,FALSE,,,TRUE
Pentatonix,Pentatonix Announce Spring 2026 UK/Euro Dates,https://news.pollstar.com/2025/10/06/pentatonix-announce-spring-2026-uk-euro-dates/,2025-10-06,2025-04-07,2025-12-22,Blue Cross Arena,"Rochester, NY",Arena,FALSE,,,TRUE
Pentatonix,Pentatonix Announce Spring 2026 UK/Euro Dates,https://news.pollstar.com/2025/10/06/pentatonix-announce-spring-2026-uk-euro-dates/,2025-10-06,2025-04-07,2025-12-22,PeoplesBank Arena,"Hartford, CT",Arena,FALSE,,,TRUE
Pentatonix,Pentatonix Announce Spring 2026 UK/Euro Dates,https://news.pollstar.com/2025/10/06/pentatonix-announce-spring-2026-uk-euro-dates/,2025-10-06,2025-04-07,2025-12-22,UBS Arena,"Belmont Park, NY",Arena,FALSE,,,TRUE
Pentatonix,Pentatonix Announce Spring 2026 UK/Euro Dates,https://news.pollstar.com/2025/10/06/pentatonix-announce-spring-2026-uk-euro-dates/,2025-10-06,2025-04-07,2025-12-22,GIANT Center,"Hershey, PA",Arena,FALSE,,,TRUE
Pentatonix,Pentatonix Announce Spring 2026 UK/Euro Dates,https://news.pollstar.com/2025/10/06/pentatonix-announce-spring-2026-uk-euro-dates/,2025-10-06,2025-04-07,2025-12-22,Thompson-Boiling Arena at Food City Center,"Knoxville, TN",Arena,FALSE,,,TRUE
Pentatonix,Pentatonix Announce Spring 2026 UK/Euro Dates,https://news.pollstar.com/2025/10/06/pentatonix-announce-spring-2026-uk-euro-dates/,2025-10-06,2025-04-07,2025-12-22,Amerant Bank Arena,"Sunrise, FL",Arena,LYV,,,TRUE
Pentatonix,Pentatonix Announce Spring 2026 UK/Euro Dates,https://news.pollstar.com/2025/10/06/pentatonix-announce-spring-2026-uk-euro-dates/,2025-10-06,2025-04-07,2025-12-22,Kia Center,"Orlando, FL",Arena,FALSE,,,TRUE
Pentatonix,Pentatonix Announce Spring 2026 UK/Euro Dates,https://news.pollstar.com/2025/10/06/pentatonix-announce-spring-2026-uk-euro-dates/,2025-10-06,2025-04-07,2025-12-22,Legacy Arena at the BJCC,"Birmingham, AL",Arena,FALSE,,,TRUE
Pentatonix,Pentatonix Announce Spring 2026 UK/Euro Dates,https://news.pollstar.com/2025/10/06/pentatonix-announce-spring-2026-uk-euro-dates/,2025-10-06,2025-04-07,2025-12-22,Toyota Center,"Houston, TX",Arena,FALSE,,,TRUE
Pentatonix,Pentatonix Announce Spring 2026 UK/Euro Dates,https://news.pollstar.com/2025/10/06/pentatonix-announce-spring-2026-uk-euro-dates/,2025-10-06,2025-04-07,2025-12-22,Dickies Arena,"Fort Worth, TX",Arena,FALSE,,,TRUE
Pentatonix,Pentatonix Announce Spring 2026 UK/Euro Dates,https://news.pollstar.com/2025/10/06/pentatonix-announce-spring-2026-uk-euro-dates/,2025-10-06,2025-04-07,2025-12-22,Dickies Arena,"Fort Worth, TX",Arena,FALSE,,,TRUE
Pentatonix,Pentatonix Announce Spring 2026 UK/Euro Dates,https://news.pollstar.com/2025/10/06/pentatonix-announce-spring-2026-uk-euro-dates/,2025-10-06,2025-04-07,2025-12-22,"Budapest, Hungary",MVM Dome,Other,FALSE,,,TRUE
Pentatonix,Pentatonix Announce Spring 2026 UK/Euro Dates,https://news.pollstar.com/2025/10/06/pentatonix-announce-spring-2026-uk-euro-dates/,2025-10-06,2025-04-07,2025-12-22,"Prague, Czech Republic",O2 arena,Other,FALSE,,,TRUE
Pentatonix,Pentatonix Announce Spring 2026 UK/Euro Dates,https://news.pollstar.com/2025/10/06/pentatonix-announce-spring-2026-uk-euro-dates/,2025-10-06,2025-04-07,2025-12-22,"Innsbruck, Austria",Olympiahalle Innsbruck,Other,FALSE,,,TRUE
Pentatonix,Pentatonix Announce Spring 2026 UK/Euro Dates,https://news.pollstar.com/2025/10/06/pentatonix-announce-spring-2026-uk-euro-dates/,2025-10-06,2025-04-07,2025-12-22,"Graz, Austria",Stadthalle Graz,Other,FALSE,,,TRUE
Pentatonix,Pentatonix Announce Spring 2026 UK/Euro Dates,https://news.pollstar.com/2025/10/06/pentatonix-announce-spring-2026-uk-euro-dates/,2025-10-06,2025-04-07,2025-12-22,"Warsaw, Poland",COS Torwar,Club,FALSE,,,TRUE
Pentatonix,Pentatonix Announce Spring 2026 UK/Euro Dates,https://news.pollstar.com/2025/10/06/pentatonix-announce-spring-2026-uk-euro-dates/,2025-10-06,2025-04-07,2025-12-22,"Hamburg, Germany",Barclays Arena,Other,FALSE,,,TRUE
Pentatonix,Pentatonix Announce Spring 2026 UK/Euro Dates,https://news.pollstar.com/2025/10/06/pentatonix-announce-spring-2026-uk-euro-dates/,2025-10-06,2025-04-07,2025-12-22,"Berlin, Germany",Velodrom,Other,FALSE,,,TRUE
Pentatonix,Pentatonix Announce Spring 2026 UK/Euro Dates,https://news.pollstar.com/2025/10/06/pentatonix-announce-spring-2026-uk-euro-dates/,2025-10-06,2025-04-07,2025-12-22,"Düsseldorf, Germany",PSD BANK DOME,Other,FALSE,,,TRUE
Pentatonix,Pentatonix Announce Spring 2026 UK/Euro Dates,https://news.pollstar.com/2025/10/06/pentatonix-announce-spring-2026-uk-euro-dates/,2025-10-06,2025-04-07,2025-12-22,"Frankfurt, Germany",Festhalle,Other,FALSE,,,TRUE
Pentatonix,Pentatonix Announce Spring 2026 UK/Euro Dates,https://news.pollstar.com/2025/10/06/pentatonix-announce-spring-2026-uk-euro-dates/,2025-10-06,2025-04-07,2025-12-22,"Paris, France",Zenith Paris La Villette,Other,FALSE,,,TRUE
Pentatonix,Pentatonix Announce Spring 2026 UK/Euro Dates,https://news.pollstar.com/2025/10/06/pentatonix-announce-spring-2026-uk-euro-dates/,2025-10-06,2025-04-07,2025-12-22,Utilita Arena Cardiff,"Cardiff, UK",Arena,FALSE,,,TRUE
Pentatonix,Pentatonix Announce Spring 2026 UK/Euro Dates,https://news.pollstar.com/2025/10/06/pentatonix-announce-spring-2026-uk-euro-dates/,2025-10-06,2025-04-07,2025-12-22,The O2,"London, UK",Arena,FALSE,,,TRUE
Pentatonix,Pentatonix Announce Spring 2026 UK/Euro Dates,https://news.pollstar.com/2025/10/06/pentatonix-announce-spring-2026-uk-euro-dates/,2025-10-06,2025-04-07,2025-12-22,"Antwerp, Belgium",AFAS Dome,Other,FALSE,,,TRUE
Pentatonix,Pentatonix Announce Spring 2026 UK/Euro Dates,https://news.pollstar.com/2025/10/06/pentatonix-announce-spring-2026-uk-euro-dates/,2025-10-06,2025-04-07,2025-12-22,"Amsterdam, Netherlands",Ziggo Dome,Other,FALSE,,,TRUE
Pentatonix,Pentatonix Announce Spring 2026 UK/Euro Dates,https://news.pollstar.com/2025/10/06/pentatonix-announce-spring-2026-uk-euro-dates/,2025-10-06,2025-04-07,2025-12-22,"Oslo, Norway",Unity Arena,Other,FALSE,,,TRUE
Pentatonix,Pentatonix Announce Spring 2026 UK/Euro Dates,https://news.pollstar.com/2025/10/06/pentatonix-announce-spring-2026-uk-euro-dates/,2025-10-06,2025-04-07,2025-12-22,"Stockholm, Sweden",Avicii Arena,Other,FALSE,,,TRUE
Jonah Kagen Embarking On ‘Sunflowers,Jonah Kagen Embarking On ‘Sunflowers & Leather Tour’ In 2026,https://news.pollstar.com/2025/10/03/jonah-kagen-embarking-on-sunflowers-leather-tour-in-2026/,2025-10-03,2025-10-03,2025-10-27,Music Box - w/ Cameron Whitcomb,"San Diego, CA",Other,FALSE,,,TRUE
Jonah Kagen Embarking On ‘Sunflowers,Jonah Kagen Embarking On ‘Sunflowers & Leather Tour’ In 2026,https://news.pollstar.com/2025/10/03/jonah-kagen-embarking-on-sunflowers-leather-tour-in-2026/,2025-10-03,2025-10-03,2025-10-27,Troubadour - w/ Cameron Whitcomb,"Los Angeles, CA",Other,FALSE,,,TRUE
Jonah Kagen Embarking On ‘Sunflowers,Jonah Kagen Embarking On ‘Sunflowers & Leather Tour’ In 2026,https://news.pollstar.com/2025/10/03/jonah-kagen-embarking-on-sunflowers-leather-tour-in-2026/,2025-10-03,2025-10-03,2025-10-27,Troubadour - w/ Cameron Whitcomb,"Los Angeles, CA",Other,FALSE,,,TRUE
Jonah Kagen Embarking On ‘Sunflowers,Jonah Kagen Embarking On ‘Sunflowers & Leather Tour’ In 2026,https://news.pollstar.com/2025/10/03/jonah-kagen-embarking-on-sunflowers-leather-tour-in-2026/,2025-10-03,2025-10-03,2025-10-27,The Van Buren - w/ Cameron Whitcomb,"Phoenix, AZ",Theater,LYV,,,TRUE
Jonah Kagen Embarking On ‘Sunflowers,Jonah Kagen Embarking On ‘Sunflowers & Leather Tour’ In 2026,https://news.pollstar.com/2025/10/03/jonah-kagen-embarking-on-sunflowers-leather-tour-in-2026/,2025-10-03,2025-10-03,2025-10-27,Redwest Country Music Festival,"Salt Lake City, UT",Other,FALSE,,,TRUE
Jonah Kagen Embarking On ‘Sunflowers,Jonah Kagen Embarking On ‘Sunflowers & Leather Tour’ In 2026,https://news.pollstar.com/2025/10/03/jonah-kagen-embarking-on-sunflowers-leather-tour-in-2026/,2025-10-03,2025-10-03,2025-10-27,George’s Majestic Lounge - w/ Cameron Whitcomb,"Fayetteville, AR",Other,FALSE,,,TRUE
Jonah Kagen Embarking On ‘Sunflowers,Jonah Kagen Embarking On ‘Sunflowers & Leather Tour’ In 2026,https://news.pollstar.com/2025/10/03/jonah-kagen-embarking-on-sunflowers-leather-tour-in-2026/,2025-10-03,2025-10-03,2025-10-27,Tannahill’s Tavern & Music Hall - Sold Out w/ Cameron Whitcomb,"Fort Worth, TX",Other,FALSE,,,TRUE
Jonah Kagen Embarking On ‘Sunflowers,Jonah Kagen Embarking On ‘Sunflowers & Leather Tour’ In 2026,https://news.pollstar.com/2025/10/03/jonah-kagen-embarking-on-sunflowers-leather-tour-in-2026/,2025-10-03,2025-10-03,2025-10-27,Scoot Inn - Sold Out w/ Cameron Whitcomb,"Austin, TX",Other,FALSE,,,TRUE
Jonah Kagen Embarking On ‘Sunflowers,Jonah Kagen Embarking On ‘Sunflowers & Leather Tour’ In 2026,https://news.pollstar.com/2025/10/03/jonah-kagen-embarking-on-sunflowers-leather-tour-in-2026/,2025-10-03,2025-10-03,2025-10-27,Tipitina’s - w/ Cameron Whitcomb,"New Orleans, LA",Other,FALSE,,,TRUE
Jonah Kagen Embarking On ‘Sunflowers,Jonah Kagen Embarking On ‘Sunflowers & Leather Tour’ In 2026,https://news.pollstar.com/2025/10/03/jonah-kagen-embarking-on-sunflowers-leather-tour-in-2026/,2025-10-03,2025-10-03,2025-10-27,The Lyric Oxford - w/ Cameron Whitcomb,"Oxford, MS",Other,FALSE,,,TRUE
Jonah Kagen Embarking On ‘Sunflowers,Jonah Kagen Embarking On ‘Sunflowers & Leather Tour’ In 2026,https://news.pollstar.com/2025/10/03/jonah-kagen-embarking-on-sunflowers-leather-tour-in-2026/,2025-10-03,2025-10-03,2025-10-27,Brooklyn Bowl - Sold Out w/ Cameron Whitcomb,"Nashville, TN",Club,LYV,,,TRUE
Jonah Kagen Embarking On ‘Sunflowers,Jonah Kagen Embarking On ‘Sunflowers & Leather Tour’ In 2026,https://news.pollstar.com/2025/10/03/jonah-kagen-embarking-on-sunflowers-leather-tour-in-2026/,2025-10-03,2025-10-03,2025-10-27,Terminal West - Sold Out w/ Cameron Whitcomb,"Atlanta, GA",Other,FALSE,,,TRUE
Jonah Kagen Embarking On ‘Sunflowers,Jonah Kagen Embarking On ‘Sunflowers & Leather Tour’ In 2026,https://news.pollstar.com/2025/10/03/jonah-kagen-embarking-on-sunflowers-leather-tour-in-2026/,2025-10-03,2025-10-03,2025-10-27,Terminal West - w/ Cameron Whitcomb,"Atlanta, GA",Other,FALSE,,,TRUE
Jonas Brothers,Jonas Brothers Add More Arena Dates To ‘JONAS20: Greetings From Your Hometown Tour’,https://news.pollstar.com/2025/10/02/jonas-brothers-add-more-arena-dates-to-jonas20-greetings-from-your-hometown-tour/,2025-10-02,2024-10-02,2024-12-22,Ball Arena#,"Denver, CO",Arena,FALSE,,,TRUE
Jonas Brothers,Jonas Brothers Add More Arena Dates To ‘JONAS20: Greetings From Your Hometown Tour’,https://news.pollstar.com/2025/10/02/jonas-brothers-add-more-arena-dates-to-jonas20-greetings-from-your-hometown-tour/,2025-10-02,2024-10-02,2024-12-22,Wells Fargo Arena#,"Des Moines, IA",Arena,FALSE,,,TRUE
Jonas Brothers,Jonas Brothers Add More Arena Dates To ‘JONAS20: Greetings From Your Hometown Tour’,https://news.pollstar.com/2025/10/02/jonas-brothers-add-more-arena-dates-to-jonas20-greetings-from-your-hometown-tour/,2025-10-02,2024-10-02,2024-12-22,CHI Health Center#,"Omaha, NE",Arena,FALSE,,,TRUE
Jonas Brothers,Jonas Brothers Add More Arena Dates To ‘JONAS20: Greetings From Your Hometown Tour’,https://news.pollstar.com/2025/10/02/jonas-brothers-add-more-arena-dates-to-jonas20-greetings-from-your-hometown-tour/,2025-10-02,2024-10-02,2024-12-22,T-Mobile Center+,"Kansas City, MO",Arena,FALSE,,,TRUE
Jonas Brothers,Jonas Brothers Add More Arena Dates To ‘JONAS20: Greetings From Your Hometown Tour’,https://news.pollstar.com/2025/10/02/jonas-brothers-add-more-arena-dates-to-jonas20-greetings-from-your-hometown-tour/,2025-10-02,2024-10-02,2024-12-22,Enterprise Center+,"St. Louis, MO",Arena,FALSE,,,TRUE
Jonas Brothers,Jonas Brothers Add More Arena Dates To ‘JONAS20: Greetings From Your Hometown Tour’,https://news.pollstar.com/2025/10/02/jonas-brothers-add-more-arena-dates-to-jonas20-greetings-from-your-hometown-tour/,2025-10-02,2024-10-02,2024-12-22,Xcel Energy Center+,"St. Paul, MN",Arena,FALSE,,,TRUE
Jonas Brothers,Jonas Brothers Add More Arena Dates To ‘JONAS20: Greetings From Your Hometown Tour’,https://news.pollstar.com/2025/10/02/jonas-brothers-add-more-arena-dates-to-jonas20-greetings-from-your-hometown-tour/,2025-10-02,2024-10-02,2024-12-22,Fiserv Forum+,"Milwaukee, WI",Arena,FALSE,,,TRUE
Jonas Brothers,Jonas Brothers Add More Arena Dates To ‘JONAS20: Greetings From Your Hometown Tour’,https://news.pollstar.com/2025/10/02/jonas-brothers-add-more-arena-dates-to-jonas20-greetings-from-your-hometown-tour/,2025-10-02,2024-10-02,2024-12-22,Bridgestone Arena+,"Nashville, TN",Arena,FALSE,,,TRUE
Jonas Brothers,Jonas Brothers Add More Arena Dates To ‘JONAS20: Greetings From Your Hometown Tour’,https://news.pollstar.com/2025/10/02/jonas-brothers-add-more-arena-dates-to-jonas20-greetings-from-your-hometown-tour/,2025-10-02,2024-10-02,2024-12-22,BOK Center+,"Tulsa, OK",Arena,FALSE,,,TRUE
Jonas Brothers,Jonas Brothers Add More Arena Dates To ‘JONAS20: Greetings From Your Hometown Tour’,https://news.pollstar.com/2025/10/02/jonas-brothers-add-more-arena-dates-to-jonas20-greetings-from-your-hometown-tour/,2025-10-02,2024-10-02,2024-12-22,Moody Center+,"Austin, TX",Arena,FALSE,,,TRUE
Jonas Brothers,Jonas Brothers Add More Arena Dates To ‘JONAS20: Greetings From Your Hometown Tour’,https://news.pollstar.com/2025/10/02/jonas-brothers-add-more-arena-dates-to-jonas20-greetings-from-your-hometown-tour/,2025-10-02,2024-10-02,2024-12-22,Frost Bank Center+,"San Antonio, TX",Arena,FALSE,,,TRUE
Jonas Brothers,Jonas Brothers Add More Arena Dates To ‘JONAS20: Greetings From Your Hometown Tour’,https://news.pollstar.com/2025/10/02/jonas-brothers-add-more-arena-dates-to-jonas20-greetings-from-your-hometown-tour/,2025-10-02,2024-10-02,2024-12-22,Toyota Center+,"Houston, TX",Arena,FALSE,,,TRUE
Jonas Brothers,Jonas Brothers Add More Arena Dates To ‘JONAS20: Greetings From Your Hometown Tour’,https://news.pollstar.com/2025/10/02/jonas-brothers-add-more-arena-dates-to-jonas20-greetings-from-your-hometown-tour/,2025-10-02,2024-10-02,2024-12-22,Amalie Arena+,"Tampa, FL",Arena,FALSE,,,TRUE
Jonas Brothers,Jonas Brothers Add More Arena Dates To ‘JONAS20: Greetings From Your Hometown Tour’,https://news.pollstar.com/2025/10/02/jonas-brothers-add-more-arena-dates-to-jonas20-greetings-from-your-hometown-tour/,2025-10-02,2024-10-02,2024-12-22,Amerant Bank Arena+,"Sunrise, FL",Arena,LYV,,,TRUE
Jonas Brothers,Jonas Brothers Add More Arena Dates To ‘JONAS20: Greetings From Your Hometown Tour’,https://news.pollstar.com/2025/10/02/jonas-brothers-add-more-arena-dates-to-jonas20-greetings-from-your-hometown-tour/,2025-10-02,2024-10-02,2024-12-22,Kia Center+,"Orlando, FL",Arena,FALSE,,,TRUE
Jonas Brothers,Jonas Brothers Add More Arena Dates To ‘JONAS20: Greetings From Your Hometown Tour’,https://news.pollstar.com/2025/10/02/jonas-brothers-add-more-arena-dates-to-jonas20-greetings-from-your-hometown-tour/,2025-10-02,2024-10-02,2024-12-22,Kia Center+,"Orlando, FL",Arena,FALSE,,,TRUE
Jonas Brothers,Jonas Brothers Add More Arena Dates To ‘JONAS20: Greetings From Your Hometown Tour’,https://news.pollstar.com/2025/10/02/jonas-brothers-add-more-arena-dates-to-jonas20-greetings-from-your-hometown-tour/,2025-10-02,2024-10-02,2024-12-22,State Farm Arena+,"Atlanta, GA",Arena,FALSE,,,TRUE
Jonas Brothers,Jonas Brothers Add More Arena Dates To ‘JONAS20: Greetings From Your Hometown Tour’,https://news.pollstar.com/2025/10/02/jonas-brothers-add-more-arena-dates-to-jonas20-greetings-from-your-hometown-tour/,2025-10-02,2024-10-02,2024-12-22,Lenovo Center+,"Raleigh, NC",Arena,FALSE,,,TRUE
Jonas Brothers,Jonas Brothers Add More Arena Dates To ‘JONAS20: Greetings From Your Hometown Tour’,https://news.pollstar.com/2025/10/02/jonas-brothers-add-more-arena-dates-to-jonas20-greetings-from-your-hometown-tour/,2025-10-02,2024-10-02,2024-12-22,Rupp Arena+,"Lexington, KY",Arena,FALSE,,,TRUE
Jonas Brothers,Jonas Brothers Add More Arena Dates To ‘JONAS20: Greetings From Your Hometown Tour’,https://news.pollstar.com/2025/10/02/jonas-brothers-add-more-arena-dates-to-jonas20-greetings-from-your-hometown-tour/,2025-10-02,2024-10-02,2024-12-22,Gainbridge Fieldhouse+,"Indianapolis, IN",Arena,FALSE,,,TRUE
Jonas Brothers,Jonas Brothers Add More Arena Dates To ‘JONAS20: Greetings From Your Hometown Tour’,https://news.pollstar.com/2025/10/02/jonas-brothers-add-more-arena-dates-to-jonas20-greetings-from-your-hometown-tour/,2025-10-02,2024-10-02,2024-12-22,Thompson-Boling Arena at Food City Center+,"Knoxville, TN",Arena,FALSE,,,TRUE
Jonas Brothers,Jonas Brothers Add More Arena Dates To ‘JONAS20: Greetings From Your Hometown Tour’,https://news.pollstar.com/2025/10/02/jonas-brothers-add-more-arena-dates-to-jonas20-greetings-from-your-hometown-tour/,2025-10-02,2024-10-02,2024-12-22,Spectrum Center+,"Charlotte, NC",Arena,FALSE,,,TRUE
Jonas Brothers,Jonas Brothers Add More Arena Dates To ‘JONAS20: Greetings From Your Hometown Tour’,https://news.pollstar.com/2025/10/02/jonas-brothers-add-more-arena-dates-to-jonas20-greetings-from-your-hometown-tour/,2025-10-02,2024-10-02,2024-12-22,Colonial Life Arena+,"Columbia, SC",Arena,FALSE,,,TRUE
Jonas Brothers,Jonas Brothers Add More Arena Dates To ‘JONAS20: Greetings From Your Hometown Tour’,https://news.pollstar.com/2025/10/02/jonas-brothers-add-more-arena-dates-to-jonas20-greetings-from-your-hometown-tour/,2025-10-02,2024-10-02,2024-12-22,Schottenstein Center+,"Columbus, OH",Arena,FALSE,,,TRUE
Jonas Brothers,Jonas Brothers Add More Arena Dates To ‘JONAS20: Greetings From Your Hometown Tour’,https://news.pollstar.com/2025/10/02/jonas-brothers-add-more-arena-dates-to-jonas20-greetings-from-your-hometown-tour/,2025-10-02,2024-10-02,2024-12-22,KeyBank Center+,"Buffalo, NY",Arena,FALSE,,,TRUE
Jonas Brothers,Jonas Brothers Add More Arena Dates To ‘JONAS20: Greetings From Your Hometown Tour’,https://news.pollstar.com/2025/10/02/jonas-brothers-add-more-arena-dates-to-jonas20-greetings-from-your-hometown-tour/,2025-10-02,2024-10-02,2024-12-22,Rocket Arena+,"Cleveland, OH",Arena,FALSE,,,TRUE
Jonas Brothers,Jonas Brothers Add More Arena Dates To ‘JONAS20: Greetings From Your Hometown Tour’,https://news.pollstar.com/2025/10/02/jonas-brothers-add-more-arena-dates-to-jonas20-greetings-from-your-hometown-tour/,2025-10-02,2024-10-02,2024-12-22,PPG Paints Arena+,"Pittsburgh, PA",Arena,FALSE,,,TRUE
Jonas Brothers,Jonas Brothers Add More Arena Dates To ‘JONAS20: Greetings From Your Hometown Tour’,https://news.pollstar.com/2025/10/02/jonas-brothers-add-more-arena-dates-to-jonas20-greetings-from-your-hometown-tour/,2025-10-02,2024-10-02,2024-12-22,Mohegan Sun Arena+,"Uncasville, CT",Arena,FALSE,,,TRUE
Jonas Brothers,Jonas Brothers Add More Arena Dates To ‘JONAS20: Greetings From Your Hometown Tour’,https://news.pollstar.com/2025/10/02/jonas-brothers-add-more-arena-dates-to-jonas20-greetings-from-your-hometown-tour/,2025-10-02,2024-10-02,2024-12-22,Prudential Center+,"Newark, NJ",Arena,FALSE,,,TRUE
Jonas Brothers,Jonas Brothers Add More Arena Dates To ‘JONAS20: Greetings From Your Hometown Tour’,https://news.pollstar.com/2025/10/02/jonas-brothers-add-more-arena-dates-to-jonas20-greetings-from-your-hometown-tour/,2025-10-02,2024-10-02,2024-12-22,Heritage Bank Center^,"Cincinnati, OH",Arena,FALSE,,,TRUE
Jonas Brothers,Jonas Brothers Add More Arena Dates To ‘JONAS20: Greetings From Your Hometown Tour’,https://news.pollstar.com/2025/10/02/jonas-brothers-add-more-arena-dates-to-jonas20-greetings-from-your-hometown-tour/,2025-10-02,2024-10-02,2024-12-22,Little Caesar’s Arena^,"Detroit, MI",Arena,FALSE,,,TRUE
Jonas Brothers,Jonas Brothers Add More Arena Dates To ‘JONAS20: Greetings From Your Hometown Tour’,https://news.pollstar.com/2025/10/02/jonas-brothers-add-more-arena-dates-to-jonas20-greetings-from-your-hometown-tour/,2025-10-02,2024-10-02,2024-12-22,MGM Grand Garden Arena,"Las Vegas, NV",Arena,FALSE,,,TRUE
Jonas Brothers,Jonas Brothers Add More Arena Dates To ‘JONAS20: Greetings From Your Hometown Tour’,https://news.pollstar.com/2025/10/02/jonas-brothers-add-more-arena-dates-to-jonas20-greetings-from-your-hometown-tour/,2025-10-02,2024-10-02,2024-12-22,Maverik Center,"Salt Lake City, UT",Arena,FALSE,,,TRUE
Jonas Brothers,Jonas Brothers Add More Arena Dates To ‘JONAS20: Greetings From Your Hometown Tour’,https://news.pollstar.com/2025/10/02/jonas-brothers-add-more-arena-dates-to-jonas20-greetings-from-your-hometown-tour/,2025-10-02,2024-10-02,2024-12-22,INTRUST Bank Arena^,"Wichita, KS",Arena,FALSE,,,TRUE
Jonas Brothers,Jonas Brothers Add More Arena Dates To ‘JONAS20: Greetings From Your Hometown Tour’,https://news.pollstar.com/2025/10/02/jonas-brothers-add-more-arena-dates-to-jonas20-greetings-from-your-hometown-tour/,2025-10-02,2024-10-02,2024-12-22,Dickies Arena^,"Fort Worth, TX",Arena,FALSE,,,TRUE
Jonas Brothers,Jonas Brothers Add More Arena Dates To ‘JONAS20: Greetings From Your Hometown Tour’,https://news.pollstar.com/2025/10/02/jonas-brothers-add-more-arena-dates-to-jonas20-greetings-from-your-hometown-tour/,2025-10-02,2024-10-02,2024-12-22,Smoothie King Center^,"New Orleans, LA",Arena,FALSE,,,TRUE
Jonas Brothers,Jonas Brothers Add More Arena Dates To ‘JONAS20: Greetings From Your Hometown Tour’,https://news.pollstar.com/2025/10/02/jonas-brothers-add-more-arena-dates-to-jonas20-greetings-from-your-hometown-tour/,2025-10-02,2024-10-02,2024-12-22,Simmons Bank Arena^,"North Little Rock, AR",Arena,FALSE,,,TRUE
Jonas Brothers,Jonas Brothers Add More Arena Dates To ‘JONAS20: Greetings From Your Hometown Tour’,https://news.pollstar.com/2025/10/02/jonas-brothers-add-more-arena-dates-to-jonas20-greetings-from-your-hometown-tour/,2025-10-02,2024-10-02,2024-12-22,Allstate Arena^,"Rosemont, IL",Arena,FALSE,,,TRUE
Jonas Brothers,Jonas Brothers Add More Arena Dates To ‘JONAS20: Greetings From Your Hometown Tour’,https://news.pollstar.com/2025/10/02/jonas-brothers-add-more-arena-dates-to-jonas20-greetings-from-your-hometown-tour/,2025-10-02,2024-10-02,2024-12-22,Van Andel Arena^,"Grand Rapids, MI",Arena,FALSE,,,TRUE
Jonas Brothers,Jonas Brothers Add More Arena Dates To ‘JONAS20: Greetings From Your Hometown Tour’,https://news.pollstar.com/2025/10/02/jonas-brothers-add-more-arena-dates-to-jonas20-greetings-from-your-hometown-tour/,2025-10-02,2024-10-02,2024-12-22,TD Coliseum^,"Hamilton, ON",Arena,LYV,,,TRUE
Jonas Brothers,Jonas Brothers Add More Arena Dates To ‘JONAS20: Greetings From Your Hometown Tour’,https://news.pollstar.com/2025/10/02/jonas-brothers-add-more-arena-dates-to-jonas20-greetings-from-your-hometown-tour/,2025-10-02,2024-10-02,2024-12-22,Canadian Tire Centre^,"Ottawa, ON",Arena,FALSE,,,TRUE
Jonas Brothers,Jonas Brothers Add More Arena Dates To ‘JONAS20: Greetings From Your Hometown Tour’,https://news.pollstar.com/2025/10/02/jonas-brothers-add-more-arena-dates-to-jonas20-greetings-from-your-hometown-tour/,2025-10-02,2024-10-02,2024-12-22,Bell Centre^,"Montreal, QC",Arena,FALSE,,,TRUE
Jonas Brothers,Jonas Brothers Add More Arena Dates To ‘JONAS20: Greetings From Your Hometown Tour’,https://news.pollstar.com/2025/10/02/jonas-brothers-add-more-arena-dates-to-jonas20-greetings-from-your-hometown-tour/,2025-10-02,2024-10-02,2024-12-22,SNHU Arena^,"Manchester, NH",Arena,FALSE,,,TRUE
Jonas Brothers,Jonas Brothers Add More Arena Dates To ‘JONAS20: Greetings From Your Hometown Tour’,https://news.pollstar.com/2025/10/02/jonas-brothers-add-more-arena-dates-to-jonas20-greetings-from-your-hometown-tour/,2025-10-02,2024-10-02,2024-12-22,CFG Bank Arena^,"Baltimore, MD",Arena,FALSE,,,TRUE
Jonas Brothers,Jonas Brothers Add More Arena Dates To ‘JONAS20: Greetings From Your Hometown Tour’,https://news.pollstar.com/2025/10/02/jonas-brothers-add-more-arena-dates-to-jonas20-greetings-from-your-hometown-tour/,2025-10-02,2024-10-02,2024-12-22,UBS Arena^,"Belmont Park, NY",Arena,FALSE,,,TRUE
Jonas Brothers,Jonas Brothers Add More Arena Dates To ‘JONAS20: Greetings From Your Hometown Tour’,https://news.pollstar.com/2025/10/02/jonas-brothers-add-more-arena-dates-to-jonas20-greetings-from-your-hometown-tour/,2025-10-02,2024-10-02,2024-12-22,Barclays Center^,"Brooklyn, NY",Arena,FALSE,,,TRUE
Louis Tomlinson Headlines Arenas With ‘How Did We Get Here?’ World Tour,Louis Tomlinson Headlines Arenas With ‘How Did We Get Here?’ World Tour,https://news.pollstar.com/2025/10/01/louis-tomlinson-headlines-arenas-with-how-did-we-get-here-world-tour/,2025-10-01,2026-06-03,2026-07-24,Pacific Coliseum,"Vancouver, BC",Arena,FALSE,,,TRUE
Louis Tomlinson Headlines Arenas With ‘How Did We Get Here?’ World Tour,Louis Tomlinson Headlines Arenas With ‘How Did We Get Here?’ World Tour,https://news.pollstar.com/2025/10/01/louis-tomlinson-headlines-arenas-with-how-did-we-get-here-world-tour/,2025-10-01,2026-06-03,2026-07-24,Climate Pledge Arena,"Seattle, WA",Arena,FALSE,,,TRUE
Louis Tomlinson Headlines Arenas With ‘How Did We Get Here?’ World Tour,Louis Tomlinson Headlines Arenas With ‘How Did We Get Here?’ World Tour,https://news.pollstar.com/2025/10/01/louis-tomlinson-headlines-arenas-with-how-did-we-get-here-world-tour/,2025-10-01,2026-06-03,2026-07-24,Bill Graham Civic Auditorium,"San Francisco, CA",Theater,FALSE,,,TRUE
Louis Tomlinson Headlines Arenas With ‘How Did We Get Here?’ World Tour,Louis Tomlinson Headlines Arenas With ‘How Did We Get Here?’ World Tour,https://news.pollstar.com/2025/10/01/louis-tomlinson-headlines-arenas-with-how-did-we-get-here-world-tour/,2025-10-01,2026-06-03,2026-07-24,The Rady Shell at Jacobs Park,"San Diego, CA",Other,FALSE,,,TRUE
Louis Tomlinson Headlines Arenas With ‘How Did We Get Here?’ World Tour,Louis Tomlinson Headlines Arenas With ‘How Did We Get Here?’ World Tour,https://news.pollstar.com/2025/10/01/louis-tomlinson-headlines-arenas-with-how-did-we-get-here-world-tour/,2025-10-01,2026-06-03,2026-07-24,Crypto.com Arena,"Los Angeles, CA",Arena,FALSE,,,TRUE
Louis Tomlinson Headlines Arenas With ‘How Did We Get Here?’ World Tour,Louis Tomlinson Headlines Arenas With ‘How Did We Get Here?’ World Tour,https://news.pollstar.com/2025/10/01/louis-tomlinson-headlines-arenas-with-how-did-we-get-here-world-tour/,2025-10-01,2026-06-03,2026-07-24,Resorts World Theatre,"Las Vegas, NV",Auditorium,FALSE,,,TRUE
Louis Tomlinson Headlines Arenas With ‘How Did We Get Here?’ World Tour,Louis Tomlinson Headlines Arenas With ‘How Did We Get Here?’ World Tour,https://news.pollstar.com/2025/10/01/louis-tomlinson-headlines-arenas-with-how-did-we-get-here-world-tour/,2025-10-01,2026-06-03,2026-07-24,PHX Arena,"Phoenix, AZ",Arena,FALSE,,,TRUE
Louis Tomlinson Headlines Arenas With ‘How Did We Get Here?’ World Tour,Louis Tomlinson Headlines Arenas With ‘How Did We Get Here?’ World Tour,https://news.pollstar.com/2025/10/01/louis-tomlinson-headlines-arenas-with-how-did-we-get-here-world-tour/,2025-10-01,2026-06-03,2026-07-24,Red Rocks Amphitheatre,"Morrison, CO",Amphitheater,FALSE,,,TRUE
Louis Tomlinson Headlines Arenas With ‘How Did We Get Here?’ World Tour,Louis Tomlinson Headlines Arenas With ‘How Did We Get Here?’ World Tour,https://news.pollstar.com/2025/10/01/louis-tomlinson-headlines-arenas-with-how-did-we-get-here-world-tour/,2025-10-01,2026-06-03,2026-07-24,Dickies Arena,"Fort Worth, TX",Arena,FALSE,,,TRUE
Louis Tomlinson Headlines Arenas With ‘How Did We Get Here?’ World Tour,Louis Tomlinson Headlines Arenas With ‘How Did We Get Here?’ World Tour,https://news.pollstar.com/2025/10/01/louis-tomlinson-headlines-arenas-with-how-did-we-get-here-world-tour/,2025-10-01,2026-06-03,2026-07-24,Moody Center,"Austin, TX",Arena,FALSE,,,TRUE
Louis Tomlinson Headlines Arenas With ‘How Did We Get Here?’ World Tour,Louis Tomlinson Headlines Arenas With ‘How Did We Get Here?’ World Tour,https://news.pollstar.com/2025/10/01/louis-tomlinson-headlines-arenas-with-how-did-we-get-here-world-tour/,2025-10-01,2026-06-03,2026-07-24,The Armory,"Minneapolis, MN",Theater,FALSE,,,TRUE
Louis Tomlinson Headlines Arenas With ‘How Did We Get Here?’ World Tour,Louis Tomlinson Headlines Arenas With ‘How Did We Get Here?’ World Tour,https://news.pollstar.com/2025/10/01/louis-tomlinson-headlines-arenas-with-how-did-we-get-here-world-tour/,2025-10-01,2026-06-03,2026-07-24,Chaifetz Arena,"St. Louis, MO",Arena,FALSE,,,TRUE
Louis Tomlinson Headlines Arenas With ‘How Did We Get Here?’ World Tour,Louis Tomlinson Headlines Arenas With ‘How Did We Get Here?’ World Tour,https://news.pollstar.com/2025/10/01/louis-tomlinson-headlines-arenas-with-how-did-we-get-here-world-tour/,2025-10-01,2026-06-03,2026-07-24,The Pinnacle,"Nashville, TN",Theater,FALSE,,,TRUE
Louis Tomlinson Headlines Arenas With ‘How Did We Get Here?’ World Tour,Louis Tomlinson Headlines Arenas With ‘How Did We Get Here?’ World Tour,https://news.pollstar.com/2025/10/01/louis-tomlinson-headlines-arenas-with-how-did-we-get-here-world-tour/,2025-10-01,2026-06-03,2026-07-24,Cable Dahmer Arena,"Independence, CO",Arena,FALSE,,,TRUE
Louis Tomlinson Headlines Arenas With ‘How Did We Get Here?’ World Tour,Louis Tomlinson Headlines Arenas With ‘How Did We Get Here?’ World Tour,https://news.pollstar.com/2025/10/01/louis-tomlinson-headlines-arenas-with-how-did-we-get-here-world-tour/,2025-10-01,2026-06-03,2026-07-24,Allstate Arena,"Chicago, IL",Arena,FALSE,,,TRUE
Louis Tomlinson Headlines Arenas With ‘How Did We Get Here?’ World Tour,Louis Tomlinson Headlines Arenas With ‘How Did We Get Here?’ World Tour,https://news.pollstar.com/2025/10/01/louis-tomlinson-headlines-arenas-with-how-did-we-get-here-world-tour/,2025-10-01,2026-06-03,2026-07-24,Spectrum Center,"Charlotte, NC",Arena,FALSE,,,TRUE
Louis Tomlinson Headlines Arenas With ‘How Did We Get Here?’ World Tour,Louis Tomlinson Headlines Arenas With ‘How Did We Get Here?’ World Tour,https://news.pollstar.com/2025/10/01/louis-tomlinson-headlines-arenas-with-how-did-we-get-here-world-tour/,2025-10-01,2026-06-03,2026-07-24,The Anthem,"Washington, DC",Club,FALSE,,,TRUE
Louis Tomlinson Headlines Arenas With ‘How Did We Get Here?’ World Tour,Louis Tomlinson Headlines Arenas With ‘How Did We Get Here?’ World Tour,https://news.pollstar.com/2025/10/01/louis-tomlinson-headlines-arenas-with-how-did-we-get-here-world-tour/,2025-10-01,2026-06-03,2026-07-24,Madison Square Garden,"New York, NY",Arena,FALSE,,,TRUE
Louis Tomlinson Headlines Arenas With ‘How Did We Get Here?’ World Tour,Louis Tomlinson Headlines Arenas With ‘How Did We Get Here?’ World Tour,https://news.pollstar.com/2025/10/01/louis-tomlinson-headlines-arenas-with-how-did-we-get-here-world-tour/,2025-10-01,2026-06-03,2026-07-24,Stage AE Outdoors,"Pittsburgh, PA",Amphitheater,LYV,,,TRUE
Louis Tomlinson Headlines Arenas With ‘How Did We Get Here?’ World Tour,Louis Tomlinson Headlines Arenas With ‘How Did We Get Here?’ World Tour,https://news.pollstar.com/2025/10/01/louis-tomlinson-headlines-arenas-with-how-did-we-get-here-world-tour/,2025-10-01,2026-06-03,2026-07-24,Highmark Skyline Stage at the Mann,"Philadelphia, PA",Amphitheater,LYV,,,TRUE
Louis Tomlinson Headlines Arenas With ‘How Did We Get Here?’ World Tour,Louis Tomlinson Headlines Arenas With ‘How Did We Get Here?’ World Tour,https://news.pollstar.com/2025/10/01/louis-tomlinson-headlines-arenas-with-how-did-we-get-here-world-tour/,2025-10-01,2026-06-03,2026-07-24,TD Garden,"Boston, MA",Arena,FALSE,,,TRUE
Louis Tomlinson Headlines Arenas With ‘How Did We Get Here?’ World Tour,Louis Tomlinson Headlines Arenas With ‘How Did We Get Here?’ World Tour,https://news.pollstar.com/2025/10/01/louis-tomlinson-headlines-arenas-with-how-did-we-get-here-world-tour/,2025-10-01,2026-06-03,2026-07-24,Bell Centre,"Montreal, QC",Arena,FALSE,,,TRUE
Louis Tomlinson Headlines Arenas With ‘How Did We Get Here?’ World Tour,Louis Tomlinson Headlines Arenas With ‘How Did We Get Here?’ World Tour,https://news.pollstar.com/2025/10/01/louis-tomlinson-headlines-arenas-with-how-did-we-get-here-world-tour/,2025-10-01,2026-06-03,2026-07-24,Scotiabank Arena,"Toronto, ON",Arena,FALSE,,,TRUE
Louis Tomlinson Headlines Arenas With ‘How Did We Get Here?’ World Tour,Louis Tomlinson Headlines Arenas With ‘How Did We Get Here?’ World Tour,https://news.pollstar.com/2025/10/01/louis-tomlinson-headlines-arenas-with-how-did-we-get-here-world-tour/,2025-10-01,2026-06-03,2026-07-24,Masonic Temple Theatre,"Detroit, MI",Theater,LYV,,,TRUE
Louis Tomlinson Headlines Arenas With ‘How Did We Get Here?’ World Tour,Louis Tomlinson Headlines Arenas With ‘How Did We Get Here?’ World Tour,https://news.pollstar.com/2025/10/01/louis-tomlinson-headlines-arenas-with-how-did-we-get-here-world-tour/,2025-10-01,2026-06-03,2026-07-24,Jacobs Pavilioni,"Cleveland, OH",Amphitheater,LYV,,,TRUE
Louis Tomlinson Headlines Arenas With ‘How Did We Get Here?’ World Tour,Louis Tomlinson Headlines Arenas With ‘How Did We Get Here?’ World Tour,https://news.pollstar.com/2025/10/01/louis-tomlinson-headlines-arenas-with-how-did-we-get-here-world-tour/,2025-10-01,2026-06-03,2026-07-24,State Farm Arena,"Atlanta, GA",Arena,FALSE,,,TRUE
Louis Tomlinson Headlines Arenas With ‘How Did We Get Here?’ World Tour,Louis Tomlinson Headlines Arenas With ‘How Did We Get Here?’ World Tour,https://news.pollstar.com/2025/10/01/louis-tomlinson-headlines-arenas-with-how-did-we-get-here-world-tour/,2025-10-01,2026-06-03,2026-07-24,Additional Financial Arena,"Orlando, FL",Arena,FALSE,,,TRUE
Louis Tomlinson Headlines Arenas With ‘How Did We Get Here?’ World Tour,Louis Tomlinson Headlines Arenas With ‘How Did We Get Here?’ World Tour,https://news.pollstar.com/2025/10/01/louis-tomlinson-headlines-arenas-with-how-did-we-get-here-world-tour/,2025-10-01,2026-06-03,2026-07-24,Kaseya Center,"Miami, FL",Arena,FALSE,,,TRUE
TWICE,TWICE Announces ‘This Is For’ 2026 World Tour,https://news.pollstar.com/2025/09/30/twice-announces-this-is-for-2026-world-tour/,2025-09-30,2024-10-04,2025-06-03,Philippine Arena,Bulacan,Arena,FALSE,,,TRUE
TWICE,TWICE Announces ‘This Is For’ 2026 World Tour,https://news.pollstar.com/2025/09/30/twice-announces-this-is-for-2026-world-tour/,2025-09-30,2024-10-04,2025-06-03,Singapore Indoor Stadium,Singapore,Stadium,FALSE,,,TRUE
TWICE,TWICE Announces ‘This Is For’ 2026 World Tour,https://news.pollstar.com/2025/09/30/twice-announces-this-is-for-2026-world-tour/,2025-09-30,2024-10-04,2025-06-03,Singapore Indoor Stadium,Singapore,Stadium,FALSE,,,TRUE
TWICE,TWICE Announces ‘This Is For’ 2026 World Tour,https://news.pollstar.com/2025/09/30/twice-announces-this-is-for-2026-world-tour/,2025-09-30,2024-10-04,2025-06-03,National Hockey Stadium,Kuala Lumpur,Stadium,FALSE,,,TRUE
TWICE,TWICE Announces ‘This Is For’ 2026 World Tour,https://news.pollstar.com/2025/09/30/twice-announces-this-is-for-2026-world-tour/,2025-09-30,2024-10-04,2025-06-03,Qudos Bank Arena,"Sydney, AU",Arena,FALSE,,,TRUE
TWICE,TWICE Announces ‘This Is For’ 2026 World Tour,https://news.pollstar.com/2025/09/30/twice-announces-this-is-for-2026-world-tour/,2025-09-30,2024-10-04,2025-06-03,Qudos Bank Arena,"Sydney, AU",Arena,FALSE,,,TRUE
TWICE,TWICE Announces ‘This Is For’ 2026 World Tour,https://news.pollstar.com/2025/09/30/twice-announces-this-is-for-2026-world-tour/,2025-09-30,2024-10-04,2025-06-03,Rod Laver Arena,"Melbourne, AU",Arena,FALSE,,,TRUE
TWICE,TWICE Announces ‘This Is For’ 2026 World Tour,https://news.pollstar.com/2025/09/30/twice-announces-this-is-for-2026-world-tour/,2025-09-30,2024-10-04,2025-06-03,Rod Laver Arena,"Melbourne, AU",Arena,FALSE,,,TRUE
TWICE,TWICE Announces ‘This Is For’ 2026 World Tour,https://news.pollstar.com/2025/09/30/twice-announces-this-is-for-2026-world-tour/,2025-09-30,2024-10-04,2025-06-03,Kaohsiung National Stadium,Kaohsiung,Stadium,FALSE,,,TRUE
TWICE,TWICE Announces ‘This Is For’ 2026 World Tour,https://news.pollstar.com/2025/09/30/twice-announces-this-is-for-2026-world-tour/,2025-09-30,2024-10-04,2025-06-03,Kaohsiung National Stadium,Kaohsiung,Stadium,FALSE,,,TRUE
TWICE,TWICE Announces ‘This Is For’ 2026 World Tour,https://news.pollstar.com/2025/09/30/twice-announces-this-is-for-2026-world-tour/,2025-09-30,2024-10-04,2025-06-03,Kai Tak Stadium,Hong Kong,Stadium,FALSE,,,TRUE
TWICE,TWICE Announces ‘This Is For’ 2026 World Tour,https://news.pollstar.com/2025/09/30/twice-announces-this-is-for-2026-world-tour/,2025-09-30,2024-10-04,2025-06-03,Kai Tak Stadium,Hong Kong,Stadium,FALSE,,,TRUE
TWICE,TWICE Announces ‘This Is For’ 2026 World Tour,https://news.pollstar.com/2025/09/30/twice-announces-this-is-for-2026-world-tour/,2025-09-30,2024-10-04,2025-06-03,Impact Arena,Bangkok,Arena,FALSE,,,TRUE
TWICE,TWICE Announces ‘This Is For’ 2026 World Tour,https://news.pollstar.com/2025/09/30/twice-announces-this-is-for-2026-world-tour/,2025-09-30,2024-10-04,2025-06-03,Impact Arena,Bangkok,Arena,FALSE,,,TRUE
TWICE,TWICE Announces ‘This Is For’ 2026 World Tour,https://news.pollstar.com/2025/09/30/twice-announces-this-is-for-2026-world-tour/,2025-09-30,2024-10-04,2025-06-03,Rogers Arena,"Vancouver, BC",Arena,FALSE,,,TRUE
TWICE,TWICE Announces ‘This Is For’ 2026 World Tour,https://news.pollstar.com/2025/09/30/twice-announces-this-is-for-2026-world-tour/,2025-09-30,2024-10-04,2025-06-03,Climate Pledge Arena,"Seattle, WA",Arena,FALSE,,,TRUE
TWICE,TWICE Announces ‘This Is For’ 2026 World Tour,https://news.pollstar.com/2025/09/30/twice-announces-this-is-for-2026-world-tour/,2025-09-30,2024-10-04,2025-06-03,Oakland Arena,"Oakland, CA",Arena,FALSE,,,TRUE
TWICE,TWICE Announces ‘This Is For’ 2026 World Tour,https://news.pollstar.com/2025/09/30/twice-announces-this-is-for-2026-world-tour/,2025-09-30,2024-10-04,2025-06-03,Kia Forum,"Los Angeles, CA",Arena,FALSE,,,TRUE
TWICE,TWICE Announces ‘This Is For’ 2026 World Tour,https://news.pollstar.com/2025/09/30/twice-announces-this-is-for-2026-world-tour/,2025-09-30,2024-10-04,2025-06-03,Kia Forum,"Los Angeles, CA",Arena,FALSE,,,TRUE
TWICE,TWICE Announces ‘This Is For’ 2026 World Tour,https://news.pollstar.com/2025/09/30/twice-announces-this-is-for-2026-world-tour/,2025-09-30,2024-10-04,2025-06-03,PHX Arena,"Phoenix, AZ",Arena,FALSE,,,TRUE
TWICE,TWICE Announces ‘This Is For’ 2026 World Tour,https://news.pollstar.com/2025/09/30/twice-announces-this-is-for-2026-world-tour/,2025-09-30,2024-10-04,2025-06-03,American Airlines Center,"Dallas, TX",Arena,FALSE,,,TRUE
TWICE,TWICE Announces ‘This Is For’ 2026 World Tour,https://news.pollstar.com/2025/09/30/twice-announces-this-is-for-2026-world-tour/,2025-09-30,2024-10-04,2025-06-03,Capital One Arena,"Washington, DC",Arena,FALSE,,,TRUE
TWICE,TWICE Announces ‘This Is For’ 2026 World Tour,https://news.pollstar.com/2025/09/30/twice-announces-this-is-for-2026-world-tour/,2025-09-30,2024-10-04,2025-06-03,UBS Arena,"Belmont Park, NY",Arena,FALSE,,,TRUE
TWICE,TWICE Announces ‘This Is For’ 2026 World Tour,https://news.pollstar.com/2025/09/30/twice-announces-this-is-for-2026-world-tour/,2025-09-30,2024-10-04,2025-06-03,UBS Arena,"Belmont Park, NY",Arena,FALSE,,,TRUE
TWICE,TWICE Announces ‘This Is For’ 2026 World Tour,https://news.pollstar.com/2025/09/30/twice-announces-this-is-for-2026-world-tour/,2025-09-30,2024-10-04,2025-06-03,Xfinity Mobile Arena,"Philadelphia, PA",Arena,FALSE,,,TRUE
TWICE,TWICE Announces ‘This Is For’ 2026 World Tour,https://news.pollstar.com/2025/09/30/twice-announces-this-is-for-2026-world-tour/,2025-09-30,2024-10-04,2025-06-03,State Farm Arena,"Atlanta, GA",Arena,FALSE,,,TRUE
TWICE,TWICE Announces ‘This Is For’ 2026 World Tour,https://news.pollstar.com/2025/09/30/twice-announces-this-is-for-2026-world-tour/,2025-09-30,2024-10-04,2025-06-03,Bell Centre,"Montreal, QC",Arena,FALSE,,,TRUE
TWICE,TWICE Announces ‘This Is For’ 2026 World Tour,https://news.pollstar.com/2025/09/30/twice-announces-this-is-for-2026-world-tour/,2025-09-30,2024-10-04,2025-06-03,TD Coliseum,"Hamilton, ON",Arena,LYV,,,TRUE
TWICE,TWICE Announces ‘This Is For’ 2026 World Tour,https://news.pollstar.com/2025/09/30/twice-announces-this-is-for-2026-world-tour/,2025-09-30,2024-10-04,2025-06-03,Kia Center,"Orlando, FL",Arena,FALSE,,,TRUE
TWICE,TWICE Announces ‘This Is For’ 2026 World Tour,https://news.pollstar.com/2025/09/30/twice-announces-this-is-for-2026-world-tour/,2025-09-30,2024-10-04,2025-06-03,Spectrum Center,"Charlotte, NC",Arena,FALSE,,,TRUE
TWICE,TWICE Announces ‘This Is For’ 2026 World Tour,https://news.pollstar.com/2025/09/30/twice-announces-this-is-for-2026-world-tour/,2025-09-30,2024-10-04,2025-06-03,TD Garden,"Boston, MA",Arena,FALSE,,,TRUE
TWICE,TWICE Announces ‘This Is For’ 2026 World Tour,https://news.pollstar.com/2025/09/30/twice-announces-this-is-for-2026-world-tour/,2025-09-30,2024-10-04,2025-06-03,United Center,"Chicago, IL",Arena,FALSE,,,TRUE
TWICE,TWICE Announces ‘This Is For’ 2026 World Tour,https://news.pollstar.com/2025/09/30/twice-announces-this-is-for-2026-world-tour/,2025-09-30,2024-10-04,2025-06-03,Little Caesars Arena,"Detroit, MI",Theater,FALSE,,,TRUE
TWICE,TWICE Announces ‘This Is For’ 2026 World Tour,https://news.pollstar.com/2025/09/30/twice-announces-this-is-for-2026-world-tour/,2025-09-30,2024-10-04,2025-06-03,Grand Casino Arena,"Saint Paul, MN",Theater,FALSE,,,TRUE
TWICE,TWICE Announces ‘This Is For’ 2026 World Tour,https://news.pollstar.com/2025/09/30/twice-announces-this-is-for-2026-world-tour/,2025-09-30,2024-10-04,2025-06-03,Ball Arena,"Denver, CO",Arena,FALSE,,,TRUE
TWICE,TWICE Announces ‘This Is For’ 2026 World Tour,https://news.pollstar.com/2025/09/30/twice-announces-this-is-for-2026-world-tour/,2025-09-30,2024-10-04,2025-06-03,Moody Center,"Austin, TX",Arena,FALSE,,,TRUE
TWICE,TWICE Announces ‘This Is For’ 2026 World Tour,https://news.pollstar.com/2025/09/30/twice-announces-this-is-for-2026-world-tour/,2025-09-30,2024-10-04,2025-06-03,MEO Arena,"Lisbon, PT",Arena,LYV,,,TRUE
TWICE,TWICE Announces ‘This Is For’ 2026 World Tour,https://news.pollstar.com/2025/09/30/twice-announces-this-is-for-2026-world-tour/,2025-09-30,2024-10-04,2025-06-03,Palau Sant Jordi,"Barcelona, ES",Arena,FALSE,,,TRUE
TWICE,TWICE Announces ‘This Is For’ 2026 World Tour,https://news.pollstar.com/2025/09/30/twice-announces-this-is-for-2026-world-tour/,2025-09-30,2024-10-04,2025-06-03,Accor Arena,"Paris, FR",Arena,FALSE,,,TRUE
TWICE,TWICE Announces ‘This Is For’ 2026 World Tour,https://news.pollstar.com/2025/09/30/twice-announces-this-is-for-2026-world-tour/,2025-09-30,2024-10-04,2025-06-03,Uber Arena,"Berlin, DE",Arena,FALSE,,,TRUE
TWICE,TWICE Announces ‘This Is For’ 2026 World Tour,https://news.pollstar.com/2025/09/30/twice-announces-this-is-for-2026-world-tour/,2025-09-30,2024-10-04,2025-06-03,LANXESS arena,"Cologne, DE",Arena,FALSE,,,TRUE
TWICE,TWICE Announces ‘This Is For’ 2026 World Tour,https://news.pollstar.com/2025/09/30/twice-announces-this-is-for-2026-world-tour/,2025-09-30,2024-10-04,2025-06-03,Ziggo Dome,"Amsterdam, NL",Arena,FALSE,,,TRUE
TWICE,TWICE Announces ‘This Is For’ 2026 World Tour,https://news.pollstar.com/2025/09/30/twice-announces-this-is-for-2026-world-tour/,2025-09-30,2024-10-04,2025-06-03,The O2,"London, UK",Arena,FALSE,,,TRUE
TWICE,TWICE Announces ‘This Is For’ 2026 World Tour,https://news.pollstar.com/2025/09/30/twice-announces-this-is-for-2026-world-tour/,2025-09-30,2024-10-04,2025-06-03,Taipei Dome,Taipei,Other,FALSE,,,TRUE
Pixies,Pixies Announce First Leg Of 40th Anniversary World Tour 2026,https://news.pollstar.com/2025/09/23/pixies-announce-first-leg-of-40th-anniversary-world-tour-2026/,2025-09-23,2025-05-20,2025-12-01,"Osaka, Japan",GORILLA HALL OSAKA,Other,FALSE,,,TRUE
Pixies,Pixies Announce First Leg Of 40th Anniversary World Tour 2026,https://news.pollstar.com/2025/09/23/pixies-announce-first-leg-of-40th-anniversary-world-tour-2026/,2025-09-23,2025-05-20,2025-12-01,"Minato City, Japan",EX THEATER ROPPONGI,Other,FALSE,,,TRUE
Pixies,Pixies Announce First Leg Of 40th Anniversary World Tour 2026,https://news.pollstar.com/2025/09/23/pixies-announce-first-leg-of-40th-anniversary-world-tour-2026/,2025-09-23,2025-05-20,2025-12-01,"Minato City, Japan",EX THEATER ROPPONGI,Other,FALSE,,,TRUE
Pixies,Pixies Announce First Leg Of 40th Anniversary World Tour 2026,https://news.pollstar.com/2025/09/23/pixies-announce-first-leg-of-40th-anniversary-world-tour-2026/,2025-09-23,2025-05-20,2025-12-01,"Fremantle, Australia",Fremantle Prison with Elliot & Vincent,Other,FALSE,,,TRUE
Pixies,Pixies Announce First Leg Of 40th Anniversary World Tour 2026,https://news.pollstar.com/2025/09/23/pixies-announce-first-leg-of-40th-anniversary-world-tour-2026/,2025-09-23,2025-05-20,2025-12-01,"Fremantle, Australia",Fremantle Prison with Elliot & Vincent,Other,FALSE,,,TRUE
Pixies,Pixies Announce First Leg Of 40th Anniversary World Tour 2026,https://news.pollstar.com/2025/09/23/pixies-announce-first-leg-of-40th-anniversary-world-tour-2026/,2025-09-23,2025-05-20,2025-12-01,"Moore Park, Australia",Hordern Pavilion with Elliot & Vincent,Other,FALSE,,,TRUE
Pixies,Pixies Announce First Leg Of 40th Anniversary World Tour 2026,https://news.pollstar.com/2025/09/23/pixies-announce-first-leg-of-40th-anniversary-world-tour-2026/,2025-09-23,2025-05-20,2025-12-01,"Moore Park, Australia",Hordern Pavilion with Elliot & Vincent,Other,FALSE,,,TRUE
Pixies,Pixies Announce First Leg Of 40th Anniversary World Tour 2026,https://news.pollstar.com/2025/09/23/pixies-announce-first-leg-of-40th-anniversary-world-tour-2026/,2025-09-23,2025-05-20,2025-12-01,"Brisbane, Australia",The Fortitude Music Hall with Elliot & Vincent,Other,FALSE,,,TRUE
Pixies,Pixies Announce First Leg Of 40th Anniversary World Tour 2026,https://news.pollstar.com/2025/09/23/pixies-announce-first-leg-of-40th-anniversary-world-tour-2026/,2025-09-23,2025-05-20,2025-12-01,"Brisbane, Australia",The Fortitude Music Hall with Elliot & Vincent,Other,FALSE,,,TRUE
Pixies,Pixies Announce First Leg Of 40th Anniversary World Tour 2026,https://news.pollstar.com/2025/09/23/pixies-announce-first-leg-of-40th-anniversary-world-tour-2026/,2025-09-23,2025-05-20,2025-12-01,"West Melbourne, Australia",Festival Hall Melbourne with Elliot & Vincent,Other,FALSE,,,TRUE
Pixies,Pixies Announce First Leg Of 40th Anniversary World Tour 2026,https://news.pollstar.com/2025/09/23/pixies-announce-first-leg-of-40th-anniversary-world-tour-2026/,2025-09-23,2025-05-20,2025-12-01,"West Melbourne, Australia",Festival Hall Melbourne with Elliot & Vincent,Other,FALSE,,,TRUE
Pixies,Pixies Announce First Leg Of 40th Anniversary World Tour 2026,https://news.pollstar.com/2025/09/23/pixies-announce-first-leg-of-40th-anniversary-world-tour-2026/,2025-09-23,2025-05-20,2025-12-01,"Auckland, New Zealand",Auckland Town Hall with Elliot & Vincent,Other,FALSE,,,TRUE
Pixies,Pixies Announce First Leg Of 40th Anniversary World Tour 2026,https://news.pollstar.com/2025/09/23/pixies-announce-first-leg-of-40th-anniversary-world-tour-2026/,2025-09-23,2025-05-20,2025-12-01,"Auckland, New Zealand",Auckland Town Hall with Elliot & Vincent,Other,FALSE,,,TRUE
Pixies,Pixies Announce First Leg Of 40th Anniversary World Tour 2026,https://news.pollstar.com/2025/09/23/pixies-announce-first-leg-of-40th-anniversary-world-tour-2026/,2025-09-23,2025-05-20,2025-12-01,"Te Aro, New Zealand",St James Theatre with Elliot & Vincent,Other,FALSE,,,TRUE
Pixies,Pixies Announce First Leg Of 40th Anniversary World Tour 2026,https://news.pollstar.com/2025/09/23/pixies-announce-first-leg-of-40th-anniversary-world-tour-2026/,2025-09-23,2025-05-20,2025-12-01,"Te Aro, New Zealand",St James Theatre with Elliot & Vincent,Other,FALSE,,,TRUE
Pixies,Pixies Announce First Leg Of 40th Anniversary World Tour 2026,https://news.pollstar.com/2025/09/23/pixies-announce-first-leg-of-40th-anniversary-world-tour-2026/,2025-09-23,2025-05-20,2025-12-01,The Republik,"Honolulu, HI",Club,FALSE,,,TRUE
Pixies,Pixies Announce First Leg Of 40th Anniversary World Tour 2026,https://news.pollstar.com/2025/09/23/pixies-announce-first-leg-of-40th-anniversary-world-tour-2026/,2025-09-23,2025-05-20,2025-12-01,The Republik,"Honolulu, HI",Club,FALSE,,,TRUE
Pixies,Pixies Announce First Leg Of 40th Anniversary World Tour 2026,https://news.pollstar.com/2025/09/23/pixies-announce-first-leg-of-40th-anniversary-world-tour-2026/,2025-09-23,2025-05-20,2025-12-01,"York, United Kingdom",York Barbican,Other,FALSE,,,TRUE
Pixies,Pixies Announce First Leg Of 40th Anniversary World Tour 2026,https://news.pollstar.com/2025/09/23/pixies-announce-first-leg-of-40th-anniversary-world-tour-2026/,2025-09-23,2025-05-20,2025-12-01,"Dunfermline, United Kingdom",Alhambra Theatre,Other,FALSE,,,TRUE
Pixies,Pixies Announce First Leg Of 40th Anniversary World Tour 2026,https://news.pollstar.com/2025/09/23/pixies-announce-first-leg-of-40th-anniversary-world-tour-2026/,2025-09-23,2025-05-20,2025-12-01,"Manchester, United Kingdom",Aviva Studios,Other,FALSE,,,TRUE
Pixies,Pixies Announce First Leg Of 40th Anniversary World Tour 2026,https://news.pollstar.com/2025/09/23/pixies-announce-first-leg-of-40th-anniversary-world-tour-2026/,2025-09-23,2025-05-20,2025-12-01,"London, United Kingdom",Royal Albert Hall,Other,FALSE,,,TRUE
Pixies,Pixies Announce First Leg Of 40th Anniversary World Tour 2026,https://news.pollstar.com/2025/09/23/pixies-announce-first-leg-of-40th-anniversary-world-tour-2026/,2025-09-23,2025-05-20,2025-12-01,King John’s Castle,"Limerick, Ireland",Other,FALSE,,,TRUE
Pixies,Pixies Announce First Leg Of 40th Anniversary World Tour 2026,https://news.pollstar.com/2025/09/23/pixies-announce-first-leg-of-40th-anniversary-world-tour-2026/,2025-09-23,2025-05-20,2025-12-01,Olympia Theatre,"Dublin, Ireland",Theater,FALSE,,,TRUE
Pixies,Pixies Announce First Leg Of 40th Anniversary World Tour 2026,https://news.pollstar.com/2025/09/23/pixies-announce-first-leg-of-40th-anniversary-world-tour-2026/,2025-09-23,2025-05-20,2025-12-01,"Berlin, Germany",Zitadelle Spandau,Other,FALSE,,,TRUE
Pixies,Pixies Announce First Leg Of 40th Anniversary World Tour 2026,https://news.pollstar.com/2025/09/23/pixies-announce-first-leg-of-40th-anniversary-world-tour-2026/,2025-09-23,2025-05-20,2025-12-01,"Leipzig, Germany",Parkbühne,Other,FALSE,,,TRUE
Pixies,Pixies Announce First Leg Of 40th Anniversary World Tour 2026,https://news.pollstar.com/2025/09/23/pixies-announce-first-leg-of-40th-anniversary-world-tour-2026/,2025-09-23,2025-05-20,2025-12-01,"Frankfurt Am Main, Germany",Jahrhunderthalle,Other,FALSE,,,TRUE
Pixies,Pixies Announce First Leg Of 40th Anniversary World Tour 2026,https://news.pollstar.com/2025/09/23/pixies-announce-first-leg-of-40th-anniversary-world-tour-2026/,2025-09-23,2025-05-20,2025-12-01,"Milano, Italy",Parco della Musica di Milano,Other,FALSE,,,TRUE
Pixies,Pixies Announce First Leg Of 40th Anniversary World Tour 2026,https://news.pollstar.com/2025/09/23/pixies-announce-first-leg-of-40th-anniversary-world-tour-2026/,2025-09-23,2025-05-20,2025-12-01,"Rotterdam, Netherlands",Maassilo,Other,FALSE,,,TRUE
Pixies,Pixies Announce First Leg Of 40th Anniversary World Tour 2026,https://news.pollstar.com/2025/09/23/pixies-announce-first-leg-of-40th-anniversary-world-tour-2026/,2025-09-23,2025-05-20,2025-12-01,"Enschede, Netherlands",Muziekcentrum Enschede,Other,FALSE,,,TRUE
Pixies,Pixies Announce First Leg Of 40th Anniversary World Tour 2026,https://news.pollstar.com/2025/09/23/pixies-announce-first-leg-of-40th-anniversary-world-tour-2026/,2025-09-23,2025-05-20,2025-12-01,"Heerlen, Netherlands",Limburgzaal Heerlen,Other,FALSE,,,TRUE
My Chemical Romance,My Chemical Romance Announces New 2026 ‘Black Parade’ Dates,https://news.pollstar.com/2025/09/22/my-chemical-romance-announces-new-2026-black-parade-dates/,2025-09-22,2026-06-30,2026-10-24,Anfield Stadium,"Liverpool, UK",Stadium,FALSE,,,TRUE
My Chemical Romance,My Chemical Romance Announces New 2026 ‘Black Parade’ Dates,https://news.pollstar.com/2025/09/22/my-chemical-romance-announces-new-2026-black-parade-dates/,2025-09-22,2026-06-30,2026-10-24,Bellahouston Park,"Glasgow, UK",Amphitheater,LYV,,,TRUE
My Chemical Romance,My Chemical Romance Announces New 2026 ‘Black Parade’ Dates,https://news.pollstar.com/2025/09/22/my-chemical-romance-announces-new-2026-black-parade-dates/,2025-09-22,2026-06-30,2026-10-24,Wembley Stadium,"London, UK",Stadium,FALSE,,,TRUE
My Chemical Romance,My Chemical Romance Announces New 2026 ‘Black Parade’ Dates,https://news.pollstar.com/2025/09/22/my-chemical-romance-announces-new-2026-black-parade-dates/,2025-09-22,2026-06-30,2026-10-24,Wembley Stadium,"London, UK",Stadium,FALSE,,,TRUE
My Chemical Romance,My Chemical Romance Announces New 2026 ‘Black Parade’ Dates,https://news.pollstar.com/2025/09/22/my-chemical-romance-announces-new-2026-black-parade-dates/,2025-09-22,2026-06-30,2026-10-24,Wembley Stadium,"London, UK",Stadium,FALSE,,,TRUE
My Chemical Romance,My Chemical Romance Announces New 2026 ‘Black Parade’ Dates,https://news.pollstar.com/2025/09/22/my-chemical-romance-announces-new-2026-black-parade-dates/,2025-09-22,2026-06-30,2026-10-24,Visarno Arena,"Florence, IT",Arena,FALSE,,,TRUE
My Chemical Romance,My Chemical Romance Announces New 2026 ‘Black Parade’ Dates,https://news.pollstar.com/2025/09/22/my-chemical-romance-announces-new-2026-black-parade-dates/,2025-09-22,2026-06-30,2026-10-24,Iberdrola Music,"Madrid, ES",Club,FALSE,,,TRUE
My Chemical Romance,My Chemical Romance Announces New 2026 ‘Black Parade’ Dates,https://news.pollstar.com/2025/09/22/my-chemical-romance-announces-new-2026-black-parade-dates/,2025-09-22,2026-06-30,2026-10-24,Citi Field - with Franz Ferdinand,"New York, NY",Stadium,FALSE,,,TRUE
My Chemical Romance,My Chemical Romance Announces New 2026 ‘Black Parade’ Dates,https://news.pollstar.com/2025/09/22/my-chemical-romance-announces-new-2026-black-parade-dates/,2025-09-22,2026-06-30,2026-10-24,Nissan Stadium - with Pierce The Veil,"Nashville, TN",Stadium,FALSE,,,TRUE
My Chemical Romance,My Chemical Romance Announces New 2026 ‘Black Parade’ Dates,https://news.pollstar.com/2025/09/22/my-chemical-romance-announces-new-2026-black-parade-dates/,2025-09-22,2026-06-30,2026-10-24,Nationals Park - with Modest Mouse,"Washington, DC",Stadium,FALSE,,,TRUE
My Chemical Romance,My Chemical Romance Announces New 2026 ‘Black Parade’ Dates,https://news.pollstar.com/2025/09/22/my-chemical-romance-announces-new-2026-black-parade-dates/,2025-09-22,2026-06-30,2026-10-24,Comerica Park - with Iggy Pop,"Detroit, MI",Stadium,FALSE,,,TRUE
My Chemical Romance,My Chemical Romance Announces New 2026 ‘Black Parade’ Dates,https://news.pollstar.com/2025/09/22/my-chemical-romance-announces-new-2026-black-parade-dates/,2025-09-22,2026-06-30,2026-10-24,Target Field - with Sleater-Kinney,"Minneapolis, MN",Stadium,FALSE,,,TRUE
My Chemical Romance,My Chemical Romance Announces New 2026 ‘Black Parade’ Dates,https://news.pollstar.com/2025/09/22/my-chemical-romance-announces-new-2026-black-parade-dates/,2025-09-22,2026-06-30,2026-10-24,Coors Field - with The Breeders,"Denver, CO",Stadium,FALSE,,,TRUE
My Chemical Romance,My Chemical Romance Announces New 2026 ‘Black Parade’ Dates,https://news.pollstar.com/2025/09/22/my-chemical-romance-announces-new-2026-black-parade-dates/,2025-09-22,2026-06-30,2026-10-24,Petco Park - with Babymetal,"San Diego, CA",Stadium,FALSE,,,TRUE
My Chemical Romance,My Chemical Romance Announces New 2026 ‘Black Parade’ Dates,https://news.pollstar.com/2025/09/22/my-chemical-romance-announces-new-2026-black-parade-dates/,2025-09-22,2026-06-30,2026-10-24,Chase Field - with Jimmy Eat World,"Phoenix, AZ",Stadium,FALSE,,,TRUE
My Chemical Romance,My Chemical Romance Announces New 2026 ‘Black Parade’ Dates,https://news.pollstar.com/2025/09/22/my-chemical-romance-announces-new-2026-black-parade-dates/,2025-09-22,2026-06-30,2026-10-24,Alamodome - with The Mars Volta,"San Antonio, TX",Stadium,FALSE,,,TRUE
My Chemical Romance,My Chemical Romance Announces New 2026 ‘Black Parade’ Dates,https://news.pollstar.com/2025/09/22/my-chemical-romance-announces-new-2026-black-parade-dates/,2025-09-22,2026-06-30,2026-10-24,Hollywood Bowl,"Los Angeles, CA",Amphitheater,FALSE,,,TRUE
My Chemical Romance,My Chemical Romance Announces New 2026 ‘Black Parade’ Dates,https://news.pollstar.com/2025/09/22/my-chemical-romance-announces-new-2026-black-parade-dates/,2025-09-22,2026-06-30,2026-10-24,Hollywood Bowl,"Los Angeles, CA",Amphitheater,FALSE,,,TRUE
My Chemical Romance,My Chemical Romance Announces New 2026 ‘Black Parade’ Dates,https://news.pollstar.com/2025/09/22/my-chemical-romance-announces-new-2026-black-parade-dates/,2025-09-22,2026-06-30,2026-10-24,Hollywood Bowl,"Los Angeles, CA",Amphitheater,FALSE,,,TRUE
Country Star Parker McCollum,Country Star Parker McCollum Announces 2026 Tour Dates,https://news.pollstar.com/2025/09/19/country-star-parker-mccollum-announces-2026-tour-dates/,2025-09-19,2026-01-23,2026-03-28,Don Haskins Center,"El Paso, TX",Arena,FALSE,,,TRUE
Country Star Parker McCollum,Country Star Parker McCollum Announces 2026 Tour Dates,https://news.pollstar.com/2025/09/19/country-star-parker-mccollum-announces-2026-tour-dates/,2025-09-19,2026-01-23,2026-03-28,Desert Diamond Arena,"Glendale, AZ",Arena,FALSE,,,TRUE
Country Star Parker McCollum,Country Star Parker McCollum Announces 2026 Tour Dates,https://news.pollstar.com/2025/09/19/country-star-parker-mccollum-announces-2026-tour-dates/,2025-09-19,2026-01-23,2026-03-28,Bert Ogden Arena,"Edinburg, TX",Arena,FALSE,,,TRUE
Country Star Parker McCollum,Country Star Parker McCollum Announces 2026 Tour Dates,https://news.pollstar.com/2025/09/19/country-star-parker-mccollum-announces-2026-tour-dates/,2025-09-19,2026-01-23,2026-03-28,Hillard Center Arena,"Corpus Christi, TX",Arena,FALSE,,,TRUE
Country Star Parker McCollum,Country Star Parker McCollum Announces 2026 Tour Dates,https://news.pollstar.com/2025/09/19/country-star-parker-mccollum-announces-2026-tour-dates/,2025-09-19,2026-01-23,2026-03-28,Frost Bank Center,"San Antonio, TX",Arena,FALSE,,,TRUE
Country Star Parker McCollum,Country Star Parker McCollum Announces 2026 Tour Dates,https://news.pollstar.com/2025/09/19/country-star-parker-mccollum-announces-2026-tour-dates/,2025-09-19,2026-01-23,2026-03-28,SJB Pavilion at Ole Miss,"Oxford, MS",Other,FALSE,,,TRUE
Country Star Parker McCollum,Country Star Parker McCollum Announces 2026 Tour Dates,https://news.pollstar.com/2025/09/19/country-star-parker-mccollum-announces-2026-tour-dates/,2025-09-19,2026-01-23,2026-03-28,Rupp Arena,"Lexington, KY",Arena,FALSE,,,TRUE
Country Star Parker McCollum,Country Star Parker McCollum Announces 2026 Tour Dates,https://news.pollstar.com/2025/09/19/country-star-parker-mccollum-announces-2026-tour-dates/,2025-09-19,2026-01-23,2026-03-28,Salem Civic Center,"Salem, VA",Arena,FALSE,,,TRUE
Country Star Parker McCollum,Country Star Parker McCollum Announces 2026 Tour Dates,https://news.pollstar.com/2025/09/19/country-star-parker-mccollum-announces-2026-tour-dates/,2025-09-19,2026-01-23,2026-03-28,Lawrence Joel Veterans Memorial Coliseum,"Winston-Salem, NC",Arena,FALSE,,,TRUE
Country Star Parker McCollum,Country Star Parker McCollum Announces 2026 Tour Dates,https://news.pollstar.com/2025/09/19/country-star-parker-mccollum-announces-2026-tour-dates/,2025-09-19,2026-01-23,2026-03-28,Neville Arena,"Auburn, AL",Arena,FALSE,,,TRUE
Country Star Parker McCollum,Country Star Parker McCollum Announces 2026 Tour Dates,https://news.pollstar.com/2025/09/19/country-star-parker-mccollum-announces-2026-tour-dates/,2025-09-19,2026-01-23,2026-03-28,Enmarket Arena,"Savannah, GA",Arena,FALSE,,,TRUE
Country Star Parker McCollum,Country Star Parker McCollum Announces 2026 Tour Dates,https://news.pollstar.com/2025/09/19/country-star-parker-mccollum-announces-2026-tour-dates/,2025-09-19,2026-01-23,2026-03-28,Hertz Arena,"Estero, FL",Arena,FALSE,,,TRUE
Country Star Parker McCollum,Country Star Parker McCollum Announces 2026 Tour Dates,https://news.pollstar.com/2025/09/19/country-star-parker-mccollum-announces-2026-tour-dates/,2025-09-19,2026-01-23,2026-03-28,St. Augustine Amphitheater,"St. Augustine, FL",Theater,FALSE,,,TRUE
Country Star Parker McCollum,Country Star Parker McCollum Announces 2026 Tour Dates,https://news.pollstar.com/2025/09/19/country-star-parker-mccollum-announces-2026-tour-dates/,2025-09-19,2026-01-23,2026-03-28,St. Augustine Amphitheater,"St. Augustine, FL",Theater,FALSE,,,TRUE
RAYE,RAYE Announces “This Tour May Contain New Music” 2026,https://news.pollstar.com/2025/09/18/raye-announces-this-tour-may-contain-new-music-2026/,2025-09-18,2026-01-22,2026-05-12,Atlas Arena,"Lodz, Poland",Arena,FALSE,,,TRUE
RAYE,RAYE Announces “This Tour May Contain New Music” 2026,https://news.pollstar.com/2025/09/18/raye-announces-this-tour-may-contain-new-music-2026/,2025-09-18,2026-01-22,2026-05-12,Uber Arena (FKA Mercedes Benz Arena),"Berlin, Germany",Arena,FALSE,,,TRUE
RAYE,RAYE Announces “This Tour May Contain New Music” 2026,https://news.pollstar.com/2025/09/18/raye-announces-this-tour-may-contain-new-music-2026/,2025-09-18,2026-01-22,2026-05-12,O2 Arena,"Prague, Czech Republic",Arena,FALSE,,,TRUE
RAYE,RAYE Announces “This Tour May Contain New Music” 2026,https://news.pollstar.com/2025/09/18/raye-announces-this-tour-may-contain-new-music-2026/,2025-09-18,2026-01-22,2026-05-12,Ziggo Dome,"Amsterdam, Netherlands",Arena,FALSE,,,TRUE
RAYE,RAYE Announces “This Tour May Contain New Music” 2026,https://news.pollstar.com/2025/09/18/raye-announces-this-tour-may-contain-new-music-2026/,2025-09-18,2026-01-22,2026-05-12,Unipol Arena,"Bologna, Italy",Arena,FALSE,,,TRUE
RAYE,RAYE Announces “This Tour May Contain New Music” 2026,https://news.pollstar.com/2025/09/18/raye-announces-this-tour-may-contain-new-music-2026/,2025-09-18,2026-01-22,2026-05-12,AFAS Dome,"Antwerp, Belgium",Arena,FALSE,,,TRUE
RAYE,RAYE Announces “This Tour May Contain New Music” 2026,https://news.pollstar.com/2025/09/18/raye-announces-this-tour-may-contain-new-music-2026/,2025-09-18,2026-01-22,2026-05-12,Royal Arena,"Copenhagen, Denmark",Arena,LYV,,,TRUE
RAYE,RAYE Announces “This Tour May Contain New Music” 2026,https://news.pollstar.com/2025/09/18/raye-announces-this-tour-may-contain-new-music-2026/,2025-09-18,2026-01-22,2026-05-12,Unity Arena,"Oslo, Norway",Arena,FALSE,,,TRUE
RAYE,RAYE Announces “This Tour May Contain New Music” 2026,https://news.pollstar.com/2025/09/18/raye-announces-this-tour-may-contain-new-music-2026/,2025-09-18,2026-01-22,2026-05-12,Avicii Arena,"Stockholm, Sweden",Arena,FALSE,,,TRUE
RAYE,RAYE Announces “This Tour May Contain New Music” 2026,https://news.pollstar.com/2025/09/18/raye-announces-this-tour-may-contain-new-music-2026/,2025-09-18,2026-01-22,2026-05-12,Lanxess Arena,"Cologne, Germany",Arena,FALSE,,,TRUE
RAYE,RAYE Announces “This Tour May Contain New Music” 2026,https://news.pollstar.com/2025/09/18/raye-announces-this-tour-may-contain-new-music-2026/,2025-09-18,2026-01-22,2026-05-12,Hallenstadion,"Zurich, Switzerland",Arena,FALSE,,,TRUE
RAYE,RAYE Announces “This Tour May Contain New Music” 2026,https://news.pollstar.com/2025/09/18/raye-announces-this-tour-may-contain-new-music-2026/,2025-09-18,2026-01-22,2026-05-12,Palau Saint Jordi,"Barcelona, Spain",Arena,FALSE,,,TRUE
RAYE,RAYE Announces “This Tour May Contain New Music” 2026,https://news.pollstar.com/2025/09/18/raye-announces-this-tour-may-contain-new-music-2026/,2025-09-18,2026-01-22,2026-05-12,Accor Arena,"Paris, France",Arena,FALSE,,,TRUE
RAYE,RAYE Announces “This Tour May Contain New Music” 2026,https://news.pollstar.com/2025/09/18/raye-announces-this-tour-may-contain-new-music-2026/,2025-09-18,2026-01-22,2026-05-12,Co-Op Live,"Manchester, UK",Arena,FALSE,,,TRUE
RAYE,RAYE Announces “This Tour May Contain New Music” 2026,https://news.pollstar.com/2025/09/18/raye-announces-this-tour-may-contain-new-music-2026/,2025-09-18,2026-01-22,2026-05-12,OVO Hydro,"Glasgow, UK",Arena,FALSE,,,TRUE
RAYE,RAYE Announces “This Tour May Contain New Music” 2026,https://news.pollstar.com/2025/09/18/raye-announces-this-tour-may-contain-new-music-2026/,2025-09-18,2026-01-22,2026-05-12,bp pulse LIVE,"Birmingham, UK",Arena,FALSE,,,TRUE
RAYE,RAYE Announces “This Tour May Contain New Music” 2026,https://news.pollstar.com/2025/09/18/raye-announces-this-tour-may-contain-new-music-2026/,2025-09-18,2026-01-22,2026-05-12,The O2,"London, UK",Arena,FALSE,,,TRUE
RAYE,RAYE Announces “This Tour May Contain New Music” 2026,https://news.pollstar.com/2025/09/18/raye-announces-this-tour-may-contain-new-music-2026/,2025-09-18,2026-01-22,2026-05-12,The O2,"London, UK",Arena,FALSE,,,TRUE
RAYE,RAYE Announces “This Tour May Contain New Music” 2026,https://news.pollstar.com/2025/09/18/raye-announces-this-tour-may-contain-new-music-2026/,2025-09-18,2026-01-22,2026-05-12,3Arena,"Dublin, Ireland",Arena,LYV,,,TRUE
RAYE,RAYE Announces “This Tour May Contain New Music” 2026,https://news.pollstar.com/2025/09/18/raye-announces-this-tour-may-contain-new-music-2026/,2025-09-18,2026-01-22,2026-05-12,Channel 24,"Sacramento, CA, USA",Club,FALSE,,,TRUE
RAYE,RAYE Announces “This Tour May Contain New Music” 2026,https://news.pollstar.com/2025/09/18/raye-announces-this-tour-may-contain-new-music-2026/,2025-09-18,2026-01-22,2026-05-12,Doug Mitchell Thunderbird Sports Center,"Vancouver, BC, CAN",Arena,FALSE,,,TRUE
RAYE,RAYE Announces “This Tour May Contain New Music” 2026,https://news.pollstar.com/2025/09/18/raye-announces-this-tour-may-contain-new-music-2026/,2025-09-18,2026-01-22,2026-05-12,WAMU Theater @ Lumen Field,"Seattle, WA, USA",Stadium,FALSE,,,TRUE
RAYE,RAYE Announces “This Tour May Contain New Music” 2026,https://news.pollstar.com/2025/09/18/raye-announces-this-tour-may-contain-new-music-2026/,2025-09-18,2026-01-22,2026-05-12,Fillmore Auditorium,"Denver, CO, USA",Theater,LYV,,,TRUE
RAYE,RAYE Announces “This Tour May Contain New Music” 2026,https://news.pollstar.com/2025/09/18/raye-announces-this-tour-may-contain-new-music-2026/,2025-09-18,2026-01-22,2026-05-12,State Theatre,"Minneapolis, MN, USA",Theater,FALSE,,,TRUE
RAYE,RAYE Announces “This Tour May Contain New Music” 2026,https://news.pollstar.com/2025/09/18/raye-announces-this-tour-may-contain-new-music-2026/,2025-09-18,2026-01-22,2026-05-12,Auditorium Theatre,"Chicago, IL, USA",Theater,FALSE,,,TRUE
RAYE,RAYE Announces “This Tour May Contain New Music” 2026,https://news.pollstar.com/2025/09/18/raye-announces-this-tour-may-contain-new-music-2026/,2025-09-18,2026-01-22,2026-05-12,Place Bell,"Montreal, QC, CAN",Arena,FALSE,,,TRUE
RAYE,RAYE Announces “This Tour May Contain New Music” 2026,https://news.pollstar.com/2025/09/18/raye-announces-this-tour-may-contain-new-music-2026/,2025-09-18,2026-01-22,2026-05-12,Coca Cola Coliseum,"Toronto, ON, CAN",Arena,LYV,,,TRUE
RAYE,RAYE Announces “This Tour May Contain New Music” 2026,https://news.pollstar.com/2025/09/18/raye-announces-this-tour-may-contain-new-music-2026/,2025-09-18,2026-01-22,2026-05-12,Radio City Music Hall,"New York, NY, USA",Theater,FALSE,,,TRUE
RAYE,RAYE Announces “This Tour May Contain New Music” 2026,https://news.pollstar.com/2025/09/18/raye-announces-this-tour-may-contain-new-music-2026/,2025-09-18,2026-01-22,2026-05-12,The Met Presented by Highmark,"Philadelphia, PA, USA",Theater,LYV,,,TRUE
RAYE,RAYE Announces “This Tour May Contain New Music” 2026,https://news.pollstar.com/2025/09/18/raye-announces-this-tour-may-contain-new-music-2026/,2025-09-18,2026-01-22,2026-05-12,MGM Music Hall at Fenway,"Boston, MA, USA",Theater,LYV,,,TRUE
RAYE,RAYE Announces “This Tour May Contain New Music” 2026,https://news.pollstar.com/2025/09/18/raye-announces-this-tour-may-contain-new-music-2026/,2025-09-18,2026-01-22,2026-05-12,The Anthem,"Washington, DC, USA",Club,FALSE,,,TRUE
RAYE,RAYE Announces “This Tour May Contain New Music” 2026,https://news.pollstar.com/2025/09/18/raye-announces-this-tour-may-contain-new-music-2026/,2025-09-18,2026-01-22,2026-05-12,Coca Cola Roxy,"Atlanta, GA, USA",Club,FALSE,,,TRUE
RAYE,RAYE Announces “This Tour May Contain New Music” 2026,https://news.pollstar.com/2025/09/18/raye-announces-this-tour-may-contain-new-music-2026/,2025-09-18,2026-01-22,2026-05-12,Ryman Auditorium,"Nashville, TN, USA",Theater,FALSE,,,TRUE
RAYE,RAYE Announces “This Tour May Contain New Music” 2026,https://news.pollstar.com/2025/09/18/raye-announces-this-tour-may-contain-new-music-2026/,2025-09-18,2026-01-22,2026-05-12,713 Music Hall,"Houston, TX, USA",Theater,FALSE,,,TRUE
RAYE,RAYE Announces “This Tour May Contain New Music” 2026,https://news.pollstar.com/2025/09/18/raye-announces-this-tour-may-contain-new-music-2026/,2025-09-18,2026-01-22,2026-05-12,South Side Ballroom,"Dallas, TX, USA",Club,FALSE,,,TRUE
RAYE,RAYE Announces “This Tour May Contain New Music” 2026,https://news.pollstar.com/2025/09/18/raye-announces-this-tour-may-contain-new-music-2026/,2025-09-18,2026-01-22,2026-05-12,Moody Amphitheater at Waterloo Park,"Austin, TX, USA",Amphitheater,LYV,,,TRUE
RAYE,RAYE Announces “This Tour May Contain New Music” 2026,https://news.pollstar.com/2025/09/18/raye-announces-this-tour-may-contain-new-music-2026/,2025-09-18,2026-01-22,2026-05-12,Arizona Financial Theatre,"Phoenix, AZ, USA",Theater,LYV,,,TRUE
RAYE,RAYE Announces “This Tour May Contain New Music” 2026,https://news.pollstar.com/2025/09/18/raye-announces-this-tour-may-contain-new-music-2026/,2025-09-18,2026-01-22,2026-05-12,The Chelsea at the Cosmopolitan of Las Vegas,"Las Vegas, NV, USA",Theater,FALSE,,,TRUE
RAYE,RAYE Announces “This Tour May Contain New Music” 2026,https://news.pollstar.com/2025/09/18/raye-announces-this-tour-may-contain-new-music-2026/,2025-09-18,2026-01-22,2026-05-12,The Theater at Bill Graham Civic Auditorium,"San Francisco, CA, USA",Theater,FALSE,,,TRUE
RAYE,RAYE Announces “This Tour May Contain New Music” 2026,https://news.pollstar.com/2025/09/18/raye-announces-this-tour-may-contain-new-music-2026/,2025-09-18,2026-01-22,2026-05-12,Greek Theatre,"Los Angeles, CA, USA",Amphitheater,FALSE,,,TRUE
Sarah McLachlan,Sarah McLachlan Announces ‘Better Broken Tour’,https://news.pollstar.com/2025/09/18/sarah-mclachlan-announces-better-broken-tour/,2025-09-18,2024-11-16,2024-11-29,The Anthem,"Washington, DC",Club,FALSE,,,TRUE
Sarah McLachlan,Sarah McLachlan Announces ‘Better Broken Tour’,https://news.pollstar.com/2025/09/18/sarah-mclachlan-announces-better-broken-tour/,2025-09-18,2024-11-16,2024-11-29,The Met Philadelphia presented by Highmark,"Philadelphia, PA",Theater,LYV,,,TRUE
Sarah McLachlan,Sarah McLachlan Announces ‘Better Broken Tour’,https://news.pollstar.com/2025/09/18/sarah-mclachlan-announces-better-broken-tour/,2025-09-18,2024-11-16,2024-11-29,Beacon Theatre,"New York, NY",Theater,FALSE,,,TRUE
Sarah McLachlan,Sarah McLachlan Announces ‘Better Broken Tour’,https://news.pollstar.com/2025/09/18/sarah-mclachlan-announces-better-broken-tour/,2025-09-18,2024-11-16,2024-11-29,Orpheum Theatre,"Boston, MA",Theater,LYV,,,TRUE
Sarah McLachlan,Sarah McLachlan Announces ‘Better Broken Tour’,https://news.pollstar.com/2025/09/18/sarah-mclachlan-announces-better-broken-tour/,2025-09-18,2024-11-16,2024-11-29,The Auditorium,"Chicago, IL",Theater,FALSE,,,TRUE
Sarah McLachlan,Sarah McLachlan Announces ‘Better Broken Tour’,https://news.pollstar.com/2025/09/18/sarah-mclachlan-announces-better-broken-tour/,2025-09-18,2024-11-16,2024-11-29,The Armory,"Minneapolis, MN",Theater,FALSE,,,TRUE
Sarah McLachlan,Sarah McLachlan Announces ‘Better Broken Tour’,https://news.pollstar.com/2025/09/18/sarah-mclachlan-announces-better-broken-tour/,2025-09-18,2024-11-16,2024-11-29,Paramount Theatre,"Seattle, WA",Theater,FALSE,,,TRUE
Sarah McLachlan,Sarah McLachlan Announces ‘Better Broken Tour’,https://news.pollstar.com/2025/09/18/sarah-mclachlan-announces-better-broken-tour/,2025-09-18,2024-11-16,2024-11-29,The Masonic,"San Francisco, CA",Theater,LYV,,,TRUE
Sarah McLachlan,Sarah McLachlan Announces ‘Better Broken Tour’,https://news.pollstar.com/2025/09/18/sarah-mclachlan-announces-better-broken-tour/,2025-09-18,2024-11-16,2024-11-29,The Orpheum Theatre,"Los Angeles, CA",Theater,LYV,,,TRUE
Andrew Bird,Andrew Bird Expands ‘The Mysterious Production Of Eggs’ 20th Anniversary Tour Dates,https://news.pollstar.com/2025/09/09/andrew-bird-expands-the-mysterious-production-of-eggs-20th-anniversary-tour-dates/,2025-09-09,2025-04-02,2025-06-03,Palace Theatre with Waterbury Symphony,"Waterbury, CT",Theater,FALSE,,,TRUE
Andrew Bird,Andrew Bird Expands ‘The Mysterious Production Of Eggs’ 20th Anniversary Tour Dates,https://news.pollstar.com/2025/09/09/andrew-bird-expands-the-mysterious-production-of-eggs-20th-anniversary-tour-dates/,2025-09-09,2025-04-02,2025-06-03,Veterans Memorial Auditorium with Rhode Island Philharmonic,"Providence, RI",Theater,FALSE,,,TRUE
Andrew Bird,Andrew Bird Expands ‘The Mysterious Production Of Eggs’ 20th Anniversary Tour Dates,https://news.pollstar.com/2025/09/09/andrew-bird-expands-the-mysterious-production-of-eggs-20th-anniversary-tour-dates/,2025-09-09,2025-04-02,2025-06-03,Kleinhan’s Music Hall with Buffalo Philharmonic,"Buffalo, NY",Other,FALSE,,,TRUE
Andrew Bird,Andrew Bird Expands ‘The Mysterious Production Of Eggs’ 20th Anniversary Tour Dates,https://news.pollstar.com/2025/09/09/andrew-bird-expands-the-mysterious-production-of-eggs-20th-anniversary-tour-dates/,2025-09-09,2025-04-02,2025-06-03,Clowes Memorial Hall with Indianapolis Symphony,"Indianapolis, IN",Other,FALSE,,,TRUE
Andrew Bird,Andrew Bird Expands ‘The Mysterious Production Of Eggs’ 20th Anniversary Tour Dates,https://news.pollstar.com/2025/09/09/andrew-bird-expands-the-mysterious-production-of-eggs-20th-anniversary-tour-dates/,2025-09-09,2025-04-02,2025-06-03,Thomas Wolfe Auditorium with Asheville Symphony,"Asheville, NC",Theater,FALSE,,,TRUE
Andrew Bird,Andrew Bird Expands ‘The Mysterious Production Of Eggs’ 20th Anniversary Tour Dates,https://news.pollstar.com/2025/09/09/andrew-bird-expands-the-mysterious-production-of-eggs-20th-anniversary-tour-dates/,2025-09-09,2025-04-02,2025-06-03,Tanger Center with Greensboro Symphony,"Greensboro, NC",Other,FALSE,,,TRUE
Andrew Bird,Andrew Bird Expands ‘The Mysterious Production Of Eggs’ 20th Anniversary Tour Dates,https://news.pollstar.com/2025/09/09/andrew-bird-expands-the-mysterious-production-of-eggs-20th-anniversary-tour-dates/,2025-09-09,2025-04-02,2025-06-03,Strathmore with National Philharmonic,"North Bethesda, MD",Auditorium,FALSE,,,TRUE
Andrew Bird,Andrew Bird Expands ‘The Mysterious Production Of Eggs’ 20th Anniversary Tour Dates,https://news.pollstar.com/2025/09/09/andrew-bird-expands-the-mysterious-production-of-eggs-20th-anniversary-tour-dates/,2025-09-09,2025-04-02,2025-06-03,Strathmore with National Philharmonic,"North Bethesda, MD",Auditorium,FALSE,,,TRUE
Patrick Watson Embarking On U.S. Spring Tour To Promote Forthcoming Album,Patrick Watson Embarking On U.S. Spring Tour To Promote Forthcoming Album,https://news.pollstar.com/2025/09/09/patrick-watson-embarking-on-u-s-spring-tour-to-promote-forthcoming-album/,2025-09-09,2025-10-05,2026-04-30,Rise Festival,"Las Vegas, NV",Other,FALSE,,,TRUE
Patrick Watson Embarking On U.S. Spring Tour To Promote Forthcoming Album,Patrick Watson Embarking On U.S. Spring Tour To Promote Forthcoming Album,https://news.pollstar.com/2025/09/09/patrick-watson-embarking-on-u-s-spring-tour-to-promote-forthcoming-album/,2025-09-09,2025-10-05,2026-04-30,Bearsville Theater,"Woodstock, NY",Theater,FALSE,,,TRUE
Patrick Watson Embarking On U.S. Spring Tour To Promote Forthcoming Album,Patrick Watson Embarking On U.S. Spring Tour To Promote Forthcoming Album,https://news.pollstar.com/2025/09/09/patrick-watson-embarking-on-u-s-spring-tour-to-promote-forthcoming-album/,2025-09-09,2025-10-05,2026-04-30,The Gild Concert Hall,"Arden, DE",Other,FALSE,,,TRUE
Patrick Watson Embarking On U.S. Spring Tour To Promote Forthcoming Album,Patrick Watson Embarking On U.S. Spring Tour To Promote Forthcoming Album,https://news.pollstar.com/2025/09/09/patrick-watson-embarking-on-u-s-spring-tour-to-promote-forthcoming-album/,2025-09-09,2025-10-05,2026-04-30,Thalia Hall,"Chicago, IL",Other,FALSE,,,TRUE
Patrick Watson Embarking On U.S. Spring Tour To Promote Forthcoming Album,Patrick Watson Embarking On U.S. Spring Tour To Promote Forthcoming Album,https://news.pollstar.com/2025/09/09/patrick-watson-embarking-on-u-s-spring-tour-to-promote-forthcoming-album/,2025-09-09,2025-10-05,2026-04-30,The Basement East,"Nashville, TN",Club,FALSE,,,TRUE
Patrick Watson Embarking On U.S. Spring Tour To Promote Forthcoming Album,Patrick Watson Embarking On U.S. Spring Tour To Promote Forthcoming Album,https://news.pollstar.com/2025/09/09/patrick-watson-embarking-on-u-s-spring-tour-to-promote-forthcoming-album/,2025-09-09,2025-10-05,2026-04-30,Big Ears Festival,"Knoxville, TN",Other,FALSE,,,TRUE
Patrick Watson Embarking On U.S. Spring Tour To Promote Forthcoming Album,Patrick Watson Embarking On U.S. Spring Tour To Promote Forthcoming Album,https://news.pollstar.com/2025/09/09/patrick-watson-embarking-on-u-s-spring-tour-to-promote-forthcoming-album/,2025-09-09,2025-10-05,2026-04-30,Carnegie Lecture Hall,"Pittsburgh, PA",Other,FALSE,,,TRUE
Patrick Watson Embarking On U.S. Spring Tour To Promote Forthcoming Album,Patrick Watson Embarking On U.S. Spring Tour To Promote Forthcoming Album,https://news.pollstar.com/2025/09/09/patrick-watson-embarking-on-u-s-spring-tour-to-promote-forthcoming-album/,2025-09-09,2025-10-05,2026-04-30,9:30 Club,"Washington, DC",Club,FALSE,,,TRUE
Patrick Watson Embarking On U.S. Spring Tour To Promote Forthcoming Album,Patrick Watson Embarking On U.S. Spring Tour To Promote Forthcoming Album,https://news.pollstar.com/2025/09/09/patrick-watson-embarking-on-u-s-spring-tour-to-promote-forthcoming-album/,2025-09-09,2025-10-05,2026-04-30,Warsaw,"Brooklyn, NY",Club,FALSE,,,TRUE
Patrick Watson Embarking On U.S. Spring Tour To Promote Forthcoming Album,Patrick Watson Embarking On U.S. Spring Tour To Promote Forthcoming Album,https://news.pollstar.com/2025/09/09/patrick-watson-embarking-on-u-s-spring-tour-to-promote-forthcoming-album/,2025-09-09,2025-10-05,2026-04-30,Somerville Theatre,"Boston, MA",Auditorium,FALSE,,,TRUE
Patrick Watson Embarking On U.S. Spring Tour To Promote Forthcoming Album,Patrick Watson Embarking On U.S. Spring Tour To Promote Forthcoming Album,https://news.pollstar.com/2025/09/09/patrick-watson-embarking-on-u-s-spring-tour-to-promote-forthcoming-album/,2025-09-09,2025-10-05,2026-04-30,Higher Ground,"Burlington, VT",Club,FALSE,,,TRUE
Patrick Watson Embarking On U.S. Spring Tour To Promote Forthcoming Album,Patrick Watson Embarking On U.S. Spring Tour To Promote Forthcoming Album,https://news.pollstar.com/2025/09/09/patrick-watson-embarking-on-u-s-spring-tour-to-promote-forthcoming-album/,2025-09-09,2025-10-05,2026-04-30,Artpower at UCSD,"San Diego, CA",Auditorium,FALSE,,,TRUE
Patrick Watson Embarking On U.S. Spring Tour To Promote Forthcoming Album,Patrick Watson Embarking On U.S. Spring Tour To Promote Forthcoming Album,https://news.pollstar.com/2025/09/09/patrick-watson-embarking-on-u-s-spring-tour-to-promote-forthcoming-album/,2025-09-09,2025-10-05,2026-04-30,The Belasco,"Los Angeles, CA",Theater,LYV,,,TRUE
Patrick Watson Embarking On U.S. Spring Tour To Promote Forthcoming Album,Patrick Watson Embarking On U.S. Spring Tour To Promote Forthcoming Album,https://news.pollstar.com/2025/09/09/patrick-watson-embarking-on-u-s-spring-tour-to-promote-forthcoming-album/,2025-09-09,2025-10-05,2026-04-30,Palace of Fine Arts,"San Francisco, CA",Theater,FALSE,,,TRUE
Patrick Watson Embarking On U.S. Spring Tour To Promote Forthcoming Album,Patrick Watson Embarking On U.S. Spring Tour To Promote Forthcoming Album,https://news.pollstar.com/2025/09/09/patrick-watson-embarking-on-u-s-spring-tour-to-promote-forthcoming-album/,2025-09-09,2025-10-05,2026-04-30,Herbst Theatre,"Berkeley, CA",Auditorium,FALSE,,,TRUE
Patrick Watson Embarking On U.S. Spring Tour To Promote Forthcoming Album,Patrick Watson Embarking On U.S. Spring Tour To Promote Forthcoming Album,https://news.pollstar.com/2025/09/09/patrick-watson-embarking-on-u-s-spring-tour-to-promote-forthcoming-album/,2025-09-09,2025-10-05,2026-04-30,Wonder Ballroom,"Portland, OR",Other,FALSE,,,TRUE
Patrick Watson Embarking On U.S. Spring Tour To Promote Forthcoming Album,Patrick Watson Embarking On U.S. Spring Tour To Promote Forthcoming Album,https://news.pollstar.com/2025/09/09/patrick-watson-embarking-on-u-s-spring-tour-to-promote-forthcoming-album/,2025-09-09,2025-10-05,2026-04-30,Neptune Theater,"Seattle, WA",Theater,FALSE,,,TRUE
Lady Gaga,Lady Gaga Expands ‘Mayhem Ball Tour’ With North American Dates,https://news.pollstar.com/2025/09/09/lady-gaga-expands-mayhem-ball-tour-with-north-american-dates/,2025-09-09,2025-02-14,2025-09-18,Desert Diamond Arena,"Glendale, AZ",Arena,FALSE,,,TRUE
Lady Gaga,Lady Gaga Expands ‘Mayhem Ball Tour’ With North American Dates,https://news.pollstar.com/2025/09/09/lady-gaga-expands-mayhem-ball-tour-with-north-american-dates/,2025-09-09,2025-02-14,2025-09-18,Desert Diamond Arena,"Glendale, AZ",Arena,FALSE,,,TRUE
Lady Gaga,Lady Gaga Expands ‘Mayhem Ball Tour’ With North American Dates,https://news.pollstar.com/2025/09/09/lady-gaga-expands-mayhem-ball-tour-with-north-american-dates/,2025-09-09,2025-02-14,2025-09-18,Kia Forum,"Los Angeles, CA",Arena,FALSE,,,TRUE
Lady Gaga,Lady Gaga Expands ‘Mayhem Ball Tour’ With North American Dates,https://news.pollstar.com/2025/09/09/lady-gaga-expands-mayhem-ball-tour-with-north-american-dates/,2025-09-09,2025-02-14,2025-09-18,Kia Forum,"Los Angeles, CA",Arena,FALSE,,,TRUE
Lady Gaga,Lady Gaga Expands ‘Mayhem Ball Tour’ With North American Dates,https://news.pollstar.com/2025/09/09/lady-gaga-expands-mayhem-ball-tour-with-north-american-dates/,2025-09-09,2025-02-14,2025-09-18,Dickies Arena,"Fort Worth, TX",Arena,FALSE,,,TRUE
Lady Gaga,Lady Gaga Expands ‘Mayhem Ball Tour’ With North American Dates,https://news.pollstar.com/2025/09/09/lady-gaga-expands-mayhem-ball-tour-with-north-american-dates/,2025-09-09,2025-02-14,2025-09-18,Dickies Arena,"Fort Worth, TX",Arena,FALSE,,,TRUE
Lady Gaga,Lady Gaga Expands ‘Mayhem Ball Tour’ With North American Dates,https://news.pollstar.com/2025/09/09/lady-gaga-expands-mayhem-ball-tour-with-north-american-dates/,2025-09-09,2025-02-14,2025-09-18,State Farm Arena,"Atlanta, GA",Arena,FALSE,,,TRUE
Lady Gaga,Lady Gaga Expands ‘Mayhem Ball Tour’ With North American Dates,https://news.pollstar.com/2025/09/09/lady-gaga-expands-mayhem-ball-tour-with-north-american-dates/,2025-09-09,2025-02-14,2025-09-18,State Farm Arena,"Atlanta, GA",Arena,FALSE,,,TRUE
Lady Gaga,Lady Gaga Expands ‘Mayhem Ball Tour’ With North American Dates,https://news.pollstar.com/2025/09/09/lady-gaga-expands-mayhem-ball-tour-with-north-american-dates/,2025-09-09,2025-02-14,2025-09-18,Moody Center,"Austin, TX",Arena,FALSE,,,TRUE
Lady Gaga,Lady Gaga Expands ‘Mayhem Ball Tour’ With North American Dates,https://news.pollstar.com/2025/09/09/lady-gaga-expands-mayhem-ball-tour-with-north-american-dates/,2025-09-09,2025-02-14,2025-09-18,Moody Center,"Austin, TX",Arena,FALSE,,,TRUE
Lady Gaga,Lady Gaga Expands ‘Mayhem Ball Tour’ With North American Dates,https://news.pollstar.com/2025/09/09/lady-gaga-expands-mayhem-ball-tour-with-north-american-dates/,2025-09-09,2025-02-14,2025-09-18,Kaseya Center,"Miami, FL",Arena,FALSE,,,TRUE
Lady Gaga,Lady Gaga Expands ‘Mayhem Ball Tour’ With North American Dates,https://news.pollstar.com/2025/09/09/lady-gaga-expands-mayhem-ball-tour-with-north-american-dates/,2025-09-09,2025-02-14,2025-09-18,Madison Square Garden,"New York, NY",Arena,FALSE,,,TRUE
Lady Gaga,Lady Gaga Expands ‘Mayhem Ball Tour’ With North American Dates,https://news.pollstar.com/2025/09/09/lady-gaga-expands-mayhem-ball-tour-with-north-american-dates/,2025-09-09,2025-02-14,2025-09-18,Madison Square Garden,"New York, NY",Arena,FALSE,,,TRUE
Lady Gaga,Lady Gaga Expands ‘Mayhem Ball Tour’ With North American Dates,https://news.pollstar.com/2025/09/09/lady-gaga-expands-mayhem-ball-tour-with-north-american-dates/,2025-09-09,2025-02-14,2025-09-18,Capital One Arena,"Washington, DC",Arena,FALSE,,,TRUE
Lady Gaga,Lady Gaga Expands ‘Mayhem Ball Tour’ With North American Dates,https://news.pollstar.com/2025/09/09/lady-gaga-expands-mayhem-ball-tour-with-north-american-dates/,2025-09-09,2025-02-14,2025-09-18,Capital One Arena,"Washington, DC",Arena,FALSE,,,TRUE
Lady Gaga,Lady Gaga Expands ‘Mayhem Ball Tour’ With North American Dates,https://news.pollstar.com/2025/09/09/lady-gaga-expands-mayhem-ball-tour-with-north-american-dates/,2025-09-09,2025-02-14,2025-09-18,TD Garden,"Boston, MA",Arena,FALSE,,,TRUE
Lady Gaga,Lady Gaga Expands ‘Mayhem Ball Tour’ With North American Dates,https://news.pollstar.com/2025/09/09/lady-gaga-expands-mayhem-ball-tour-with-north-american-dates/,2025-09-09,2025-02-14,2025-09-18,TD Garden,"Boston, MA",Arena,FALSE,,,TRUE
Lady Gaga,Lady Gaga Expands ‘Mayhem Ball Tour’ With North American Dates,https://news.pollstar.com/2025/09/09/lady-gaga-expands-mayhem-ball-tour-with-north-american-dates/,2025-09-09,2025-02-14,2025-09-18,Bell Centre,"Montreal, QC",Arena,FALSE,,,TRUE
Lady Gaga,Lady Gaga Expands ‘Mayhem Ball Tour’ With North American Dates,https://news.pollstar.com/2025/09/09/lady-gaga-expands-mayhem-ball-tour-with-north-american-dates/,2025-09-09,2025-02-14,2025-09-18,Bell Centre,"Montreal, QC",Arena,FALSE,,,TRUE
Lady Gaga,Lady Gaga Expands ‘Mayhem Ball Tour’ With North American Dates,https://news.pollstar.com/2025/09/09/lady-gaga-expands-mayhem-ball-tour-with-north-american-dates/,2025-09-09,2025-02-14,2025-09-18,Grand Casino Arena,"Saint Paul, MN",Theater,FALSE,,,TRUE
Lady Gaga,Lady Gaga Expands ‘Mayhem Ball Tour’ With North American Dates,https://news.pollstar.com/2025/09/09/lady-gaga-expands-mayhem-ball-tour-with-north-american-dates/,2025-09-09,2025-02-14,2025-09-18,Grand Casino Arena,"Saint Paul, MN",Theater,FALSE,,,TRUE
Lady Gaga,Lady Gaga Expands ‘Mayhem Ball Tour’ With North American Dates,https://news.pollstar.com/2025/09/09/lady-gaga-expands-mayhem-ball-tour-with-north-american-dates/,2025-09-09,2025-02-14,2025-09-18,Scotiabank Arena,"Toronto, ON",Arena,FALSE,,,TRUE
Lady Gaga,Lady Gaga Expands ‘Mayhem Ball Tour’ With North American Dates,https://news.pollstar.com/2025/09/09/lady-gaga-expands-mayhem-ball-tour-with-north-american-dates/,2025-09-09,2025-02-14,2025-09-18,Scotiabank Arena,"Toronto, ON",Arena,FALSE,,,TRUE
Lady Gaga,Lady Gaga Expands ‘Mayhem Ball Tour’ With North American Dates,https://news.pollstar.com/2025/09/09/lady-gaga-expands-mayhem-ball-tour-with-north-american-dates/,2025-09-09,2025-02-14,2025-09-18,Scotiabank Arena,"Toronto, ON",Arena,FALSE,,,TRUE
Lady Gaga,Lady Gaga Expands ‘Mayhem Ball Tour’ With North American Dates,https://news.pollstar.com/2025/09/09/lady-gaga-expands-mayhem-ball-tour-with-north-american-dates/,2025-09-09,2025-02-14,2025-09-18,United Center,"Chicago, IL",Arena,FALSE,,,TRUE
Lady Gaga,Lady Gaga Expands ‘Mayhem Ball Tour’ With North American Dates,https://news.pollstar.com/2025/09/09/lady-gaga-expands-mayhem-ball-tour-with-north-american-dates/,2025-09-09,2025-02-14,2025-09-18,United Center,"Chicago, IL",Arena,FALSE,,,TRUE
Lady Gaga,Lady Gaga Expands ‘Mayhem Ball Tour’ With North American Dates,https://news.pollstar.com/2025/09/09/lady-gaga-expands-mayhem-ball-tour-with-north-american-dates/,2025-09-09,2025-02-14,2025-09-18,United Center,"Chicago, IL",Arena,FALSE,,,TRUE
Tame Impala,Tame Impala Announces 2025 U.S. Tour,https://news.pollstar.com/2025/09/05/tame-impala-announces-2025-u-s-tour/,2025-09-05,2025-10-31,2025-11-14,Barclays Center,"Brooklyn, NY",Arena,FALSE,,,TRUE
Tame Impala,Tame Impala Announces 2025 U.S. Tour,https://news.pollstar.com/2025/09/05/tame-impala-announces-2025-u-s-tour/,2025-09-05,2025-10-31,2025-11-14,Barclays Center,"Brooklyn, NY",Arena,FALSE,,,TRUE
Tame Impala,Tame Impala Announces 2025 U.S. Tour,https://news.pollstar.com/2025/09/05/tame-impala-announces-2025-u-s-tour/,2025-09-05,2025-10-31,2025-11-14,United Center,"Chicago, IL",Arena,FALSE,,,TRUE
Tame Impala,Tame Impala Announces 2025 U.S. Tour,https://news.pollstar.com/2025/09/05/tame-impala-announces-2025-u-s-tour/,2025-09-05,2025-10-31,2025-11-14,Moody Center,"Austin, TX",Arena,FALSE,,,TRUE
Tame Impala,Tame Impala Announces 2025 U.S. Tour,https://news.pollstar.com/2025/09/05/tame-impala-announces-2025-u-s-tour/,2025-09-05,2025-10-31,2025-11-14,Pechanga Arena,"San Diego, CA",Arena,FALSE,,,TRUE
Tame Impala,Tame Impala Announces 2025 U.S. Tour,https://news.pollstar.com/2025/09/05/tame-impala-announces-2025-u-s-tour/,2025-09-05,2025-10-31,2025-11-14,Kia Forum,"Los Angeles, CA",Arena,FALSE,,,TRUE
Tame Impala,Tame Impala Announces 2025 U.S. Tour,https://news.pollstar.com/2025/09/05/tame-impala-announces-2025-u-s-tour/,2025-09-05,2025-10-31,2025-11-14,Kia Forum,"Los Angeles, CA",Arena,FALSE,,,TRUE
Tame Impala,Tame Impala Announces 2025 U.S. Tour,https://news.pollstar.com/2025/09/05/tame-impala-announces-2025-u-s-tour/,2025-09-05,2025-10-31,2025-11-14,Oakland Arena,"Oakland, CA",Arena,FALSE,,,TRUE
The Weeknd Continues ‘After Hours Til Dawn’ Stadium Run Into 2026,The Weeknd Continues ‘After Hours Til Dawn’ Stadium Run Into 2026,https://news.pollstar.com/2025/09/04/the-weeknd-continues-after-hours-til-dawn-stadium-run-into-2026/,2025-09-04,2026-04-20,2026-08-29,Estadio GNP Seguros,"Mexico City, MX",Stadium,LYV,,,TRUE
The Weeknd Continues ‘After Hours Til Dawn’ Stadium Run Into 2026,The Weeknd Continues ‘After Hours Til Dawn’ Stadium Run Into 2026,https://news.pollstar.com/2025/09/04/the-weeknd-continues-after-hours-til-dawn-stadium-run-into-2026/,2025-09-04,2026-04-20,2026-08-29,Estadio GNP Seguros,"Mexico City, MX",Stadium,LYV,,,TRUE
The Weeknd Continues ‘After Hours Til Dawn’ Stadium Run Into 2026,The Weeknd Continues ‘After Hours Til Dawn’ Stadium Run Into 2026,https://news.pollstar.com/2025/09/04/the-weeknd-continues-after-hours-til-dawn-stadium-run-into-2026/,2025-09-04,2026-04-20,2026-08-29,"Rio de Janeiro, Brazil",Estádio Nilton Santos,Other,FALSE,,,TRUE
The Weeknd Continues ‘After Hours Til Dawn’ Stadium Run Into 2026,The Weeknd Continues ‘After Hours Til Dawn’ Stadium Run Into 2026,https://news.pollstar.com/2025/09/04/the-weeknd-continues-after-hours-til-dawn-stadium-run-into-2026/,2025-09-04,2026-04-20,2026-08-29,"São Paulo, Brazil",Estádio MorumBIS,Other,FALSE,,,TRUE
The Weeknd Continues ‘After Hours Til Dawn’ Stadium Run Into 2026,The Weeknd Continues ‘After Hours Til Dawn’ Stadium Run Into 2026,https://news.pollstar.com/2025/09/04/the-weeknd-continues-after-hours-til-dawn-stadium-run-into-2026/,2025-09-04,2026-04-20,2026-08-29,"São Paulo, Brazil",Estádio MorumBIS,Other,FALSE,,,TRUE
The Weeknd Continues ‘After Hours Til Dawn’ Stadium Run Into 2026,The Weeknd Continues ‘After Hours Til Dawn’ Stadium Run Into 2026,https://news.pollstar.com/2025/09/04/the-weeknd-continues-after-hours-til-dawn-stadium-run-into-2026/,2025-09-04,2026-04-20,2026-08-29,"Paris, France",Stade de France,Other,FALSE,,,TRUE
The Weeknd Continues ‘After Hours Til Dawn’ Stadium Run Into 2026,The Weeknd Continues ‘After Hours Til Dawn’ Stadium Run Into 2026,https://news.pollstar.com/2025/09/04/the-weeknd-continues-after-hours-til-dawn-stadium-run-into-2026/,2025-09-04,2026-04-20,2026-08-29,"Amsterdam, Netherlands",Johan Cruijff ArenA,Other,FALSE,,,TRUE
The Weeknd Continues ‘After Hours Til Dawn’ Stadium Run Into 2026,The Weeknd Continues ‘After Hours Til Dawn’ Stadium Run Into 2026,https://news.pollstar.com/2025/09/04/the-weeknd-continues-after-hours-til-dawn-stadium-run-into-2026/,2025-09-04,2026-04-20,2026-08-29,"Nice, France",Allianz Riviera,Other,FALSE,,,TRUE
The Weeknd Continues ‘After Hours Til Dawn’ Stadium Run Into 2026,The Weeknd Continues ‘After Hours Til Dawn’ Stadium Run Into 2026,https://news.pollstar.com/2025/09/04/the-weeknd-continues-after-hours-til-dawn-stadium-run-into-2026/,2025-09-04,2026-04-20,2026-08-29,"Milan, Italy",San Siro Stadium,Other,FALSE,,,TRUE
The Weeknd Continues ‘After Hours Til Dawn’ Stadium Run Into 2026,The Weeknd Continues ‘After Hours Til Dawn’ Stadium Run Into 2026,https://news.pollstar.com/2025/09/04/the-weeknd-continues-after-hours-til-dawn-stadium-run-into-2026/,2025-09-04,2026-04-20,2026-08-29,"Frankfurt, Germany",Deutsche Bank Park,Other,FALSE,,,TRUE
The Weeknd Continues ‘After Hours Til Dawn’ Stadium Run Into 2026,The Weeknd Continues ‘After Hours Til Dawn’ Stadium Run Into 2026,https://news.pollstar.com/2025/09/04/the-weeknd-continues-after-hours-til-dawn-stadium-run-into-2026/,2025-09-04,2026-04-20,2026-08-29,"Warsaw, Poland",PGE Narodowy,Club,FALSE,,,TRUE
The Weeknd Continues ‘After Hours Til Dawn’ Stadium Run Into 2026,The Weeknd Continues ‘After Hours Til Dawn’ Stadium Run Into 2026,https://news.pollstar.com/2025/09/04/the-weeknd-continues-after-hours-til-dawn-stadium-run-into-2026/,2025-09-04,2026-04-20,2026-08-29,"Stockholm, Sweden",Strawberry Arena,Other,FALSE,,,TRUE
The Weeknd Continues ‘After Hours Til Dawn’ Stadium Run Into 2026,The Weeknd Continues ‘After Hours Til Dawn’ Stadium Run Into 2026,https://news.pollstar.com/2025/09/04/the-weeknd-continues-after-hours-til-dawn-stadium-run-into-2026/,2025-09-04,2026-04-20,2026-08-29,Wembley Stadium,"London, UK",Stadium,FALSE,,,TRUE
The Weeknd Continues ‘After Hours Til Dawn’ Stadium Run Into 2026,The Weeknd Continues ‘After Hours Til Dawn’ Stadium Run Into 2026,https://news.pollstar.com/2025/09/04/the-weeknd-continues-after-hours-til-dawn-stadium-run-into-2026/,2025-09-04,2026-04-20,2026-08-29,Wembley Stadium,"London, UK",Stadium,FALSE,,,TRUE
The Weeknd Continues ‘After Hours Til Dawn’ Stadium Run Into 2026,The Weeknd Continues ‘After Hours Til Dawn’ Stadium Run Into 2026,https://news.pollstar.com/2025/09/04/the-weeknd-continues-after-hours-til-dawn-stadium-run-into-2026/,2025-09-04,2026-04-20,2026-08-29,Croke Park,"Dublin, Ireland",Other,FALSE,,,TRUE
The Weeknd Continues ‘After Hours Til Dawn’ Stadium Run Into 2026,The Weeknd Continues ‘After Hours Til Dawn’ Stadium Run Into 2026,https://news.pollstar.com/2025/09/04/the-weeknd-continues-after-hours-til-dawn-stadium-run-into-2026/,2025-09-04,2026-04-20,2026-08-29,"Madrid, Spain",Riyadh Air Metropolitano,Other,FALSE,,,TRUE
The Weeknd Continues ‘After Hours Til Dawn’ Stadium Run Into 2026,The Weeknd Continues ‘After Hours Til Dawn’ Stadium Run Into 2026,https://news.pollstar.com/2025/09/04/the-weeknd-continues-after-hours-til-dawn-stadium-run-into-2026/,2025-09-04,2026-04-20,2026-08-29,"Madrid, Spain",Riyadh Air Metropolitano,Other,FALSE,,,TRUE
Los Tigres Del Norte,"Los Tigres Del Norte Extend ‘La Lotería’ Run, Adding Shows At Moody Center And Intuit Dome",https://news.pollstar.com/2025/09/03/los-tigres-del-norte-extend-la-loteria-run-adding-shows-at-moody-center-and-intuit-dome/,2025-09-03,2026-02-13,2026-05-23,Moody Center,"Austin, TX",Arena,FALSE,,,TRUE
Los Tigres Del Norte,"Los Tigres Del Norte Extend ‘La Lotería’ Run, Adding Shows At Moody Center And Intuit Dome",https://news.pollstar.com/2025/09/03/los-tigres-del-norte-extend-la-loteria-run-adding-shows-at-moody-center-and-intuit-dome/,2025-09-03,2026-02-13,2026-05-23,American Airlines Center,"Dallas, TX",Arena,FALSE,,,TRUE
Los Tigres Del Norte,"Los Tigres Del Norte Extend ‘La Lotería’ Run, Adding Shows At Moody Center And Intuit Dome",https://news.pollstar.com/2025/09/03/los-tigres-del-norte-extend-la-loteria-run-adding-shows-at-moody-center-and-intuit-dome/,2025-09-03,2026-02-13,2026-05-23,Intuit Dome,"Los Angeles, CA",Arena,FALSE,,,TRUE
Los Tigres Del Norte,"Los Tigres Del Norte Extend ‘La Lotería’ Run, Adding Shows At Moody Center And Intuit Dome",https://news.pollstar.com/2025/09/03/los-tigres-del-norte-extend-la-loteria-run-adding-shows-at-moody-center-and-intuit-dome/,2025-09-03,2026-02-13,2026-05-23,The Factory,"St. Louis, MO",Club,FALSE,,,TRUE
Los Tigres Del Norte,"Los Tigres Del Norte Extend ‘La Lotería’ Run, Adding Shows At Moody Center And Intuit Dome",https://news.pollstar.com/2025/09/03/los-tigres-del-norte-extend-la-loteria-run-adding-shows-at-moody-center-and-intuit-dome/,2025-09-03,2026-02-13,2026-05-23,Orpheum Theatre,"Memphis, TN",Theater,LYV,,,TRUE
Los Tigres Del Norte,"Los Tigres Del Norte Extend ‘La Lotería’ Run, Adding Shows At Moody Center And Intuit Dome",https://news.pollstar.com/2025/09/03/los-tigres-del-norte-extend-la-loteria-run-adding-shows-at-moody-center-and-intuit-dome/,2025-09-03,2026-02-13,2026-05-23,Queen Elizabeth Theatre,"Vancouver, Canada",Theater,FALSE,,,TRUE
Los Tigres Del Norte,"Los Tigres Del Norte Extend ‘La Lotería’ Run, Adding Shows At Moody Center And Intuit Dome",https://news.pollstar.com/2025/09/03/los-tigres-del-norte-extend-la-loteria-run-adding-shows-at-moody-center-and-intuit-dome/,2025-09-03,2026-02-13,2026-05-23,Toyota Center,"Kennewick, WA",Arena,FALSE,,,TRUE
Los Tigres Del Norte,"Los Tigres Del Norte Extend ‘La Lotería’ Run, Adding Shows At Moody Center And Intuit Dome",https://news.pollstar.com/2025/09/03/los-tigres-del-norte-extend-la-loteria-run-adding-shows-at-moody-center-and-intuit-dome/,2025-09-03,2026-02-13,2026-05-23,ExtraMile Arena,"Boise, ID",Arena,FALSE,,,TRUE
Los Tigres Del Norte,"Los Tigres Del Norte Extend ‘La Lotería’ Run, Adding Shows At Moody Center And Intuit Dome",https://news.pollstar.com/2025/09/03/los-tigres-del-norte-extend-la-loteria-run-adding-shows-at-moody-center-and-intuit-dome/,2025-09-03,2026-02-13,2026-05-23,Delta Center,"Salt Lake City, UT",Arena,FALSE,,,TRUE
Los Tigres Del Norte,"Los Tigres Del Norte Extend ‘La Lotería’ Run, Adding Shows At Moody Center And Intuit Dome",https://news.pollstar.com/2025/09/03/los-tigres-del-norte-extend-la-loteria-run-adding-shows-at-moody-center-and-intuit-dome/,2025-09-03,2026-02-13,2026-05-23,First Horizon Coliseum,"Greensboro, NC",Arena,FALSE,,,TRUE
Los Tigres Del Norte,"Los Tigres Del Norte Extend ‘La Lotería’ Run, Adding Shows At Moody Center And Intuit Dome",https://news.pollstar.com/2025/09/03/los-tigres-del-norte-extend-la-loteria-run-adding-shows-at-moody-center-and-intuit-dome/,2025-09-03,2026-02-13,2026-05-23,Chartway Arena,"Norfolk, VA",Arena,FALSE,,,TRUE
Los Tigres Del Norte,"Los Tigres Del Norte Extend ‘La Lotería’ Run, Adding Shows At Moody Center And Intuit Dome",https://news.pollstar.com/2025/09/03/los-tigres-del-norte-extend-la-loteria-run-adding-shows-at-moody-center-and-intuit-dome/,2025-09-03,2026-02-13,2026-05-23,Coca-Cola Music Hall,"San Juan, Puerto Rico",Other,FALSE,,,TRUE
Los Tigres Del Norte,"Los Tigres Del Norte Extend ‘La Lotería’ Run, Adding Shows At Moody Center And Intuit Dome",https://news.pollstar.com/2025/09/03/los-tigres-del-norte-extend-la-loteria-run-adding-shows-at-moody-center-and-intuit-dome/,2025-09-03,2026-02-13,2026-05-23,Coliseo Teo Cruz,"Santo Domingo, Dominican Republic",Arena,FALSE,,,TRUE
Los Tigres Del Norte,"Los Tigres Del Norte Extend ‘La Lotería’ Run, Adding Shows At Moody Center And Intuit Dome",https://news.pollstar.com/2025/09/03/los-tigres-del-norte-extend-la-loteria-run-adding-shows-at-moody-center-and-intuit-dome/,2025-09-03,2026-02-13,2026-05-23,Hertz Arena,"Estero, FL",Arena,FALSE,,,TRUE
Los Tigres Del Norte,"Los Tigres Del Norte Extend ‘La Lotería’ Run, Adding Shows At Moody Center And Intuit Dome",https://news.pollstar.com/2025/09/03/los-tigres-del-norte-extend-la-loteria-run-adding-shows-at-moody-center-and-intuit-dome/,2025-09-03,2026-02-13,2026-05-23,Benchmark International Arena,"Tampa, FL",Arena,FALSE,,,TRUE
Mexican Music Star Xavi,Mexican Music Star Xavi Announces 18-Date ‘X Tour’,https://news.pollstar.com/2025/08/26/mexican-music-star-xavi-announces-18-date-x-tour/,2025-08-26,2025-11-08,2026-01-30,Belico Fest @ Wild Horse Pass Festival Grounds,"Phoenix, AX",Amphitheater,LYV,,,TRUE
Mexican Music Star Xavi,Mexican Music Star Xavi Announces 18-Date ‘X Tour’,https://news.pollstar.com/2025/08/26/mexican-music-star-xavi-announces-18-date-x-tour/,2025-08-26,2025-11-08,2026-01-30,El Paso County Coliseum,"El Paso, TX",Arena,FALSE,,,TRUE
Mexican Music Star Xavi,Mexican Music Star Xavi Announces 18-Date ‘X Tour’,https://news.pollstar.com/2025/08/26/mexican-music-star-xavi-announces-18-date-x-tour/,2025-08-26,2025-11-08,2026-01-30,Gallagher Square at Petco Park,"San Diego, CA",Stadium,FALSE,,,TRUE
Mexican Music Star Xavi,Mexican Music Star Xavi Announces 18-Date ‘X Tour’,https://news.pollstar.com/2025/08/26/mexican-music-star-xavi-announces-18-date-x-tour/,2025-08-26,2025-11-08,2026-01-30,YouTube Theater,"Inglewood, CA",Theater,FALSE,,,TRUE
Mexican Music Star Xavi,Mexican Music Star Xavi Announces 18-Date ‘X Tour’,https://news.pollstar.com/2025/08/26/mexican-music-star-xavi-announces-18-date-x-tour/,2025-08-26,2025-11-08,2026-01-30,Byline Bank Aragon Ballroom,"Chicago, IL",Club,LYV,,,TRUE
Mexican Music Star Xavi,Mexican Music Star Xavi Announces 18-Date ‘X Tour’,https://news.pollstar.com/2025/08/26/mexican-music-star-xavi-announces-18-date-x-tour/,2025-08-26,2025-11-08,2026-01-30,Murat Theater at Old National Centre,"Indianapolis, IN",Theater,FALSE,,,TRUE
Mexican Music Star Xavi,Mexican Music Star Xavi Announces 18-Date ‘X Tour’,https://news.pollstar.com/2025/08/26/mexican-music-star-xavi-announces-18-date-x-tour/,2025-08-26,2025-11-08,2026-01-30,Smart Financial Centre at Sugar Land,"Sugar Land, TX",Theater,FALSE,,,TRUE
Mexican Music Star Xavi,Mexican Music Star Xavi Announces 18-Date ‘X Tour’,https://news.pollstar.com/2025/08/26/mexican-music-star-xavi-announces-18-date-x-tour/,2025-08-26,2025-11-08,2026-01-30,The Pavilion at Toyota Music Factory,"Irving, TX",Amphitheater,LYV,,,TRUE
Mexican Music Star Xavi,Mexican Music Star Xavi Announces 18-Date ‘X Tour’,https://news.pollstar.com/2025/08/26/mexican-music-star-xavi-announces-18-date-x-tour/,2025-08-26,2025-11-08,2026-01-30,Payne Arena,"Hidalgo, TX",Arena,FALSE,,,TRUE
Mexican Music Star Xavi,Mexican Music Star Xavi Announces 18-Date ‘X Tour’,https://news.pollstar.com/2025/08/26/mexican-music-star-xavi-announces-18-date-x-tour/,2025-08-26,2025-11-08,2026-01-30,Freeman Coliseum,"San Antonio, TX",Arena,FALSE,,,TRUE
Mexican Music Star Xavi,Mexican Music Star Xavi Announces 18-Date ‘X Tour’,https://news.pollstar.com/2025/08/26/mexican-music-star-xavi-announces-18-date-x-tour/,2025-08-26,2025-11-08,2026-01-30,Coca-Cola Roxy,"Atlanta, GA",Club,LYV,,,TRUE
Mexican Music Star Xavi,Mexican Music Star Xavi Announces 18-Date ‘X Tour’,https://news.pollstar.com/2025/08/26/mexican-music-star-xavi-announces-18-date-x-tour/,2025-08-26,2025-11-08,2026-01-30,United Palace,"New York, NY",Theater,FALSE,,,TRUE
Mexican Music Star Xavi,Mexican Music Star Xavi Announces 18-Date ‘X Tour’,https://news.pollstar.com/2025/08/26/mexican-music-star-xavi-announces-18-date-x-tour/,2025-08-26,2025-11-08,2026-01-30,EagleBank Arena,"Fairfax, VA",Arena,FALSE,,,TRUE
Mexican Music Star Xavi,Mexican Music Star Xavi Announces 18-Date ‘X Tour’,https://news.pollstar.com/2025/08/26/mexican-music-star-xavi-announces-18-date-x-tour/,2025-08-26,2025-11-08,2026-01-30,San Jose Civic,"San Jose, CA",Theater,FALSE,,,TRUE
Mexican Music Star Xavi,Mexican Music Star Xavi Announces 18-Date ‘X Tour’,https://news.pollstar.com/2025/08/26/mexican-music-star-xavi-announces-18-date-x-tour/,2025-08-26,2025-11-08,2026-01-30,Delta Center,"Salt Lake City, UT",Arena,FALSE,,,TRUE
Mexican Music Star Xavi,Mexican Music Star Xavi Announces 18-Date ‘X Tour’,https://news.pollstar.com/2025/08/26/mexican-music-star-xavi-announces-18-date-x-tour/,2025-08-26,2025-11-08,2026-01-30,Fillmore Auditorium,"Denver, CO",Theater,LYV,,,TRUE
Mexican Music Star Xavi,Mexican Music Star Xavi Announces 18-Date ‘X Tour’,https://news.pollstar.com/2025/08/26/mexican-music-star-xavi-announces-18-date-x-tour/,2025-08-26,2025-11-08,2026-01-30,Paramount Theatre,"Seattle, WA",Theater,FALSE,,,TRUE
Mexican Music Star Xavi,Mexican Music Star Xavi Announces 18-Date ‘X Tour’,https://news.pollstar.com/2025/08/26/mexican-music-star-xavi-announces-18-date-x-tour/,2025-08-26,2025-11-08,2026-01-30,Hard Rock Live,"Wheatland, CA",Theater,FALSE,,,TRUE
Mexican Music Star Xavi,Mexican Music Star Xavi Announces 18-Date ‘X Tour’,https://news.pollstar.com/2025/08/26/mexican-music-star-xavi-announces-18-date-x-tour/,2025-08-26,2025-11-08,2026-01-30,Pearl Concert Theater at Palms Casino Resort,"Las Vegas, NV",Theater,FALSE,,,TRUE
Mavis Staples,Mavis Staples Expands Tour Dates To 2026,https://news.pollstar.com/2025/08/26/mavis-staples-expands-tour-dates-to-2026/,2025-08-26,2026-09-06,2027-02-28,Lone Tree Arts Center,"Lone Tree, CO",Other,FALSE,,,TRUE
Mavis Staples,Mavis Staples Expands Tour Dates To 2026,https://news.pollstar.com/2025/08/26/mavis-staples-expands-tour-dates-to-2026/,2025-08-26,2026-09-06,2027-02-28,Belly Up Tavern,"Solana Beach, CA",Club,FALSE,,,TRUE
Mavis Staples,Mavis Staples Expands Tour Dates To 2026,https://news.pollstar.com/2025/08/26/mavis-staples-expands-tour-dates-to-2026/,2025-08-26,2026-09-06,2027-02-28,Blue Note Summer Sessions,"Napa, CA",Club,FALSE,,,TRUE
Mavis Staples,Mavis Staples Expands Tour Dates To 2026,https://news.pollstar.com/2025/08/26/mavis-staples-expands-tour-dates-to-2026/,2025-08-26,2026-09-06,2027-02-28,Stoughton Opera House,"Stoughton, WI",Theater,FALSE,,,TRUE
Mavis Staples,Mavis Staples Expands Tour Dates To 2026,https://news.pollstar.com/2025/08/26/mavis-staples-expands-tour-dates-to-2026/,2025-08-26,2026-09-06,2027-02-28,Stoughton Opera House,"Stoughton, WI",Theater,FALSE,,,TRUE
Mavis Staples,Mavis Staples Expands Tour Dates To 2026,https://news.pollstar.com/2025/08/26/mavis-staples-expands-tour-dates-to-2026/,2025-08-26,2026-09-06,2027-02-28,Mempho Fest,"Memphis, TN",Other,FALSE,,,TRUE
Mavis Staples,Mavis Staples Expands Tour Dates To 2026,https://news.pollstar.com/2025/08/26/mavis-staples-expands-tour-dates-to-2026/,2025-08-26,2026-09-06,2027-02-28,Fox Theatre,"Tucson, AZ",Theater,FALSE,,,TRUE
Mavis Staples,Mavis Staples Expands Tour Dates To 2026,https://news.pollstar.com/2025/08/26/mavis-staples-expands-tour-dates-to-2026/,2025-08-26,2026-09-06,2027-02-28,Jim & Linda Lee Performing Arts Center,"Prescott, AZ",Other,FALSE,,,TRUE
Mavis Staples,Mavis Staples Expands Tour Dates To 2026,https://news.pollstar.com/2025/08/26/mavis-staples-expands-tour-dates-to-2026/,2025-08-26,2026-09-06,2027-02-28,Chandler Center for the Arts,"Chandler, AZ",Other,FALSE,,,TRUE
Mavis Staples,Mavis Staples Expands Tour Dates To 2026,https://news.pollstar.com/2025/08/26/mavis-staples-expands-tour-dates-to-2026/,2025-08-26,2026-09-06,2027-02-28,"Chicago, IL (with support from Nathaniel Rateliff)",Chicago Theatre,Other,FALSE,,,TRUE
Mavis Staples,Mavis Staples Expands Tour Dates To 2026,https://news.pollstar.com/2025/08/26/mavis-staples-expands-tour-dates-to-2026/,2025-08-26,2026-09-06,2027-02-28,Ryman Auditorium,"Nashville, TN",Theater,FALSE,,,TRUE
Mavis Staples,Mavis Staples Expands Tour Dates To 2026,https://news.pollstar.com/2025/08/26/mavis-staples-expands-tour-dates-to-2026/,2025-08-26,2026-09-06,2027-02-28,"New York, NY (with support from Allison Russell)",Beacon Theatre,Other,FALSE,,,TRUE
Rüfüs Du Sol,Rüfüs Du Sol Announces South America Tour Dates,https://news.pollstar.com/2025/08/21/rufus-du-sol-announces-south-america-tour-dates/,2025-08-21,2026-02-19,2026-03-06,Movistar Arena,"Buenos Aires, AR",Arena,FALSE,,,TRUE
Rüfüs Du Sol,Rüfüs Du Sol Announces South America Tour Dates,https://news.pollstar.com/2025/08/21/rufus-du-sol-announces-south-america-tour-dates/,2025-08-21,2026-02-19,2026-03-06,Movistar Arena,"Santiago, CL",Arena,FALSE,,,TRUE
Rüfüs Du Sol,Rüfüs Du Sol Announces South America Tour Dates,https://news.pollstar.com/2025/08/21/rufus-du-sol-announces-south-america-tour-dates/,2025-08-21,2026-02-19,2026-03-06,Pedriera Paulo Leminsky,"Curitiba, BR",Auditorium,FALSE,,,TRUE
Rüfüs Du Sol,Rüfüs Du Sol Announces South America Tour Dates,https://news.pollstar.com/2025/08/21/rufus-du-sol-announces-south-america-tour-dates/,2025-08-21,2026-02-19,2026-03-06,Mercado Livre Arena Pacaembu,"São Paulo, BR",Arena,FALSE,,,TRUE
Rüfüs Du Sol,Rüfüs Du Sol Announces South America Tour Dates,https://news.pollstar.com/2025/08/21/rufus-du-sol-announces-south-america-tour-dates/,2025-08-21,2026-02-19,2026-03-06,Estadio Cincuentenario,"Medellín, CO",Stadium,FALSE,,,TRUE
Rüfüs Du Sol,Rüfüs Du Sol Announces South America Tour Dates,https://news.pollstar.com/2025/08/21/rufus-du-sol-announces-south-america-tour-dates/,2025-08-21,2026-02-19,2026-03-06,Coliseo MedPlus,"Bogotá, CO",Arena,FALSE,,,TRUE
Cheap Trick,Cheap Trick Announces Fall Tour Dates,https://news.pollstar.com/2025/08/20/cheap-trick-announces-fall-tour-dates/,2025-08-20,2025-08-20,2025-12-07,Dutchess County Fair,"Rhinebeck, NY",Other,FALSE,,,TRUE
Cheap Trick,Cheap Trick Announces Fall Tour Dates,https://news.pollstar.com/2025/08/20/cheap-trick-announces-fall-tour-dates/,2025-08-20,2025-08-20,2025-12-07,New York State Fair,"Syracuse, NY",Amphitheater,LYV,,,TRUE
Cheap Trick,Cheap Trick Announces Fall Tour Dates,https://news.pollstar.com/2025/08/20/cheap-trick-announces-fall-tour-dates/,2025-08-20,2025-08-20,2025-12-07,"Oregon State Fair, LB Day Amphitheatre","Salem, OR",Amphitheater,FALSE,,,TRUE
Cheap Trick,Cheap Trick Announces Fall Tour Dates,https://news.pollstar.com/2025/08/20/cheap-trick-announces-fall-tour-dates/,2025-08-20,2025-08-20,2025-12-07,Colorado State Fair,"Pueblo, CO",Other,FALSE,,,TRUE
Cheap Trick,Cheap Trick Announces Fall Tour Dates,https://news.pollstar.com/2025/08/20/cheap-trick-announces-fall-tour-dates/,2025-08-20,2025-08-20,2025-12-07,The Guild Theatre,"Menlo Park, CA",Auditorium,FALSE,,,TRUE
Cheap Trick,Cheap Trick Announces Fall Tour Dates,https://news.pollstar.com/2025/08/20/cheap-trick-announces-fall-tour-dates/,2025-08-20,2025-08-20,2025-12-07,Blue Note Napa Summer Sessions at Meritage Resort,"Napa, CA",Club,FALSE,,,TRUE
Cheap Trick,Cheap Trick Announces Fall Tour Dates,https://news.pollstar.com/2025/08/20/cheap-trick-announces-fall-tour-dates/,2025-08-20,2025-08-20,2025-12-07,"Osaka, Japan",Grand Cube,Other,FALSE,,,TRUE
Cheap Trick,Cheap Trick Announces Fall Tour Dates,https://news.pollstar.com/2025/08/20/cheap-trick-announces-fall-tour-dates/,2025-08-20,2025-08-20,2025-12-07,"Tokyo, Japan",Budokan,Other,FALSE,,,TRUE
Cheap Trick,Cheap Trick Announces Fall Tour Dates,https://news.pollstar.com/2025/08/20/cheap-trick-announces-fall-tour-dates/,2025-08-20,2025-08-20,2025-12-07,Seascape Resort Golf Club & Tennis Resort,"Miramar Beach, FL",Club,FALSE,,,TRUE
Cheap Trick,Cheap Trick Announces Fall Tour Dates,https://news.pollstar.com/2025/08/20/cheap-trick-announces-fall-tour-dates/,2025-08-20,2025-08-20,2025-12-07,Oxford Performing Arts Center,"Oxford, AL",Other,FALSE,,,TRUE
Cheap Trick,Cheap Trick Announces Fall Tour Dates,https://news.pollstar.com/2025/08/20/cheap-trick-announces-fall-tour-dates/,2025-08-20,2025-08-20,2025-12-07,The Paramount,"Huntington, NY",Theater,FALSE,,,TRUE
Cheap Trick,Cheap Trick Announces Fall Tour Dates,https://news.pollstar.com/2025/08/20/cheap-trick-announces-fall-tour-dates/,2025-08-20,2025-08-20,2025-12-07,"Wind Creek Bethlehem, Wind Creek Event Center","Bethlehem, PA",Arena,FALSE,,,TRUE
Cheap Trick,Cheap Trick Announces Fall Tour Dates,https://news.pollstar.com/2025/08/20/cheap-trick-announces-fall-tour-dates/,2025-08-20,2025-08-20,2025-12-07,Hard Rock Live,"Atlantic City, NJ",Theater,FALSE,,,TRUE
Cheap Trick,Cheap Trick Announces Fall Tour Dates,https://news.pollstar.com/2025/08/20/cheap-trick-announces-fall-tour-dates/,2025-08-20,2025-08-20,2025-12-07,Lynn Memorial Auditorium,"Lynn, MA",Theater,FALSE,,,TRUE
Cheap Trick,Cheap Trick Announces Fall Tour Dates,https://news.pollstar.com/2025/08/20/cheap-trick-announces-fall-tour-dates/,2025-08-20,2025-08-20,2025-12-07,"Chandler, AZ","Wild Horse Pass Hotel & Casino, The Showroom",Other,FALSE,,,TRUE
Cheap Trick,Cheap Trick Announces Fall Tour Dates,https://news.pollstar.com/2025/08/20/cheap-trick-announces-fall-tour-dates/,2025-08-20,2025-08-20,2025-12-07,Golden State Theatre,"Monterey, CA",Theater,FALSE,,,TRUE
Cheap Trick,Cheap Trick Announces Fall Tour Dates,https://news.pollstar.com/2025/08/20/cheap-trick-announces-fall-tour-dates/,2025-08-20,2025-08-20,2025-12-07,Grand Sierra Resort and Casino,"Reno, NV",Theater,FALSE,,,TRUE
Cheap Trick,Cheap Trick Announces Fall Tour Dates,https://news.pollstar.com/2025/08/20/cheap-trick-announces-fall-tour-dates/,2025-08-20,2025-08-20,2025-12-07,Turlock Community Theatre,"Turlock, CA",Auditorium,FALSE,,,TRUE
Cheap Trick,Cheap Trick Announces Fall Tour Dates,https://news.pollstar.com/2025/08/20/cheap-trick-announces-fall-tour-dates/,2025-08-20,2025-08-20,2025-12-07,HONDA Center,"Anaheim, CA",Arena,FALSE,,,TRUE
Cheap Trick,Cheap Trick Announces Fall Tour Dates,https://news.pollstar.com/2025/08/20/cheap-trick-announces-fall-tour-dates/,2025-08-20,2025-08-20,2025-12-07,Climate Pledge Arena,"Seattle, WA",Arena,FALSE,,,TRUE
Cheap Trick,Cheap Trick Announces Fall Tour Dates,https://news.pollstar.com/2025/08/20/cheap-trick-announces-fall-tour-dates/,2025-08-20,2025-08-20,2025-12-07,Baxter Arena,"Omaha, NE",Arena,FALSE,,,TRUE
Cheap Trick,Cheap Trick Announces Fall Tour Dates,https://news.pollstar.com/2025/08/20/cheap-trick-announces-fall-tour-dates/,2025-08-20,2025-08-20,2025-12-07,Reach Center,"Green Bay, WI",Other,FALSE,,,TRUE
Cheap Trick,Cheap Trick Announces Fall Tour Dates,https://news.pollstar.com/2025/08/20/cheap-trick-announces-fall-tour-dates/,2025-08-20,2025-08-20,2025-12-07,The Sylvee,"Madison, WI",Club,LYV,,,TRUE
Cheap Trick,Cheap Trick Announces Fall Tour Dates,https://news.pollstar.com/2025/08/20/cheap-trick-announces-fall-tour-dates/,2025-08-20,2025-08-20,2025-12-07,Vibrant Music Hall,"Waukee, IA",Theater,FALSE,,,TRUE
Talib Kweli Sets 26-Stop North American Tour,Talib Kweli Sets 26-Stop North American Tour,https://news.pollstar.com/2025/08/19/talib-kweli-sets-26-stop-north-american-tour/,2025-08-19,2025-09-11,2025-12-05,House of Independents,"Asbury Park, NJ",Club,FALSE,,,TRUE
Talib Kweli Sets 26-Stop North American Tour,Talib Kweli Sets 26-Stop North American Tour,https://news.pollstar.com/2025/08/19/talib-kweli-sets-26-stop-north-american-tour/,2025-08-19,2025-09-11,2025-12-05,Ardmore Music Hall,"Ardmore, PA",Other,FALSE,,,TRUE
Talib Kweli Sets 26-Stop North American Tour,Talib Kweli Sets 26-Stop North American Tour,https://news.pollstar.com/2025/08/19/talib-kweli-sets-26-stop-north-american-tour/,2025-08-19,2025-09-11,2025-12-05,Ocean Mist,"S. Kingston, RI",Club,FALSE,,,TRUE
Talib Kweli Sets 26-Stop North American Tour,Talib Kweli Sets 26-Stop North American Tour,https://news.pollstar.com/2025/08/19/talib-kweli-sets-26-stop-north-american-tour/,2025-08-19,2025-09-11,2025-12-05,Ocean Mist (SOLD OUT),"S. Kingston, RI",Other,FALSE,,,TRUE
Talib Kweli Sets 26-Stop North American Tour,Talib Kweli Sets 26-Stop North American Tour,https://news.pollstar.com/2025/08/19/talib-kweli-sets-26-stop-north-american-tour/,2025-08-19,2025-09-11,2025-12-05,Afterthoughts,"Burlington, VT",Club,FALSE,,,TRUE
Talib Kweli Sets 26-Stop North American Tour,Talib Kweli Sets 26-Stop North American Tour,https://news.pollstar.com/2025/08/19/talib-kweli-sets-26-stop-north-american-tour/,2025-08-19,2025-09-11,2025-12-05,Oxbow Live,"Portland, ME",Club,FALSE,,,TRUE
Talib Kweli Sets 26-Stop North American Tour,Talib Kweli Sets 26-Stop North American Tour,https://news.pollstar.com/2025/08/19/talib-kweli-sets-26-stop-north-american-tour/,2025-08-19,2025-09-11,2025-12-05,The Grand,"Sudbury, ON",Theater,FALSE,,,TRUE
Talib Kweli Sets 26-Stop North American Tour,Talib Kweli Sets 26-Stop North American Tour,https://news.pollstar.com/2025/08/19/talib-kweli-sets-26-stop-north-american-tour/,2025-08-19,2025-09-11,2025-12-05,Maxwell’s Concerts and Events,"Waterloo, ON",Other,FALSE,,,TRUE
Talib Kweli Sets 26-Stop North American Tour,Talib Kweli Sets 26-Stop North American Tour,https://news.pollstar.com/2025/08/19/talib-kweli-sets-26-stop-north-american-tour/,2025-08-19,2025-09-11,2025-12-05,Horseshoe Tavern,"Toronto, ON",Club,FALSE,,,TRUE
Talib Kweli Sets 26-Stop North American Tour,Talib Kweli Sets 26-Stop North American Tour,https://news.pollstar.com/2025/08/19/talib-kweli-sets-26-stop-north-american-tour/,2025-08-19,2025-09-11,2025-12-05,Mercury Music Lounge,"Cleveland, OH",Other,FALSE,,,TRUE
Talib Kweli Sets 26-Stop North American Tour,Talib Kweli Sets 26-Stop North American Tour,https://news.pollstar.com/2025/08/19/talib-kweli-sets-26-stop-north-american-tour/,2025-08-19,2025-09-11,2025-12-05,Grewal Hall at 224,"Lansing, MI",Other,FALSE,,,TRUE
Talib Kweli Sets 26-Stop North American Tour,Talib Kweli Sets 26-Stop North American Tour,https://news.pollstar.com/2025/08/19/talib-kweli-sets-26-stop-north-american-tour/,2025-08-19,2025-09-11,2025-12-05,The Miramar Hall,"Milwaukee, WI",Other,FALSE,,,TRUE
Talib Kweli Sets 26-Stop North American Tour,Talib Kweli Sets 26-Stop North American Tour,https://news.pollstar.com/2025/08/19/talib-kweli-sets-26-stop-north-american-tour/,2025-08-19,2025-09-11,2025-12-05,The Loving Touch,"Ferndale, MI",Club,FALSE,,,TRUE
Talib Kweli Sets 26-Stop North American Tour,Talib Kweli Sets 26-Stop North American Tour,https://news.pollstar.com/2025/08/19/talib-kweli-sets-26-stop-north-american-tour/,2025-08-19,2025-09-11,2025-12-05,Alpine,"Reno, NV",Amphitheater,LYV,,,TRUE
Talib Kweli Sets 26-Stop North American Tour,Talib Kweli Sets 26-Stop North American Tour,https://news.pollstar.com/2025/08/19/talib-kweli-sets-26-stop-north-american-tour/,2025-08-19,2025-09-11,2025-12-05,The Holding Company,"San Diego, CA",Club,FALSE,,,TRUE
Talib Kweli Sets 26-Stop North American Tour,Talib Kweli Sets 26-Stop North American Tour,https://news.pollstar.com/2025/08/19/talib-kweli-sets-26-stop-north-american-tour/,2025-08-19,2025-09-11,2025-12-05,The Rex Theater,"Leonardstown, MD",Theater,FALSE,,,TRUE
Talib Kweli Sets 26-Stop North American Tour,Talib Kweli Sets 26-Stop North American Tour,https://news.pollstar.com/2025/08/19/talib-kweli-sets-26-stop-north-american-tour/,2025-08-19,2025-09-11,2025-12-05,The Waiting Room,"Omaha, NE",Club,FALSE,,,TRUE
Talib Kweli Sets 26-Stop North American Tour,Talib Kweli Sets 26-Stop North American Tour,https://news.pollstar.com/2025/08/19/talib-kweli-sets-26-stop-north-american-tour/,2025-08-19,2025-09-11,2025-12-05,Blue Note Columbia,"Columbia, MO",Club,FALSE,,,TRUE
Talib Kweli Sets 26-Stop North American Tour,Talib Kweli Sets 26-Stop North American Tour,https://news.pollstar.com/2025/08/19/talib-kweli-sets-26-stop-north-american-tour/,2025-08-19,2025-09-11,2025-12-05,Mercury Ballroom,"Louisville, KY",Club,FALSE,,,TRUE
Talib Kweli Sets 26-Stop North American Tour,Talib Kweli Sets 26-Stop North American Tour,https://news.pollstar.com/2025/08/19/talib-kweli-sets-26-stop-north-american-tour/,2025-08-19,2025-09-11,2025-12-05,"London, United Kingdom (U.K. Black Star Date)",O2 Academy Brixton,Other,FALSE,,,TRUE
Talib Kweli Sets 26-Stop North American Tour,Talib Kweli Sets 26-Stop North American Tour,https://news.pollstar.com/2025/08/19/talib-kweli-sets-26-stop-north-american-tour/,2025-08-19,2025-09-11,2025-12-05,"Manchester, United Kingdom (U.K. Black Star Date)",O2 Victoria Warehouse,Other,FALSE,,,TRUE
Talib Kweli Sets 26-Stop North American Tour,Talib Kweli Sets 26-Stop North American Tour,https://news.pollstar.com/2025/08/19/talib-kweli-sets-26-stop-north-american-tour/,2025-08-19,2025-09-11,2025-12-05,"Birmingham, United Kingdom (U.K. Black Star Date)",O2 Academy Birmingham,Other,FALSE,,,TRUE
Talib Kweli Sets 26-Stop North American Tour,Talib Kweli Sets 26-Stop North American Tour,https://news.pollstar.com/2025/08/19/talib-kweli-sets-26-stop-north-american-tour/,2025-08-19,2025-09-11,2025-12-05,Baltimore Sound Stage,"Baltimore, MD",Club,FALSE,,,TRUE
Talib Kweli Sets 26-Stop North American Tour,Talib Kweli Sets 26-Stop North American Tour,https://news.pollstar.com/2025/08/19/talib-kweli-sets-26-stop-north-american-tour/,2025-08-19,2025-09-11,2025-12-05,The Loft,"Atlanta, GA",Club,FALSE,,,TRUE
Talib Kweli Sets 26-Stop North American Tour,Talib Kweli Sets 26-Stop North American Tour,https://news.pollstar.com/2025/08/19/talib-kweli-sets-26-stop-north-american-tour/,2025-08-19,2025-09-11,2025-12-05,Workplay Theatre,"Birmingham, AL",Auditorium,FALSE,,,TRUE
Talib Kweli Sets 26-Stop North American Tour,Talib Kweli Sets 26-Stop North American Tour,https://news.pollstar.com/2025/08/19/talib-kweli-sets-26-stop-north-american-tour/,2025-08-19,2025-09-11,2025-12-05,City Winery Nashville,"Nashville, TN",Club,FALSE,,,TRUE
Talib Kweli Sets 26-Stop North American Tour,Talib Kweli Sets 26-Stop North American Tour,https://news.pollstar.com/2025/08/19/talib-kweli-sets-26-stop-north-american-tour/,2025-08-19,2025-09-11,2025-12-05,Ponte Vedra Concert Hall,"Ponte Vedra, FL",Other,FALSE,,,TRUE
Talib Kweli Sets 26-Stop North American Tour,Talib Kweli Sets 26-Stop North American Tour,https://news.pollstar.com/2025/08/19/talib-kweli-sets-26-stop-north-american-tour/,2025-08-19,2025-09-11,2025-12-05,The Merry Widow,"Mobile, AL",Auditorium,FALSE,,,TRUE
Latin Grammy Winner Silvana Estrada Embarking On Global Tour This Fall,Latin Grammy Winner Silvana Estrada Embarking On Global Tour This Fall,https://news.pollstar.com/2025/08/12/latin-grammy-winner-silvana-estrada-embarking-on-global-tour-this-fall/,2025-08-12,2025-09-13,2026-02-21,Cordillera Festival,"Bogota, CO",Other,FALSE,,,TRUE
Latin Grammy Winner Silvana Estrada Embarking On Global Tour This Fall,Latin Grammy Winner Silvana Estrada Embarking On Global Tour This Fall,https://news.pollstar.com/2025/08/12/latin-grammy-winner-silvana-estrada-embarking-on-global-tour-this-fall/,2025-08-12,2025-09-13,2026-02-21,Plaza Mayor,"Madrid, ES",Other,FALSE,,,TRUE
Latin Grammy Winner Silvana Estrada Embarking On Global Tour This Fall,Latin Grammy Winner Silvana Estrada Embarking On Global Tour This Fall,https://news.pollstar.com/2025/08/12/latin-grammy-winner-silvana-estrada-embarking-on-global-tour-this-fall/,2025-08-12,2025-09-13,2026-02-21,Papiersaal,"Zurich, CH",Other,FALSE,,,TRUE
Latin Grammy Winner Silvana Estrada Embarking On Global Tour This Fall,Latin Grammy Winner Silvana Estrada Embarking On Global Tour This Fall,https://news.pollstar.com/2025/08/12/latin-grammy-winner-silvana-estrada-embarking-on-global-tour-this-fall/,2025-08-12,2025-09-13,2026-02-21,Kaltern Pop,"Kaltern, IT",Other,FALSE,,,TRUE
Latin Grammy Winner Silvana Estrada Embarking On Global Tour This Fall,Latin Grammy Winner Silvana Estrada Embarking On Global Tour This Fall,https://news.pollstar.com/2025/08/12/latin-grammy-winner-silvana-estrada-embarking-on-global-tour-this-fall/,2025-08-12,2025-09-13,2026-02-21,Black Box,"Munich, DE",Other,FALSE,,,TRUE
Latin Grammy Winner Silvana Estrada Embarking On Global Tour This Fall,Latin Grammy Winner Silvana Estrada Embarking On Global Tour This Fall,https://news.pollstar.com/2025/08/12/latin-grammy-winner-silvana-estrada-embarking-on-global-tour-this-fall/,2025-08-12,2025-09-13,2026-02-21,B72,"Vienna, AT",Other,FALSE,,,TRUE
Latin Grammy Winner Silvana Estrada Embarking On Global Tour This Fall,Latin Grammy Winner Silvana Estrada Embarking On Global Tour This Fall,https://news.pollstar.com/2025/08/12/latin-grammy-winner-silvana-estrada-embarking-on-global-tour-this-fall/,2025-08-12,2025-09-13,2026-02-21,BUSH Festival,"Budapest, HU",Other,FALSE,,,TRUE
Latin Grammy Winner Silvana Estrada Embarking On Global Tour This Fall,Latin Grammy Winner Silvana Estrada Embarking On Global Tour This Fall,https://news.pollstar.com/2025/08/12/latin-grammy-winner-silvana-estrada-embarking-on-global-tour-this-fall/,2025-08-12,2025-09-13,2026-02-21,Prague Sounds,"Prague, CZ",Other,FALSE,,,TRUE
Latin Grammy Winner Silvana Estrada Embarking On Global Tour This Fall,Latin Grammy Winner Silvana Estrada Embarking On Global Tour This Fall,https://news.pollstar.com/2025/08/12/latin-grammy-winner-silvana-estrada-embarking-on-global-tour-this-fall/,2025-08-12,2025-09-13,2026-02-21,DR Studio 3,"Copenhagen, DK",Other,FALSE,,,TRUE
Latin Grammy Winner Silvana Estrada Embarking On Global Tour This Fall,Latin Grammy Winner Silvana Estrada Embarking On Global Tour This Fall,https://news.pollstar.com/2025/08/12/latin-grammy-winner-silvana-estrada-embarking-on-global-tour-this-fall/,2025-08-12,2025-09-13,2026-02-21,Riksscenen,"Oslo, NO",Other,FALSE,,,TRUE
Latin Grammy Winner Silvana Estrada Embarking On Global Tour This Fall,Latin Grammy Winner Silvana Estrada Embarking On Global Tour This Fall,https://news.pollstar.com/2025/08/12/latin-grammy-winner-silvana-estrada-embarking-on-global-tour-this-fall/,2025-08-12,2025-09-13,2026-02-21,Nalen Club,"Stockholm, SE",Club,FALSE,,,TRUE
Latin Grammy Winner Silvana Estrada Embarking On Global Tour This Fall,Latin Grammy Winner Silvana Estrada Embarking On Global Tour This Fall,https://news.pollstar.com/2025/08/12/latin-grammy-winner-silvana-estrada-embarking-on-global-tour-this-fall/,2025-08-12,2025-09-13,2026-02-21,Iceland Airwaves,"Reykjavik, IS",Other,FALSE,,,TRUE
Latin Grammy Winner Silvana Estrada Embarking On Global Tour This Fall,Latin Grammy Winner Silvana Estrada Embarking On Global Tour This Fall,https://news.pollstar.com/2025/08/12/latin-grammy-winner-silvana-estrada-embarking-on-global-tour-this-fall/,2025-08-12,2025-09-13,2026-02-21,9:30 Night Club,"Washington, D.C.",Club,FALSE,,,TRUE
Latin Grammy Winner Silvana Estrada Embarking On Global Tour This Fall,Latin Grammy Winner Silvana Estrada Embarking On Global Tour This Fall,https://news.pollstar.com/2025/08/12/latin-grammy-winner-silvana-estrada-embarking-on-global-tour-this-fall/,2025-08-12,2025-09-13,2026-02-21,Webster Hall,"New York, NY",Other,FALSE,,,TRUE
Latin Grammy Winner Silvana Estrada Embarking On Global Tour This Fall,Latin Grammy Winner Silvana Estrada Embarking On Global Tour This Fall,https://news.pollstar.com/2025/08/12/latin-grammy-winner-silvana-estrada-embarking-on-global-tour-this-fall/,2025-08-12,2025-09-13,2026-02-21,Theatre Beanfield,"Montreal, QC",Theater,FALSE,,,TRUE
Latin Grammy Winner Silvana Estrada Embarking On Global Tour This Fall,Latin Grammy Winner Silvana Estrada Embarking On Global Tour This Fall,https://news.pollstar.com/2025/08/12/latin-grammy-winner-silvana-estrada-embarking-on-global-tour-this-fall/,2025-08-12,2025-09-13,2026-02-21,The Mod Club,"Toronto, ON",Club,FALSE,,,TRUE
Latin Grammy Winner Silvana Estrada Embarking On Global Tour This Fall,Latin Grammy Winner Silvana Estrada Embarking On Global Tour This Fall,https://news.pollstar.com/2025/08/12/latin-grammy-winner-silvana-estrada-embarking-on-global-tour-this-fall/,2025-08-12,2025-09-13,2026-02-21,Thalia Hall,"Chicago, IL",Other,FALSE,,,TRUE
Latin Grammy Winner Silvana Estrada Embarking On Global Tour This Fall,Latin Grammy Winner Silvana Estrada Embarking On Global Tour This Fall,https://news.pollstar.com/2025/08/12/latin-grammy-winner-silvana-estrada-embarking-on-global-tour-this-fall/,2025-08-12,2025-09-13,2026-02-21,Fillmore,"San Francisco, CA",Club,LYV,,,TRUE
Latin Grammy Winner Silvana Estrada Embarking On Global Tour This Fall,Latin Grammy Winner Silvana Estrada Embarking On Global Tour This Fall,https://news.pollstar.com/2025/08/12/latin-grammy-winner-silvana-estrada-embarking-on-global-tour-this-fall/,2025-08-12,2025-09-13,2026-02-21,Belasco,"Los Angeles, CA",Theater,LYV,,,TRUE
Latin Grammy Winner Silvana Estrada Embarking On Global Tour This Fall,Latin Grammy Winner Silvana Estrada Embarking On Global Tour This Fall,https://news.pollstar.com/2025/08/12/latin-grammy-winner-silvana-estrada-embarking-on-global-tour-this-fall/,2025-08-12,2025-09-13,2026-02-21,Teatro Principal de Puebla,"Puebla, MX",Other,FALSE,,,TRUE
Latin Grammy Winner Silvana Estrada Embarking On Global Tour This Fall,Latin Grammy Winner Silvana Estrada Embarking On Global Tour This Fall,https://news.pollstar.com/2025/08/12/latin-grammy-winner-silvana-estrada-embarking-on-global-tour-this-fall/,2025-08-12,2025-09-13,2026-02-21,Teatro Diana,"Guadalajara, MX",Other,FALSE,,,TRUE
Latin Grammy Winner Silvana Estrada Embarking On Global Tour This Fall,Latin Grammy Winner Silvana Estrada Embarking On Global Tour This Fall,https://news.pollstar.com/2025/08/12/latin-grammy-winner-silvana-estrada-embarking-on-global-tour-this-fall/,2025-08-12,2025-09-13,2026-02-21,Teatro Metropólitan,"Mexico City, MX",Other,FALSE,,,TRUE
Latin Grammy Winner Silvana Estrada Embarking On Global Tour This Fall,Latin Grammy Winner Silvana Estrada Embarking On Global Tour This Fall,https://news.pollstar.com/2025/08/12/latin-grammy-winner-silvana-estrada-embarking-on-global-tour-this-fall/,2025-08-12,2025-09-13,2026-02-21,Auditorio Río 70,"Monterrey, MX",Other,FALSE,,,TRUE
Latin Grammy Winner Silvana Estrada Embarking On Global Tour This Fall,Latin Grammy Winner Silvana Estrada Embarking On Global Tour This Fall,https://news.pollstar.com/2025/08/12/latin-grammy-winner-silvana-estrada-embarking-on-global-tour-this-fall/,2025-08-12,2025-09-13,2026-02-21,Teatro Manuel Doblado,"León, MX",Other,FALSE,,,TRUE
Latin Grammy Winner Silvana Estrada Embarking On Global Tour This Fall,Latin Grammy Winner Silvana Estrada Embarking On Global Tour This Fall,https://news.pollstar.com/2025/08/12/latin-grammy-winner-silvana-estrada-embarking-on-global-tour-this-fall/,2025-08-12,2025-09-13,2026-02-21,Teatro del Estado,"Xalapa, MX",Other,FALSE,,,TRUE
Latin Grammy Winner Silvana Estrada Embarking On Global Tour This Fall,Latin Grammy Winner Silvana Estrada Embarking On Global Tour This Fall,https://news.pollstar.com/2025/08/12/latin-grammy-winner-silvana-estrada-embarking-on-global-tour-this-fall/,2025-08-12,2025-09-13,2026-02-21,Palacio de la Música,"Mérida, MX",Other,FALSE,,,TRUE
Latin Grammy Winner Silvana Estrada Embarking On Global Tour This Fall,Latin Grammy Winner Silvana Estrada Embarking On Global Tour This Fall,https://news.pollstar.com/2025/08/12/latin-grammy-winner-silvana-estrada-embarking-on-global-tour-this-fall/,2025-08-12,2025-09-13,2026-02-21,Auditorio Stoa,"Cancún, MX",Other,FALSE,,,TRUE
Disco Biscuits,"Disco Biscuits Unveil Fall Tour Dates, Including Tractorbeam & Powered Down Sets",https://news.pollstar.com/2025/08/06/disco-biscuits-unveil-fall-tour-dates-including-tractorbeam-powered-down-sets/,2025-08-06,2025-10-31,2025-12-31,Hulaween,"Live Oak, FL",Other,FALSE,,,TRUE
Disco Biscuits,"Disco Biscuits Unveil Fall Tour Dates, Including Tractorbeam & Powered Down Sets",https://news.pollstar.com/2025/08/06/disco-biscuits-unveil-fall-tour-dates-including-tractorbeam-powered-down-sets/,2025-08-06,2025-10-31,2025-12-31,Brooklyn Bowl,"Nashville, TN",Club,LYV,,,TRUE
Disco Biscuits,"Disco Biscuits Unveil Fall Tour Dates, Including Tractorbeam & Powered Down Sets",https://news.pollstar.com/2025/08/06/disco-biscuits-unveil-fall-tour-dates-including-tractorbeam-powered-down-sets/,2025-08-06,2025-10-31,2025-12-31,The Norva,"Norfolk, VA",Club,FALSE,,,TRUE
Disco Biscuits,"Disco Biscuits Unveil Fall Tour Dates, Including Tractorbeam & Powered Down Sets",https://news.pollstar.com/2025/08/06/disco-biscuits-unveil-fall-tour-dates-including-tractorbeam-powered-down-sets/,2025-08-06,2025-10-31,2025-12-31,The National,"Richmond, VA",Arena,FALSE,,,TRUE
Disco Biscuits,"Disco Biscuits Unveil Fall Tour Dates, Including Tractorbeam & Powered Down Sets",https://news.pollstar.com/2025/08/06/disco-biscuits-unveil-fall-tour-dates-including-tractorbeam-powered-down-sets/,2025-08-06,2025-10-31,2025-12-31,"Washington, D.C.",9:30 Club,Other,FALSE,,,TRUE
Disco Biscuits,"Disco Biscuits Unveil Fall Tour Dates, Including Tractorbeam & Powered Down Sets",https://news.pollstar.com/2025/08/06/disco-biscuits-unveil-fall-tour-dates-including-tractorbeam-powered-down-sets/,2025-08-06,2025-10-31,2025-12-31,TBA,"Brooklyn, NY",Other,FALSE,,,TRUE
Disco Biscuits,"Disco Biscuits Unveil Fall Tour Dates, Including Tractorbeam & Powered Down Sets",https://news.pollstar.com/2025/08/06/disco-biscuits-unveil-fall-tour-dates-including-tractorbeam-powered-down-sets/,2025-08-06,2025-10-31,2025-12-31,Brooklyn Steel,"Brooklyn, NY",Club,FALSE,,,TRUE
Disco Biscuits,"Disco Biscuits Unveil Fall Tour Dates, Including Tractorbeam & Powered Down Sets",https://news.pollstar.com/2025/08/06/disco-biscuits-unveil-fall-tour-dates-including-tractorbeam-powered-down-sets/,2025-08-06,2025-10-31,2025-12-31,Sherman Theater,"Stroudsburg, PA",Theater,FALSE,,,TRUE
Disco Biscuits,"Disco Biscuits Unveil Fall Tour Dates, Including Tractorbeam & Powered Down Sets",https://news.pollstar.com/2025/08/06/disco-biscuits-unveil-fall-tour-dates-including-tractorbeam-powered-down-sets/,2025-08-06,2025-10-31,2025-12-31,Higher Ground,"South Burlington, VT",Club,FALSE,,,TRUE
Disco Biscuits,"Disco Biscuits Unveil Fall Tour Dates, Including Tractorbeam & Powered Down Sets",https://news.pollstar.com/2025/08/06/disco-biscuits-unveil-fall-tour-dates-including-tractorbeam-powered-down-sets/,2025-08-06,2025-10-31,2025-12-31,Town Ballroom,"Buffalo, NY",Club,FALSE,,,TRUE
Disco Biscuits,"Disco Biscuits Unveil Fall Tour Dates, Including Tractorbeam & Powered Down Sets",https://news.pollstar.com/2025/08/06/disco-biscuits-unveil-fall-tour-dates-including-tractorbeam-powered-down-sets/,2025-08-06,2025-10-31,2025-12-31,The Fillmore,"Minneapolis, MN",Club,LYV,,,TRUE
Disco Biscuits,"Disco Biscuits Unveil Fall Tour Dates, Including Tractorbeam & Powered Down Sets",https://news.pollstar.com/2025/08/06/disco-biscuits-unveil-fall-tour-dates-including-tractorbeam-powered-down-sets/,2025-08-06,2025-10-31,2025-12-31,"Chicago, IL +",Garcia’s,Other,FALSE,,,TRUE
Disco Biscuits,"Disco Biscuits Unveil Fall Tour Dates, Including Tractorbeam & Powered Down Sets",https://news.pollstar.com/2025/08/06/disco-biscuits-unveil-fall-tour-dates-including-tractorbeam-powered-down-sets/,2025-08-06,2025-10-31,2025-12-31,Thalia Hall,"Chicago, IL",Other,FALSE,,,TRUE
Disco Biscuits,"Disco Biscuits Unveil Fall Tour Dates, Including Tractorbeam & Powered Down Sets",https://news.pollstar.com/2025/08/06/disco-biscuits-unveil-fall-tour-dates-including-tractorbeam-powered-down-sets/,2025-08-06,2025-10-31,2025-12-31,College Street Music Hall,"New Haven, CT",Theater,FALSE,,,TRUE
Disco Biscuits,"Disco Biscuits Unveil Fall Tour Dates, Including Tractorbeam & Powered Down Sets",https://news.pollstar.com/2025/08/06/disco-biscuits-unveil-fall-tour-dates-including-tractorbeam-powered-down-sets/,2025-08-06,2025-10-31,2025-12-31,District Music Hall,"Norwalk, CT",Other,FALSE,,,TRUE
Disco Biscuits,"Disco Biscuits Unveil Fall Tour Dates, Including Tractorbeam & Powered Down Sets",https://news.pollstar.com/2025/08/06/disco-biscuits-unveil-fall-tour-dates-including-tractorbeam-powered-down-sets/,2025-08-06,2025-10-31,2025-12-31,"Boston, MA (SOLD OUT)",The Sinclair,Other,FALSE,,,TRUE
Disco Biscuits,"Disco Biscuits Unveil Fall Tour Dates, Including Tractorbeam & Powered Down Sets",https://news.pollstar.com/2025/08/06/disco-biscuits-unveil-fall-tour-dates-including-tractorbeam-powered-down-sets/,2025-08-06,2025-10-31,2025-12-31,Royale,"Boston, MA",Club,FALSE,,,TRUE
Disco Biscuits,"Disco Biscuits Unveil Fall Tour Dates, Including Tractorbeam & Powered Down Sets",https://news.pollstar.com/2025/08/06/disco-biscuits-unveil-fall-tour-dates-including-tractorbeam-powered-down-sets/,2025-08-06,2025-10-31,2025-12-31,Roadrunner,"Boston, MA",Club,FALSE,,,TRUE
Kendrick,Kendrick Expands Australian Tour Dates With Doechii,https://news.pollstar.com/2025/08/06/kendrick-expands-australian-tour-dates-with-doechii/,2025-08-06,2025-12-03,2025-12-11,"Melbourne, Australia",AAMI Park,Other,FALSE,,,TRUE
Kendrick,Kendrick Expands Australian Tour Dates With Doechii,https://news.pollstar.com/2025/08/06/kendrick-expands-australian-tour-dates-with-doechii/,2025-08-06,2025-12-03,2025-12-11,"Melbourne, Australia",AAMI Park,Other,FALSE,,,TRUE
Kendrick,Kendrick Expands Australian Tour Dates With Doechii,https://news.pollstar.com/2025/08/06/kendrick-expands-australian-tour-dates-with-doechii/,2025-08-06,2025-12-03,2025-12-11,"Sydney, Australia",Allianz Stadium,Other,FALSE,,,TRUE
Kendrick,Kendrick Expands Australian Tour Dates With Doechii,https://news.pollstar.com/2025/08/06/kendrick-expands-australian-tour-dates-with-doechii/,2025-08-06,2025-12-03,2025-12-11,"Sydney, Australia",Allianz Stadium,Other,FALSE,,,TRUE
Freddie Gibbs And The Alchemist,Freddie Gibbs And The Alchemist Announce North American Tour,https://news.pollstar.com/2025/08/05/freddie-gibbs-and-the-alchemist-announce-north-american-tour/,2025-08-05,2024-09-26,2024-09-27,South Side Ballroom,"Dallas, TX @ Gilley’s Dallas",Club,FALSE,,,TRUE
Freddie Gibbs And The Alchemist,Freddie Gibbs And The Alchemist Announce North American Tour,https://news.pollstar.com/2025/08/05/freddie-gibbs-and-the-alchemist-announce-north-american-tour/,2025-08-05,2024-09-26,2024-09-27,Music Hall,"Houston, TX @ House of Blues Houston",Theater,LYV,,,TRUE
Stevie Nicks Postpones Tour Dates Due To Shoulder Injury,Stevie Nicks Postpones Tour Dates Due To Shoulder Injury,https://news.pollstar.com/2025/08/04/stevie-nicks-postpones-tour-dates-due-to-shoulder-injury/,2025-08-04,2025-10-28,2025-12-10,Little Caesars Arena,"Detroit, MI",Theater,FALSE,,,TRUE
Stevie Nicks Postpones Tour Dates Due To Shoulder Injury,Stevie Nicks Postpones Tour Dates Due To Shoulder Injury,https://news.pollstar.com/2025/08/04/stevie-nicks-postpones-tour-dates-due-to-shoulder-injury/,2025-08-04,2025-10-28,2025-12-10,Xcel Energy Center,"St. Paul, MN",Arena,FALSE,,,TRUE
Stevie Nicks Postpones Tour Dates Due To Shoulder Injury,Stevie Nicks Postpones Tour Dates Due To Shoulder Injury,https://news.pollstar.com/2025/08/04/stevie-nicks-postpones-tour-dates-due-to-shoulder-injury/,2025-08-04,2025-10-28,2025-12-10,Scotiabank Arena,"Toronto, ON",Arena,FALSE,,,TRUE
Stevie Nicks Postpones Tour Dates Due To Shoulder Injury,Stevie Nicks Postpones Tour Dates Due To Shoulder Injury,https://news.pollstar.com/2025/08/04/stevie-nicks-postpones-tour-dates-due-to-shoulder-injury/,2025-08-04,2025-10-28,2025-12-10,Barclays Center,"Brooklyn, NY",Arena,FALSE,,,TRUE
Stevie Nicks Postpones Tour Dates Due To Shoulder Injury,Stevie Nicks Postpones Tour Dates Due To Shoulder Injury,https://news.pollstar.com/2025/08/04/stevie-nicks-postpones-tour-dates-due-to-shoulder-injury/,2025-08-04,2025-10-28,2025-12-10,TD Garden,"Boston, MA",Arena,FALSE,,,TRUE
Stevie Nicks Postpones Tour Dates Due To Shoulder Injury,Stevie Nicks Postpones Tour Dates Due To Shoulder Injury,https://news.pollstar.com/2025/08/04/stevie-nicks-postpones-tour-dates-due-to-shoulder-injury/,2025-08-04,2025-10-28,2025-12-10,Heritage Bank Center,"Cincinnati, OH",Arena,FALSE,,,TRUE
Stevie Nicks Postpones Tour Dates Due To Shoulder Injury,Stevie Nicks Postpones Tour Dates Due To Shoulder Injury,https://news.pollstar.com/2025/08/04/stevie-nicks-postpones-tour-dates-due-to-shoulder-injury/,2025-08-04,2025-10-28,2025-12-10,Colonial Life Arena,"Columbia, SC",Arena,FALSE,,,TRUE
Stevie Nicks Postpones Tour Dates Due To Shoulder Injury,Stevie Nicks Postpones Tour Dates Due To Shoulder Injury,https://news.pollstar.com/2025/08/04/stevie-nicks-postpones-tour-dates-due-to-shoulder-injury/,2025-08-04,2025-10-28,2025-12-10,Amalie Arena,"Tampa, FL",Arena,FALSE,,,TRUE
Stevie Nicks Postpones Tour Dates Due To Shoulder Injury,Stevie Nicks Postpones Tour Dates Due To Shoulder Injury,https://news.pollstar.com/2025/08/04/stevie-nicks-postpones-tour-dates-due-to-shoulder-injury/,2025-08-04,2025-10-28,2025-12-10,Hard Rock Live,"Hollywood, FL",Theater,FALSE,,,TRUE
Mexican Music Star Junior H,Mexican Music Star Junior H Unveils ‘$ad Boyz Live & Broken Tour’ Dates,https://news.pollstar.com/2025/07/30/mexican-music-star-junior-h-unveils-ad-boyz-tour-dates/,2025-07-30,2024-08-31,2024-11-07,Credit Union 1 Amphitheatre,"Tinley Park, IL",Amphitheater,LYV,,,TRUE
Mexican Music Star Junior H,Mexican Music Star Junior H Unveils ‘$ad Boyz Live & Broken Tour’ Dates,https://news.pollstar.com/2025/07/30/mexican-music-star-junior-h-unveils-ad-boyz-tour-dates/,2025-07-30,2024-08-31,2024-11-07,Jiffy Lube Live,"Bristow, VA",Amphitheater,LYV,,,TRUE
Mexican Music Star Junior H,Mexican Music Star Junior H Unveils ‘$ad Boyz Live & Broken Tour’ Dates,https://news.pollstar.com/2025/07/30/mexican-music-star-junior-h-unveils-ad-boyz-tour-dates/,2025-07-30,2024-08-31,2024-11-07,Northwell at Jones Beach Theater,"Wantagh, NY",Amphitheater,LYV,,,TRUE
Mexican Music Star Junior H,Mexican Music Star Junior H Unveils ‘$ad Boyz Live & Broken Tour’ Dates,https://news.pollstar.com/2025/07/30/mexican-music-star-junior-h-unveils-ad-boyz-tour-dates/,2025-07-30,2024-08-31,2024-11-07,Freedom Mortgage Pavilion,"Camden, NJ",Amphitheater,LYV,,,TRUE
Mexican Music Star Junior H,Mexican Music Star Junior H Unveils ‘$ad Boyz Live & Broken Tour’ Dates,https://news.pollstar.com/2025/07/30/mexican-music-star-junior-h-unveils-ad-boyz-tour-dates/,2025-07-30,2024-08-31,2024-11-07,PNC Music Pavilion,"Charlotte, NC",Amphitheater,LYV,,,TRUE
Mexican Music Star Junior H,Mexican Music Star Junior H Unveils ‘$ad Boyz Live & Broken Tour’ Dates,https://news.pollstar.com/2025/07/30/mexican-music-star-junior-h-unveils-ad-boyz-tour-dates/,2025-07-30,2024-08-31,2024-11-07,Coastal Credit Union Music Park at Walnut Creek,"Raleigh, NC",Amphitheater,LYV,,,TRUE
Mexican Music Star Junior H,Mexican Music Star Junior H Unveils ‘$ad Boyz Live & Broken Tour’ Dates,https://news.pollstar.com/2025/07/30/mexican-music-star-junior-h-unveils-ad-boyz-tour-dates/,2025-07-30,2024-08-31,2024-11-07,Lakewood Amphitheatre,"Atlanta, GA",Amphitheater,LYV,,,TRUE
Mexican Music Star Junior H,Mexican Music Star Junior H Unveils ‘$ad Boyz Live & Broken Tour’ Dates,https://news.pollstar.com/2025/07/30/mexican-music-star-junior-h-unveils-ad-boyz-tour-dates/,2025-07-30,2024-08-31,2024-11-07,Sames Auto Arena,"Laredo, TX",Arena,FALSE,,,TRUE
Mexican Music Star Junior H,Mexican Music Star Junior H Unveils ‘$ad Boyz Live & Broken Tour’ Dates,https://news.pollstar.com/2025/07/30/mexican-music-star-junior-h-unveils-ad-boyz-tour-dates/,2025-07-30,2024-08-31,2024-11-07,Bert Ogden Arena,"Edinburg, TX",Arena,FALSE,,,TRUE
Mexican Music Star Junior H,Mexican Music Star Junior H Unveils ‘$ad Boyz Live & Broken Tour’ Dates,https://news.pollstar.com/2025/07/30/mexican-music-star-junior-h-unveils-ad-boyz-tour-dates/,2025-07-30,2024-08-31,2024-11-07,Germania Insurance Amphitheater,"Austin, TX",Amphitheater,LYV,,,TRUE
Mexican Music Star Junior H,Mexican Music Star Junior H Unveils ‘$ad Boyz Live & Broken Tour’ Dates,https://news.pollstar.com/2025/07/30/mexican-music-star-junior-h-unveils-ad-boyz-tour-dates/,2025-07-30,2024-08-31,2024-11-07,Walmart AMP,"Rogers, AR",Amphitheater,LYV,,,TRUE
Mexican Music Star Junior H,Mexican Music Star Junior H Unveils ‘$ad Boyz Live & Broken Tour’ Dates,https://news.pollstar.com/2025/07/30/mexican-music-star-junior-h-unveils-ad-boyz-tour-dates/,2025-07-30,2024-08-31,2024-11-07,Cynthia Woods Mitchell Pavilion Sponsored by Huntsman,"Houston, TX",Amphitheater,LYV,,,TRUE
Mexican Music Star Junior H,Mexican Music Star Junior H Unveils ‘$ad Boyz Live & Broken Tour’ Dates,https://news.pollstar.com/2025/07/30/mexican-music-star-junior-h-unveils-ad-boyz-tour-dates/,2025-07-30,2024-08-31,2024-11-07,North Island Credit Union Amphitheatre,"Chula Vista, CA",Amphitheater,LYV,,,TRUE
Mexican Music Star Junior H,Mexican Music Star Junior H Unveils ‘$ad Boyz Live & Broken Tour’ Dates,https://news.pollstar.com/2025/07/30/mexican-music-star-junior-h-unveils-ad-boyz-tour-dates/,2025-07-30,2024-08-31,2024-11-07,Glen Helen Amphitheater,"San Bernardino, CA",Amphitheater,LYV,,,TRUE
Mexican Music Star Junior H,Mexican Music Star Junior H Unveils ‘$ad Boyz Live & Broken Tour’ Dates,https://news.pollstar.com/2025/07/30/mexican-music-star-junior-h-unveils-ad-boyz-tour-dates/,2025-07-30,2024-08-31,2024-11-07,Save Mart Center,"Fresno, CA",Arena,LYV,,,TRUE
Mexican Music Star Junior H,Mexican Music Star Junior H Unveils ‘$ad Boyz Live & Broken Tour’ Dates,https://news.pollstar.com/2025/07/30/mexican-music-star-junior-h-unveils-ad-boyz-tour-dates/,2025-07-30,2024-08-31,2024-11-07,Toyota Amphitheater,"Wheatland, CA",Amphitheater,LYV,,,TRUE
Mexican Music Star Junior H,Mexican Music Star Junior H Unveils ‘$ad Boyz Live & Broken Tour’ Dates,https://news.pollstar.com/2025/07/30/mexican-music-star-junior-h-unveils-ad-boyz-tour-dates/,2025-07-30,2024-08-31,2024-11-07,Shoreline Amphitheatre,"Mountain View, CA",Amphitheater,LYV,,,TRUE
Mexican Music Star Junior H,Mexican Music Star Junior H Unveils ‘$ad Boyz Live & Broken Tour’ Dates,https://news.pollstar.com/2025/07/30/mexican-music-star-junior-h-unveils-ad-boyz-tour-dates/,2025-07-30,2024-08-31,2024-11-07,Dos Equis Pavilion,"Dallas, TX",Amphitheater,LYV,,,TRUE
Mexican Music Star Junior H,Mexican Music Star Junior H Unveils ‘$ad Boyz Live & Broken Tour’ Dates,https://news.pollstar.com/2025/07/30/mexican-music-star-junior-h-unveils-ad-boyz-tour-dates/,2025-07-30,2024-08-31,2024-11-07,Talking Stick Resort Amphitheatre,"Phoenix, AZ",Amphitheater,LYV,,,TRUE
Mexican Music Star Junior H,Mexican Music Star Junior H Unveils ‘$ad Boyz Live & Broken Tour’ Dates,https://news.pollstar.com/2025/07/30/mexican-music-star-junior-h-unveils-ad-boyz-tour-dates/,2025-07-30,2024-08-31,2024-11-07,T-Mobile Arena,"Las Vegas, NV",Arena,FALSE,,,TRUE
Mexican Music Star Junior H,Mexican Music Star Junior H Unveils ‘$ad Boyz Live & Broken Tour’ Dates,https://news.pollstar.com/2025/07/30/mexican-music-star-junior-h-unveils-ad-boyz-tour-dates/,2025-07-30,2024-08-31,2024-11-07,Isleta Amphitheater,"Albuquerque, NM",Amphitheater,LYV,,,TRUE
Mexican Music Star Junior H,Mexican Music Star Junior H Unveils ‘$ad Boyz Live & Broken Tour’ Dates,https://news.pollstar.com/2025/07/30/mexican-music-star-junior-h-unveils-ad-boyz-tour-dates/,2025-07-30,2024-08-31,2024-11-07,Hollywood Bowl,"Los Angeles, CA",Amphitheater,FALSE,,,TRUE
Rising Latin Star Elena Rose Embarking On First U.S. Tour In November,Rising Latin Star Elena Rose Embarking On First U.S. Tour In November,https://news.pollstar.com/2025/07/28/rising-latin-star-elena-rose-embarking-on-first-u-s-tour-in-november/,2025-07-28,2025-11-28,2025-12-14,Fillmore Miami Beach at Jackie Gleason Theatre,"Miami Beach, FL",Theater,LYV,,,TRUE
Rising Latin Star Elena Rose Embarking On First U.S. Tour In November,Rising Latin Star Elena Rose Embarking On First U.S. Tour In November,https://news.pollstar.com/2025/07/28/rising-latin-star-elena-rose-embarking-on-first-u-s-tour-in-november/,2025-07-28,2025-11-28,2025-12-14,House of Blues,"Lake Buena Vista, FL",Club,LYV,,,TRUE
Rising Latin Star Elena Rose Embarking On First U.S. Tour In November,Rising Latin Star Elena Rose Embarking On First U.S. Tour In November,https://news.pollstar.com/2025/07/28/rising-latin-star-elena-rose-embarking-on-first-u-s-tour-in-november/,2025-07-28,2025-11-28,2025-12-14,Buckhead Theatre,"Atlanta, GA",Theater,FALSE,,,TRUE
Rising Latin Star Elena Rose Embarking On First U.S. Tour In November,Rising Latin Star Elena Rose Embarking On First U.S. Tour In November,https://news.pollstar.com/2025/07/28/rising-latin-star-elena-rose-embarking-on-first-u-s-tour-in-november/,2025-07-28,2025-11-28,2025-12-14,The Echo Lounge & Music Hall,"Dallas, TX",Theater,FALSE,,,TRUE
Rising Latin Star Elena Rose Embarking On First U.S. Tour In November,Rising Latin Star Elena Rose Embarking On First U.S. Tour In November,https://news.pollstar.com/2025/07/28/rising-latin-star-elena-rose-embarking-on-first-u-s-tour-in-november/,2025-07-28,2025-11-28,2025-12-14,House of Blues Houston,"Houston, TX",Club,LYV,,,TRUE
Rising Latin Star Elena Rose Embarking On First U.S. Tour In November,Rising Latin Star Elena Rose Embarking On First U.S. Tour In November,https://news.pollstar.com/2025/07/28/rising-latin-star-elena-rose-embarking-on-first-u-s-tour-in-november/,2025-07-28,2025-11-28,2025-12-14,The Howard Theatre,"Washington, DC",Theater,FALSE,,,TRUE
Rising Latin Star Elena Rose Embarking On First U.S. Tour In November,Rising Latin Star Elena Rose Embarking On First U.S. Tour In November,https://news.pollstar.com/2025/07/28/rising-latin-star-elena-rose-embarking-on-first-u-s-tour-in-november/,2025-07-28,2025-11-28,2025-12-14,Irving Plaza,"New York, NY",Club,LYV,,,TRUE
Rising Latin Star Elena Rose Embarking On First U.S. Tour In November,Rising Latin Star Elena Rose Embarking On First U.S. Tour In November,https://news.pollstar.com/2025/07/28/rising-latin-star-elena-rose-embarking-on-first-u-s-tour-in-november/,2025-07-28,2025-11-28,2025-12-14,The Belasco,"Los Angeles, CA",Theater,LYV,,,TRUE
Rising Latin Star Elena Rose Embarking On First U.S. Tour In November,Rising Latin Star Elena Rose Embarking On First U.S. Tour In November,https://news.pollstar.com/2025/07/28/rising-latin-star-elena-rose-embarking-on-first-u-s-tour-in-november/,2025-07-28,2025-11-28,2025-12-14,House of Blues Chicago,"Chicago, IL",Club,LYV,,,TRUE
Chappell Roan,Chappell Roan Announces ‘Visions Of Damsels & Other Dangerous Things’ Tour,https://news.pollstar.com/2025/07/24/chappell-roan-announces-visions-of-damsels-other-dangerous-things-tour/,2025-07-24,2025-09-20,2025-10-11,Forest Hills Stadium,"Forest Hills, NY",Stadium,FALSE,,,TRUE
Chappell Roan,Chappell Roan Announces ‘Visions Of Damsels & Other Dangerous Things’ Tour,https://news.pollstar.com/2025/07/24/chappell-roan-announces-visions-of-damsels-other-dangerous-things-tour/,2025-07-24,2025-09-20,2025-10-11,Forest Hills Stadium,"Forest Hills, NY",Stadium,FALSE,,,TRUE
Chappell Roan,Chappell Roan Announces ‘Visions Of Damsels & Other Dangerous Things’ Tour,https://news.pollstar.com/2025/07/24/chappell-roan-announces-visions-of-damsels-other-dangerous-things-tour/,2025-07-24,2025-09-20,2025-10-11,Forest Hills Stadium,"Forest Hills, NY",Stadium,FALSE,,,TRUE
Chappell Roan,Chappell Roan Announces ‘Visions Of Damsels & Other Dangerous Things’ Tour,https://news.pollstar.com/2025/07/24/chappell-roan-announces-visions-of-damsels-other-dangerous-things-tour/,2025-07-24,2025-09-20,2025-10-11,Forest Hills Stadium,"Forest Hills, NY",Stadium,FALSE,,,TRUE
Chappell Roan,Chappell Roan Announces ‘Visions Of Damsels & Other Dangerous Things’ Tour,https://news.pollstar.com/2025/07/24/chappell-roan-announces-visions-of-damsels-other-dangerous-things-tour/,2025-07-24,2025-09-20,2025-10-11,Museum and Memorial Park,"Kansas City, MO",Other,FALSE,,,TRUE
Chappell Roan,Chappell Roan Announces ‘Visions Of Damsels & Other Dangerous Things’ Tour,https://news.pollstar.com/2025/07/24/chappell-roan-announces-visions-of-damsels-other-dangerous-things-tour/,2025-07-24,2025-09-20,2025-10-11,Museum and Memorial Park,"Kansas City, MO",Other,FALSE,,,TRUE
Chappell Roan,Chappell Roan Announces ‘Visions Of Damsels & Other Dangerous Things’ Tour,https://news.pollstar.com/2025/07/24/chappell-roan-announces-visions-of-damsels-other-dangerous-things-tour/,2025-07-24,2025-09-20,2025-10-11,Brookside at the Rose Bowl,"Pasadena, CA",Stadium,FALSE,,,TRUE
Chappell Roan,Chappell Roan Announces ‘Visions Of Damsels & Other Dangerous Things’ Tour,https://news.pollstar.com/2025/07/24/chappell-roan-announces-visions-of-damsels-other-dangerous-things-tour/,2025-07-24,2025-09-20,2025-10-11,Brookside at the Rose Bowl,"Pasadena, CA",Stadium,FALSE,,,TRUE
Loathe,Loathe Announce Fall Tour Dates,https://news.pollstar.com/2025/07/22/loathe-announce-fall-tour-dates/,2025-07-22,2025-10-21,2025-11-24,Nile Theater,"Mesa, AZ",Theater,FALSE,,,TRUE
Loathe,Loathe Announce Fall Tour Dates,https://news.pollstar.com/2025/07/22/loathe-announce-fall-tour-dates/,2025-07-22,2025-10-21,2025-11-24,Sunshine Theater,"Albuquerque, NM",Theater,FALSE,,,TRUE
Loathe,Loathe Announce Fall Tour Dates,https://news.pollstar.com/2025/07/22/loathe-announce-fall-tour-dates/,2025-07-22,2025-10-21,2025-11-24,Emo’s,"Austin, TX",Club,FALSE,,,TRUE
Loathe,Loathe Announce Fall Tour Dates,https://news.pollstar.com/2025/07/22/loathe-announce-fall-tour-dates/,2025-07-22,2025-10-21,2025-11-24,The Echo Lounge and Music Hall,"Dallas, TX",Other,FALSE,,,TRUE
Loathe,Loathe Announce Fall Tour Dates,https://news.pollstar.com/2025/07/22/loathe-announce-fall-tour-dates/,2025-07-22,2025-10-21,2025-11-24,House of Blues,"Orlando, FL",Club,LYV,,,TRUE
Loathe,Loathe Announce Fall Tour Dates,https://news.pollstar.com/2025/07/22/loathe-announce-fall-tour-dates/,2025-07-22,2025-10-21,2025-11-24,Buckhead Theatre,"Atlanta, GA",Theater,FALSE,,,TRUE
Loathe,Loathe Announce Fall Tour Dates,https://news.pollstar.com/2025/07/22/loathe-announce-fall-tour-dates/,2025-07-22,2025-10-21,2025-11-24,Cannery Hall,"Nashville, TN",Theater,FALSE,,,TRUE
Loathe,Loathe Announce Fall Tour Dates,https://news.pollstar.com/2025/07/22/loathe-announce-fall-tour-dates/,2025-07-22,2025-10-21,2025-11-24,The Underground,"Charlotte, NC",Club,FALSE,,,TRUE
Loathe,Loathe Announce Fall Tour Dates,https://news.pollstar.com/2025/07/22/loathe-announce-fall-tour-dates/,2025-07-22,2025-10-21,2025-11-24,Baltimore Soundstage,"Baltimore, MD",Club,FALSE,,,TRUE
Loathe,Loathe Announce Fall Tour Dates,https://news.pollstar.com/2025/07/22/loathe-announce-fall-tour-dates/,2025-07-22,2025-10-21,2025-11-24,Roxian Theatre,"Pittsburgh, PA",Theater,FALSE,,,TRUE
Loathe,Loathe Announce Fall Tour Dates,https://news.pollstar.com/2025/07/22/loathe-announce-fall-tour-dates/,2025-07-22,2025-10-21,2025-11-24,Town Ballroom,"Buffalo, NY",Club,FALSE,,,TRUE
Loathe,Loathe Announce Fall Tour Dates,https://news.pollstar.com/2025/07/22/loathe-announce-fall-tour-dates/,2025-07-22,2025-10-21,2025-11-24,Paradise Rock Club,"Boston, MA",Club,FALSE,,,TRUE
Loathe,Loathe Announce Fall Tour Dates,https://news.pollstar.com/2025/07/22/loathe-announce-fall-tour-dates/,2025-07-22,2025-10-21,2025-11-24,Warsaw,"Brooklyn, NY",Club,FALSE,,,TRUE
Loathe,Loathe Announce Fall Tour Dates,https://news.pollstar.com/2025/07/22/loathe-announce-fall-tour-dates/,2025-07-22,2025-10-21,2025-11-24,TLA,"Philadelphia, PA",Club,FALSE,,,TRUE
Loathe,Loathe Announce Fall Tour Dates,https://news.pollstar.com/2025/07/22/loathe-announce-fall-tour-dates/,2025-07-22,2025-10-21,2025-11-24,The Roxy,"Lakewood, OH",Club,FALSE,,,TRUE
Loathe,Loathe Announce Fall Tour Dates,https://news.pollstar.com/2025/07/22/loathe-announce-fall-tour-dates/,2025-07-22,2025-10-21,2025-11-24,St Andrew’s Hall,"Detroit, MI",Theater,FALSE,,,TRUE
Loathe,Loathe Announce Fall Tour Dates,https://news.pollstar.com/2025/07/22/loathe-announce-fall-tour-dates/,2025-07-22,2025-10-21,2025-11-24,Bogart’s,"Cincinnati, OH",Club,FALSE,,,TRUE
Loathe,Loathe Announce Fall Tour Dates,https://news.pollstar.com/2025/07/22/loathe-announce-fall-tour-dates/,2025-07-22,2025-10-21,2025-11-24,Concord Music Hall,"Chicago, IL",Theater,FALSE,,,TRUE
Loathe,Loathe Announce Fall Tour Dates,https://news.pollstar.com/2025/07/22/loathe-announce-fall-tour-dates/,2025-07-22,2025-10-21,2025-11-24,Summit,"Denver, CO",Theater,FALSE,,,TRUE
Loathe,Loathe Announce Fall Tour Dates,https://news.pollstar.com/2025/07/22/loathe-announce-fall-tour-dates/,2025-07-22,2025-10-21,2025-11-24,The Depot,"Salt Lake City, UT",Club,FALSE,,,TRUE
Loathe,Loathe Announce Fall Tour Dates,https://news.pollstar.com/2025/07/22/loathe-announce-fall-tour-dates/,2025-07-22,2025-10-21,2025-11-24,Roseland Ballroom,"Portland, OR",Club,FALSE,,,TRUE
Loathe,Loathe Announce Fall Tour Dates,https://news.pollstar.com/2025/07/22/loathe-announce-fall-tour-dates/,2025-07-22,2025-10-21,2025-11-24,Neptune,"Seattle, WA",Theater,FALSE,,,TRUE
Loathe,Loathe Announce Fall Tour Dates,https://news.pollstar.com/2025/07/22/loathe-announce-fall-tour-dates/,2025-07-22,2025-10-21,2025-11-24,Ace of Spades,"Sacramento, CA",Club,FALSE,,,TRUE
Loathe,Loathe Announce Fall Tour Dates,https://news.pollstar.com/2025/07/22/loathe-announce-fall-tour-dates/,2025-07-22,2025-10-21,2025-11-24,House of Blues,"Anaheim, CA",Club,LYV,,,TRUE
Ray LaMontagne Postpones ‘Trouble’ Anniversary Tour To 2026,Ray LaMontagne Postpones ‘Trouble’ Anniversary Tour To 2026,https://news.pollstar.com/2025/07/09/ray-lamontagne-postpones-trouble-anniversary-tour-to-2026/,2025-07-09,2026-08-23,2026-10-03,Red Butte Garden Amphitheater+,"Salt Lake City, UT",Theater,FALSE,,,TRUE
Ray LaMontagne Postpones ‘Trouble’ Anniversary Tour To 2026,Ray LaMontagne Postpones ‘Trouble’ Anniversary Tour To 2026,https://news.pollstar.com/2025/07/09/ray-lamontagne-postpones-trouble-anniversary-tour-to-2026/,2025-07-09,2026-08-23,2026-10-03,Gerald R. Ford Amphitheater+,"Vail, CO",Amphitheater,LYV,,,TRUE
Ray LaMontagne Postpones ‘Trouble’ Anniversary Tour To 2026,Ray LaMontagne Postpones ‘Trouble’ Anniversary Tour To 2026,https://news.pollstar.com/2025/07/09/ray-lamontagne-postpones-trouble-anniversary-tour-to-2026/,2025-07-09,2026-08-23,2026-10-03,Red Rocks Amphitheatre+,"Morrison, CO",Amphitheater,FALSE,,,TRUE
Ray LaMontagne Postpones ‘Trouble’ Anniversary Tour To 2026,Ray LaMontagne Postpones ‘Trouble’ Anniversary Tour To 2026,https://news.pollstar.com/2025/07/09/ray-lamontagne-postpones-trouble-anniversary-tour-to-2026/,2025-07-09,2026-08-23,2026-10-03,Holland Center+,"Omaha, NE",Other,FALSE,,,TRUE
Ray LaMontagne Postpones ‘Trouble’ Anniversary Tour To 2026,Ray LaMontagne Postpones ‘Trouble’ Anniversary Tour To 2026,https://news.pollstar.com/2025/07/09/ray-lamontagne-postpones-trouble-anniversary-tour-to-2026/,2025-07-09,2026-08-23,2026-10-03,Ravinia+,"Highland Park, IL",Other,FALSE,,,TRUE
Ray LaMontagne Postpones ‘Trouble’ Anniversary Tour To 2026,Ray LaMontagne Postpones ‘Trouble’ Anniversary Tour To 2026,https://news.pollstar.com/2025/07/09/ray-lamontagne-postpones-trouble-anniversary-tour-to-2026/,2025-07-09,2026-08-23,2026-10-03,Orpheum Theatre+,"Minneapolis, MN",Theater,LYV,,,TRUE
Ray LaMontagne Postpones ‘Trouble’ Anniversary Tour To 2026,Ray LaMontagne Postpones ‘Trouble’ Anniversary Tour To 2026,https://news.pollstar.com/2025/07/09/ray-lamontagne-postpones-trouble-anniversary-tour-to-2026/,2025-07-09,2026-08-23,2026-10-03,Hancher Auditorium+,"Iowa City, IA",Theater,FALSE,,,TRUE
Ray LaMontagne Postpones ‘Trouble’ Anniversary Tour To 2026,Ray LaMontagne Postpones ‘Trouble’ Anniversary Tour To 2026,https://news.pollstar.com/2025/07/09/ray-lamontagne-postpones-trouble-anniversary-tour-to-2026/,2025-07-09,2026-08-23,2026-10-03,Stifel Theatre+,"St. Louis, MO",Theater,FALSE,,,TRUE
Ray LaMontagne Postpones ‘Trouble’ Anniversary Tour To 2026,Ray LaMontagne Postpones ‘Trouble’ Anniversary Tour To 2026,https://news.pollstar.com/2025/07/09/ray-lamontagne-postpones-trouble-anniversary-tour-to-2026/,2025-07-09,2026-08-23,2026-10-03,Ryman Auditorium+,"Nashville, TN",Theater,FALSE,,,TRUE
Ray LaMontagne Postpones ‘Trouble’ Anniversary Tour To 2026,Ray LaMontagne Postpones ‘Trouble’ Anniversary Tour To 2026,https://news.pollstar.com/2025/07/09/ray-lamontagne-postpones-trouble-anniversary-tour-to-2026/,2025-07-09,2026-08-23,2026-10-03,Ryman Auditorium+,"Nashville, TN",Theater,FALSE,,,TRUE
Ray LaMontagne Postpones ‘Trouble’ Anniversary Tour To 2026,Ray LaMontagne Postpones ‘Trouble’ Anniversary Tour To 2026,https://news.pollstar.com/2025/07/09/ray-lamontagne-postpones-trouble-anniversary-tour-to-2026/,2025-07-09,2026-08-23,2026-10-03,The Louisville Palace+,"Louisville, KY",Theater,FALSE,,,TRUE
Ray LaMontagne Postpones ‘Trouble’ Anniversary Tour To 2026,Ray LaMontagne Postpones ‘Trouble’ Anniversary Tour To 2026,https://news.pollstar.com/2025/07/09/ray-lamontagne-postpones-trouble-anniversary-tour-to-2026/,2025-07-09,2026-08-23,2026-10-03,The Oncenter Crouse Hinds Theater+,"Syracuse, NY",Theater,FALSE,,,TRUE
Ray LaMontagne Postpones ‘Trouble’ Anniversary Tour To 2026,Ray LaMontagne Postpones ‘Trouble’ Anniversary Tour To 2026,https://news.pollstar.com/2025/07/09/ray-lamontagne-postpones-trouble-anniversary-tour-to-2026/,2025-07-09,2026-08-23,2026-10-03,FM Kirby Center for the Performing Arts+,"Wilkes-Barre, PA",Other,FALSE,,,TRUE
Ray LaMontagne Postpones ‘Trouble’ Anniversary Tour To 2026,Ray LaMontagne Postpones ‘Trouble’ Anniversary Tour To 2026,https://news.pollstar.com/2025/07/09/ray-lamontagne-postpones-trouble-anniversary-tour-to-2026/,2025-07-09,2026-08-23,2026-10-03,Freeman Arts Pavilion+,"Selbyville, DE",Amphitheater,LYV,,,TRUE
Ray LaMontagne Postpones ‘Trouble’ Anniversary Tour To 2026,Ray LaMontagne Postpones ‘Trouble’ Anniversary Tour To 2026,https://news.pollstar.com/2025/07/09/ray-lamontagne-postpones-trouble-anniversary-tour-to-2026/,2025-07-09,2026-08-23,2026-10-03,The Met+,"Philadelphia, PA",Theater,LYV,,,TRUE
Ray LaMontagne Postpones ‘Trouble’ Anniversary Tour To 2026,Ray LaMontagne Postpones ‘Trouble’ Anniversary Tour To 2026,https://news.pollstar.com/2025/07/09/ray-lamontagne-postpones-trouble-anniversary-tour-to-2026/,2025-07-09,2026-08-23,2026-10-03,Wolf Trap+,"Vienna, VA",Other,FALSE,,,TRUE
Ray LaMontagne Postpones ‘Trouble’ Anniversary Tour To 2026,Ray LaMontagne Postpones ‘Trouble’ Anniversary Tour To 2026,https://news.pollstar.com/2025/07/09/ray-lamontagne-postpones-trouble-anniversary-tour-to-2026/,2025-07-09,2026-08-23,2026-10-03,DPAC+,"Durham, NC",Theater,FALSE,,,TRUE
Ray LaMontagne Postpones ‘Trouble’ Anniversary Tour To 2026,Ray LaMontagne Postpones ‘Trouble’ Anniversary Tour To 2026,https://news.pollstar.com/2025/07/09/ray-lamontagne-postpones-trouble-anniversary-tour-to-2026/,2025-07-09,2026-08-23,2026-10-03,Mershon Auditorium+,"Columbus, OH",Theater,FALSE,,,TRUE
Ray LaMontagne Postpones ‘Trouble’ Anniversary Tour To 2026,Ray LaMontagne Postpones ‘Trouble’ Anniversary Tour To 2026,https://news.pollstar.com/2025/07/09/ray-lamontagne-postpones-trouble-anniversary-tour-to-2026/,2025-07-09,2026-08-23,2026-10-03,Akron Civic Theatre+,"Akron, OH",Theater,FALSE,,,TRUE
Ray LaMontagne Postpones ‘Trouble’ Anniversary Tour To 2026,Ray LaMontagne Postpones ‘Trouble’ Anniversary Tour To 2026,https://news.pollstar.com/2025/07/09/ray-lamontagne-postpones-trouble-anniversary-tour-to-2026/,2025-07-09,2026-08-23,2026-10-03,Fox Theatre+,"Detroit, MI",Theater,FALSE,,,TRUE
Ray LaMontagne Postpones ‘Trouble’ Anniversary Tour To 2026,Ray LaMontagne Postpones ‘Trouble’ Anniversary Tour To 2026,https://news.pollstar.com/2025/07/09/ray-lamontagne-postpones-trouble-anniversary-tour-to-2026/,2025-07-09,2026-08-23,2026-10-03,Leader Bank Pavilion+,"Boston, MA",Amphitheater,LYV,,,TRUE
Ray LaMontagne Postpones ‘Trouble’ Anniversary Tour To 2026,Ray LaMontagne Postpones ‘Trouble’ Anniversary Tour To 2026,https://news.pollstar.com/2025/07/09/ray-lamontagne-postpones-trouble-anniversary-tour-to-2026/,2025-07-09,2026-08-23,2026-10-03,Leader Bank Pavilion+,"Boston, MA",Amphitheater,LYV,,,TRUE
Ray LaMontagne Postpones ‘Trouble’ Anniversary Tour To 2026,Ray LaMontagne Postpones ‘Trouble’ Anniversary Tour To 2026,https://news.pollstar.com/2025/07/09/ray-lamontagne-postpones-trouble-anniversary-tour-to-2026/,2025-07-09,2026-08-23,2026-10-03,State Theatre+,"Portland, ME",Theater,FALSE,,,TRUE
Ray LaMontagne Postpones ‘Trouble’ Anniversary Tour To 2026,Ray LaMontagne Postpones ‘Trouble’ Anniversary Tour To 2026,https://news.pollstar.com/2025/07/09/ray-lamontagne-postpones-trouble-anniversary-tour-to-2026/,2025-07-09,2026-08-23,2026-10-03,State Theatre+,"Portland, ME",Theater,FALSE,,,TRUE
Ray LaMontagne Postpones ‘Trouble’ Anniversary Tour To 2026,Ray LaMontagne Postpones ‘Trouble’ Anniversary Tour To 2026,https://news.pollstar.com/2025/07/09/ray-lamontagne-postpones-trouble-anniversary-tour-to-2026/,2025-07-09,2026-08-23,2026-10-03,Beacon Theatre+,"New York, NY",Theater,FALSE,,,TRUE
Ray LaMontagne Postpones ‘Trouble’ Anniversary Tour To 2026,Ray LaMontagne Postpones ‘Trouble’ Anniversary Tour To 2026,https://news.pollstar.com/2025/07/09/ray-lamontagne-postpones-trouble-anniversary-tour-to-2026/,2025-07-09,2026-08-23,2026-10-03,Beacon Theatre+,"New York, NY",Theater,FALSE,,,TRUE
Ray LaMontagne Postpones ‘Trouble’ Anniversary Tour To 2026,Ray LaMontagne Postpones ‘Trouble’ Anniversary Tour To 2026,https://news.pollstar.com/2025/07/09/ray-lamontagne-postpones-trouble-anniversary-tour-to-2026/,2025-07-09,2026-08-23,2026-10-03,Beacon Theatre+,"New York, NY",Theater,FALSE,,,TRUE
Blood Orange To Play Special Headline Shows In Europe,Blood Orange To Play Special Headline Shows In Europe & North America,https://news.pollstar.com/2025/07/08/blood-orange-to-play-special-headline-shows-in-europe-north-america/,2025-07-08,2025-09-21,2025-11-30,Portola Music Festival,San Francisco,Other,FALSE,,,TRUE
Blood Orange To Play Special Headline Shows In Europe,Blood Orange To Play Special Headline Shows In Europe & North America,https://news.pollstar.com/2025/07/08/blood-orange-to-play-special-headline-shows-in-europe-north-america/,2025-07-08,2025-09-21,2025-11-30,KEMBA LIVE! w/ Turnstile,Columbus,Club,FALSE,,,TRUE
Blood Orange To Play Special Headline Shows In Europe,Blood Orange To Play Special Headline Shows In Europe & North America,https://news.pollstar.com/2025/07/08/blood-orange-to-play-special-headline-shows-in-europe-north-america/,2025-07-08,2025-09-21,2025-11-30,Brown’s Island w/ Turnstile,Richmond,Other,FALSE,,,TRUE
Blood Orange To Play Special Headline Shows In Europe,Blood Orange To Play Special Headline Shows In Europe & North America,https://news.pollstar.com/2025/07/08/blood-orange-to-play-special-headline-shows-in-europe-north-america/,2025-07-08,2025-09-21,2025-11-30,TD Garden w/ Lorde,Boston,Arena,FALSE,,,TRUE
Blood Orange To Play Special Headline Shows In Europe,Blood Orange To Play Special Headline Shows In Europe & North America,https://news.pollstar.com/2025/07/08/blood-orange-to-play-special-headline-shows-in-europe-north-america/,2025-07-08,2025-09-21,2025-11-30,Bell Centre w/ Lorde,Montreal,Arena,FALSE,,,TRUE
Blood Orange To Play Special Headline Shows In Europe,Blood Orange To Play Special Headline Shows In Europe & North America,https://news.pollstar.com/2025/07/08/blood-orange-to-play-special-headline-shows-in-europe-north-america/,2025-07-08,2025-09-21,2025-11-30,Wells Fargo Center w/ Lorde,Philadelphia,Arena,FALSE,,,TRUE
Blood Orange To Play Special Headline Shows In Europe,Blood Orange To Play Special Headline Shows In Europe & North America,https://news.pollstar.com/2025/07/08/blood-orange-to-play-special-headline-shows-in-europe-north-america/,2025-07-08,2025-09-21,2025-11-30,Red Rocks Amphitheatre w/ Lorde,Morrison,Amphitheater,FALSE,,,TRUE
Blood Orange To Play Special Headline Shows In Europe,Blood Orange To Play Special Headline Shows In Europe & North America,https://news.pollstar.com/2025/07/08/blood-orange-to-play-special-headline-shows-in-europe-north-america/,2025-07-08,2025-09-21,2025-11-30,MGM Grand Garden w/ Lorde,Las Vegas,Arena,FALSE,,,TRUE
Blood Orange To Play Special Headline Shows In Europe,Blood Orange To Play Special Headline Shows In Europe & North America,https://news.pollstar.com/2025/07/08/blood-orange-to-play-special-headline-shows-in-europe-north-america/,2025-07-08,2025-09-21,2025-11-30,Kia Forum w/ Lorde,Inglewood,Arena,FALSE,,,TRUE
Blood Orange To Play Special Headline Shows In Europe,Blood Orange To Play Special Headline Shows In Europe & North America,https://news.pollstar.com/2025/07/08/blood-orange-to-play-special-headline-shows-in-europe-north-america/,2025-07-08,2025-09-21,2025-11-30,Columbiahalle,"Berlin, Germany",Arena,FALSE,,,TRUE
Blood Orange To Play Special Headline Shows In Europe,Blood Orange To Play Special Headline Shows In Europe & North America,https://news.pollstar.com/2025/07/08/blood-orange-to-play-special-headline-shows-in-europe-north-america/,2025-07-08,2025-09-21,2025-11-30,C2C Festival @ Lingotto Fiere Torino,Torino,Other,FALSE,,,TRUE
Blood Orange To Play Special Headline Shows In Europe,Blood Orange To Play Special Headline Shows In Europe & North America,https://news.pollstar.com/2025/07/08/blood-orange-to-play-special-headline-shows-in-europe-north-america/,2025-07-08,2025-09-21,2025-11-30,Pitchfork Festival @ L’Olympia,Paris,Theater,FALSE,,,TRUE
Blood Orange To Play Special Headline Shows In Europe,Blood Orange To Play Special Headline Shows In Europe & North America,https://news.pollstar.com/2025/07/08/blood-orange-to-play-special-headline-shows-in-europe-north-america/,2025-07-08,2025-09-21,2025-11-30,TivoliVredenburg,"Utrecht, Netherlands",Theater,FALSE,,,TRUE
Blood Orange To Play Special Headline Shows In Europe,Blood Orange To Play Special Headline Shows In Europe & North America,https://news.pollstar.com/2025/07/08/blood-orange-to-play-special-headline-shows-in-europe-north-america/,2025-07-08,2025-09-21,2025-11-30,Alexandra Palace Theatre,"London, UK",Theater,FALSE,,,TRUE
Blood Orange To Play Special Headline Shows In Europe,Blood Orange To Play Special Headline Shows In Europe & North America,https://news.pollstar.com/2025/07/08/blood-orange-to-play-special-headline-shows-in-europe-north-america/,2025-07-08,2025-09-21,2025-11-30,Alexandra Palace Theatre,"London, UK",Theater,FALSE,,,TRUE
Blood Orange To Play Special Headline Shows In Europe,Blood Orange To Play Special Headline Shows In Europe & North America,https://news.pollstar.com/2025/07/08/blood-orange-to-play-special-headline-shows-in-europe-north-america/,2025-07-08,2025-09-21,2025-11-30,Alexandra Palace Theatre,"London, UK",Theater,FALSE,,,TRUE
Blood Orange To Play Special Headline Shows In Europe,Blood Orange To Play Special Headline Shows In Europe & North America,https://news.pollstar.com/2025/07/08/blood-orange-to-play-special-headline-shows-in-europe-north-america/,2025-07-08,2025-09-21,2025-11-30,Electric Bristol,"Bristol, UK",Other,FALSE,,,TRUE
Blood Orange To Play Special Headline Shows In Europe,Blood Orange To Play Special Headline Shows In Europe & North America,https://news.pollstar.com/2025/07/08/blood-orange-to-play-special-headline-shows-in-europe-north-america/,2025-07-08,2025-09-21,2025-11-30,AO Arena w/ Lorde,Manchester,Arena,FALSE,,,TRUE
Blood Orange To Play Special Headline Shows In Europe,Blood Orange To Play Special Headline Shows In Europe & North America,https://news.pollstar.com/2025/07/08/blood-orange-to-play-special-headline-shows-in-europe-north-america/,2025-07-08,2025-09-21,2025-11-30,History,"Toronto, ON",Club,LYV,,,TRUE
Blood Orange To Play Special Headline Shows In Europe,Blood Orange To Play Special Headline Shows In Europe & North America,https://news.pollstar.com/2025/07/08/blood-orange-to-play-special-headline-shows-in-europe-north-america/,2025-07-08,2025-09-21,2025-11-30,Brooklyn Steel,"Brooklyn, NY",Club,FALSE,,,TRUE
Blood Orange To Play Special Headline Shows In Europe,Blood Orange To Play Special Headline Shows In Europe & North America,https://news.pollstar.com/2025/07/08/blood-orange-to-play-special-headline-shows-in-europe-north-america/,2025-07-08,2025-09-21,2025-11-30,Brooklyn Steel,"Brooklyn, NY",Club,FALSE,,,TRUE
Heart,Heart Extends ‘Royal Flush Tour’,https://news.pollstar.com/2025/07/08/heart-extends-royal-flush-tour/,2025-07-08,2025-11-12,2025-12-21,Fontainebleau Las Vegas,"Las Vegas, NV",Theater,FALSE,,,TRUE
Heart,Heart Extends ‘Royal Flush Tour’,https://news.pollstar.com/2025/07/08/heart-extends-royal-flush-tour/,2025-07-08,2025-11-12,2025-12-21,Fontainebleau Las Vegas,"Las Vegas, NV",Theater,FALSE,,,TRUE
Heart,Heart Extends ‘Royal Flush Tour’,https://news.pollstar.com/2025/07/08/heart-extends-royal-flush-tour/,2025-07-08,2025-11-12,2025-12-21,Fontainebleau Las Vegas,"Las Vegas, NV",Theater,FALSE,,,TRUE
Heart,Heart Extends ‘Royal Flush Tour’,https://news.pollstar.com/2025/07/08/heart-extends-royal-flush-tour/,2025-07-08,2025-11-12,2025-12-21,HONDA Center #,"Anaheim, CA",Arena,FALSE,,,TRUE
Heart,Heart Extends ‘Royal Flush Tour’,https://news.pollstar.com/2025/07/08/heart-extends-royal-flush-tour/,2025-07-08,2025-11-12,2025-12-21,Hard Rock Live,"Wheatland, CA",Theater,FALSE,,,TRUE
Heart,Heart Extends ‘Royal Flush Tour’,https://news.pollstar.com/2025/07/08/heart-extends-royal-flush-tour/,2025-07-08,2025-11-12,2025-12-21,Climate Pledge Arena #,"Seattle, WA",Arena,FALSE,,,TRUE
Heart,Heart Extends ‘Royal Flush Tour’,https://news.pollstar.com/2025/07/08/heart-extends-royal-flush-tour/,2025-07-08,2025-11-12,2025-12-21,Baxter Arena #,"Omaha, NE",Arena,FALSE,,,TRUE
Heart,Heart Extends ‘Royal Flush Tour’,https://news.pollstar.com/2025/07/08/heart-extends-royal-flush-tour/,2025-07-08,2025-11-12,2025-12-21,Resch Center #,"Green Bay, WI",Arena,FALSE,,,TRUE
Heart,Heart Extends ‘Royal Flush Tour’,https://news.pollstar.com/2025/07/08/heart-extends-royal-flush-tour/,2025-07-08,2025-11-12,2025-12-21,Hard Rock Live Northern Indiana,"Gary, IN",Theater,FALSE,,,TRUE
Heart,Heart Extends ‘Royal Flush Tour’,https://news.pollstar.com/2025/07/08/heart-extends-royal-flush-tour/,2025-07-08,2025-11-12,2025-12-21,The Andrew J Brady Music Center,"Cincinnati, OH",Amphitheater,LYV,,,TRUE
Heart,Heart Extends ‘Royal Flush Tour’,https://news.pollstar.com/2025/07/08/heart-extends-royal-flush-tour/,2025-07-08,2025-11-12,2025-12-21,SNHU Arena +,"Manchester, NH",Arena,FALSE,,,TRUE
Heart,Heart Extends ‘Royal Flush Tour’,https://news.pollstar.com/2025/07/08/heart-extends-royal-flush-tour/,2025-07-08,2025-11-12,2025-12-21,Oakdale Theatre,"Wallingford, CT",Theater,FALSE,,,TRUE
Heart,Heart Extends ‘Royal Flush Tour’,https://news.pollstar.com/2025/07/08/heart-extends-royal-flush-tour/,2025-07-08,2025-11-12,2025-12-21,Altria Theater,"Richmond, VA",Theater,FALSE,,,TRUE
Heart,Heart Extends ‘Royal Flush Tour’,https://news.pollstar.com/2025/07/08/heart-extends-royal-flush-tour/,2025-07-08,2025-11-12,2025-12-21,Caesars Virginia,"Danville, VA",Theater,FALSE,,,TRUE
Heart,Heart Extends ‘Royal Flush Tour’,https://news.pollstar.com/2025/07/08/heart-extends-royal-flush-tour/,2025-07-08,2025-11-12,2025-12-21,The Pinnacle,"Nashville, TN",Theater,FALSE,,,TRUE
Cage The Elephant,Cage The Elephant Unveil October 2025 Tour Dates,https://news.pollstar.com/2025/06/24/cage-the-elephant-unveil-october-2025-tour-dates/,2025-06-24,2025-07-31,2025-10-30,Boeing Center at Tech Port %,"San Antonio, TX",Arena,FALSE,,,TRUE
Cage The Elephant,Cage The Elephant Unveil October 2025 Tour Dates,https://news.pollstar.com/2025/06/24/cage-the-elephant-unveil-october-2025-tour-dates/,2025-06-24,2025-07-31,2025-10-30,713 Music Hall $,"Houston, TX",Theater,FALSE,,,TRUE
Cage The Elephant,Cage The Elephant Unveil October 2025 Tour Dates,https://news.pollstar.com/2025/06/24/cage-the-elephant-unveil-october-2025-tour-dates/,2025-06-24,2025-07-31,2025-10-30,American Bank Center $,"Corpus Christi, TX",Other,FALSE,,,TRUE
Cage The Elephant,Cage The Elephant Unveil October 2025 Tour Dates,https://news.pollstar.com/2025/06/24/cage-the-elephant-unveil-october-2025-tour-dates/,2025-06-24,2025-07-31,2025-10-30,The Grand Theater - Choctaw Casino & Resort $,"Durant, OK",Theater,FALSE,,,TRUE
Cage The Elephant,Cage The Elephant Unveil October 2025 Tour Dates,https://news.pollstar.com/2025/06/24/cage-the-elephant-unveil-october-2025-tour-dates/,2025-06-24,2025-07-31,2025-10-30,The Tulsa Theater $,"Tulsa, OK",Theater,FALSE,,,TRUE
Cage The Elephant,Cage The Elephant Unveil October 2025 Tour Dates,https://news.pollstar.com/2025/06/24/cage-the-elephant-unveil-october-2025-tour-dates/,2025-06-24,2025-07-31,2025-10-30,Vibrant Music Hall,"Waukee, IA",Theater,FALSE,,,TRUE
Cage The Elephant,Cage The Elephant Unveil October 2025 Tour Dates,https://news.pollstar.com/2025/06/24/cage-the-elephant-unveil-october-2025-tour-dates/,2025-06-24,2025-07-31,2025-10-30,The Armory,"Minneapolis, MN",Theater,FALSE,,,TRUE
Cage The Elephant,Cage The Elephant Unveil October 2025 Tour Dates,https://news.pollstar.com/2025/06/24/cage-the-elephant-unveil-october-2025-tour-dates/,2025-06-24,2025-07-31,2025-10-30,The Sylvee,"Madison, WI",Club,LYV,,,TRUE
Cage The Elephant,Cage The Elephant Unveil October 2025 Tour Dates,https://news.pollstar.com/2025/06/24/cage-the-elephant-unveil-october-2025-tour-dates/,2025-06-24,2025-07-31,2025-10-30,GLC Live at 20 Monroe,"Grand Rapids, MI",Theater,FALSE,,,TRUE
Cage The Elephant,Cage The Elephant Unveil October 2025 Tour Dates,https://news.pollstar.com/2025/06/24/cage-the-elephant-unveil-october-2025-tour-dates/,2025-06-24,2025-07-31,2025-10-30,Fox Theatre,"Detroit, MI",Theater,FALSE,,,TRUE
Cage The Elephant,Cage The Elephant Unveil October 2025 Tour Dates,https://news.pollstar.com/2025/06/24/cage-the-elephant-unveil-october-2025-tour-dates/,2025-06-24,2025-07-31,2025-10-30,TempleLive Cleveland Masonic,"Cleveland, OH",Theater,LYV,,,TRUE
Cage The Elephant,Cage The Elephant Unveil October 2025 Tour Dates,https://news.pollstar.com/2025/06/24/cage-the-elephant-unveil-october-2025-tour-dates/,2025-06-24,2025-07-31,2025-10-30,Ovation Hall,"Atlantic City, NJ",Theater,FALSE,,,TRUE
Cage The Elephant,Cage The Elephant Unveil October 2025 Tour Dates,https://news.pollstar.com/2025/06/24/cage-the-elephant-unveil-october-2025-tour-dates/,2025-06-24,2025-07-31,2025-10-30,The Met ~,"Philadelphia, PA",Theater,LYV,,,TRUE
Cage The Elephant,Cage The Elephant Unveil October 2025 Tour Dates,https://news.pollstar.com/2025/06/24/cage-the-elephant-unveil-october-2025-tour-dates/,2025-06-24,2025-07-31,2025-10-30,The Anthem ~,"Washington, DC",Club,FALSE,,,TRUE
Cage The Elephant,Cage The Elephant Unveil October 2025 Tour Dates,https://news.pollstar.com/2025/06/24/cage-the-elephant-unveil-october-2025-tour-dates/,2025-06-24,2025-07-31,2025-10-30,The Capitol Theatre +,"Port Chester, NY",Theater,FALSE,,,TRUE
Cage The Elephant,Cage The Elephant Unveil October 2025 Tour Dates,https://news.pollstar.com/2025/06/24/cage-the-elephant-unveil-october-2025-tour-dates/,2025-06-24,2025-07-31,2025-10-30,The Capitol Theatre +,"Port Chester, NY",Theater,FALSE,,,TRUE
Cage The Elephant,Cage The Elephant Unveil October 2025 Tour Dates,https://news.pollstar.com/2025/06/24/cage-the-elephant-unveil-october-2025-tour-dates/,2025-06-24,2025-07-31,2025-10-30,MGM Music Hall ar Fenway +,"Boston, MA",Theater,FALSE,,,TRUE
Cage The Elephant,Cage The Elephant Unveil October 2025 Tour Dates,https://news.pollstar.com/2025/06/24/cage-the-elephant-unveil-october-2025-tour-dates/,2025-06-24,2025-07-31,2025-10-30,Lollapalooza,"Chicago, IL",Amphitheater,LYV,,,TRUE
Cage The Elephant,Cage The Elephant Unveil October 2025 Tour Dates,https://news.pollstar.com/2025/06/24/cage-the-elephant-unveil-october-2025-tour-dates/,2025-06-24,2025-07-31,2025-10-30,The Salt Shed (Lolla Aftershow),"Chicago, IL",Amphitheater,LYV,,,TRUE
Cage The Elephant,Cage The Elephant Unveil October 2025 Tour Dates,https://news.pollstar.com/2025/06/24/cage-the-elephant-unveil-october-2025-tour-dates/,2025-06-24,2025-07-31,2025-10-30,Ohana Fest,"Dana Point, CA",Other,FALSE,,,TRUE
Cage The Elephant,Cage The Elephant Unveil October 2025 Tour Dates,https://news.pollstar.com/2025/06/24/cage-the-elephant-unveil-october-2025-tour-dates/,2025-06-24,2025-07-31,2025-10-30,Rogers Stadium,"Toronto, ON",Stadium,LYV,,,TRUE
Cage The Elephant,Cage The Elephant Unveil October 2025 Tour Dates,https://news.pollstar.com/2025/06/24/cage-the-elephant-unveil-october-2025-tour-dates/,2025-06-24,2025-07-31,2025-10-30,Rogers Stadium,"Toronto, ON",Stadium,LYV,,,TRUE
Cage The Elephant,Cage The Elephant Unveil October 2025 Tour Dates,https://news.pollstar.com/2025/06/24/cage-the-elephant-unveil-october-2025-tour-dates/,2025-06-24,2025-07-31,2025-10-30,Soldier Field,"Chicago, IL",Stadium,FALSE,,,TRUE
Cage The Elephant,Cage The Elephant Unveil October 2025 Tour Dates,https://news.pollstar.com/2025/06/24/cage-the-elephant-unveil-october-2025-tour-dates/,2025-06-24,2025-07-31,2025-10-30,MetLife Stadium,"East Rutherford, NJ",Stadium,FALSE,,,TRUE
Cage The Elephant,Cage The Elephant Unveil October 2025 Tour Dates,https://news.pollstar.com/2025/06/24/cage-the-elephant-unveil-october-2025-tour-dates/,2025-06-24,2025-07-31,2025-10-30,MetLife Stadium,"East Rutherford, NJ",Stadium,FALSE,,,TRUE
Cage The Elephant,Cage The Elephant Unveil October 2025 Tour Dates,https://news.pollstar.com/2025/06/24/cage-the-elephant-unveil-october-2025-tour-dates/,2025-06-24,2025-07-31,2025-10-30,Rose Bowl Stadium,"Los Angeles, CA",Stadium,FALSE,,,TRUE
Cage The Elephant,Cage The Elephant Unveil October 2025 Tour Dates,https://news.pollstar.com/2025/06/24/cage-the-elephant-unveil-october-2025-tour-dates/,2025-06-24,2025-07-31,2025-10-30,Rose Bowl Stadium,"Los Angeles, CA",Stadium,FALSE,,,TRUE
Cage The Elephant,Cage The Elephant Unveil October 2025 Tour Dates,https://news.pollstar.com/2025/06/24/cage-the-elephant-unveil-october-2025-tour-dates/,2025-06-24,2025-07-31,2025-10-30,Estadio GNP Seguros,"Mexico City, MX",Stadium,LYV,,,TRUE
Cage The Elephant,Cage The Elephant Unveil October 2025 Tour Dates,https://news.pollstar.com/2025/06/24/cage-the-elephant-unveil-october-2025-tour-dates/,2025-06-24,2025-07-31,2025-10-30,Estadio GNP Seguros,"Mexico City, MX",Stadium,LYV,,,TRUE
Beyoncé Breaks Her Own Record at Tottenham Hotspur Stadium,Beyoncé Breaks Her Own Record at Tottenham Hotspur Stadium,https://news.pollstar.com/2025/06/17/beyonce-breaks-her-own-record-at-tottenham-hotspur-stadium/,2025-06-17,2025-06-19,2025-07-26,Stade de France,"Paris, France",Stadium,FALSE,,,TRUE
Beyoncé Breaks Her Own Record at Tottenham Hotspur Stadium,Beyoncé Breaks Her Own Record at Tottenham Hotspur Stadium,https://news.pollstar.com/2025/06/17/beyonce-breaks-her-own-record-at-tottenham-hotspur-stadium/,2025-06-17,2025-06-19,2025-07-26,Stade de France,"Paris, France",Stadium,FALSE,,,TRUE
Beyoncé Breaks Her Own Record at Tottenham Hotspur Stadium,Beyoncé Breaks Her Own Record at Tottenham Hotspur Stadium,https://news.pollstar.com/2025/06/17/beyonce-breaks-her-own-record-at-tottenham-hotspur-stadium/,2025-06-17,2025-06-19,2025-07-26,Stade de France,"Paris, France",Stadium,FALSE,,,TRUE
Beyoncé Breaks Her Own Record at Tottenham Hotspur Stadium,Beyoncé Breaks Her Own Record at Tottenham Hotspur Stadium,https://news.pollstar.com/2025/06/17/beyonce-breaks-her-own-record-at-tottenham-hotspur-stadium/,2025-06-17,2025-06-19,2025-07-26,NRG Stadium,"Houston, TX",Stadium,FALSE,,,TRUE
Beyoncé Breaks Her Own Record at Tottenham Hotspur Stadium,Beyoncé Breaks Her Own Record at Tottenham Hotspur Stadium,https://news.pollstar.com/2025/06/17/beyonce-breaks-her-own-record-at-tottenham-hotspur-stadium/,2025-06-17,2025-06-19,2025-07-26,NRG Stadium,"Houston, TX",Stadium,FALSE,,,TRUE
Beyoncé Breaks Her Own Record at Tottenham Hotspur Stadium,Beyoncé Breaks Her Own Record at Tottenham Hotspur Stadium,https://news.pollstar.com/2025/06/17/beyonce-breaks-her-own-record-at-tottenham-hotspur-stadium/,2025-06-17,2025-06-19,2025-07-26,Northwest Stadium,"Washington, D.C.",Stadium,FALSE,,,TRUE
Beyoncé Breaks Her Own Record at Tottenham Hotspur Stadium,Beyoncé Breaks Her Own Record at Tottenham Hotspur Stadium,https://news.pollstar.com/2025/06/17/beyonce-breaks-her-own-record-at-tottenham-hotspur-stadium/,2025-06-17,2025-06-19,2025-07-26,Northwest Stadium,"Washington, D.C.",Stadium,FALSE,,,TRUE
Beyoncé Breaks Her Own Record at Tottenham Hotspur Stadium,Beyoncé Breaks Her Own Record at Tottenham Hotspur Stadium,https://news.pollstar.com/2025/06/17/beyonce-breaks-her-own-record-at-tottenham-hotspur-stadium/,2025-06-17,2025-06-19,2025-07-26,Mercedes-Benz Stadium,"Atlanta, GA",Stadium,FALSE,,,TRUE
Beyoncé Breaks Her Own Record at Tottenham Hotspur Stadium,Beyoncé Breaks Her Own Record at Tottenham Hotspur Stadium,https://news.pollstar.com/2025/06/17/beyonce-breaks-her-own-record-at-tottenham-hotspur-stadium/,2025-06-17,2025-06-19,2025-07-26,Mercedes-Benz Stadium,"Atlanta, GA",Stadium,FALSE,,,TRUE
Beyoncé Breaks Her Own Record at Tottenham Hotspur Stadium,Beyoncé Breaks Her Own Record at Tottenham Hotspur Stadium,https://news.pollstar.com/2025/06/17/beyonce-breaks-her-own-record-at-tottenham-hotspur-stadium/,2025-06-17,2025-06-19,2025-07-26,Mercedes-Benz Stadium,"Atlanta, GA",Stadium,FALSE,,,TRUE
Beyoncé Breaks Her Own Record at Tottenham Hotspur Stadium,Beyoncé Breaks Her Own Record at Tottenham Hotspur Stadium,https://news.pollstar.com/2025/06/17/beyonce-breaks-her-own-record-at-tottenham-hotspur-stadium/,2025-06-17,2025-06-19,2025-07-26,Mercedes-Benz Stadium,"Atlanta, GA",Stadium,FALSE,,,TRUE
Beyoncé Breaks Her Own Record at Tottenham Hotspur Stadium,Beyoncé Breaks Her Own Record at Tottenham Hotspur Stadium,https://news.pollstar.com/2025/06/17/beyonce-breaks-her-own-record-at-tottenham-hotspur-stadium/,2025-06-17,2025-06-19,2025-07-26,Allegiant Stadium,"Las Vegas, NV",Stadium,FALSE,,,TRUE
Beyoncé Breaks Her Own Record at Tottenham Hotspur Stadium,Beyoncé Breaks Her Own Record at Tottenham Hotspur Stadium,https://news.pollstar.com/2025/06/17/beyonce-breaks-her-own-record-at-tottenham-hotspur-stadium/,2025-06-17,2025-06-19,2025-07-26,Allegiant Stadium,"Las Vegas, NV",Stadium,FALSE,,,TRUE
Red Clay Strays,Red Clay Strays Add Dates To ‘Get Right Tour’,https://news.pollstar.com/2025/06/16/red-clay-stray-add-dates-to-get-right-tour/,2025-06-16,2025-07-03,2025-12-05,"Orange Beach, AL (SOLD OUT)",The Amphitheater at the Wharf,Other,FALSE,,,TRUE
Red Clay Strays,Red Clay Strays Add Dates To ‘Get Right Tour’,https://news.pollstar.com/2025/06/16/red-clay-stray-add-dates-to-get-right-tour/,2025-06-16,2025-07-03,2025-12-05,The Amphitheater at the Wharf,"Orange Beach, AL",Theater,FALSE,,,TRUE
Red Clay Strays,Red Clay Strays Add Dates To ‘Get Right Tour’,https://news.pollstar.com/2025/06/16/red-clay-stray-add-dates-to-get-right-tour/,2025-06-16,2025-07-03,2025-12-05,The Amphitheater at the Wharf,"Orange Beach, AL",Theater,FALSE,,,TRUE
Red Clay Strays,Red Clay Strays Add Dates To ‘Get Right Tour’,https://news.pollstar.com/2025/06/16/red-clay-stray-add-dates-to-get-right-tour/,2025-06-16,2025-07-03,2025-12-05,"London, Canada",Rock The Park,Other,FALSE,,,TRUE
Red Clay Strays,Red Clay Strays Add Dates To ‘Get Right Tour’,https://news.pollstar.com/2025/06/16/red-clay-stray-add-dates-to-get-right-tour/,2025-06-16,2025-07-03,2025-12-05,"Ottawa, Canada",Ottawa Bluesfest,Other,FALSE,,,TRUE
Red Clay Strays,Red Clay Strays Add Dates To ‘Get Right Tour’,https://news.pollstar.com/2025/06/16/red-clay-stray-add-dates-to-get-right-tour/,2025-06-16,2025-07-03,2025-12-05,"Calgary, Canada",Cowboys Music Festival,Other,FALSE,,,TRUE
Red Clay Strays,Red Clay Strays Add Dates To ‘Get Right Tour’,https://news.pollstar.com/2025/06/16/red-clay-stray-add-dates-to-get-right-tour/,2025-06-16,2025-07-03,2025-12-05,Under The Big Sky Festival,"Whitefish, MT",Amphitheater,LYV,,,TRUE
Red Clay Strays,Red Clay Strays Add Dates To ‘Get Right Tour’,https://news.pollstar.com/2025/06/16/red-clay-stray-add-dates-to-get-right-tour/,2025-06-16,2025-07-03,2025-12-05,"Los Angeles, CA (SOLD OUT)",Greek Theatre,Other,FALSE,,,TRUE
Red Clay Strays,Red Clay Strays Add Dates To ‘Get Right Tour’,https://news.pollstar.com/2025/06/16/red-clay-stray-add-dates-to-get-right-tour/,2025-06-16,2025-07-03,2025-12-05,California Mid-State Far,"Paso Robles, CA",Other,FALSE,,,TRUE
Red Clay Strays,Red Clay Strays Add Dates To ‘Get Right Tour’,https://news.pollstar.com/2025/06/16/red-clay-stray-add-dates-to-get-right-tour/,2025-06-16,2025-07-03,2025-12-05,"San Francisco, CA (SOLD OUT)",The Warfield,Other,FALSE,,,TRUE
Red Clay Strays,Red Clay Strays Add Dates To ‘Get Right Tour’,https://news.pollstar.com/2025/06/16/red-clay-stray-add-dates-to-get-right-tour/,2025-06-16,2025-07-03,2025-12-05,"San Francisco, CA (SOLD OUT)",The Warfield,Other,FALSE,,,TRUE
Red Clay Strays,Red Clay Strays Add Dates To ‘Get Right Tour’,https://news.pollstar.com/2025/06/16/red-clay-stray-add-dates-to-get-right-tour/,2025-06-16,2025-07-03,2025-12-05,"Bend, OR (SOLD OUT)",Hayden Homes Amphitheater,Other,FALSE,,,TRUE
Red Clay Strays,Red Clay Strays Add Dates To ‘Get Right Tour’,https://news.pollstar.com/2025/06/16/red-clay-stray-add-dates-to-get-right-tour/,2025-06-16,2025-07-03,2025-12-05,Ford Idaho Center Amphitheater,"Nampa, ID",Amphitheater,LYV,,,TRUE
Red Clay Strays,Red Clay Strays Add Dates To ‘Get Right Tour’,https://news.pollstar.com/2025/06/16/red-clay-stray-add-dates-to-get-right-tour/,2025-06-16,2025-07-03,2025-12-05,"Minneapolis, MN (SOLD OUT)",The Armory,Other,FALSE,,,TRUE
Red Clay Strays,Red Clay Strays Add Dates To ‘Get Right Tour’,https://news.pollstar.com/2025/06/16/red-clay-stray-add-dates-to-get-right-tour/,2025-06-16,2025-07-03,2025-12-05,"Milwaukee, WI (SOLD OUT)",BMO Harris Pavilion,Other,FALSE,,,TRUE
Red Clay Strays,Red Clay Strays Add Dates To ‘Get Right Tour’,https://news.pollstar.com/2025/06/16/red-clay-stray-add-dates-to-get-right-tour/,2025-06-16,2025-07-03,2025-12-05,"Cleveland, OH (SOLD OUT) =",Jacobs Pavilion,Other,FALSE,,,TRUE
Red Clay Strays,Red Clay Strays Add Dates To ‘Get Right Tour’,https://news.pollstar.com/2025/06/16/red-clay-stray-add-dates-to-get-right-tour/,2025-06-16,2025-07-03,2025-12-05,Outlaw Music Festival,"Darien Center, NY",Other,FALSE,,,TRUE
Red Clay Strays,Red Clay Strays Add Dates To ‘Get Right Tour’,https://news.pollstar.com/2025/06/16/red-clay-stray-add-dates-to-get-right-tour/,2025-06-16,2025-07-03,2025-12-05,Outlaw Music Festival,"Hershey, PA",Other,FALSE,,,TRUE
Red Clay Strays,Red Clay Strays Add Dates To ‘Get Right Tour’,https://news.pollstar.com/2025/06/16/red-clay-stray-add-dates-to-get-right-tour/,2025-06-16,2025-07-03,2025-12-05,Outlaw Music Festival,"Syracuse, NY",Other,FALSE,,,TRUE
Red Clay Strays,Red Clay Strays Add Dates To ‘Get Right Tour’,https://news.pollstar.com/2025/06/16/red-clay-stray-add-dates-to-get-right-tour/,2025-06-16,2025-07-03,2025-12-05,"Columbus, OH (SOLD OUT) =",KEMBA Live! Outdoor,Other,FALSE,,,TRUE
Red Clay Strays,Red Clay Strays Add Dates To ‘Get Right Tour’,https://news.pollstar.com/2025/06/16/red-clay-stray-add-dates-to-get-right-tour/,2025-06-16,2025-07-03,2025-12-05,"Indianapolis, IN (SOLD OUT) =",Everwise Amphitheater at White River State Park,Other,FALSE,,,TRUE
Red Clay Strays,Red Clay Strays Add Dates To ‘Get Right Tour’,https://news.pollstar.com/2025/06/16/red-clay-stray-add-dates-to-get-right-tour/,2025-06-16,2025-07-03,2025-12-05,"Wilmington, NC (SOLD OUT) =",Live Oak Bank Pavilion at Riverfront Park,Other,FALSE,,,TRUE
Red Clay Strays,Red Clay Strays Add Dates To ‘Get Right Tour’,https://news.pollstar.com/2025/06/16/red-clay-stray-add-dates-to-get-right-tour/,2025-06-16,2025-07-03,2025-12-05,"Raleigh, NC (SOLD OUT) =",Red Hat Amphitheater,Other,FALSE,,,TRUE
Red Clay Strays,Red Clay Strays Add Dates To ‘Get Right Tour’,https://news.pollstar.com/2025/06/16/red-clay-stray-add-dates-to-get-right-tour/,2025-06-16,2025-07-03,2025-12-05,"Saint Augustine, FL (SOLD OUT) =",The Saint Augustine Amphitheatre,Other,FALSE,,,TRUE
Red Clay Strays,Red Clay Strays Add Dates To ‘Get Right Tour’,https://news.pollstar.com/2025/06/16/red-clay-stray-add-dates-to-get-right-tour/,2025-06-16,2025-07-03,2025-12-05,"Charlotte, NC (SOLD OUT) =",Skyla Credit Union Amphitheater,Other,FALSE,,,TRUE
Red Clay Strays,Red Clay Strays Add Dates To ‘Get Right Tour’,https://news.pollstar.com/2025/06/16/red-clay-stray-add-dates-to-get-right-tour/,2025-06-16,2025-07-03,2025-12-05,"Richmond, VA (SOLD OUT) =",Allianz Amphitheater at Riverfront,Other,FALSE,,,TRUE
Red Clay Strays,Red Clay Strays Add Dates To ‘Get Right Tour’,https://news.pollstar.com/2025/06/16/red-clay-stray-add-dates-to-get-right-tour/,2025-06-16,2025-07-03,2025-12-05,"Bridgeport, CT (SOLD OUT)",Hartford HealthCare Amphitheater,Other,FALSE,,,TRUE
Red Clay Strays,Red Clay Strays Add Dates To ‘Get Right Tour’,https://news.pollstar.com/2025/06/16/red-clay-stray-add-dates-to-get-right-tour/,2025-06-16,2025-07-03,2025-12-05,"Asbury Park, NJ (SOLD OUT)",The Stone Pony Summer Stage,Other,FALSE,,,TRUE
Red Clay Strays,Red Clay Strays Add Dates To ‘Get Right Tour’,https://news.pollstar.com/2025/06/16/red-clay-stray-add-dates-to-get-right-tour/,2025-06-16,2025-07-03,2025-12-05,"Chicago, IL (SOLD OUT)",The Salt Shed,Other,FALSE,,,TRUE
Red Clay Strays,Red Clay Strays Add Dates To ‘Get Right Tour’,https://news.pollstar.com/2025/06/16/red-clay-stray-add-dates-to-get-right-tour/,2025-06-16,2025-07-03,2025-12-05,"Chicago, IL (SOLD OUT)",The Salt Shed,Other,FALSE,,,TRUE
Red Clay Strays,Red Clay Strays Add Dates To ‘Get Right Tour’,https://news.pollstar.com/2025/06/16/red-clay-stray-add-dates-to-get-right-tour/,2025-06-16,2025-07-03,2025-12-05,"Cincinnati, OH (NEW DATE)",The ICON Festival Stage at Smale Park,Other,FALSE,,,TRUE
Red Clay Strays,Red Clay Strays Add Dates To ‘Get Right Tour’,https://news.pollstar.com/2025/06/16/red-clay-stray-add-dates-to-get-right-tour/,2025-06-16,2025-07-03,2025-12-05,"Maryland Heights, MO (SOLD OUT)",Saint Louis Music Park,Other,FALSE,,,TRUE
Red Clay Strays,Red Clay Strays Add Dates To ‘Get Right Tour’,https://news.pollstar.com/2025/06/16/red-clay-stray-add-dates-to-get-right-tour/,2025-06-16,2025-07-03,2025-12-05,"Andover, KS (SOLD OUT)",Capitol Federal Amphitheater,Other,FALSE,,,TRUE
Red Clay Strays,Red Clay Strays Add Dates To ‘Get Right Tour’,https://news.pollstar.com/2025/06/16/red-clay-stray-add-dates-to-get-right-tour/,2025-06-16,2025-07-03,2025-12-05,"Colorado Springs, CO (SOLD OUT)",Ford Amphitheater,Other,FALSE,,,TRUE
Red Clay Strays,Red Clay Strays Add Dates To ‘Get Right Tour’,https://news.pollstar.com/2025/06/16/red-clay-stray-add-dates-to-get-right-tour/,2025-06-16,2025-07-03,2025-12-05,"Morrison, CO (SOLD OUT)",Red Rocks Amphitheatre,Other,FALSE,,,TRUE
Red Clay Strays,Red Clay Strays Add Dates To ‘Get Right Tour’,https://news.pollstar.com/2025/06/16/red-clay-stray-add-dates-to-get-right-tour/,2025-06-16,2025-07-03,2025-12-05,"Morrison, CO (SOLD OUT)",Red Rocks Amphitheatre,Other,FALSE,,,TRUE
Red Clay Strays,Red Clay Strays Add Dates To ‘Get Right Tour’,https://news.pollstar.com/2025/06/16/red-clay-stray-add-dates-to-get-right-tour/,2025-06-16,2025-07-03,2025-12-05,"Independence, MO (SOLD OUT)",Cable Dahmer Arena,Other,FALSE,,,TRUE
Red Clay Strays,Red Clay Strays Add Dates To ‘Get Right Tour’,https://news.pollstar.com/2025/06/16/red-clay-stray-add-dates-to-get-right-tour/,2025-06-16,2025-07-03,2025-12-05,"La Vista, NE (SOLD OUT)",The Astro Amphitheater,Other,FALSE,,,TRUE
Red Clay Strays,Red Clay Strays Add Dates To ‘Get Right Tour’,https://news.pollstar.com/2025/06/16/red-clay-stray-add-dates-to-get-right-tour/,2025-06-16,2025-07-03,2025-12-05,"Irving, TX (SOLD OUT) +",The Pavilion at Toyota Music Factory,Other,FALSE,,,TRUE
Red Clay Strays,Red Clay Strays Add Dates To ‘Get Right Tour’,https://news.pollstar.com/2025/06/16/red-clay-stray-add-dates-to-get-right-tour/,2025-06-16,2025-07-03,2025-12-05,"Lubbock, TX (SOLD OUT) +",Cooks Garage,Other,FALSE,,,TRUE
Red Clay Strays,Red Clay Strays Add Dates To ‘Get Right Tour’,https://news.pollstar.com/2025/06/16/red-clay-stray-add-dates-to-get-right-tour/,2025-06-16,2025-07-03,2025-12-05,"Austin, TX (SOLD OUT) +",Moody Amphitheater,Other,FALSE,,,TRUE
Red Clay Strays,Red Clay Strays Add Dates To ‘Get Right Tour’,https://news.pollstar.com/2025/06/16/red-clay-stray-add-dates-to-get-right-tour/,2025-06-16,2025-07-03,2025-12-05,"Pikeville, KY (NEW DATE) =",Appalachian Wireless Arena,Other,FALSE,,,TRUE
Red Clay Strays,Red Clay Strays Add Dates To ‘Get Right Tour’,https://news.pollstar.com/2025/06/16/red-clay-stray-add-dates-to-get-right-tour/,2025-06-16,2025-07-03,2025-12-05,"Detroit, MI (SOLD OUT) =",Fox Theatre,Other,FALSE,,,TRUE
Red Clay Strays,Red Clay Strays Add Dates To ‘Get Right Tour’,https://news.pollstar.com/2025/06/16/red-clay-stray-add-dates-to-get-right-tour/,2025-06-16,2025-07-03,2025-12-05,"Detroit, MI =",Fox Theatre,Theater,LYV,,,TRUE
Red Clay Strays,Red Clay Strays Add Dates To ‘Get Right Tour’,https://news.pollstar.com/2025/06/16/red-clay-stray-add-dates-to-get-right-tour/,2025-06-16,2025-07-03,2025-12-05,"Macon, GA (NEW DATE) =",Atrium Health Amphitheater,Other,FALSE,,,TRUE
Red Clay Strays,Red Clay Strays Add Dates To ‘Get Right Tour’,https://news.pollstar.com/2025/06/16/red-clay-stray-add-dates-to-get-right-tour/,2025-06-16,2025-07-03,2025-12-05,Riverfront Revival Music Festival,"North Charleston, SC",Other,FALSE,,,TRUE
Red Clay Strays,Red Clay Strays Add Dates To ‘Get Right Tour’,https://news.pollstar.com/2025/06/16/red-clay-stray-add-dates-to-get-right-tour/,2025-06-16,2025-07-03,2025-12-05,Redwest,"Salt Lake City, UT",Other,FALSE,,,TRUE
Red Clay Strays,Red Clay Strays Add Dates To ‘Get Right Tour’,https://news.pollstar.com/2025/06/16/red-clay-stray-add-dates-to-get-right-tour/,2025-06-16,2025-07-03,2025-12-05,"Huntsville, AL (NEW DATE) =",The Orion Amphitheater,Other,FALSE,,,TRUE
Red Clay Strays,Red Clay Strays Add Dates To ‘Get Right Tour’,https://news.pollstar.com/2025/06/16/red-clay-stray-add-dates-to-get-right-tour/,2025-06-16,2025-07-03,2025-12-05,St. Pete Country Fest,"United Central, FL",Amphitheater,LYV,,,TRUE
Red Clay Strays,Red Clay Strays Add Dates To ‘Get Right Tour’,https://news.pollstar.com/2025/06/16/red-clay-stray-add-dates-to-get-right-tour/,2025-06-16,2025-07-03,2025-12-05,The Theater at Virgin Hotels,"Las Vegas, NV",Theater,FALSE,,,TRUE
Red Clay Strays,Red Clay Strays Add Dates To ‘Get Right Tour’,https://news.pollstar.com/2025/06/16/red-clay-stray-add-dates-to-get-right-tour/,2025-06-16,2025-07-03,2025-12-05,The Theater at Virgin Hotels,"Las Vegas, NV",Theater,FALSE,,,TRUE
Red Clay Strays,Red Clay Strays Add Dates To ‘Get Right Tour’,https://news.pollstar.com/2025/06/16/red-clay-stray-add-dates-to-get-right-tour/,2025-06-16,2025-07-03,2025-12-05,"Stockholm, Sweden ~",Fållan,Other,FALSE,,,TRUE
Red Clay Strays,Red Clay Strays Add Dates To ‘Get Right Tour’,https://news.pollstar.com/2025/06/16/red-clay-stray-add-dates-to-get-right-tour/,2025-06-16,2025-07-03,2025-12-05,"Oslo, Norway ~",Sentrum Scene,Other,FALSE,,,TRUE
Red Clay Strays,Red Clay Strays Add Dates To ‘Get Right Tour’,https://news.pollstar.com/2025/06/16/red-clay-stray-add-dates-to-get-right-tour/,2025-06-16,2025-07-03,2025-12-05,"Copenhagen, Denmark ~",Vega Main,Other,FALSE,,,TRUE
Red Clay Strays,Red Clay Strays Add Dates To ‘Get Right Tour’,https://news.pollstar.com/2025/06/16/red-clay-stray-add-dates-to-get-right-tour/,2025-06-16,2025-07-03,2025-12-05,"Hamburg, Germany ~",Fabrik,Other,FALSE,,,TRUE
Red Clay Strays,Red Clay Strays Add Dates To ‘Get Right Tour’,https://news.pollstar.com/2025/06/16/red-clay-stray-add-dates-to-get-right-tour/,2025-06-16,2025-07-03,2025-12-05,"Cologne, Germany ~",Carlswerk Victoria,Other,FALSE,,,TRUE
Red Clay Strays,Red Clay Strays Add Dates To ‘Get Right Tour’,https://news.pollstar.com/2025/06/16/red-clay-stray-add-dates-to-get-right-tour/,2025-06-16,2025-07-03,2025-12-05,"Zurich, Switzerland ~",X-Tra,Other,FALSE,,,TRUE
Red Clay Strays,Red Clay Strays Add Dates To ‘Get Right Tour’,https://news.pollstar.com/2025/06/16/red-clay-stray-add-dates-to-get-right-tour/,2025-06-16,2025-07-03,2025-12-05,"Amsterdam, Netherlands ~",Paradiso,Other,FALSE,,,TRUE
Red Clay Strays,Red Clay Strays Add Dates To ‘Get Right Tour’,https://news.pollstar.com/2025/06/16/red-clay-stray-add-dates-to-get-right-tour/,2025-06-16,2025-07-03,2025-12-05,"Paris, France ~",Elysee Montmartre,Other,FALSE,,,TRUE
Red Clay Strays,Red Clay Strays Add Dates To ‘Get Right Tour’,https://news.pollstar.com/2025/06/16/red-clay-stray-add-dates-to-get-right-tour/,2025-06-16,2025-07-03,2025-12-05,"Antwerp, Belgium ~",De Roma,Other,FALSE,,,TRUE
Red Clay Strays,Red Clay Strays Add Dates To ‘Get Right Tour’,https://news.pollstar.com/2025/06/16/red-clay-stray-add-dates-to-get-right-tour/,2025-06-16,2025-07-03,2025-12-05,"Glasgow, UK ~",O2 Academy,Other,FALSE,,,TRUE
Red Clay Strays,Red Clay Strays Add Dates To ‘Get Right Tour’,https://news.pollstar.com/2025/06/16/red-clay-stray-add-dates-to-get-right-tour/,2025-06-16,2025-07-03,2025-12-05,"Birmingham, UK ~",O2 Academy,Other,FALSE,,,TRUE
Red Clay Strays,Red Clay Strays Add Dates To ‘Get Right Tour’,https://news.pollstar.com/2025/06/16/red-clay-stray-add-dates-to-get-right-tour/,2025-06-16,2025-07-03,2025-12-05,"London, UK ~",Hackney Church,Other,FALSE,,,TRUE
Red Clay Strays,Red Clay Strays Add Dates To ‘Get Right Tour’,https://news.pollstar.com/2025/06/16/red-clay-stray-add-dates-to-get-right-tour/,2025-06-16,2025-07-03,2025-12-05,"London, UK ~",Roundhouse,Other,FALSE,,,TRUE
Red Clay Strays,Red Clay Strays Add Dates To ‘Get Right Tour’,https://news.pollstar.com/2025/06/16/red-clay-stray-add-dates-to-get-right-tour/,2025-06-16,2025-07-03,2025-12-05,"Dublin, Ireland ~",National Stadium,Other,FALSE,,,TRUE
Red Clay Strays,Red Clay Strays Add Dates To ‘Get Right Tour’,https://news.pollstar.com/2025/06/16/red-clay-stray-add-dates-to-get-right-tour/,2025-06-16,2025-07-03,2025-12-05,"Belfast, UK ~",Ulster Hall,Other,FALSE,,,TRUE
Feminist Punk Band Bratmobile Back On The Road This Summer,Feminist Punk Band Bratmobile Back On The Road This Summer,https://news.pollstar.com/2025/06/13/feminist-punk-band-bratmobile-back-on-the-road-this-summer/,2025-06-13,2025-07-18,2025-08-23,The Belasco,"Los Angeles, CA",Theater,LYV,,,TRUE
Feminist Punk Band Bratmobile Back On The Road This Summer,Feminist Punk Band Bratmobile Back On The Road This Summer,https://news.pollstar.com/2025/06/13/feminist-punk-band-bratmobile-back-on-the-road-this-summer/,2025-06-13,2025-07-18,2025-08-23,"Oakland, CA (all ages)",Mosswood Meltdown,Other,FALSE,,,TRUE
Feminist Punk Band Bratmobile Back On The Road This Summer,Feminist Punk Band Bratmobile Back On The Road This Summer,https://news.pollstar.com/2025/06/13/feminist-punk-band-bratmobile-back-on-the-road-this-summer/,2025-06-13,2025-07-18,2025-08-23,Hollywood Theatre,"Vancouver, BC",Theater,FALSE,,,TRUE
Feminist Punk Band Bratmobile Back On The Road This Summer,Feminist Punk Band Bratmobile Back On The Road This Summer,https://news.pollstar.com/2025/06/13/feminist-punk-band-bratmobile-back-on-the-road-this-summer/,2025-06-13,2025-07-18,2025-08-23,Revolution Hall,"Portland, OR",Theater,FALSE,,,TRUE
Feminist Punk Band Bratmobile Back On The Road This Summer,Feminist Punk Band Bratmobile Back On The Road This Summer,https://news.pollstar.com/2025/06/13/feminist-punk-band-bratmobile-back-on-the-road-this-summer/,2025-06-13,2025-07-18,2025-08-23,South Sound Block Party,"Olympia, WA",Other,FALSE,,,TRUE
Gary Numan,Gary Numan Announces ‘Telekon 45th Anniversary’ UK Tour & Glastonbury Show,https://news.pollstar.com/2025/06/13/gary-numan-announces-telekon-45th-anniversary-uk-tour-glastonbury-show/,2025-06-13,2025-09-12,2025-11-30,Wild Buffalo,"Bellingham, WA",Other,FALSE,,,TRUE
Gary Numan,Gary Numan Announces ‘Telekon 45th Anniversary’ UK Tour & Glastonbury Show,https://news.pollstar.com/2025/06/13/gary-numan-announces-telekon-45th-anniversary-uk-tour-glastonbury-show/,2025-06-13,2025-09-12,2025-11-30,The Showbox (P-Furs),"Seattle, WA",Club,FALSE,,,TRUE
Gary Numan,Gary Numan Announces ‘Telekon 45th Anniversary’ UK Tour & Glastonbury Show,https://news.pollstar.com/2025/06/13/gary-numan-announces-telekon-45th-anniversary-uk-tour-glastonbury-show/,2025-06-13,2025-09-12,2025-11-30,Crystal Ballroom (P-Furs),"Portland, OR",Club,FALSE,,,TRUE
Gary Numan,Gary Numan Announces ‘Telekon 45th Anniversary’ UK Tour & Glastonbury Show,https://news.pollstar.com/2025/06/13/gary-numan-announces-telekon-45th-anniversary-uk-tour-glastonbury-show/,2025-06-13,2025-09-12,2025-11-30,Fox Theater (P-Furs),"Oakland, CA",Theater,FALSE,,,TRUE
Gary Numan,Gary Numan Announces ‘Telekon 45th Anniversary’ UK Tour & Glastonbury Show,https://news.pollstar.com/2025/06/13/gary-numan-announces-telekon-45th-anniversary-uk-tour-glastonbury-show/,2025-06-13,2025-09-12,2025-11-30,Channel 24 (P-Furs),"Sacramento, CA",Club,FALSE,,,TRUE
Gary Numan,Gary Numan Announces ‘Telekon 45th Anniversary’ UK Tour & Glastonbury Show,https://news.pollstar.com/2025/06/13/gary-numan-announces-telekon-45th-anniversary-uk-tour-glastonbury-show/,2025-06-13,2025-09-12,2025-11-30,The Catalyst,"Santa Cruz, CA",Club,FALSE,,,TRUE
Gary Numan,Gary Numan Announces ‘Telekon 45th Anniversary’ UK Tour & Glastonbury Show,https://news.pollstar.com/2025/06/13/gary-numan-announces-telekon-45th-anniversary-uk-tour-glastonbury-show/,2025-06-13,2025-09-12,2025-11-30,Ventura Music Hall,"Ventura, CA",Other,FALSE,,,TRUE
Gary Numan,Gary Numan Announces ‘Telekon 45th Anniversary’ UK Tour & Glastonbury Show,https://news.pollstar.com/2025/06/13/gary-numan-announces-telekon-45th-anniversary-uk-tour-glastonbury-show/,2025-06-13,2025-09-12,2025-11-30,Greek Theatre (P-Furs),"Los Angeles, CA",Amphitheater,FALSE,,,TRUE
Gary Numan,Gary Numan Announces ‘Telekon 45th Anniversary’ UK Tour & Glastonbury Show,https://news.pollstar.com/2025/06/13/gary-numan-announces-telekon-45th-anniversary-uk-tour-glastonbury-show/,2025-06-13,2025-09-12,2025-11-30,Humphreys Concerts By The Bay (P-Furs),"San Diego, CA",Other,FALSE,,,TRUE
Gary Numan,Gary Numan Announces ‘Telekon 45th Anniversary’ UK Tour & Glastonbury Show,https://news.pollstar.com/2025/06/13/gary-numan-announces-telekon-45th-anniversary-uk-tour-glastonbury-show/,2025-06-13,2025-09-12,2025-11-30,Pechanga Theater (P-Furs),"Temecula, CA",Theater,FALSE,,,TRUE
Gary Numan,Gary Numan Announces ‘Telekon 45th Anniversary’ UK Tour & Glastonbury Show,https://news.pollstar.com/2025/06/13/gary-numan-announces-telekon-45th-anniversary-uk-tour-glastonbury-show/,2025-06-13,2025-09-12,2025-11-30,Wild Horse Pass (P-Furs),"Chandler, AZ",Amphitheater,LYV,,,TRUE
Gary Numan,Gary Numan Announces ‘Telekon 45th Anniversary’ UK Tour & Glastonbury Show,https://news.pollstar.com/2025/06/13/gary-numan-announces-telekon-45th-anniversary-uk-tour-glastonbury-show/,2025-06-13,2025-09-12,2025-11-30,Sunshine Theater,"Albuquerque, NM",Theater,FALSE,,,TRUE
Gary Numan,Gary Numan Announces ‘Telekon 45th Anniversary’ UK Tour & Glastonbury Show,https://news.pollstar.com/2025/06/13/gary-numan-announces-telekon-45th-anniversary-uk-tour-glastonbury-show/,2025-06-13,2025-09-12,2025-11-30,Grand at The Complex,"Salt Lake City, UT",Club,FALSE,,,TRUE
Gary Numan,Gary Numan Announces ‘Telekon 45th Anniversary’ UK Tour & Glastonbury Show,https://news.pollstar.com/2025/06/13/gary-numan-announces-telekon-45th-anniversary-uk-tour-glastonbury-show/,2025-06-13,2025-09-12,2025-11-30,Fillmore Auditorium (P-Furs),"Denver, CO",Theater,LYV,,,TRUE
Gary Numan,Gary Numan Announces ‘Telekon 45th Anniversary’ UK Tour & Glastonbury Show,https://news.pollstar.com/2025/06/13/gary-numan-announces-telekon-45th-anniversary-uk-tour-glastonbury-show/,2025-06-13,2025-09-12,2025-11-30,The Admiral,"Omaha, NE",Other,FALSE,,,TRUE
Gary Numan,Gary Numan Announces ‘Telekon 45th Anniversary’ UK Tour & Glastonbury Show,https://news.pollstar.com/2025/06/13/gary-numan-announces-telekon-45th-anniversary-uk-tour-glastonbury-show/,2025-06-13,2025-09-12,2025-11-30,The Sovereign,"St Louis, MO",Other,FALSE,,,TRUE
Gary Numan,Gary Numan Announces ‘Telekon 45th Anniversary’ UK Tour & Glastonbury Show,https://news.pollstar.com/2025/06/13/gary-numan-announces-telekon-45th-anniversary-uk-tour-glastonbury-show/,2025-06-13,2025-09-12,2025-11-30,The Auditorium (P-Furs),"Chicago, IL",Theater,FALSE,,,TRUE
Gary Numan,Gary Numan Announces ‘Telekon 45th Anniversary’ UK Tour & Glastonbury Show,https://news.pollstar.com/2025/06/13/gary-numan-announces-telekon-45th-anniversary-uk-tour-glastonbury-show/,2025-06-13,2025-09-12,2025-11-30,MegaCorp Pavilion (P-Furs),"Newport, KY",Other,FALSE,,,TRUE
Gary Numan,Gary Numan Announces ‘Telekon 45th Anniversary’ UK Tour & Glastonbury Show,https://news.pollstar.com/2025/06/13/gary-numan-announces-telekon-45th-anniversary-uk-tour-glastonbury-show/,2025-06-13,2025-09-12,2025-11-30,Carnegie Music Hall of Oakland (P-Furs),"Pittsburgh, PA",Other,FALSE,,,TRUE
Gary Numan,Gary Numan Announces ‘Telekon 45th Anniversary’ UK Tour & Glastonbury Show,https://news.pollstar.com/2025/06/13/gary-numan-announces-telekon-45th-anniversary-uk-tour-glastonbury-show/,2025-06-13,2025-09-12,2025-11-30,Town Ballroom,"Buffalo, NY",Club,FALSE,,,TRUE
Gary Numan,Gary Numan Announces ‘Telekon 45th Anniversary’ UK Tour & Glastonbury Show,https://news.pollstar.com/2025/06/13/gary-numan-announces-telekon-45th-anniversary-uk-tour-glastonbury-show/,2025-06-13,2025-09-12,2025-11-30,Xcite Center at Parx Casino (P-Furs),"Bensalem, PA",Other,FALSE,,,TRUE
Gary Numan,Gary Numan Announces ‘Telekon 45th Anniversary’ UK Tour & Glastonbury Show,https://news.pollstar.com/2025/06/13/gary-numan-announces-telekon-45th-anniversary-uk-tour-glastonbury-show/,2025-06-13,2025-09-12,2025-11-30,The Paramount (P-Furs),"Huntington, NY",Theater,FALSE,,,TRUE
Gary Numan,Gary Numan Announces ‘Telekon 45th Anniversary’ UK Tour & Glastonbury Show,https://news.pollstar.com/2025/06/13/gary-numan-announces-telekon-45th-anniversary-uk-tour-glastonbury-show/,2025-06-13,2025-09-12,2025-11-30,State Theatre,"Portland, ME",Theater,FALSE,,,TRUE
Gary Numan,Gary Numan Announces ‘Telekon 45th Anniversary’ UK Tour & Glastonbury Show,https://news.pollstar.com/2025/06/13/gary-numan-announces-telekon-45th-anniversary-uk-tour-glastonbury-show/,2025-06-13,2025-09-12,2025-11-30,Palace Theatre (P-Furs),"Albany, NY",Theater,FALSE,,,TRUE
Gary Numan,Gary Numan Announces ‘Telekon 45th Anniversary’ UK Tour & Glastonbury Show,https://news.pollstar.com/2025/06/13/gary-numan-announces-telekon-45th-anniversary-uk-tour-glastonbury-show/,2025-06-13,2025-09-12,2025-11-30,The Anthem (P-Furs),Washington DC,Club,FALSE,,,TRUE
Gary Numan,Gary Numan Announces ‘Telekon 45th Anniversary’ UK Tour & Glastonbury Show,https://news.pollstar.com/2025/06/13/gary-numan-announces-telekon-45th-anniversary-uk-tour-glastonbury-show/,2025-06-13,2025-09-12,2025-11-30,MGM Music Hall at Fenway (P-Furs),"Boston, MA",Theater,LYV,,,TRUE
Gary Numan,Gary Numan Announces ‘Telekon 45th Anniversary’ UK Tour & Glastonbury Show,https://news.pollstar.com/2025/06/13/gary-numan-announces-telekon-45th-anniversary-uk-tour-glastonbury-show/,2025-06-13,2025-09-12,2025-11-30,District Music Hall,"Norwalk, CT",Other,FALSE,,,TRUE
Gary Numan,Gary Numan Announces ‘Telekon 45th Anniversary’ UK Tour & Glastonbury Show,https://news.pollstar.com/2025/06/13/gary-numan-announces-telekon-45th-anniversary-uk-tour-glastonbury-show/,2025-06-13,2025-09-12,2025-11-30,Brooklyn Paramount (P-Furs),"Brooklyn, NY",Theater,LYV,,,TRUE
Gary Numan,Gary Numan Announces ‘Telekon 45th Anniversary’ UK Tour & Glastonbury Show,https://news.pollstar.com/2025/06/13/gary-numan-announces-telekon-45th-anniversary-uk-tour-glastonbury-show/,2025-06-13,2025-09-12,2025-11-30,Cat’s Cradle,"Carrboro, NC",Other,FALSE,,,TRUE
Gary Numan,Gary Numan Announces ‘Telekon 45th Anniversary’ UK Tour & Glastonbury Show,https://news.pollstar.com/2025/06/13/gary-numan-announces-telekon-45th-anniversary-uk-tour-glastonbury-show/,2025-06-13,2025-09-12,2025-11-30,The Masquerade,"Atlanta, GA",Club,FALSE,,,TRUE
Gary Numan,Gary Numan Announces ‘Telekon 45th Anniversary’ UK Tour & Glastonbury Show,https://news.pollstar.com/2025/06/13/gary-numan-announces-telekon-45th-anniversary-uk-tour-glastonbury-show/,2025-06-13,2025-09-12,2025-11-30,House Of Blues,"New Orleans, LA",Club,LYV,,,TRUE
Gary Numan,Gary Numan Announces ‘Telekon 45th Anniversary’ UK Tour & Glastonbury Show,https://news.pollstar.com/2025/06/13/gary-numan-announces-telekon-45th-anniversary-uk-tour-glastonbury-show/,2025-06-13,2025-09-12,2025-11-30,Ferris Wheelers,"Dallas, TX",Other,FALSE,,,TRUE
Gary Numan,Gary Numan Announces ‘Telekon 45th Anniversary’ UK Tour & Glastonbury Show,https://news.pollstar.com/2025/06/13/gary-numan-announces-telekon-45th-anniversary-uk-tour-glastonbury-show/,2025-06-13,2025-09-12,2025-11-30,Empire Control Room,"Austin, TX",Other,FALSE,,,TRUE
Gary Numan,Gary Numan Announces ‘Telekon 45th Anniversary’ UK Tour & Glastonbury Show,https://news.pollstar.com/2025/06/13/gary-numan-announces-telekon-45th-anniversary-uk-tour-glastonbury-show/,2025-06-13,2025-09-12,2025-11-30,Numbers,"Houston, TX",Other,FALSE,,,TRUE
Gary Numan,Gary Numan Announces ‘Telekon 45th Anniversary’ UK Tour & Glastonbury Show,https://news.pollstar.com/2025/06/13/gary-numan-announces-telekon-45th-anniversary-uk-tour-glastonbury-show/,2025-06-13,2025-09-12,2025-11-30,O2 Academy,"Glasgow, Scotland",Theater,LYV,,,TRUE
Gary Numan,Gary Numan Announces ‘Telekon 45th Anniversary’ UK Tour & Glastonbury Show,https://news.pollstar.com/2025/06/13/gary-numan-announces-telekon-45th-anniversary-uk-tour-glastonbury-show/,2025-06-13,2025-09-12,2025-11-30,O2 City Hall,"Newcastle, England",Theater,LYV,,,TRUE
Gary Numan,Gary Numan Announces ‘Telekon 45th Anniversary’ UK Tour & Glastonbury Show,https://news.pollstar.com/2025/06/13/gary-numan-announces-telekon-45th-anniversary-uk-tour-glastonbury-show/,2025-06-13,2025-09-12,2025-11-30,O2 Academy,"Leeds, England",Theater,LYV,,,TRUE
Gary Numan,Gary Numan Announces ‘Telekon 45th Anniversary’ UK Tour & Glastonbury Show,https://news.pollstar.com/2025/06/13/gary-numan-announces-telekon-45th-anniversary-uk-tour-glastonbury-show/,2025-06-13,2025-09-12,2025-11-30,O2 Academy,"Birmingham, England",Theater,LYV,,,TRUE
Gary Numan,Gary Numan Announces ‘Telekon 45th Anniversary’ UK Tour & Glastonbury Show,https://news.pollstar.com/2025/06/13/gary-numan-announces-telekon-45th-anniversary-uk-tour-glastonbury-show/,2025-06-13,2025-09-12,2025-11-30,Bristol Beacon,"Bristol, England",Theater,FALSE,,,TRUE
Gary Numan,Gary Numan Announces ‘Telekon 45th Anniversary’ UK Tour & Glastonbury Show,https://news.pollstar.com/2025/06/13/gary-numan-announces-telekon-45th-anniversary-uk-tour-glastonbury-show/,2025-06-13,2025-09-12,2025-11-30,Cardiff University Great Hall,"Cardiff, Wales",Other,FALSE,,,TRUE
Gary Numan,Gary Numan Announces ‘Telekon 45th Anniversary’ UK Tour & Glastonbury Show,https://news.pollstar.com/2025/06/13/gary-numan-announces-telekon-45th-anniversary-uk-tour-glastonbury-show/,2025-06-13,2025-09-12,2025-11-30,O2 Academy,"Bournemouth, England",Theater,LYV,,,TRUE
Gary Numan,Gary Numan Announces ‘Telekon 45th Anniversary’ UK Tour & Glastonbury Show,https://news.pollstar.com/2025/06/13/gary-numan-announces-telekon-45th-anniversary-uk-tour-glastonbury-show/,2025-06-13,2025-09-12,2025-11-30,Eventim Apollo,"London, England",Theater,FALSE,,,TRUE
Gary Numan,Gary Numan Announces ‘Telekon 45th Anniversary’ UK Tour & Glastonbury Show,https://news.pollstar.com/2025/06/13/gary-numan-announces-telekon-45th-anniversary-uk-tour-glastonbury-show/,2025-06-13,2025-09-12,2025-11-30,Brighton Centre,"Brighton, England",Other,FALSE,,,TRUE
Gary Numan,Gary Numan Announces ‘Telekon 45th Anniversary’ UK Tour & Glastonbury Show,https://news.pollstar.com/2025/06/13/gary-numan-announces-telekon-45th-anniversary-uk-tour-glastonbury-show/,2025-06-13,2025-09-12,2025-11-30,Southend Cliffs Pavilion,"Southend, England",Other,FALSE,,,TRUE
Gary Numan,Gary Numan Announces ‘Telekon 45th Anniversary’ UK Tour & Glastonbury Show,https://news.pollstar.com/2025/06/13/gary-numan-announces-telekon-45th-anniversary-uk-tour-glastonbury-show/,2025-06-13,2025-09-12,2025-11-30,Rock City,"Nottingham, England",Other,FALSE,,,TRUE
Gary Numan,Gary Numan Announces ‘Telekon 45th Anniversary’ UK Tour & Glastonbury Show,https://news.pollstar.com/2025/06/13/gary-numan-announces-telekon-45th-anniversary-uk-tour-glastonbury-show/,2025-06-13,2025-09-12,2025-11-30,Cambridge Corn Exchange,"Cambridge, England",Other,FALSE,,,TRUE
Gary Numan,Gary Numan Announces ‘Telekon 45th Anniversary’ UK Tour & Glastonbury Show,https://news.pollstar.com/2025/06/13/gary-numan-announces-telekon-45th-anniversary-uk-tour-glastonbury-show/,2025-06-13,2025-09-12,2025-11-30,"LCR, UEA","Norwich, England",Other,FALSE,,,TRUE
Gary Numan,Gary Numan Announces ‘Telekon 45th Anniversary’ UK Tour & Glastonbury Show,https://news.pollstar.com/2025/06/13/gary-numan-announces-telekon-45th-anniversary-uk-tour-glastonbury-show/,2025-06-13,2025-09-12,2025-11-30,O2 Apollo,"Manchester, England",Theater,LYV,,,TRUE
Gary Numan,Gary Numan Announces ‘Telekon 45th Anniversary’ UK Tour & Glastonbury Show,https://news.pollstar.com/2025/06/13/gary-numan-announces-telekon-45th-anniversary-uk-tour-glastonbury-show/,2025-06-13,2025-09-12,2025-11-30,O2 Academy,"Liverpool, England",Theater,LYV,,,TRUE
Guns N’ Roses Extending Global Run With Latin American Dates,Guns N’ Roses Extending Global Run With Latin American Dates,https://news.pollstar.com/2025/06/06/guns-n-roses-extending-global-run-with-latin-american-dates/,2025-06-06,2025-06-06,2025-11-08,Estádio Cidade de Coimbra,"Coimbra, Portugal",Stadium,FALSE,,,TRUE
Guns N’ Roses Extending Global Run With Latin American Dates,Guns N’ Roses Extending Global Run With Latin American Dates,https://news.pollstar.com/2025/06/06/guns-n-roses-extending-global-run-with-latin-american-dates/,2025-06-06,2025-06-06,2025-11-08,Estadi Olímpic Lluís Companys,"Barcelona, Spain",Stadium,FALSE,,,TRUE
Guns N’ Roses Extending Global Run With Latin American Dates,Guns N’ Roses Extending Global Run With Latin American Dates,https://news.pollstar.com/2025/06/06/guns-n-roses-extending-global-run-with-latin-american-dates/,2025-06-06,2025-06-06,2025-11-08,Firenze Rocks,"Florence, Italy",Other,FALSE,,,TRUE
Guns N’ Roses Extending Global Run With Latin American Dates,Guns N’ Roses Extending Global Run With Latin American Dates,https://news.pollstar.com/2025/06/06/guns-n-roses-extending-global-run-with-latin-american-dates/,2025-06-06,2025-06-06,2025-11-08,Rock For People,"Hradec Kralove, Czechia",Amphitheater,LYV,,,TRUE
Guns N’ Roses Extending Global Run With Latin American Dates,Guns N’ Roses Extending Global Run With Latin American Dates,https://news.pollstar.com/2025/06/06/guns-n-roses-extending-global-run-with-latin-american-dates/,2025-06-06,2025-06-06,2025-11-08,Merkur Spiel-Arena,"Dusseldorf, Germany",Arena,FALSE,,,TRUE
Guns N’ Roses Extending Global Run With Latin American Dates,Guns N’ Roses Extending Global Run With Latin American Dates,https://news.pollstar.com/2025/06/06/guns-n-roses-extending-global-run-with-latin-american-dates/,2025-06-06,2025-06-06,2025-11-08,Allianz Arena,"Munich, Germany",Arena,FALSE,,,TRUE
Guns N’ Roses Extending Global Run With Latin American Dates,Guns N’ Roses Extending Global Run With Latin American Dates,https://news.pollstar.com/2025/06/06/guns-n-roses-extending-global-run-with-latin-american-dates/,2025-06-06,2025-06-06,2025-11-08,Villa Park,"Birmingham, UK",Other,FALSE,,,TRUE
Guns N’ Roses Extending Global Run With Latin American Dates,Guns N’ Roses Extending Global Run With Latin American Dates,https://news.pollstar.com/2025/06/06/guns-n-roses-extending-global-run-with-latin-american-dates/,2025-06-06,2025-06-06,2025-11-08,Wembley Stadium,"London, UK",Stadium,FALSE,,,TRUE
Guns N’ Roses Extending Global Run With Latin American Dates,Guns N’ Roses Extending Global Run With Latin American Dates,https://news.pollstar.com/2025/06/06/guns-n-roses-extending-global-run-with-latin-american-dates/,2025-06-06,2025-06-06,2025-11-08,Eskelunden,"Aarhus, Denmark",Other,FALSE,,,TRUE
Guns N’ Roses Extending Global Run With Latin American Dates,Guns N’ Roses Extending Global Run With Latin American Dates,https://news.pollstar.com/2025/06/06/guns-n-roses-extending-global-run-with-latin-american-dates/,2025-06-06,2025-06-06,2025-11-08,Granåsen Ski Centre,"Trondheim, Norway",Other,FALSE,,,TRUE
Guns N’ Roses Extending Global Run With Latin American Dates,Guns N’ Roses Extending Global Run With Latin American Dates,https://news.pollstar.com/2025/06/06/guns-n-roses-extending-global-run-with-latin-american-dates/,2025-06-06,2025-06-06,2025-11-08,Strawberry Arena,"Stockholm, Sweden",Arena,FALSE,,,TRUE
Guns N’ Roses Extending Global Run With Latin American Dates,Guns N’ Roses Extending Global Run With Latin American Dates,https://news.pollstar.com/2025/06/06/guns-n-roses-extending-global-run-with-latin-american-dates/,2025-06-06,2025-06-06,2025-11-08,Ratina Stadium,"Tampere, Finland",Stadium,FALSE,,,TRUE
Guns N’ Roses Extending Global Run With Latin American Dates,Guns N’ Roses Extending Global Run With Latin American Dates,https://news.pollstar.com/2025/06/06/guns-n-roses-extending-global-run-with-latin-american-dates/,2025-06-06,2025-06-06,2025-11-08,Darius and Girėnas Stadium,"Kaunas, Lithuania",Stadium,FALSE,,,TRUE
Guns N’ Roses Extending Global Run With Latin American Dates,Guns N’ Roses Extending Global Run With Latin American Dates,https://news.pollstar.com/2025/06/06/guns-n-roses-extending-global-run-with-latin-american-dates/,2025-06-06,2025-06-06,2025-11-08,PGE Nardowy,"Warsaw, Poland",Stadium,FALSE,,,TRUE
Guns N’ Roses Extending Global Run With Latin American Dates,Guns N’ Roses Extending Global Run With Latin American Dates,https://news.pollstar.com/2025/06/06/guns-n-roses-extending-global-run-with-latin-american-dates/,2025-06-06,2025-06-06,2025-11-08,Puskás Aréna,"Budapest, Hungary",Arena,FALSE,,,TRUE
Guns N’ Roses Extending Global Run With Latin American Dates,Guns N’ Roses Extending Global Run With Latin American Dates,https://news.pollstar.com/2025/06/06/guns-n-roses-extending-global-run-with-latin-american-dates/,2025-06-06,2025-06-06,2025-11-08,Ušće Park,"Belgrade, Serbia",Other,FALSE,,,TRUE
Guns N’ Roses Extending Global Run With Latin American Dates,Guns N’ Roses Extending Global Run With Latin American Dates,https://news.pollstar.com/2025/06/06/guns-n-roses-extending-global-run-with-latin-american-dates/,2025-06-06,2025-06-06,2025-11-08,Vasil Levski Stadium,"Sofia, Bulgaria",Stadium,FALSE,,,TRUE
Guns N’ Roses Extending Global Run With Latin American Dates,Guns N’ Roses Extending Global Run With Latin American Dates,https://news.pollstar.com/2025/06/06/guns-n-roses-extending-global-run-with-latin-american-dates/,2025-06-06,2025-06-06,2025-11-08,Ernst Happel Stadion,"Austria, Vienna",Stadium,FALSE,,,TRUE
Guns N’ Roses Extending Global Run With Latin American Dates,Guns N’ Roses Extending Global Run With Latin American Dates,https://news.pollstar.com/2025/06/06/guns-n-roses-extending-global-run-with-latin-american-dates/,2025-06-06,2025-06-06,2025-11-08,Luxembourg Open Air,"Luxembourg City, Luxembourg",Amphitheater,FALSE,,,TRUE
Guns N’ Roses Extending Global Run With Latin American Dates,Guns N’ Roses Extending Global Run With Latin American Dates,https://news.pollstar.com/2025/06/06/guns-n-roses-extending-global-run-with-latin-american-dates/,2025-06-06,2025-06-06,2025-11-08,Wacken Open Air,"Wacken, Germany",Other,FALSE,,,TRUE
Guns N’ Roses Extending Global Run With Latin American Dates,Guns N’ Roses Extending Global Run With Latin American Dates,https://news.pollstar.com/2025/06/06/guns-n-roses-extending-global-run-with-latin-american-dates/,2025-06-06,2025-06-06,2025-11-08,Estadio Nacional,"San Jose, Costa Rica",Stadium,FALSE,,,TRUE
Guns N’ Roses Extending Global Run With Latin American Dates,Guns N’ Roses Extending Global Run With Latin American Dates,https://news.pollstar.com/2025/06/06/guns-n-roses-extending-global-run-with-latin-american-dates/,2025-06-06,2025-06-06,2025-11-08,Salvador,"San Salvador, El",Other,FALSE,,,TRUE
Guns N’ Roses Extending Global Run With Latin American Dates,Guns N’ Roses Extending Global Run With Latin American Dates,https://news.pollstar.com/2025/06/06/guns-n-roses-extending-global-run-with-latin-american-dates/,2025-06-06,2025-06-06,2025-11-08,Vive Claro,"Bogotá, Colombia",Club,FALSE,,,TRUE
Guns N’ Roses Extending Global Run With Latin American Dates,Guns N’ Roses Extending Global Run With Latin American Dates,https://news.pollstar.com/2025/06/06/guns-n-roses-extending-global-run-with-latin-american-dates/,2025-06-06,2025-06-06,2025-11-08,Atanasio Girardot,"Medellín, Colombia",Stadium,FALSE,,,TRUE
Guns N’ Roses Extending Global Run With Latin American Dates,Guns N’ Roses Extending Global Run With Latin American Dates,https://news.pollstar.com/2025/06/06/guns-n-roses-extending-global-run-with-latin-american-dates/,2025-06-06,2025-06-06,2025-11-08,Parque Estadio Nacional,"Santiago, Chile",Stadium,FALSE,,,TRUE
Guns N’ Roses Extending Global Run With Latin American Dates,Guns N’ Roses Extending Global Run With Latin American Dates,https://news.pollstar.com/2025/06/06/guns-n-roses-extending-global-run-with-latin-american-dates/,2025-06-06,2025-06-06,2025-11-08,Estadio Tomás Adolfo Ducó,"Buenos Aires, Argentina",Stadium,FALSE,,,TRUE
Guns N’ Roses Extending Global Run With Latin American Dates,Guns N’ Roses Extending Global Run With Latin American Dates,https://news.pollstar.com/2025/06/06/guns-n-roses-extending-global-run-with-latin-american-dates/,2025-06-06,2025-06-06,2025-11-08,Arena Opus,"Florianópolis, Brazil",Arena,FALSE,,,TRUE
Guns N’ Roses Extending Global Run With Latin American Dates,Guns N’ Roses Extending Global Run With Latin American Dates,https://news.pollstar.com/2025/06/06/guns-n-roses-extending-global-run-with-latin-american-dates/,2025-06-06,2025-06-06,2025-11-08,Allianz Parque,"São Paulo, Brazil",Stadium,FALSE,,,TRUE
Guns N’ Roses Extending Global Run With Latin American Dates,Guns N’ Roses Extending Global Run With Latin American Dates,https://news.pollstar.com/2025/06/06/guns-n-roses-extending-global-run-with-latin-american-dates/,2025-06-06,2025-06-06,2025-11-08,Pedreira Paulo Leminski,"Curitiba, Brazil",Amphitheater,FALSE,,,TRUE
Guns N’ Roses Extending Global Run With Latin American Dates,Guns N’ Roses Extending Global Run With Latin American Dates,https://news.pollstar.com/2025/06/06/guns-n-roses-extending-global-run-with-latin-american-dates/,2025-06-06,2025-06-06,2025-11-08,Arena Pantanal,"Cuiabá, Brazil",Arena,FALSE,,,TRUE
Guns N’ Roses Extending Global Run With Latin American Dates,Guns N’ Roses Extending Global Run With Latin American Dates,https://news.pollstar.com/2025/06/06/guns-n-roses-extending-global-run-with-latin-american-dates/,2025-06-06,2025-06-06,2025-11-08,Arena BSB,"Brasília, Brazil",Arena,FALSE,,,TRUE
Guns N’ Roses Extending Global Run With Latin American Dates,Guns N’ Roses Extending Global Run With Latin American Dates,https://news.pollstar.com/2025/06/06/guns-n-roses-extending-global-run-with-latin-american-dates/,2025-06-06,2025-06-06,2025-11-08,Estadio Nacional,"Lima, Peru",Stadium,FALSE,,,TRUE
Guns N’ Roses Extending Global Run With Latin American Dates,Guns N’ Roses Extending Global Run With Latin American Dates,https://news.pollstar.com/2025/06/06/guns-n-roses-extending-global-run-with-latin-american-dates/,2025-06-06,2025-06-06,2025-11-08,Estadio GNP Seguros,"Mexico City, Mexico",Stadium,LYV,,,TRUE
Morrissey,Morrissey Announces Fall 2025 North American Tour,https://news.pollstar.com/2025/06/04/morrissey-announces-fall-2025-north-american-tour/,2025-06-04,2024-10-07,2025-01-20,S. Mark Taper Auditorium,"Seattle, WA @ Benaroya Hall",Theater,FALSE,,,TRUE
Morrissey,Morrissey Announces Fall 2025 North American Tour,https://news.pollstar.com/2025/06/04/morrissey-announces-fall-2025-north-american-tour/,2025-06-04,2024-10-07,2025-01-20,Mahaffey Theater,"St. Petersburg, FL @ Duke Energy Center for the Arts",Theater,FALSE,,,TRUE
Comedian Felipe Esparza,Comedian Felipe Esparza Adds 30 Dates To ‘At My Leisure’ Tour,https://news.pollstar.com/2025/05/20/comedian-felipe-esparza-adds-30-dates-to-at-my-leisure-tour/,2025-05-20,2025-08-02,2025-12-20,Meskwaki Bingo Casino,"Tama, IA",Other,FALSE,,,TRUE
Comedian Felipe Esparza,Comedian Felipe Esparza Adds 30 Dates To ‘At My Leisure’ Tour,https://news.pollstar.com/2025/05/20/comedian-felipe-esparza-adds-30-dates-to-at-my-leisure-tour/,2025-05-20,2025-08-02,2025-12-20,Irvine Improv,"Irvine, CA",Other,FALSE,,,TRUE
Comedian Felipe Esparza,Comedian Felipe Esparza Adds 30 Dates To ‘At My Leisure’ Tour,https://news.pollstar.com/2025/05/20/comedian-felipe-esparza-adds-30-dates-to-at-my-leisure-tour/,2025-05-20,2025-08-02,2025-12-20,Irvine Improv,"Irvine, CA",Other,FALSE,,,TRUE
Comedian Felipe Esparza,Comedian Felipe Esparza Adds 30 Dates To ‘At My Leisure’ Tour,https://news.pollstar.com/2025/05/20/comedian-felipe-esparza-adds-30-dates-to-at-my-leisure-tour/,2025-05-20,2025-08-02,2025-12-20,Irvine Improv,"Irvine, CA",Other,FALSE,,,TRUE
Comedian Felipe Esparza,Comedian Felipe Esparza Adds 30 Dates To ‘At My Leisure’ Tour,https://news.pollstar.com/2025/05/20/comedian-felipe-esparza-adds-30-dates-to-at-my-leisure-tour/,2025-05-20,2025-08-02,2025-12-20,Irvine Improv,"Irvine, CA",Other,FALSE,,,TRUE
Comedian Felipe Esparza,Comedian Felipe Esparza Adds 30 Dates To ‘At My Leisure’ Tour,https://news.pollstar.com/2025/05/20/comedian-felipe-esparza-adds-30-dates-to-at-my-leisure-tour/,2025-05-20,2025-08-02,2025-12-20,Irvine Improv,"Irvine, CA",Other,FALSE,,,TRUE
Comedian Felipe Esparza,Comedian Felipe Esparza Adds 30 Dates To ‘At My Leisure’ Tour,https://news.pollstar.com/2025/05/20/comedian-felipe-esparza-adds-30-dates-to-at-my-leisure-tour/,2025-05-20,2025-08-02,2025-12-20,Irvine Improv,"Irvine, CA",Other,FALSE,,,TRUE
Comedian Felipe Esparza,Comedian Felipe Esparza Adds 30 Dates To ‘At My Leisure’ Tour,https://news.pollstar.com/2025/05/20/comedian-felipe-esparza-adds-30-dates-to-at-my-leisure-tour/,2025-05-20,2025-08-02,2025-12-20,Off The Hook Comedy Club,"Naples, FL",Club,FALSE,,,TRUE
Comedian Felipe Esparza,Comedian Felipe Esparza Adds 30 Dates To ‘At My Leisure’ Tour,https://news.pollstar.com/2025/05/20/comedian-felipe-esparza-adds-30-dates-to-at-my-leisure-tour/,2025-05-20,2025-08-02,2025-12-20,Off The Hook Comedy Club,"Naples, FL",Club,FALSE,,,TRUE
Comedian Felipe Esparza,Comedian Felipe Esparza Adds 30 Dates To ‘At My Leisure’ Tour,https://news.pollstar.com/2025/05/20/comedian-felipe-esparza-adds-30-dates-to-at-my-leisure-tour/,2025-05-20,2025-08-02,2025-12-20,Off The Hook Comedy Club,"Naples, FL",Club,FALSE,,,TRUE
Comedian Felipe Esparza,Comedian Felipe Esparza Adds 30 Dates To ‘At My Leisure’ Tour,https://news.pollstar.com/2025/05/20/comedian-felipe-esparza-adds-30-dates-to-at-my-leisure-tour/,2025-05-20,2025-08-02,2025-12-20,Off The Hook Comedy Club,"Naples, FL",Club,FALSE,,,TRUE
Comedian Felipe Esparza,Comedian Felipe Esparza Adds 30 Dates To ‘At My Leisure’ Tour,https://news.pollstar.com/2025/05/20/comedian-felipe-esparza-adds-30-dates-to-at-my-leisure-tour/,2025-05-20,2025-08-02,2025-12-20,Off The Hook Comedy Club,"Naples, FL",Club,FALSE,,,TRUE
Comedian Felipe Esparza,Comedian Felipe Esparza Adds 30 Dates To ‘At My Leisure’ Tour,https://news.pollstar.com/2025/05/20/comedian-felipe-esparza-adds-30-dates-to-at-my-leisure-tour/,2025-05-20,2025-08-02,2025-12-20,The Lerner Theatre,"Elkhart, IN",Auditorium,FALSE,,,TRUE
Comedian Felipe Esparza,Comedian Felipe Esparza Adds 30 Dates To ‘At My Leisure’ Tour,https://news.pollstar.com/2025/05/20/comedian-felipe-esparza-adds-30-dates-to-at-my-leisure-tour/,2025-05-20,2025-08-02,2025-12-20,Turner Hall Ballroom,"Milwaukee, WI",Theater,FALSE,,,TRUE
Comedian Felipe Esparza,Comedian Felipe Esparza Adds 30 Dates To ‘At My Leisure’ Tour,https://news.pollstar.com/2025/05/20/comedian-felipe-esparza-adds-30-dates-to-at-my-leisure-tour/,2025-05-20,2025-08-02,2025-12-20,David Copperfield Theater at MGM Grand,"Las Vegas, NV",Theater,FALSE,,,TRUE
Comedian Felipe Esparza,Comedian Felipe Esparza Adds 30 Dates To ‘At My Leisure’ Tour,https://news.pollstar.com/2025/05/20/comedian-felipe-esparza-adds-30-dates-to-at-my-leisure-tour/,2025-05-20,2025-08-02,2025-12-20,David Copperfield Theater at MGM Grand,"Las Vegas, NV",Theater,FALSE,,,TRUE
Comedian Felipe Esparza,Comedian Felipe Esparza Adds 30 Dates To ‘At My Leisure’ Tour,https://news.pollstar.com/2025/05/20/comedian-felipe-esparza-adds-30-dates-to-at-my-leisure-tour/,2025-05-20,2025-08-02,2025-12-20,Hartford Funny Bone,"Manchester, CT",Other,FALSE,,,TRUE
Comedian Felipe Esparza,Comedian Felipe Esparza Adds 30 Dates To ‘At My Leisure’ Tour,https://news.pollstar.com/2025/05/20/comedian-felipe-esparza-adds-30-dates-to-at-my-leisure-tour/,2025-05-20,2025-08-02,2025-12-20,Hartford Funny Bone,"Manchester, CT",Other,FALSE,,,TRUE
Comedian Felipe Esparza,Comedian Felipe Esparza Adds 30 Dates To ‘At My Leisure’ Tour,https://news.pollstar.com/2025/05/20/comedian-felipe-esparza-adds-30-dates-to-at-my-leisure-tour/,2025-05-20,2025-08-02,2025-12-20,Hartford Funny Bone,"Manchester, CT",Other,FALSE,,,TRUE
Comedian Felipe Esparza,Comedian Felipe Esparza Adds 30 Dates To ‘At My Leisure’ Tour,https://news.pollstar.com/2025/05/20/comedian-felipe-esparza-adds-30-dates-to-at-my-leisure-tour/,2025-05-20,2025-08-02,2025-12-20,Bing Crosby Theater,"Spokane, WA",Theater,FALSE,,,TRUE
Comedian Felipe Esparza,Comedian Felipe Esparza Adds 30 Dates To ‘At My Leisure’ Tour,https://news.pollstar.com/2025/05/20/comedian-felipe-esparza-adds-30-dates-to-at-my-leisure-tour/,2025-05-20,2025-08-02,2025-12-20,Neptune Theatre,"Seattle, WA",Theater,FALSE,,,TRUE
Comedian Felipe Esparza,Comedian Felipe Esparza Adds 30 Dates To ‘At My Leisure’ Tour,https://news.pollstar.com/2025/05/20/comedian-felipe-esparza-adds-30-dates-to-at-my-leisure-tour/,2025-05-20,2025-08-02,2025-12-20,Tampa Theatre,"Tampa, FL",Theater,FALSE,,,TRUE
Comedian Felipe Esparza,Comedian Felipe Esparza Adds 30 Dates To ‘At My Leisure’ Tour,https://news.pollstar.com/2025/05/20/comedian-felipe-esparza-adds-30-dates-to-at-my-leisure-tour/,2025-05-20,2025-08-02,2025-12-20,Carolina Theatre,"Charlotte, NC",Theater,FALSE,,,TRUE
Comedian Felipe Esparza,Comedian Felipe Esparza Adds 30 Dates To ‘At My Leisure’ Tour,https://news.pollstar.com/2025/05/20/comedian-felipe-esparza-adds-30-dates-to-at-my-leisure-tour/,2025-05-20,2025-08-02,2025-12-20,Olsen Run Comedy Club And Lounge,"Eugene, OR",Club,FALSE,,,TRUE
Comedian Felipe Esparza,Comedian Felipe Esparza Adds 30 Dates To ‘At My Leisure’ Tour,https://news.pollstar.com/2025/05/20/comedian-felipe-esparza-adds-30-dates-to-at-my-leisure-tour/,2025-05-20,2025-08-02,2025-12-20,Olsen Run Comedy Club And Lounge,"Eugene, OR",Club,FALSE,,,TRUE
Comedian Felipe Esparza,Comedian Felipe Esparza Adds 30 Dates To ‘At My Leisure’ Tour,https://news.pollstar.com/2025/05/20/comedian-felipe-esparza-adds-30-dates-to-at-my-leisure-tour/,2025-05-20,2025-08-02,2025-12-20,Olsen Run Comedy Club And Lounge,"Eugene, OR",Club,FALSE,,,TRUE
Comedian Felipe Esparza,Comedian Felipe Esparza Adds 30 Dates To ‘At My Leisure’ Tour,https://news.pollstar.com/2025/05/20/comedian-felipe-esparza-adds-30-dates-to-at-my-leisure-tour/,2025-05-20,2025-08-02,2025-12-20,Olsen Run Comedy Club And Lounge,"Eugene, OR",Club,FALSE,,,TRUE
Comedian Felipe Esparza,Comedian Felipe Esparza Adds 30 Dates To ‘At My Leisure’ Tour,https://news.pollstar.com/2025/05/20/comedian-felipe-esparza-adds-30-dates-to-at-my-leisure-tour/,2025-05-20,2025-08-02,2025-12-20,Olsen Run Comedy Club And Lounge,"Eugene, OR",Club,FALSE,,,TRUE
Comedian Felipe Esparza,Comedian Felipe Esparza Adds 30 Dates To ‘At My Leisure’ Tour,https://news.pollstar.com/2025/05/20/comedian-felipe-esparza-adds-30-dates-to-at-my-leisure-tour/,2025-05-20,2025-08-02,2025-12-20,Olsen Run Comedy Club And Lounge,"Eugene, OR",Club,FALSE,,,TRUE
Comedian Felipe Esparza,Comedian Felipe Esparza Adds 30 Dates To ‘At My Leisure’ Tour,https://news.pollstar.com/2025/05/20/comedian-felipe-esparza-adds-30-dates-to-at-my-leisure-tour/,2025-05-20,2025-08-02,2025-12-20,Laugh Boston,"Boston, MA",Other,FALSE,,,TRUE
Comedian Felipe Esparza,Comedian Felipe Esparza Adds 30 Dates To ‘At My Leisure’ Tour,https://news.pollstar.com/2025/05/20/comedian-felipe-esparza-adds-30-dates-to-at-my-leisure-tour/,2025-05-20,2025-08-02,2025-12-20,Laugh Boston,"Boston, MA",Other,FALSE,,,TRUE
Comedian Felipe Esparza,Comedian Felipe Esparza Adds 30 Dates To ‘At My Leisure’ Tour,https://news.pollstar.com/2025/05/20/comedian-felipe-esparza-adds-30-dates-to-at-my-leisure-tour/,2025-05-20,2025-08-02,2025-12-20,Laugh Boston,"Boston, MA",Other,FALSE,,,TRUE
Comedian Felipe Esparza,Comedian Felipe Esparza Adds 30 Dates To ‘At My Leisure’ Tour,https://news.pollstar.com/2025/05/20/comedian-felipe-esparza-adds-30-dates-to-at-my-leisure-tour/,2025-05-20,2025-08-02,2025-12-20,Laugh Boston,"Boston, MA",Other,FALSE,,,TRUE
Comedian Felipe Esparza,Comedian Felipe Esparza Adds 30 Dates To ‘At My Leisure’ Tour,https://news.pollstar.com/2025/05/20/comedian-felipe-esparza-adds-30-dates-to-at-my-leisure-tour/,2025-05-20,2025-08-02,2025-12-20,Laugh Boston,"Boston, MA",Other,FALSE,,,TRUE
Comedian Felipe Esparza,Comedian Felipe Esparza Adds 30 Dates To ‘At My Leisure’ Tour,https://news.pollstar.com/2025/05/20/comedian-felipe-esparza-adds-30-dates-to-at-my-leisure-tour/,2025-05-20,2025-08-02,2025-12-20,Lincoln Theatre,"Washington, DC",Auditorium,FALSE,,,TRUE
Comedian Felipe Esparza,Comedian Felipe Esparza Adds 30 Dates To ‘At My Leisure’ Tour,https://news.pollstar.com/2025/05/20/comedian-felipe-esparza-adds-30-dates-to-at-my-leisure-tour/,2025-05-20,2025-08-02,2025-12-20,Black Bear Casino Resort,"Carlton, MN",Other,FALSE,,,TRUE
Comedian Felipe Esparza,Comedian Felipe Esparza Adds 30 Dates To ‘At My Leisure’ Tour,https://news.pollstar.com/2025/05/20/comedian-felipe-esparza-adds-30-dates-to-at-my-leisure-tour/,2025-05-20,2025-08-02,2025-12-20,Pantages Theatre,"Minneapolis, MN",Theater,FALSE,,,TRUE
Comedian Felipe Esparza,Comedian Felipe Esparza Adds 30 Dates To ‘At My Leisure’ Tour,https://news.pollstar.com/2025/05/20/comedian-felipe-esparza-adds-30-dates-to-at-my-leisure-tour/,2025-05-20,2025-08-02,2025-12-20,Louisville Comedy Club,"Louisville, KY",Club,FALSE,,,TRUE
Comedian Felipe Esparza,Comedian Felipe Esparza Adds 30 Dates To ‘At My Leisure’ Tour,https://news.pollstar.com/2025/05/20/comedian-felipe-esparza-adds-30-dates-to-at-my-leisure-tour/,2025-05-20,2025-08-02,2025-12-20,Louisville Comedy Club,"Louisville, KY",Club,FALSE,,,TRUE
Comedian Felipe Esparza,Comedian Felipe Esparza Adds 30 Dates To ‘At My Leisure’ Tour,https://news.pollstar.com/2025/05/20/comedian-felipe-esparza-adds-30-dates-to-at-my-leisure-tour/,2025-05-20,2025-08-02,2025-12-20,Louisville Comedy Club,"Louisville, KY",Club,FALSE,,,TRUE
Comedian Felipe Esparza,Comedian Felipe Esparza Adds 30 Dates To ‘At My Leisure’ Tour,https://news.pollstar.com/2025/05/20/comedian-felipe-esparza-adds-30-dates-to-at-my-leisure-tour/,2025-05-20,2025-08-02,2025-12-20,Louisville Comedy Club,"Louisville, KY",Club,FALSE,,,TRUE
Comedian Felipe Esparza,Comedian Felipe Esparza Adds 30 Dates To ‘At My Leisure’ Tour,https://news.pollstar.com/2025/05/20/comedian-felipe-esparza-adds-30-dates-to-at-my-leisure-tour/,2025-05-20,2025-08-02,2025-12-20,Louisville Comedy Club,"Louisville, KY",Club,FALSE,,,TRUE
Comedian Felipe Esparza,Comedian Felipe Esparza Adds 30 Dates To ‘At My Leisure’ Tour,https://news.pollstar.com/2025/05/20/comedian-felipe-esparza-adds-30-dates-to-at-my-leisure-tour/,2025-05-20,2025-08-02,2025-12-20,Hilarities,"Cleveland, OH",Other,FALSE,,,TRUE
Comedian Felipe Esparza,Comedian Felipe Esparza Adds 30 Dates To ‘At My Leisure’ Tour,https://news.pollstar.com/2025/05/20/comedian-felipe-esparza-adds-30-dates-to-at-my-leisure-tour/,2025-05-20,2025-08-02,2025-12-20,Hilarities,"Cleveland, OH",Other,FALSE,,,TRUE
Comedian Felipe Esparza,Comedian Felipe Esparza Adds 30 Dates To ‘At My Leisure’ Tour,https://news.pollstar.com/2025/05/20/comedian-felipe-esparza-adds-30-dates-to-at-my-leisure-tour/,2025-05-20,2025-08-02,2025-12-20,Hilarities,"Cleveland, OH",Other,FALSE,,,TRUE
Comedian Felipe Esparza,Comedian Felipe Esparza Adds 30 Dates To ‘At My Leisure’ Tour,https://news.pollstar.com/2025/05/20/comedian-felipe-esparza-adds-30-dates-to-at-my-leisure-tour/,2025-05-20,2025-08-02,2025-12-20,Hilarities,"Cleveland, OH",Other,FALSE,,,TRUE
Comedian Felipe Esparza,Comedian Felipe Esparza Adds 30 Dates To ‘At My Leisure’ Tour,https://news.pollstar.com/2025/05/20/comedian-felipe-esparza-adds-30-dates-to-at-my-leisure-tour/,2025-05-20,2025-08-02,2025-12-20,Hilarities,"Cleveland, OH",Other,FALSE,,,TRUE
Billie Eilish,"Billie Eilish Extends ‘Hit Me Hard And Soft: The Tour’ With Japan Dates, Additional U.S. Leg",https://news.pollstar.com/2025/05/19/billie-eilish-extends-hit-me-hard-and-soft-the-tour-with-japan-dates-additional-u-s-leg/,2025-05-19,2025-08-16,2025-11-23,Saitama Super Arena,"Tokyo, Japan",Arena,FALSE,,,TRUE
Billie Eilish,"Billie Eilish Extends ‘Hit Me Hard And Soft: The Tour’ With Japan Dates, Additional U.S. Leg",https://news.pollstar.com/2025/05/19/billie-eilish-extends-hit-me-hard-and-soft-the-tour-with-japan-dates-additional-u-s-leg/,2025-05-19,2025-08-16,2025-11-23,Saitama Super Arena,"Tokyo, Japan",Arena,FALSE,,,TRUE
Billie Eilish,"Billie Eilish Extends ‘Hit Me Hard And Soft: The Tour’ With Japan Dates, Additional U.S. Leg",https://news.pollstar.com/2025/05/19/billie-eilish-extends-hit-me-hard-and-soft-the-tour-with-japan-dates-additional-u-s-leg/,2025-05-19,2025-08-16,2025-11-23,Kaseya Center,"Miami, FL",Arena,FALSE,,,TRUE
Billie Eilish,"Billie Eilish Extends ‘Hit Me Hard And Soft: The Tour’ With Japan Dates, Additional U.S. Leg",https://news.pollstar.com/2025/05/19/billie-eilish-extends-hit-me-hard-and-soft-the-tour-with-japan-dates-additional-u-s-leg/,2025-05-19,2025-08-16,2025-11-23,Kaseya Center,"Miami, FL",Arena,FALSE,,,TRUE
Billie Eilish,"Billie Eilish Extends ‘Hit Me Hard And Soft: The Tour’ With Japan Dates, Additional U.S. Leg",https://news.pollstar.com/2025/05/19/billie-eilish-extends-hit-me-hard-and-soft-the-tour-with-japan-dates-additional-u-s-leg/,2025-05-19,2025-08-16,2025-11-23,Kaseya Center,"Miami, FL",Arena,FALSE,,,TRUE
Billie Eilish,"Billie Eilish Extends ‘Hit Me Hard And Soft: The Tour’ With Japan Dates, Additional U.S. Leg",https://news.pollstar.com/2025/05/19/billie-eilish-extends-hit-me-hard-and-soft-the-tour-with-japan-dates-additional-u-s-leg/,2025-05-19,2025-08-16,2025-11-23,Kia Center,"Orlando, FL",Arena,FALSE,,,TRUE
Billie Eilish,"Billie Eilish Extends ‘Hit Me Hard And Soft: The Tour’ With Japan Dates, Additional U.S. Leg",https://news.pollstar.com/2025/05/19/billie-eilish-extends-hit-me-hard-and-soft-the-tour-with-japan-dates-additional-u-s-leg/,2025-05-19,2025-08-16,2025-11-23,Lenovo Center,"Raleigh, NC",Arena,FALSE,,,TRUE
Billie Eilish,"Billie Eilish Extends ‘Hit Me Hard And Soft: The Tour’ With Japan Dates, Additional U.S. Leg",https://news.pollstar.com/2025/05/19/billie-eilish-extends-hit-me-hard-and-soft-the-tour-with-japan-dates-additional-u-s-leg/,2025-05-19,2025-08-16,2025-11-23,Lenovo Center,"Raleigh, NC",Arena,FALSE,,,TRUE
Billie Eilish,"Billie Eilish Extends ‘Hit Me Hard And Soft: The Tour’ With Japan Dates, Additional U.S. Leg",https://news.pollstar.com/2025/05/19/billie-eilish-extends-hit-me-hard-and-soft-the-tour-with-japan-dates-additional-u-s-leg/,2025-05-19,2025-08-16,2025-11-23,Spectrum Center,"Charlotte, NC",Arena,FALSE,,,TRUE
Billie Eilish,"Billie Eilish Extends ‘Hit Me Hard And Soft: The Tour’ With Japan Dates, Additional U.S. Leg",https://news.pollstar.com/2025/05/19/billie-eilish-extends-hit-me-hard-and-soft-the-tour-with-japan-dates-additional-u-s-leg/,2025-05-19,2025-08-16,2025-11-23,Spectrum Center,"Charlotte, NC",Arena,FALSE,,,TRUE
Billie Eilish,"Billie Eilish Extends ‘Hit Me Hard And Soft: The Tour’ With Japan Dates, Additional U.S. Leg",https://news.pollstar.com/2025/05/19/billie-eilish-extends-hit-me-hard-and-soft-the-tour-with-japan-dates-additional-u-s-leg/,2025-05-19,2025-08-16,2025-11-23,Wells Fargo Center,"Philadelphia, PA",Arena,FALSE,,,TRUE
Billie Eilish,"Billie Eilish Extends ‘Hit Me Hard And Soft: The Tour’ With Japan Dates, Additional U.S. Leg",https://news.pollstar.com/2025/05/19/billie-eilish-extends-hit-me-hard-and-soft-the-tour-with-japan-dates-additional-u-s-leg/,2025-05-19,2025-08-16,2025-11-23,UBS Arena,"Long Island, NY",Arena,FALSE,,,TRUE
Billie Eilish,"Billie Eilish Extends ‘Hit Me Hard And Soft: The Tour’ With Japan Dates, Additional U.S. Leg",https://news.pollstar.com/2025/05/19/billie-eilish-extends-hit-me-hard-and-soft-the-tour-with-japan-dates-additional-u-s-leg/,2025-05-19,2025-08-16,2025-11-23,UBS Arena,"Long Island, NY",Arena,FALSE,,,TRUE
Billie Eilish,"Billie Eilish Extends ‘Hit Me Hard And Soft: The Tour’ With Japan Dates, Additional U.S. Leg",https://news.pollstar.com/2025/05/19/billie-eilish-extends-hit-me-hard-and-soft-the-tour-with-japan-dates-additional-u-s-leg/,2025-05-19,2025-08-16,2025-11-23,Smoothie King Center,"New Orleans, LA",Arena,FALSE,,,TRUE
Billie Eilish,"Billie Eilish Extends ‘Hit Me Hard And Soft: The Tour’ With Japan Dates, Additional U.S. Leg",https://news.pollstar.com/2025/05/19/billie-eilish-extends-hit-me-hard-and-soft-the-tour-with-japan-dates-additional-u-s-leg/,2025-05-19,2025-08-16,2025-11-23,Smoothie King Center,"New Orleans, LA",Arena,FALSE,,,TRUE
Billie Eilish,"Billie Eilish Extends ‘Hit Me Hard And Soft: The Tour’ With Japan Dates, Additional U.S. Leg",https://news.pollstar.com/2025/05/19/billie-eilish-extends-hit-me-hard-and-soft-the-tour-with-japan-dates-additional-u-s-leg/,2025-05-19,2025-08-16,2025-11-23,BOK Center,"Tulsa, OK",Arena,FALSE,,,TRUE
Billie Eilish,"Billie Eilish Extends ‘Hit Me Hard And Soft: The Tour’ With Japan Dates, Additional U.S. Leg",https://news.pollstar.com/2025/05/19/billie-eilish-extends-hit-me-hard-and-soft-the-tour-with-japan-dates-additional-u-s-leg/,2025-05-19,2025-08-16,2025-11-23,BOK Center,"Tulsa, OK",Arena,FALSE,,,TRUE
Billie Eilish,"Billie Eilish Extends ‘Hit Me Hard And Soft: The Tour’ With Japan Dates, Additional U.S. Leg",https://news.pollstar.com/2025/05/19/billie-eilish-extends-hit-me-hard-and-soft-the-tour-with-japan-dates-additional-u-s-leg/,2025-05-19,2025-08-16,2025-11-23,Moody Center ATX,"Austin, TX",Arena,FALSE,,,TRUE
Billie Eilish,"Billie Eilish Extends ‘Hit Me Hard And Soft: The Tour’ With Japan Dates, Additional U.S. Leg",https://news.pollstar.com/2025/05/19/billie-eilish-extends-hit-me-hard-and-soft-the-tour-with-japan-dates-additional-u-s-leg/,2025-05-19,2025-08-16,2025-11-23,Moody Center ATX,"Austin, TX",Arena,FALSE,,,TRUE
Billie Eilish,"Billie Eilish Extends ‘Hit Me Hard And Soft: The Tour’ With Japan Dates, Additional U.S. Leg",https://news.pollstar.com/2025/05/19/billie-eilish-extends-hit-me-hard-and-soft-the-tour-with-japan-dates-additional-u-s-leg/,2025-05-19,2025-08-16,2025-11-23,PHX Arena,"Phoenix, AZ",Arena,FALSE,,,TRUE
Billie Eilish,"Billie Eilish Extends ‘Hit Me Hard And Soft: The Tour’ With Japan Dates, Additional U.S. Leg",https://news.pollstar.com/2025/05/19/billie-eilish-extends-hit-me-hard-and-soft-the-tour-with-japan-dates-additional-u-s-leg/,2025-05-19,2025-08-16,2025-11-23,PHX Arena,"Phoenix, AZ",Arena,FALSE,,,TRUE
Billie Eilish,"Billie Eilish Extends ‘Hit Me Hard And Soft: The Tour’ With Japan Dates, Additional U.S. Leg",https://news.pollstar.com/2025/05/19/billie-eilish-extends-hit-me-hard-and-soft-the-tour-with-japan-dates-additional-u-s-leg/,2025-05-19,2025-08-16,2025-11-23,Chase Center,"San Francisco, CA",Arena,FALSE,,,TRUE
Billie Eilish,"Billie Eilish Extends ‘Hit Me Hard And Soft: The Tour’ With Japan Dates, Additional U.S. Leg",https://news.pollstar.com/2025/05/19/billie-eilish-extends-hit-me-hard-and-soft-the-tour-with-japan-dates-additional-u-s-leg/,2025-05-19,2025-08-16,2025-11-23,Chase Center,"San Francisco, CA",Arena,FALSE,,,TRUE
Música Mexicana Star Christian Nodal Returning To US Arenas This Fall,Música Mexicana Star Christian Nodal Returning To US Arenas This Fall,https://news.pollstar.com/2025/05/19/musica-mexicana-star-christian-nodal-returning-to-us-arenas-this-fall/,2025-05-19,2025-11-07,2025-12-14,Intuit Dome,"Inglewood, CA",Arena,FALSE,,,TRUE
Música Mexicana Star Christian Nodal Returning To US Arenas This Fall,Música Mexicana Star Christian Nodal Returning To US Arenas This Fall,https://news.pollstar.com/2025/05/19/musica-mexicana-star-christian-nodal-returning-to-us-arenas-this-fall/,2025-05-19,2025-11-07,2025-12-14,Acrisure Arena,"Palm Desert, CA",Arena,FALSE,,,TRUE
Música Mexicana Star Christian Nodal Returning To US Arenas This Fall,Música Mexicana Star Christian Nodal Returning To US Arenas This Fall,https://news.pollstar.com/2025/05/19/musica-mexicana-star-christian-nodal-returning-to-us-arenas-this-fall/,2025-05-19,2025-11-07,2025-12-14,SAP Center at San Jose,"San Jose, CA",Arena,FALSE,,,TRUE
Música Mexicana Star Christian Nodal Returning To US Arenas This Fall,Música Mexicana Star Christian Nodal Returning To US Arenas This Fall,https://news.pollstar.com/2025/05/19/musica-mexicana-star-christian-nodal-returning-to-us-arenas-this-fall/,2025-05-19,2025-11-07,2025-12-14,Honda Center,"Anaheim, CA",Arena,FALSE,,,TRUE
Música Mexicana Star Christian Nodal Returning To US Arenas This Fall,Música Mexicana Star Christian Nodal Returning To US Arenas This Fall,https://news.pollstar.com/2025/05/19/musica-mexicana-star-christian-nodal-returning-to-us-arenas-this-fall/,2025-05-19,2025-11-07,2025-12-14,PHX Arena,"Phoenix, CA",Arena,FALSE,,,TRUE
Música Mexicana Star Christian Nodal Returning To US Arenas This Fall,Música Mexicana Star Christian Nodal Returning To US Arenas This Fall,https://news.pollstar.com/2025/05/19/musica-mexicana-star-christian-nodal-returning-to-us-arenas-this-fall/,2025-05-19,2025-11-07,2025-12-14,Don Haskins Center,"El Paso, TX",Arena,FALSE,,,TRUE
Música Mexicana Star Christian Nodal Returning To US Arenas This Fall,Música Mexicana Star Christian Nodal Returning To US Arenas This Fall,https://news.pollstar.com/2025/05/19/musica-mexicana-star-christian-nodal-returning-to-us-arenas-this-fall/,2025-05-19,2025-11-07,2025-12-14,Payne Arena,"Hidalgo, TX",Arena,FALSE,,,TRUE
Música Mexicana Star Christian Nodal Returning To US Arenas This Fall,Música Mexicana Star Christian Nodal Returning To US Arenas This Fall,https://news.pollstar.com/2025/05/19/musica-mexicana-star-christian-nodal-returning-to-us-arenas-this-fall/,2025-05-19,2025-11-07,2025-12-14,Dickies Arena,"Fort Worth, TX",Arena,FALSE,,,TRUE
Música Mexicana Star Christian Nodal Returning To US Arenas This Fall,Música Mexicana Star Christian Nodal Returning To US Arenas This Fall,https://news.pollstar.com/2025/05/19/musica-mexicana-star-christian-nodal-returning-to-us-arenas-this-fall/,2025-05-19,2025-11-07,2025-12-14,Frost Bank Center,"San Antonio, TX",Arena,FALSE,,,TRUE
Música Mexicana Star Christian Nodal Returning To US Arenas This Fall,Música Mexicana Star Christian Nodal Returning To US Arenas This Fall,https://news.pollstar.com/2025/05/19/musica-mexicana-star-christian-nodal-returning-to-us-arenas-this-fall/,2025-05-19,2025-11-07,2025-12-14,Bojangles Coliseum,"Charlotte, NC",Arena,FALSE,,,TRUE
Música Mexicana Star Christian Nodal Returning To US Arenas This Fall,Música Mexicana Star Christian Nodal Returning To US Arenas This Fall,https://news.pollstar.com/2025/05/19/musica-mexicana-star-christian-nodal-returning-to-us-arenas-this-fall/,2025-05-19,2025-11-07,2025-12-14,Kaseya Center,"Miami, FL",Arena,FALSE,,,TRUE
Música Mexicana Star Christian Nodal Returning To US Arenas This Fall,Música Mexicana Star Christian Nodal Returning To US Arenas This Fall,https://news.pollstar.com/2025/05/19/musica-mexicana-star-christian-nodal-returning-to-us-arenas-this-fall/,2025-05-19,2025-11-07,2025-12-14,Amalie Arena,"Tampa, FL",Arena,FALSE,,,TRUE
Música Mexicana Star Christian Nodal Returning To US Arenas This Fall,Música Mexicana Star Christian Nodal Returning To US Arenas This Fall,https://news.pollstar.com/2025/05/19/musica-mexicana-star-christian-nodal-returning-to-us-arenas-this-fall/,2025-05-19,2025-11-07,2025-12-14,State Farm Arena,"Atlanta, GA",Arena,FALSE,,,TRUE
Música Mexicana Star Christian Nodal Returning To US Arenas This Fall,Música Mexicana Star Christian Nodal Returning To US Arenas This Fall,https://news.pollstar.com/2025/05/19/musica-mexicana-star-christian-nodal-returning-to-us-arenas-this-fall/,2025-05-19,2025-11-07,2025-12-14,Barclays Center,"Brooklyn, NY",Arena,FALSE,,,TRUE
Música Mexicana Star Christian Nodal Returning To US Arenas This Fall,Música Mexicana Star Christian Nodal Returning To US Arenas This Fall,https://news.pollstar.com/2025/05/19/musica-mexicana-star-christian-nodal-returning-to-us-arenas-this-fall/,2025-05-19,2025-11-07,2025-12-14,Prudential Center,"Newark, NJ",Arena,FALSE,,,TRUE
Música Mexicana Star Christian Nodal Returning To US Arenas This Fall,Música Mexicana Star Christian Nodal Returning To US Arenas This Fall,https://news.pollstar.com/2025/05/19/musica-mexicana-star-christian-nodal-returning-to-us-arenas-this-fall/,2025-05-19,2025-11-07,2025-12-14,EagleBank Arena,"Fairfax, VA",Arena,FALSE,,,TRUE
Música Mexicana Star Christian Nodal Returning To US Arenas This Fall,Música Mexicana Star Christian Nodal Returning To US Arenas This Fall,https://news.pollstar.com/2025/05/19/musica-mexicana-star-christian-nodal-returning-to-us-arenas-this-fall/,2025-05-19,2025-11-07,2025-12-14,Allstate Arena,"Rosemont, IL",Arena,FALSE,,,TRUE
Música Mexicana Star Christian Nodal Returning To US Arenas This Fall,Música Mexicana Star Christian Nodal Returning To US Arenas This Fall,https://news.pollstar.com/2025/05/19/musica-mexicana-star-christian-nodal-returning-to-us-arenas-this-fall/,2025-05-19,2025-11-07,2025-12-14,Sames Auto Arena,"Laredo, TX",Arena,FALSE,,,TRUE
Isaiah Falls,Isaiah Falls Announces ‘LVRS Paradise Tour’,https://news.pollstar.com/2025/05/14/isaiah-falls-announces-lvrs-paradise-tour/,2025-05-14,2025-07-10,2025-07-24,Sonia,"Cambridge, MA | The Middle East",Club,FALSE,,,TRUE
Isaiah Falls,Isaiah Falls Announces ‘LVRS Paradise Tour’,https://news.pollstar.com/2025/05/14/isaiah-falls-announces-lvrs-paradise-tour/,2025-05-14,2025-07-10,2025-07-24,Bronze Peacock,"Houston, TX | House of Blues",Other,FALSE,,,TRUE
Isaiah Falls,Isaiah Falls Announces ‘LVRS Paradise Tour’,https://news.pollstar.com/2025/05/14/isaiah-falls-announces-lvrs-paradise-tour/,2025-05-14,2025-07-10,2025-07-24,Cambridge Room,"Dallas, TX | House of Blues Dallas",Other,FALSE,,,TRUE
Latin Superstar Bad Bunny,Latin Superstar Bad Bunny Unveils Dates For Global Stadium Tour,https://news.pollstar.com/2025/05/05/latin-superstar-bad-bunny-unveils-dates-for-global-stadium-tour/,2025-05-05,2026-11-21,2027-07-22,Estadio Olimpico,"Santo Domingo, Dominican Republic",Stadium,FALSE,,,TRUE
Latin Superstar Bad Bunny,Latin Superstar Bad Bunny Unveils Dates For Global Stadium Tour,https://news.pollstar.com/2025/05/05/latin-superstar-bad-bunny-unveils-dates-for-global-stadium-tour/,2025-05-05,2026-11-21,2027-07-22,Estadio Nacional,"San Jose, Costa Rica",Stadium,FALSE,,,TRUE
Latin Superstar Bad Bunny,Latin Superstar Bad Bunny Unveils Dates For Global Stadium Tour,https://news.pollstar.com/2025/05/05/latin-superstar-bad-bunny-unveils-dates-for-global-stadium-tour/,2025-05-05,2026-11-21,2027-07-22,Estadio GNP,"Mexico City, Mexico",Stadium,LYV,,,TRUE
Latin Superstar Bad Bunny,Latin Superstar Bad Bunny Unveils Dates For Global Stadium Tour,https://news.pollstar.com/2025/05/05/latin-superstar-bad-bunny-unveils-dates-for-global-stadium-tour/,2025-05-05,2026-11-21,2027-07-22,Estadio GNP,"Mexico City, Mexico",Stadium,LYV,,,TRUE
Latin Superstar Bad Bunny,Latin Superstar Bad Bunny Unveils Dates For Global Stadium Tour,https://news.pollstar.com/2025/05/05/latin-superstar-bad-bunny-unveils-dates-for-global-stadium-tour/,2025-05-05,2026-11-21,2027-07-22,Estadio Atanasio Girardot,"Medellin, Colombia",Stadium,FALSE,,,TRUE
Latin Superstar Bad Bunny,Latin Superstar Bad Bunny Unveils Dates For Global Stadium Tour,https://news.pollstar.com/2025/05/05/latin-superstar-bad-bunny-unveils-dates-for-global-stadium-tour/,2025-05-05,2026-11-21,2027-07-22,Estadio Nacional,"Lima, Peru",Stadium,FALSE,,,TRUE
Latin Superstar Bad Bunny,Latin Superstar Bad Bunny Unveils Dates For Global Stadium Tour,https://news.pollstar.com/2025/05/05/latin-superstar-bad-bunny-unveils-dates-for-global-stadium-tour/,2025-05-05,2026-11-21,2027-07-22,Estadio Nacional,"Santiago, Chile",Stadium,FALSE,,,TRUE
Latin Superstar Bad Bunny,Latin Superstar Bad Bunny Unveils Dates For Global Stadium Tour,https://news.pollstar.com/2025/05/05/latin-superstar-bad-bunny-unveils-dates-for-global-stadium-tour/,2025-05-05,2026-11-21,2027-07-22,Estadio River Plate,"Buenos Aires, Argentina",Stadium,FALSE,,,TRUE
Latin Superstar Bad Bunny,Latin Superstar Bad Bunny Unveils Dates For Global Stadium Tour,https://news.pollstar.com/2025/05/05/latin-superstar-bad-bunny-unveils-dates-for-global-stadium-tour/,2025-05-05,2026-11-21,2027-07-22,Allianz Parque,"São Paulo, Brazil",Stadium,FALSE,,,TRUE
Latin Superstar Bad Bunny,Latin Superstar Bad Bunny Unveils Dates For Global Stadium Tour,https://news.pollstar.com/2025/05/05/latin-superstar-bad-bunny-unveils-dates-for-global-stadium-tour/,2025-05-05,2026-11-21,2027-07-22,ENGIE Stadium,"Sydney, Australia",Stadium,FALSE,,,TRUE
Latin Superstar Bad Bunny,Latin Superstar Bad Bunny Unveils Dates For Global Stadium Tour,https://news.pollstar.com/2025/05/05/latin-superstar-bad-bunny-unveils-dates-for-global-stadium-tour/,2025-05-05,2026-11-21,2027-07-22,Estadi Olimpic,"Barcelona, Spain",Stadium,FALSE,,,TRUE
Latin Superstar Bad Bunny,Latin Superstar Bad Bunny Unveils Dates For Global Stadium Tour,https://news.pollstar.com/2025/05/05/latin-superstar-bad-bunny-unveils-dates-for-global-stadium-tour/,2025-05-05,2026-11-21,2027-07-22,Estadio Da Luz,"Lisbon, Portugal",Stadium,FALSE,,,TRUE
Latin Superstar Bad Bunny,Latin Superstar Bad Bunny Unveils Dates For Global Stadium Tour,https://news.pollstar.com/2025/05/05/latin-superstar-bad-bunny-unveils-dates-for-global-stadium-tour/,2025-05-05,2026-11-21,2027-07-22,Riyadh Air Metropolitano,"Madrid, Spain",Stadium,FALSE,,,TRUE
Latin Superstar Bad Bunny,Latin Superstar Bad Bunny Unveils Dates For Global Stadium Tour,https://news.pollstar.com/2025/05/05/latin-superstar-bad-bunny-unveils-dates-for-global-stadium-tour/,2025-05-05,2026-11-21,2027-07-22,Riyadh Air Metropolitano,"Madrid, Spain",Stadium,FALSE,,,TRUE
Latin Superstar Bad Bunny,Latin Superstar Bad Bunny Unveils Dates For Global Stadium Tour,https://news.pollstar.com/2025/05/05/latin-superstar-bad-bunny-unveils-dates-for-global-stadium-tour/,2025-05-05,2026-11-21,2027-07-22,Merkur Spiel-Arena,"Dusseldorf, Germany",Arena,FALSE,,,TRUE
Latin Superstar Bad Bunny,Latin Superstar Bad Bunny Unveils Dates For Global Stadium Tour,https://news.pollstar.com/2025/05/05/latin-superstar-bad-bunny-unveils-dates-for-global-stadium-tour/,2025-05-05,2026-11-21,2027-07-22,Gelredome,"Arnhem, Netherlands",Arena,FALSE,,,TRUE
Latin Superstar Bad Bunny,Latin Superstar Bad Bunny Unveils Dates For Global Stadium Tour,https://news.pollstar.com/2025/05/05/latin-superstar-bad-bunny-unveils-dates-for-global-stadium-tour/,2025-05-05,2026-11-21,2027-07-22,Tottenham Hotspur Stadium,"London, UK",Stadium,FALSE,,,TRUE
Latin Superstar Bad Bunny,Latin Superstar Bad Bunny Unveils Dates For Global Stadium Tour,https://news.pollstar.com/2025/05/05/latin-superstar-bad-bunny-unveils-dates-for-global-stadium-tour/,2025-05-05,2026-11-21,2027-07-22,Orange Velodrome,"Marseille, France",Stadium,FALSE,,,TRUE
Latin Superstar Bad Bunny,Latin Superstar Bad Bunny Unveils Dates For Global Stadium Tour,https://news.pollstar.com/2025/05/05/latin-superstar-bad-bunny-unveils-dates-for-global-stadium-tour/,2025-05-05,2026-11-21,2027-07-22,La Defense Arena,"Paris, France",Arena,LYV,,,TRUE
Latin Superstar Bad Bunny,Latin Superstar Bad Bunny Unveils Dates For Global Stadium Tour,https://news.pollstar.com/2025/05/05/latin-superstar-bad-bunny-unveils-dates-for-global-stadium-tour/,2025-05-05,2026-11-21,2027-07-22,Strawberry Arena,"Stockholm, Sweden",Arena,FALSE,,,TRUE
Latin Superstar Bad Bunny,Latin Superstar Bad Bunny Unveils Dates For Global Stadium Tour,https://news.pollstar.com/2025/05/05/latin-superstar-bad-bunny-unveils-dates-for-global-stadium-tour/,2025-05-05,2026-11-21,2027-07-22,PGE Narodowy,"Warsaw, Poland",Stadium,FALSE,,,TRUE
Latin Superstar Bad Bunny,Latin Superstar Bad Bunny Unveils Dates For Global Stadium Tour,https://news.pollstar.com/2025/05/05/latin-superstar-bad-bunny-unveils-dates-for-global-stadium-tour/,2025-05-05,2026-11-21,2027-07-22,La Maura,"Milan, Italy",Other,FALSE,,,TRUE
Latin Superstar Bad Bunny,Latin Superstar Bad Bunny Unveils Dates For Global Stadium Tour,https://news.pollstar.com/2025/05/05/latin-superstar-bad-bunny-unveils-dates-for-global-stadium-tour/,2025-05-05,2026-11-21,2027-07-22,King Baudouin Stadium,"Brussels, Belgium",Stadium,FALSE,,,TRUE
Latin Trap Star Eladio Carrión Embarking On Ambitious 31-Date Global Tour,Latin Trap Star Eladio Carrión Embarking On Ambitious 31-Date Global Tour,https://news.pollstar.com/2025/04/25/puerto-rican-trap-star-eladio-carrion-embarking-on-ambitious-31-date-global-tour/,2025-04-25,2025-08-27,2026-02-14,Skyla Credit Union Amphitheatre,"Charlotte, NC",Amphitheater,LYV,,,TRUE
Latin Trap Star Eladio Carrión Embarking On Ambitious 31-Date Global Tour,Latin Trap Star Eladio Carrión Embarking On Ambitious 31-Date Global Tour,https://news.pollstar.com/2025/04/25/puerto-rican-trap-star-eladio-carrion-embarking-on-ambitious-31-date-global-tour/,2025-04-25,2025-08-27,2026-02-14,The Theater at MGM National Harbor,"National Harbor, MD",Theater,FALSE,,,TRUE
Latin Trap Star Eladio Carrión Embarking On Ambitious 31-Date Global Tour,Latin Trap Star Eladio Carrión Embarking On Ambitious 31-Date Global Tour,https://news.pollstar.com/2025/04/25/puerto-rican-trap-star-eladio-carrion-embarking-on-ambitious-31-date-global-tour/,2025-04-25,2025-08-27,2026-02-14,The Met,"Philadelphia, PA",Theater,LYV,,,TRUE
Latin Trap Star Eladio Carrión Embarking On Ambitious 31-Date Global Tour,Latin Trap Star Eladio Carrión Embarking On Ambitious 31-Date Global Tour,https://news.pollstar.com/2025/04/25/puerto-rican-trap-star-eladio-carrion-embarking-on-ambitious-31-date-global-tour/,2025-04-25,2025-08-27,2026-02-14,Hartford HealthCare Amphitheater,"Bridgeport, CT",Amphitheater,LYV,,,TRUE
Latin Trap Star Eladio Carrión Embarking On Ambitious 31-Date Global Tour,Latin Trap Star Eladio Carrión Embarking On Ambitious 31-Date Global Tour,https://news.pollstar.com/2025/04/25/puerto-rican-trap-star-eladio-carrion-embarking-on-ambitious-31-date-global-tour/,2025-04-25,2025-08-27,2026-02-14,MGM Music Hall at Fenway,"Boston, MA",Theater,LYV,,,TRUE
Latin Trap Star Eladio Carrión Embarking On Ambitious 31-Date Global Tour,Latin Trap Star Eladio Carrión Embarking On Ambitious 31-Date Global Tour,https://news.pollstar.com/2025/04/25/puerto-rican-trap-star-eladio-carrion-embarking-on-ambitious-31-date-global-tour/,2025-04-25,2025-08-27,2026-02-14,Barclays Center,"New York, NY",Arena,FALSE,,,TRUE
Latin Trap Star Eladio Carrión Embarking On Ambitious 31-Date Global Tour,Latin Trap Star Eladio Carrión Embarking On Ambitious 31-Date Global Tour,https://news.pollstar.com/2025/04/25/puerto-rican-trap-star-eladio-carrion-embarking-on-ambitious-31-date-global-tour/,2025-04-25,2025-08-27,2026-02-14,Rosemont Theatre,"Rosemont, IL",Theater,FALSE,,,TRUE
Latin Trap Star Eladio Carrión Embarking On Ambitious 31-Date Global Tour,Latin Trap Star Eladio Carrión Embarking On Ambitious 31-Date Global Tour,https://news.pollstar.com/2025/04/25/puerto-rican-trap-star-eladio-carrion-embarking-on-ambitious-31-date-global-tour/,2025-04-25,2025-08-27,2026-02-14,Coca-Cola Roxy,"Atlanta, GA",Club,LYV,,,TRUE
Latin Trap Star Eladio Carrión Embarking On Ambitious 31-Date Global Tour,Latin Trap Star Eladio Carrión Embarking On Ambitious 31-Date Global Tour,https://news.pollstar.com/2025/04/25/puerto-rican-trap-star-eladio-carrion-embarking-on-ambitious-31-date-global-tour/,2025-04-25,2025-08-27,2026-02-14,Kia Center,"Orlando, FL",Arena,FALSE,,,TRUE
Latin Trap Star Eladio Carrión Embarking On Ambitious 31-Date Global Tour,Latin Trap Star Eladio Carrión Embarking On Ambitious 31-Date Global Tour,https://news.pollstar.com/2025/04/25/puerto-rican-trap-star-eladio-carrion-embarking-on-ambitious-31-date-global-tour/,2025-04-25,2025-08-27,2026-02-14,Kaseya Center,"Miami, FL",Arena,FALSE,,,TRUE
Latin Trap Star Eladio Carrión Embarking On Ambitious 31-Date Global Tour,Latin Trap Star Eladio Carrión Embarking On Ambitious 31-Date Global Tour,https://news.pollstar.com/2025/04/25/puerto-rican-trap-star-eladio-carrion-embarking-on-ambitious-31-date-global-tour/,2025-04-25,2025-08-27,2026-02-14,713 Music Hall,"Houston, TX",Theater,FALSE,,,TRUE
Latin Trap Star Eladio Carrión Embarking On Ambitious 31-Date Global Tour,Latin Trap Star Eladio Carrión Embarking On Ambitious 31-Date Global Tour,https://news.pollstar.com/2025/04/25/puerto-rican-trap-star-eladio-carrion-embarking-on-ambitious-31-date-global-tour/,2025-04-25,2025-08-27,2026-02-14,Fillmore Auditorium,"Denver, CO",Theater,LYV,,,TRUE
Latin Trap Star Eladio Carrión Embarking On Ambitious 31-Date Global Tour,Latin Trap Star Eladio Carrión Embarking On Ambitious 31-Date Global Tour,https://news.pollstar.com/2025/04/25/puerto-rican-trap-star-eladio-carrion-embarking-on-ambitious-31-date-global-tour/,2025-04-25,2025-08-27,2026-02-14,San Jose Civic,"San Jose, CA",Theater,FALSE,,,TRUE
Latin Trap Star Eladio Carrión Embarking On Ambitious 31-Date Global Tour,Latin Trap Star Eladio Carrión Embarking On Ambitious 31-Date Global Tour,https://news.pollstar.com/2025/04/25/puerto-rican-trap-star-eladio-carrion-embarking-on-ambitious-31-date-global-tour/,2025-04-25,2025-08-27,2026-02-14,Cal Coast Credit Union Open Air Theatre,"San Diego, CA",Theater,FALSE,,,TRUE
Latin Trap Star Eladio Carrión Embarking On Ambitious 31-Date Global Tour,Latin Trap Star Eladio Carrión Embarking On Ambitious 31-Date Global Tour,https://news.pollstar.com/2025/04/25/puerto-rican-trap-star-eladio-carrion-embarking-on-ambitious-31-date-global-tour/,2025-04-25,2025-08-27,2026-02-14,YouTube Theater,"Inglewood, CA",Theater,FALSE,,,TRUE
Latin Trap Star Eladio Carrión Embarking On Ambitious 31-Date Global Tour,Latin Trap Star Eladio Carrión Embarking On Ambitious 31-Date Global Tour,https://news.pollstar.com/2025/04/25/puerto-rican-trap-star-eladio-carrion-embarking-on-ambitious-31-date-global-tour/,2025-04-25,2025-08-27,2026-02-14,Explanada Futeca,"Guatemala City, Guatemala",Other,FALSE,,,TRUE
Latin Trap Star Eladio Carrión Embarking On Ambitious 31-Date Global Tour,Latin Trap Star Eladio Carrión Embarking On Ambitious 31-Date Global Tour,https://news.pollstar.com/2025/04/25/puerto-rican-trap-star-eladio-carrion-embarking-on-ambitious-31-date-global-tour/,2025-04-25,2025-08-27,2026-02-14,Parque Viva,"San José, Costa Rica",Amphitheater,LYV,,,TRUE
Latin Trap Star Eladio Carrión Embarking On Ambitious 31-Date Global Tour,Latin Trap Star Eladio Carrión Embarking On Ambitious 31-Date Global Tour,https://news.pollstar.com/2025/04/25/puerto-rican-trap-star-eladio-carrion-embarking-on-ambitious-31-date-global-tour/,2025-04-25,2025-08-27,2026-02-14,Plaza Amador,"Panama City, Panama",Stadium,FALSE,,,TRUE
Latin Trap Star Eladio Carrión Embarking On Ambitious 31-Date Global Tour,Latin Trap Star Eladio Carrión Embarking On Ambitious 31-Date Global Tour,https://news.pollstar.com/2025/04/25/puerto-rican-trap-star-eladio-carrion-embarking-on-ambitious-31-date-global-tour/,2025-04-25,2025-08-27,2026-02-14,Diamante de Béisbol,"Medellín, Colombia",Other,FALSE,,,TRUE
Latin Trap Star Eladio Carrión Embarking On Ambitious 31-Date Global Tour,Latin Trap Star Eladio Carrión Embarking On Ambitious 31-Date Global Tour,https://news.pollstar.com/2025/04/25/puerto-rican-trap-star-eladio-carrion-embarking-on-ambitious-31-date-global-tour/,2025-04-25,2025-08-27,2026-02-14,Diamante de Béisbol,"Cali, Colombia",Other,FALSE,,,TRUE
Latin Trap Star Eladio Carrión Embarking On Ambitious 31-Date Global Tour,Latin Trap Star Eladio Carrión Embarking On Ambitious 31-Date Global Tour,https://news.pollstar.com/2025/04/25/puerto-rican-trap-star-eladio-carrion-embarking-on-ambitious-31-date-global-tour/,2025-04-25,2025-08-27,2026-02-14,Movistar Arena,"Bogotá, Colombia",Arena,FALSE,,,TRUE
Latin Trap Star Eladio Carrión Embarking On Ambitious 31-Date Global Tour,Latin Trap Star Eladio Carrión Embarking On Ambitious 31-Date Global Tour,https://news.pollstar.com/2025/04/25/puerto-rican-trap-star-eladio-carrion-embarking-on-ambitious-31-date-global-tour/,2025-04-25,2025-08-27,2026-02-14,Coliseo General Rumiñahui,"Quito, Ecuador",Arena,FALSE,,,TRUE
Latin Trap Star Eladio Carrión Embarking On Ambitious 31-Date Global Tour,Latin Trap Star Eladio Carrión Embarking On Ambitious 31-Date Global Tour,https://news.pollstar.com/2025/04/25/puerto-rican-trap-star-eladio-carrion-embarking-on-ambitious-31-date-global-tour/,2025-04-25,2025-08-27,2026-02-14,Coliseo Voltaire,"Guayaquil, Ecuador",Arena,FALSE,,,TRUE
Latin Trap Star Eladio Carrión Embarking On Ambitious 31-Date Global Tour,Latin Trap Star Eladio Carrión Embarking On Ambitious 31-Date Global Tour,https://news.pollstar.com/2025/04/25/puerto-rican-trap-star-eladio-carrion-embarking-on-ambitious-31-date-global-tour/,2025-04-25,2025-08-27,2026-02-14,Costa 21,"Lima, Peru",Club,FALSE,,,TRUE
Latin Trap Star Eladio Carrión Embarking On Ambitious 31-Date Global Tour,Latin Trap Star Eladio Carrión Embarking On Ambitious 31-Date Global Tour,https://news.pollstar.com/2025/04/25/puerto-rican-trap-star-eladio-carrion-embarking-on-ambitious-31-date-global-tour/,2025-04-25,2025-08-27,2026-02-14,Jockey Club,"Asunción, Paraguay",Club,FALSE,,,TRUE
Latin Trap Star Eladio Carrión Embarking On Ambitious 31-Date Global Tour,Latin Trap Star Eladio Carrión Embarking On Ambitious 31-Date Global Tour,https://news.pollstar.com/2025/04/25/puerto-rican-trap-star-eladio-carrion-embarking-on-ambitious-31-date-global-tour/,2025-04-25,2025-08-27,2026-02-14,Movistar Arena,"Santiago, Chile",Arena,FALSE,,,TRUE
Latin Trap Star Eladio Carrión Embarking On Ambitious 31-Date Global Tour,Latin Trap Star Eladio Carrión Embarking On Ambitious 31-Date Global Tour,https://news.pollstar.com/2025/04/25/puerto-rican-trap-star-eladio-carrion-embarking-on-ambitious-31-date-global-tour/,2025-04-25,2025-08-27,2026-02-14,Movistar Arena,"Buenos Aires, Argentina",Arena,FALSE,,,TRUE
Latin Trap Star Eladio Carrión Embarking On Ambitious 31-Date Global Tour,Latin Trap Star Eladio Carrión Embarking On Ambitious 31-Date Global Tour,https://news.pollstar.com/2025/04/25/puerto-rican-trap-star-eladio-carrion-embarking-on-ambitious-31-date-global-tour/,2025-04-25,2025-08-27,2026-02-14,Foro GNP,"Mérida, México",Arena,FALSE,,,TRUE
Latin Trap Star Eladio Carrión Embarking On Ambitious 31-Date Global Tour,Latin Trap Star Eladio Carrión Embarking On Ambitious 31-Date Global Tour,https://news.pollstar.com/2025/04/25/puerto-rican-trap-star-eladio-carrion-embarking-on-ambitious-31-date-global-tour/,2025-04-25,2025-08-27,2026-02-14,Arena VFG,"Guadalajara, Mexico",Arena,FALSE,,,TRUE
Latin Trap Star Eladio Carrión Embarking On Ambitious 31-Date Global Tour,Latin Trap Star Eladio Carrión Embarking On Ambitious 31-Date Global Tour,https://news.pollstar.com/2025/04/25/puerto-rican-trap-star-eladio-carrion-embarking-on-ambitious-31-date-global-tour/,2025-04-25,2025-08-27,2026-02-14,Arena Monterrey,"Monterrey, Mexico",Arena,FALSE,,,TRUE
Latin Trap Star Eladio Carrión Embarking On Ambitious 31-Date Global Tour,Latin Trap Star Eladio Carrión Embarking On Ambitious 31-Date Global Tour,https://news.pollstar.com/2025/04/25/puerto-rican-trap-star-eladio-carrion-embarking-on-ambitious-31-date-global-tour/,2025-04-25,2025-08-27,2026-02-14,Palacio de los Deportes,"Mexico City, Mexico",Arena,LYV,,,TRUE
Charlie Wilson Bringing ‘R,"Charlie Wilson Bringing ‘R&B Cookout’ To Amphitheaters With Babyface, K-Ci Hailey, El DeBarge",https://news.pollstar.com/2025/04/15/charlie-wilson-bringing-rb-cookout-to-amphitheaters-with-babyface-k-ci-hailey-el-debarge/,2025-04-15,2025-08-27,2025-10-12,Hollywood Bowl,"Hollywood, CA",Amphitheater,FALSE,,,TRUE
Charlie Wilson Bringing ‘R,"Charlie Wilson Bringing ‘R&B Cookout’ To Amphitheaters With Babyface, K-Ci Hailey, El DeBarge",https://news.pollstar.com/2025/04/15/charlie-wilson-bringing-rb-cookout-to-amphitheaters-with-babyface-k-ci-hailey-el-debarge/,2025-04-15,2025-08-27,2025-10-12,Toyota Pavilion,"Concord, CA",Amphitheater,LYV,,,TRUE
Charlie Wilson Bringing ‘R,"Charlie Wilson Bringing ‘R&B Cookout’ To Amphitheaters With Babyface, K-Ci Hailey, El DeBarge",https://news.pollstar.com/2025/04/15/charlie-wilson-bringing-rb-cookout-to-amphitheaters-with-babyface-k-ci-hailey-el-debarge/,2025-04-15,2025-08-27,2025-10-12,Little Caesars Arena,"Detroit, MI",Theater,FALSE,,,TRUE
Charlie Wilson Bringing ‘R,"Charlie Wilson Bringing ‘R&B Cookout’ To Amphitheaters With Babyface, K-Ci Hailey, El DeBarge",https://news.pollstar.com/2025/04/15/charlie-wilson-bringing-rb-cookout-to-amphitheaters-with-babyface-k-ci-hailey-el-debarge/,2025-04-15,2025-08-27,2025-10-12,Huntington Bank Pavilion at Northerly Island,"Chicago, IL",Amphitheater,LYV,,,TRUE
Charlie Wilson Bringing ‘R,"Charlie Wilson Bringing ‘R&B Cookout’ To Amphitheaters With Babyface, K-Ci Hailey, El DeBarge",https://news.pollstar.com/2025/04/15/charlie-wilson-bringing-rb-cookout-to-amphitheaters-with-babyface-k-ci-hailey-el-debarge/,2025-04-15,2025-08-27,2025-10-12,Hollywood Casino Amphitheater,"St. Louis, MO",Amphitheater,LYV,,,TRUE
Charlie Wilson Bringing ‘R,"Charlie Wilson Bringing ‘R&B Cookout’ To Amphitheaters With Babyface, K-Ci Hailey, El DeBarge",https://news.pollstar.com/2025/04/15/charlie-wilson-bringing-rb-cookout-to-amphitheaters-with-babyface-k-ci-hailey-el-debarge/,2025-04-15,2025-08-27,2025-10-12,Prudential Center,"Newark, NJ",Arena,FALSE,,,TRUE
Charlie Wilson Bringing ‘R,"Charlie Wilson Bringing ‘R&B Cookout’ To Amphitheaters With Babyface, K-Ci Hailey, El DeBarge",https://news.pollstar.com/2025/04/15/charlie-wilson-bringing-rb-cookout-to-amphitheaters-with-babyface-k-ci-hailey-el-debarge/,2025-04-15,2025-08-27,2025-10-12,Jones Beach Amphitheater,"New York, NY",Theater,FALSE,,,TRUE
Charlie Wilson Bringing ‘R,"Charlie Wilson Bringing ‘R&B Cookout’ To Amphitheaters With Babyface, K-Ci Hailey, El DeBarge",https://news.pollstar.com/2025/04/15/charlie-wilson-bringing-rb-cookout-to-amphitheaters-with-babyface-k-ci-hailey-el-debarge/,2025-04-15,2025-08-27,2025-10-12,Leader Bank Pavilion,"Boston, MA",Amphitheater,LYV,,,TRUE
Charlie Wilson Bringing ‘R,"Charlie Wilson Bringing ‘R&B Cookout’ To Amphitheaters With Babyface, K-Ci Hailey, El DeBarge",https://news.pollstar.com/2025/04/15/charlie-wilson-bringing-rb-cookout-to-amphitheaters-with-babyface-k-ci-hailey-el-debarge/,2025-04-15,2025-08-27,2025-10-12,TD Pavilion at The Mann,"Philadelphia, PA",Amphitheater,LYV,,,TRUE
Charlie Wilson Bringing ‘R,"Charlie Wilson Bringing ‘R&B Cookout’ To Amphitheaters With Babyface, K-Ci Hailey, El DeBarge",https://news.pollstar.com/2025/04/15/charlie-wilson-bringing-rb-cookout-to-amphitheaters-with-babyface-k-ci-hailey-el-debarge/,2025-04-15,2025-08-27,2025-10-12,Coast Union Music Park,"Raleigh, NC",Other,FALSE,,,TRUE
Charlie Wilson Bringing ‘R,"Charlie Wilson Bringing ‘R&B Cookout’ To Amphitheaters With Babyface, K-Ci Hailey, El DeBarge",https://news.pollstar.com/2025/04/15/charlie-wilson-bringing-rb-cookout-to-amphitheaters-with-babyface-k-ci-hailey-el-debarge/,2025-04-15,2025-08-27,2025-10-12,CFG Arena,"Baltimore, MD",Arena,FALSE,,,TRUE
Charlie Wilson Bringing ‘R,"Charlie Wilson Bringing ‘R&B Cookout’ To Amphitheaters With Babyface, K-Ci Hailey, El DeBarge",https://news.pollstar.com/2025/04/15/charlie-wilson-bringing-rb-cookout-to-amphitheaters-with-babyface-k-ci-hailey-el-debarge/,2025-04-15,2025-08-27,2025-10-12,United Home Amphitheater,"Virginia Beach, VA",Theater,FALSE,,,TRUE
Charlie Wilson Bringing ‘R,"Charlie Wilson Bringing ‘R&B Cookout’ To Amphitheaters With Babyface, K-Ci Hailey, El DeBarge",https://news.pollstar.com/2025/04/15/charlie-wilson-bringing-rb-cookout-to-amphitheaters-with-babyface-k-ci-hailey-el-debarge/,2025-04-15,2025-08-27,2025-10-12,Cynthia Woods Pavilion presented by Huntsman,"Houston, TX",Amphitheater,LYV,,,TRUE
Charlie Wilson Bringing ‘R,"Charlie Wilson Bringing ‘R&B Cookout’ To Amphitheaters With Babyface, K-Ci Hailey, El DeBarge",https://news.pollstar.com/2025/04/15/charlie-wilson-bringing-rb-cookout-to-amphitheaters-with-babyface-k-ci-hailey-el-debarge/,2025-04-15,2025-08-27,2025-10-12,Zoo Amphitheater,"Oklahoma City, OK",Theater,FALSE,,,TRUE
Charlie Wilson Bringing ‘R,"Charlie Wilson Bringing ‘R&B Cookout’ To Amphitheaters With Babyface, K-Ci Hailey, El DeBarge",https://news.pollstar.com/2025/04/15/charlie-wilson-bringing-rb-cookout-to-amphitheaters-with-babyface-k-ci-hailey-el-debarge/,2025-04-15,2025-08-27,2025-10-12,Toyota Music Pavilion,"Dallas, TX",Amphitheater,LYV,,,TRUE
Charlie Wilson Bringing ‘R,"Charlie Wilson Bringing ‘R&B Cookout’ To Amphitheaters With Babyface, K-Ci Hailey, El DeBarge",https://news.pollstar.com/2025/04/15/charlie-wilson-bringing-rb-cookout-to-amphitheaters-with-babyface-k-ci-hailey-el-debarge/,2025-04-15,2025-08-27,2025-10-12,Smoothie King Arena*,"New Orleans, LA",Arena,FALSE,,,TRUE
Charlie Wilson Bringing ‘R,"Charlie Wilson Bringing ‘R&B Cookout’ To Amphitheaters With Babyface, K-Ci Hailey, El DeBarge",https://news.pollstar.com/2025/04/15/charlie-wilson-bringing-rb-cookout-to-amphitheaters-with-babyface-k-ci-hailey-el-debarge/,2025-04-15,2025-08-27,2025-10-12,Chastain Park,"Atlanta, GA",Amphitheater,LYV,,,TRUE
Charlie Wilson Bringing ‘R,"Charlie Wilson Bringing ‘R&B Cookout’ To Amphitheaters With Babyface, K-Ci Hailey, El DeBarge",https://news.pollstar.com/2025/04/15/charlie-wilson-bringing-rb-cookout-to-amphitheaters-with-babyface-k-ci-hailey-el-debarge/,2025-04-15,2025-08-27,2025-10-12,PNC Music Pavilion,"Charlotte, NC",Amphitheater,LYV,,,TRUE
Charlie Wilson Bringing ‘R,"Charlie Wilson Bringing ‘R&B Cookout’ To Amphitheaters With Babyface, K-Ci Hailey, El DeBarge",https://news.pollstar.com/2025/04/15/charlie-wilson-bringing-rb-cookout-to-amphitheaters-with-babyface-k-ci-hailey-el-debarge/,2025-04-15,2025-08-27,2025-10-12,Coca-Cola Amphitheater,"Birmingham, AL",Amphitheater,LYV,,,TRUE
Charlie Wilson Bringing ‘R,"Charlie Wilson Bringing ‘R&B Cookout’ To Amphitheaters With Babyface, K-Ci Hailey, El DeBarge",https://news.pollstar.com/2025/04/15/charlie-wilson-bringing-rb-cookout-to-amphitheaters-with-babyface-k-ci-hailey-el-debarge/,2025-04-15,2025-08-27,2025-10-12,Brandon Amphitheater,"Brandon, MS",Amphitheater,LYV,,,TRUE
Charlie Wilson Bringing ‘R,"Charlie Wilson Bringing ‘R&B Cookout’ To Amphitheaters With Babyface, K-Ci Hailey, El DeBarge",https://news.pollstar.com/2025/04/15/charlie-wilson-bringing-rb-cookout-to-amphitheaters-with-babyface-k-ci-hailey-el-debarge/,2025-04-15,2025-08-27,2025-10-12,FedEx Forum,"Memphis, TN",Other,FALSE,,,TRUE
$uicideboy$,$uicideboy$ Unveil Dates For ‘Grey Day Tour 2025’,https://news.pollstar.com/2025/04/03/uicideboy-unveil-dates-for-grey-day-tour-2025/,2025-04-03,2025-08-05,2025-10-11,iTHINK Financial Amphitheatre,"West Palm Beach, FL",Amphitheater,LYV,,,TRUE
$uicideboy$,$uicideboy$ Unveil Dates For ‘Grey Day Tour 2025’,https://news.pollstar.com/2025/04/03/uicideboy-unveil-dates-for-grey-day-tour-2025/,2025-04-03,2025-08-05,2025-10-11,MIDFLORIDA Credit Union Amphitheater,"Tampa, FL",Theater,FALSE,,,TRUE
$uicideboy$,$uicideboy$ Unveil Dates For ‘Grey Day Tour 2025’,https://news.pollstar.com/2025/04/03/uicideboy-unveil-dates-for-grey-day-tour-2025/,2025-04-03,2025-08-05,2025-10-11,Lakewood Amphitheater,"Atlanta, GA",Amphitheater,LYV,,,TRUE
$uicideboy$,$uicideboy$ Unveil Dates For ‘Grey Day Tour 2025’,https://news.pollstar.com/2025/04/03/uicideboy-unveil-dates-for-grey-day-tour-2025/,2025-04-03,2025-08-05,2025-10-11,Bridgestone Arena,"Nashville, TN",Arena,FALSE,,,TRUE
$uicideboy$,$uicideboy$ Unveil Dates For ‘Grey Day Tour 2025’,https://news.pollstar.com/2025/04/03/uicideboy-unveil-dates-for-grey-day-tour-2025/,2025-04-03,2025-08-05,2025-10-11,Hollywood Casino Amphitheatre,"Maryland Heights, MO",Amphitheater,LYV,,,TRUE
$uicideboy$,$uicideboy$ Unveil Dates For ‘Grey Day Tour 2025’,https://news.pollstar.com/2025/04/03/uicideboy-unveil-dates-for-grey-day-tour-2025/,2025-04-03,2025-08-05,2025-10-11,Ruoff Music Center,"Noblesville, IN",Amphitheater,LYV,,,TRUE
$uicideboy$,$uicideboy$ Unveil Dates For ‘Grey Day Tour 2025’,https://news.pollstar.com/2025/04/03/uicideboy-unveil-dates-for-grey-day-tour-2025/,2025-04-03,2025-08-05,2025-10-11,Somerset Amphitheater,"Somerset, WI",Theater,FALSE,,,TRUE
$uicideboy$,$uicideboy$ Unveil Dates For ‘Grey Day Tour 2025’,https://news.pollstar.com/2025/04/03/uicideboy-unveil-dates-for-grey-day-tour-2025/,2025-04-03,2025-08-05,2025-10-11,American Family Insurance Amphitheater,"Milwaukee, WI",Amphitheater,LYV,,,TRUE
$uicideboy$,$uicideboy$ Unveil Dates For ‘Grey Day Tour 2025’,https://news.pollstar.com/2025/04/03/uicideboy-unveil-dates-for-grey-day-tour-2025/,2025-04-03,2025-08-05,2025-10-11,Credit 1 Union Amphitheater,"Tinley Park, IL",Theater,FALSE,,,TRUE
$uicideboy$,$uicideboy$ Unveil Dates For ‘Grey Day Tour 2025’,https://news.pollstar.com/2025/04/03/uicideboy-unveil-dates-for-grey-day-tour-2025/,2025-04-03,2025-08-05,2025-10-11,Ball Arena,"Denver, CO",Arena,FALSE,,,TRUE
$uicideboy$,$uicideboy$ Unveil Dates For ‘Grey Day Tour 2025’,https://news.pollstar.com/2025/04/03/uicideboy-unveil-dates-for-grey-day-tour-2025/,2025-04-03,2025-08-05,2025-10-11,T-Mobile Arena,"Las Vegas, NV",Arena,FALSE,,,TRUE
$uicideboy$,$uicideboy$ Unveil Dates For ‘Grey Day Tour 2025’,https://news.pollstar.com/2025/04/03/uicideboy-unveil-dates-for-grey-day-tour-2025/,2025-04-03,2025-08-05,2025-10-11,Utah First Credit Union Amphitheatre,"Salt Lake City, UT",Amphitheater,LYV,,,TRUE
$uicideboy$,$uicideboy$ Unveil Dates For ‘Grey Day Tour 2025’,https://news.pollstar.com/2025/04/03/uicideboy-unveil-dates-for-grey-day-tour-2025/,2025-04-03,2025-08-05,2025-10-11,Ford Idaho Center Amphitheatre,"Nampa, ID",Amphitheater,FALSE,,,TRUE
$uicideboy$,$uicideboy$ Unveil Dates For ‘Grey Day Tour 2025’,https://news.pollstar.com/2025/04/03/uicideboy-unveil-dates-for-grey-day-tour-2025/,2025-04-03,2025-08-05,2025-10-11,Cascades Amphitheater,"Ridgefield, WA",Amphitheater,LYV,,,TRUE
$uicideboy$,$uicideboy$ Unveil Dates For ‘Grey Day Tour 2025’,https://news.pollstar.com/2025/04/03/uicideboy-unveil-dates-for-grey-day-tour-2025/,2025-04-03,2025-08-05,2025-10-11,White River Amphitheater,"Auburn, WA",Theater,FALSE,,,TRUE
$uicideboy$,$uicideboy$ Unveil Dates For ‘Grey Day Tour 2025’,https://news.pollstar.com/2025/04/03/uicideboy-unveil-dates-for-grey-day-tour-2025/,2025-04-03,2025-08-05,2025-10-11,Rogers Arena,"Vancouver, BC",Arena,FALSE,,,TRUE
$uicideboy$,$uicideboy$ Unveil Dates For ‘Grey Day Tour 2025’,https://news.pollstar.com/2025/04/03/uicideboy-unveil-dates-for-grey-day-tour-2025/,2025-04-03,2025-08-05,2025-10-11,Toyota Amphitheatre,"Wheatland, CA",Amphitheater,LYV,,,TRUE
$uicideboy$,$uicideboy$ Unveil Dates For ‘Grey Day Tour 2025’,https://news.pollstar.com/2025/04/03/uicideboy-unveil-dates-for-grey-day-tour-2025/,2025-04-03,2025-08-05,2025-10-11,Shoreline Amphitheatre,"Mountain View, CA",Amphitheater,LYV,,,TRUE
$uicideboy$,$uicideboy$ Unveil Dates For ‘Grey Day Tour 2025’,https://news.pollstar.com/2025/04/03/uicideboy-unveil-dates-for-grey-day-tour-2025/,2025-04-03,2025-08-05,2025-10-11,BMO Stadium,"Los Angeles, CA",Stadium,FALSE,,,TRUE
$uicideboy$,$uicideboy$ Unveil Dates For ‘Grey Day Tour 2025’,https://news.pollstar.com/2025/04/03/uicideboy-unveil-dates-for-grey-day-tour-2025/,2025-04-03,2025-08-05,2025-10-11,North Island Credit Union Amphitheatre,"Chula Vista, CA",Amphitheater,LYV,,,TRUE
$uicideboy$,$uicideboy$ Unveil Dates For ‘Grey Day Tour 2025’,https://news.pollstar.com/2025/04/03/uicideboy-unveil-dates-for-grey-day-tour-2025/,2025-04-03,2025-08-05,2025-10-11,Talking Stick Resort Amphitheatre,"Phoenix, AZ",Amphitheater,LYV,,,TRUE
$uicideboy$,$uicideboy$ Unveil Dates For ‘Grey Day Tour 2025’,https://news.pollstar.com/2025/04/03/uicideboy-unveil-dates-for-grey-day-tour-2025/,2025-04-03,2025-08-05,2025-10-11,Isleta Amphitheater,"Albuquerque, NM",Amphitheater,LYV,,,TRUE
$uicideboy$,$uicideboy$ Unveil Dates For ‘Grey Day Tour 2025’,https://news.pollstar.com/2025/04/03/uicideboy-unveil-dates-for-grey-day-tour-2025/,2025-04-03,2025-08-05,2025-10-11,Germania Insurance Amphitheater,"Austin, TX",Amphitheater,LYV,,,TRUE
$uicideboy$,$uicideboy$ Unveil Dates For ‘Grey Day Tour 2025’,https://news.pollstar.com/2025/04/03/uicideboy-unveil-dates-for-grey-day-tour-2025/,2025-04-03,2025-08-05,2025-10-11,Dos Equis Pavilion,"Dallas, TX",Amphitheater,LYV,,,TRUE
$uicideboy$,$uicideboy$ Unveil Dates For ‘Grey Day Tour 2025’,https://news.pollstar.com/2025/04/03/uicideboy-unveil-dates-for-grey-day-tour-2025/,2025-04-03,2025-08-05,2025-10-11,BOK Center,"Tulsa, OK",Arena,FALSE,,,TRUE
$uicideboy$,$uicideboy$ Unveil Dates For ‘Grey Day Tour 2025’,https://news.pollstar.com/2025/04/03/uicideboy-unveil-dates-for-grey-day-tour-2025/,2025-04-03,2025-08-05,2025-10-11,Pine Knob Music Theatre,"Clarkston, MI",Amphitheater,LYV,,,TRUE
$uicideboy$,$uicideboy$ Unveil Dates For ‘Grey Day Tour 2025’,https://news.pollstar.com/2025/04/03/uicideboy-unveil-dates-for-grey-day-tour-2025/,2025-04-03,2025-08-05,2025-10-11,Riverbend Music Center,"Cincinnati, OH",Amphitheater,LYV,,,TRUE
$uicideboy$,$uicideboy$ Unveil Dates For ‘Grey Day Tour 2025’,https://news.pollstar.com/2025/04/03/uicideboy-unveil-dates-for-grey-day-tour-2025/,2025-04-03,2025-08-05,2025-10-11,Jiffy Lube Live,"Bristow, VA",Amphitheater,LYV,,,TRUE
$uicideboy$,$uicideboy$ Unveil Dates For ‘Grey Day Tour 2025’,https://news.pollstar.com/2025/04/03/uicideboy-unveil-dates-for-grey-day-tour-2025/,2025-04-03,2025-08-05,2025-10-11,The Pavilion at Star Lake,"Burgettstown, PA",Amphitheater,LYV,,,TRUE
$uicideboy$,$uicideboy$ Unveil Dates For ‘Grey Day Tour 2025’,https://news.pollstar.com/2025/04/03/uicideboy-unveil-dates-for-grey-day-tour-2025/,2025-04-03,2025-08-05,2025-10-11,Louder than Life,"Louisville, KY",Amphitheater,LYV,,,TRUE
$uicideboy$,$uicideboy$ Unveil Dates For ‘Grey Day Tour 2025’,https://news.pollstar.com/2025/04/03/uicideboy-unveil-dates-for-grey-day-tour-2025/,2025-04-03,2025-08-05,2025-10-11,The Xfinity Theatre,"Hartford, CT",Theater,LYV,,,TRUE
$uicideboy$,$uicideboy$ Unveil Dates For ‘Grey Day Tour 2025’,https://news.pollstar.com/2025/04/03/uicideboy-unveil-dates-for-grey-day-tour-2025/,2025-04-03,2025-08-05,2025-10-11,Xfinity Center,"Mansfield, MA",Arena,LYV,,,TRUE
$uicideboy$,$uicideboy$ Unveil Dates For ‘Grey Day Tour 2025’,https://news.pollstar.com/2025/04/03/uicideboy-unveil-dates-for-grey-day-tour-2025/,2025-04-03,2025-08-05,2025-10-11,Bell Centre,"Montreal, QC",Arena,FALSE,,,TRUE
$uicideboy$,$uicideboy$ Unveil Dates For ‘Grey Day Tour 2025’,https://news.pollstar.com/2025/04/03/uicideboy-unveil-dates-for-grey-day-tour-2025/,2025-04-03,2025-08-05,2025-10-11,Budweiser Stage,"Toronto, ON",Amphitheater,LYV,,,TRUE
$uicideboy$,$uicideboy$ Unveil Dates For ‘Grey Day Tour 2025’,https://news.pollstar.com/2025/04/03/uicideboy-unveil-dates-for-grey-day-tour-2025/,2025-04-03,2025-08-05,2025-10-11,Darien Lake Amphitheater,"Darien Center, NY",Amphitheater,LYV,,,TRUE
$uicideboy$,$uicideboy$ Unveil Dates For ‘Grey Day Tour 2025’,https://news.pollstar.com/2025/04/03/uicideboy-unveil-dates-for-grey-day-tour-2025/,2025-04-03,2025-08-05,2025-10-11,PNC Bank Arts Center,"Holmdel, NJ",Arena,LYV,,,TRUE
$uicideboy$,$uicideboy$ Unveil Dates For ‘Grey Day Tour 2025’,https://news.pollstar.com/2025/04/03/uicideboy-unveil-dates-for-grey-day-tour-2025/,2025-04-03,2025-08-05,2025-10-11,Freedom Mortgage Pavilion,"Camden, NJ",Amphitheater,LYV,,,TRUE
$uicideboy$,$uicideboy$ Unveil Dates For ‘Grey Day Tour 2025’,https://news.pollstar.com/2025/04/03/uicideboy-unveil-dates-for-grey-day-tour-2025/,2025-04-03,2025-08-05,2025-10-11,Northwell at Jones Beach Theater,"Wantagh, NY",Amphitheater,LYV,,,TRUE
$uicideboy$,$uicideboy$ Unveil Dates For ‘Grey Day Tour 2025’,https://news.pollstar.com/2025/04/03/uicideboy-unveil-dates-for-grey-day-tour-2025/,2025-04-03,2025-08-05,2025-10-11,Veterans United Home Loans Amphitheater,"Virginia Beach, VA",Amphitheater,LYV,,,TRUE
$uicideboy$,$uicideboy$ Unveil Dates For ‘Grey Day Tour 2025’,https://news.pollstar.com/2025/04/03/uicideboy-unveil-dates-for-grey-day-tour-2025/,2025-04-03,2025-08-05,2025-10-11,Coastal Credit Union Music Park,"Raleigh, NC",Amphitheater,LYV,,,TRUE
$uicideboy$,$uicideboy$ Unveil Dates For ‘Grey Day Tour 2025’,https://news.pollstar.com/2025/04/03/uicideboy-unveil-dates-for-grey-day-tour-2025/,2025-04-03,2025-08-05,2025-10-11,PNC Music Pavilion,"Charlotte, NC",Amphitheater,LYV,,,TRUE
$uicideboy$,$uicideboy$ Unveil Dates For ‘Grey Day Tour 2025’,https://news.pollstar.com/2025/04/03/uicideboy-unveil-dates-for-grey-day-tour-2025/,2025-04-03,2025-08-05,2025-10-11,CCNB Amphitheatre,"Simpsonville, SC",Amphitheater,FALSE,,,TRUE
$uicideboy$,$uicideboy$ Unveil Dates For ‘Grey Day Tour 2025’,https://news.pollstar.com/2025/04/03/uicideboy-unveil-dates-for-grey-day-tour-2025/,2025-04-03,2025-08-05,2025-10-11,Toyota Center,"Houston, TX",Arena,FALSE,,,TRUE
$uicideboy$,$uicideboy$ Unveil Dates For ‘Grey Day Tour 2025’,https://news.pollstar.com/2025/04/03/uicideboy-unveil-dates-for-grey-day-tour-2025/,2025-04-03,2025-08-05,2025-10-11,Smoothie King Center,"New Orleans, LA",Arena,FALSE,,,TRUE
Más Shakira: The Global Pop Star,Más Shakira: The Global Pop Star Adds Two US Stadium Shows,https://news.pollstar.com/2025/04/02/mas-shakira-the-global-pop-star-adds-two-us-stadium-shows/,2025-04-02,2025-05-13,2025-06-30,Bank of America Stadium,"Charlotte, NC",Stadium,FALSE,,,TRUE
Más Shakira: The Global Pop Star,Más Shakira: The Global Pop Star Adds Two US Stadium Shows,https://news.pollstar.com/2025/04/02/mas-shakira-the-global-pop-star-adds-two-us-stadium-shows/,2025-04-02,2025-05-13,2025-06-30,MetLife Stadium,"East Rutherford, NJ",Stadium,FALSE,,,TRUE
Más Shakira: The Global Pop Star,Más Shakira: The Global Pop Star Adds Two US Stadium Shows,https://news.pollstar.com/2025/04/02/mas-shakira-the-global-pop-star-adds-two-us-stadium-shows/,2025-04-02,2025-05-13,2025-06-30,MetLife Stadium - ADDED SHOW,"East Rutherford, NJ",Stadium,FALSE,,,TRUE
Más Shakira: The Global Pop Star,Más Shakira: The Global Pop Star Adds Two US Stadium Shows,https://news.pollstar.com/2025/04/02/mas-shakira-the-global-pop-star-adds-two-us-stadium-shows/,2025-04-02,2025-05-13,2025-06-30,Bell Centre,"Montreal, QC",Arena,FALSE,,,TRUE
Más Shakira: The Global Pop Star,Más Shakira: The Global Pop Star Adds Two US Stadium Shows,https://news.pollstar.com/2025/04/02/mas-shakira-the-global-pop-star-adds-two-us-stadium-shows/,2025-04-02,2025-05-13,2025-06-30,Little Caesars Arena,"Detroit, MI",Theater,FALSE,,,TRUE
Más Shakira: The Global Pop Star,Más Shakira: The Global Pop Star Adds Two US Stadium Shows,https://news.pollstar.com/2025/04/02/mas-shakira-the-global-pop-star-adds-two-us-stadium-shows/,2025-04-02,2025-05-13,2025-06-30,Scotiabank Arena,"Toronto, ON",Arena,FALSE,,,TRUE
Más Shakira: The Global Pop Star,Más Shakira: The Global Pop Star Adds Two US Stadium Shows,https://news.pollstar.com/2025/04/02/mas-shakira-the-global-pop-star-adds-two-us-stadium-shows/,2025-04-02,2025-05-13,2025-06-30,Fenway Park,"Boston, MA",Stadium,FALSE,,,TRUE
Más Shakira: The Global Pop Star,Más Shakira: The Global Pop Star Adds Two US Stadium Shows,https://news.pollstar.com/2025/04/02/mas-shakira-the-global-pop-star-adds-two-us-stadium-shows/,2025-04-02,2025-05-13,2025-06-30,Nationals Park,"Washington, DC",Stadium,FALSE,,,TRUE
Más Shakira: The Global Pop Star,Más Shakira: The Global Pop Star Adds Two US Stadium Shows,https://news.pollstar.com/2025/04/02/mas-shakira-the-global-pop-star-adds-two-us-stadium-shows/,2025-04-02,2025-05-13,2025-06-30,Camping World Stadium,"Orlando, FL",Stadium,FALSE,,,TRUE
Más Shakira: The Global Pop Star,Más Shakira: The Global Pop Star Adds Two US Stadium Shows,https://news.pollstar.com/2025/04/02/mas-shakira-the-global-pop-star-adds-two-us-stadium-shows/,2025-04-02,2025-05-13,2025-06-30,Hard Rock Stadium,"Miami, FL",Stadium,FALSE,,,TRUE
Más Shakira: The Global Pop Star,Más Shakira: The Global Pop Star Adds Two US Stadium Shows,https://news.pollstar.com/2025/04/02/mas-shakira-the-global-pop-star-adds-two-us-stadium-shows/,2025-04-02,2025-05-13,2025-06-30,Hard Rock Stadium - ADDED SHOW,"Miami, FL",Stadium,FALSE,,,TRUE
Más Shakira: The Global Pop Star,Más Shakira: The Global Pop Star Adds Two US Stadium Shows,https://news.pollstar.com/2025/04/02/mas-shakira-the-global-pop-star-adds-two-us-stadium-shows/,2025-04-02,2025-05-13,2025-06-30,Globe Life Field,"Arlington, TX",Stadium,FALSE,,,TRUE
Más Shakira: The Global Pop Star,Más Shakira: The Global Pop Star Adds Two US Stadium Shows,https://news.pollstar.com/2025/04/02/mas-shakira-the-global-pop-star-adds-two-us-stadium-shows/,2025-04-02,2025-05-13,2025-06-30,Alamodome,"San Antonio, TX",Stadium,FALSE,,,TRUE
Más Shakira: The Global Pop Star,Más Shakira: The Global Pop Star Adds Two US Stadium Shows,https://news.pollstar.com/2025/04/02/mas-shakira-the-global-pop-star-adds-two-us-stadium-shows/,2025-04-02,2025-05-13,2025-06-30,Toyota Center,"Houston, TX",Arena,FALSE,,,TRUE
Más Shakira: The Global Pop Star,Más Shakira: The Global Pop Star Adds Two US Stadium Shows,https://news.pollstar.com/2025/04/02/mas-shakira-the-global-pop-star-adds-two-us-stadium-shows/,2025-04-02,2025-05-13,2025-06-30,SoFi Stadium,"Inglewood, CA",Stadium,FALSE,,,TRUE
Más Shakira: The Global Pop Star,Más Shakira: The Global Pop Star Adds Two US Stadium Shows,https://news.pollstar.com/2025/04/02/mas-shakira-the-global-pop-star-adds-two-us-stadium-shows/,2025-04-02,2025-05-13,2025-06-30,Footprint Center,"Phoenix, AZ",Arena,FALSE,,,TRUE
Más Shakira: The Global Pop Star,Más Shakira: The Global Pop Star Adds Two US Stadium Shows,https://news.pollstar.com/2025/04/02/mas-shakira-the-global-pop-star-adds-two-us-stadium-shows/,2025-04-02,2025-05-13,2025-06-30,Snapdragon Stadium,"San Diego, CA",Stadium,FALSE,,,TRUE
Más Shakira: The Global Pop Star,Más Shakira: The Global Pop Star Adds Two US Stadium Shows,https://news.pollstar.com/2025/04/02/mas-shakira-the-global-pop-star-adds-two-us-stadium-shows/,2025-04-02,2025-05-13,2025-06-30,Allegiant Stadium,"Las Vegas, NV",Stadium,FALSE,,,TRUE
Más Shakira: The Global Pop Star,Más Shakira: The Global Pop Star Adds Two US Stadium Shows,https://news.pollstar.com/2025/04/02/mas-shakira-the-global-pop-star-adds-two-us-stadium-shows/,2025-04-02,2025-05-13,2025-06-30,Oracle Park,"San Francisco, CA",Stadium,FALSE,,,TRUE
Sex Pistols,Sex Pistols Announce First US Tour Since 2003,https://news.pollstar.com/2025/03/28/sex-pistols-announce-first-us-tour-since-2003/,2025-03-28,2025-09-16,2025-10-16,Longhorn Ballroom,"Dallas, TX",Other,FALSE,,,TRUE
Sex Pistols,Sex Pistols Announce First US Tour Since 2003,https://news.pollstar.com/2025/03/28/sex-pistols-announce-first-us-tour-since-2003/,2025-03-28,2025-09-16,2025-10-16,9:30 Club,"Washington, DC",Club,FALSE,,,TRUE
Sex Pistols,Sex Pistols Announce First US Tour Since 2003,https://news.pollstar.com/2025/03/28/sex-pistols-announce-first-us-tour-since-2003/,2025-03-28,2025-09-16,2025-10-16,Fillmore,"Philadelphia, PA",Club,LYV,,,TRUE
Sex Pistols,Sex Pistols Announce First US Tour Since 2003,https://news.pollstar.com/2025/03/28/sex-pistols-announce-first-us-tour-since-2003/,2025-03-28,2025-09-16,2025-10-16,TBD,"Brooklyn, NY",Other,FALSE,,,TRUE
Sex Pistols,Sex Pistols Announce First US Tour Since 2003,https://news.pollstar.com/2025/03/28/sex-pistols-announce-first-us-tour-since-2003/,2025-03-28,2025-09-16,2025-10-16,Mtelus,"Montreal, QC",Theater,LYV,,,TRUE
Sex Pistols,Sex Pistols Announce First US Tour Since 2003,https://news.pollstar.com/2025/03/28/sex-pistols-announce-first-us-tour-since-2003/,2025-03-28,2025-09-16,2025-10-16,History,"Toronto, ON",Club,LYV,,,TRUE
Sex Pistols,Sex Pistols Announce First US Tour Since 2003,https://news.pollstar.com/2025/03/28/sex-pistols-announce-first-us-tour-since-2003/,2025-03-28,2025-09-16,2025-10-16,Agora Theatre,"Cleveland, OH",Auditorium,FALSE,,,TRUE
Sex Pistols,Sex Pistols Announce First US Tour Since 2003,https://news.pollstar.com/2025/03/28/sex-pistols-announce-first-us-tour-since-2003/,2025-03-28,2025-09-16,2025-10-16,Fillmore,"Detroit, MI",Club,LYV,,,TRUE
Sex Pistols,Sex Pistols Announce First US Tour Since 2003,https://news.pollstar.com/2025/03/28/sex-pistols-announce-first-us-tour-since-2003/,2025-03-28,2025-09-16,2025-10-16,Fillmore,"Minneapolis, MN",Club,LYV,,,TRUE
Sex Pistols,Sex Pistols Announce First US Tour Since 2003,https://news.pollstar.com/2025/03/28/sex-pistols-announce-first-us-tour-since-2003/,2025-03-28,2025-09-16,2025-10-16,Mission Ballroom,"Denver, CO",Club,FALSE,,,TRUE
Sex Pistols,Sex Pistols Announce First US Tour Since 2003,https://news.pollstar.com/2025/03/28/sex-pistols-announce-first-us-tour-since-2003/,2025-03-28,2025-09-16,2025-10-16,Showbox SoDo,"Seattle, WA",Club,FALSE,,,TRUE
Sex Pistols,Sex Pistols Announce First US Tour Since 2003,https://news.pollstar.com/2025/03/28/sex-pistols-announce-first-us-tour-since-2003/,2025-03-28,2025-09-16,2025-10-16,Warfield,"San Francisco, CA",Club,FALSE,,,TRUE
Sex Pistols,Sex Pistols Announce First US Tour Since 2003,https://news.pollstar.com/2025/03/28/sex-pistols-announce-first-us-tour-since-2003/,2025-03-28,2025-09-16,2025-10-16,Hollywood Palladium,"Los Angeles, CA",Theater,LYV,,,TRUE
Travis Scott,Travis Scott Announces 5-Show International Stadium Run Of ‘Circus Maximus’ Tour,https://news.pollstar.com/2025/03/25/travis-scott-announces-5-show-international-stadium-run-of-circus-maximus-tour/,2025-03-25,2025-10-11,2025-11-08,FMB Stadium,"Johannesburg, South Africa",Stadium,FALSE,,,TRUE
Travis Scott,Travis Scott Announces 5-Show International Stadium Run Of ‘Circus Maximus’ Tour,https://news.pollstar.com/2025/03/25/travis-scott-announces-5-show-international-stadium-run-of-circus-maximus-tour/,2025-03-25,2025-10-11,2025-11-08,Jawaharlal Nehru Stadium,"Delhi, India",Stadium,FALSE,,,TRUE
Travis Scott,Travis Scott Announces 5-Show International Stadium Run Of ‘Circus Maximus’ Tour,https://news.pollstar.com/2025/03/25/travis-scott-announces-5-show-international-stadium-run-of-circus-maximus-tour/,2025-03-25,2025-10-11,2025-11-08,Goyang Stadium,"Seoul, Korea",Stadium,FALSE,,,TRUE
Travis Scott,Travis Scott Announces 5-Show International Stadium Run Of ‘Circus Maximus’ Tour,https://news.pollstar.com/2025/03/25/travis-scott-announces-5-show-international-stadium-run-of-circus-maximus-tour/,2025-03-25,2025-10-11,2025-11-08,Sanya Stadium,"Sanya, Hainan, China",Stadium,FALSE,,,TRUE
Travis Scott,Travis Scott Announces 5-Show International Stadium Run Of ‘Circus Maximus’ Tour,https://news.pollstar.com/2025/03/25/travis-scott-announces-5-show-international-stadium-run-of-circus-maximus-tour/,2025-03-25,2025-10-11,2025-11-08,Belluna Dome,"Tokyo, Japan",Other,FALSE,,,TRUE
Beyoncé,Beyoncé Adds Second Las Vegas Date,https://news.pollstar.com/2025/03/20/beyonce-adds-second-las-vegas-date/,2025-03-20,2025-04-28,2025-07-26,SoFi Stadium,"Los Angeles, CA",Stadium,FALSE,,,TRUE
Beyoncé,Beyoncé Adds Second Las Vegas Date,https://news.pollstar.com/2025/03/20/beyonce-adds-second-las-vegas-date/,2025-03-20,2025-04-28,2025-07-26,SoFi Stadium,"Los Angeles, CA",Stadium,FALSE,,,TRUE
Beyoncé,Beyoncé Adds Second Las Vegas Date,https://news.pollstar.com/2025/03/20/beyonce-adds-second-las-vegas-date/,2025-03-20,2025-04-28,2025-07-26,SoFi Stadium,"Los Angeles, CA",Stadium,FALSE,,,TRUE
Beyoncé,Beyoncé Adds Second Las Vegas Date,https://news.pollstar.com/2025/03/20/beyonce-adds-second-las-vegas-date/,2025-03-20,2025-04-28,2025-07-26,SoFi Stadium,"Los Angeles, CA",Stadium,FALSE,,,TRUE
Beyoncé,Beyoncé Adds Second Las Vegas Date,https://news.pollstar.com/2025/03/20/beyonce-adds-second-las-vegas-date/,2025-03-20,2025-04-28,2025-07-26,SoFi Stadium,"Los Angeles, CA",Stadium,FALSE,,,TRUE
Beyoncé,Beyoncé Adds Second Las Vegas Date,https://news.pollstar.com/2025/03/20/beyonce-adds-second-las-vegas-date/,2025-03-20,2025-04-28,2025-07-26,Soldier Field,"Chicago, IL",Stadium,FALSE,,,TRUE
Beyoncé,Beyoncé Adds Second Las Vegas Date,https://news.pollstar.com/2025/03/20/beyonce-adds-second-las-vegas-date/,2025-03-20,2025-04-28,2025-07-26,Soldier Field,"Chicago, IL",Stadium,FALSE,,,TRUE
Beyoncé,Beyoncé Adds Second Las Vegas Date,https://news.pollstar.com/2025/03/20/beyonce-adds-second-las-vegas-date/,2025-03-20,2025-04-28,2025-07-26,Soldier Field,"Chicago, IL",Stadium,FALSE,,,TRUE
Beyoncé,Beyoncé Adds Second Las Vegas Date,https://news.pollstar.com/2025/03/20/beyonce-adds-second-las-vegas-date/,2025-03-20,2025-04-28,2025-07-26,MetLife Stadium,"East Rutherford, NJ",Stadium,FALSE,,,TRUE
Beyoncé,Beyoncé Adds Second Las Vegas Date,https://news.pollstar.com/2025/03/20/beyonce-adds-second-las-vegas-date/,2025-03-20,2025-04-28,2025-07-26,MetLife Stadium,"East Rutherford, NJ",Stadium,FALSE,,,TRUE
Beyoncé,Beyoncé Adds Second Las Vegas Date,https://news.pollstar.com/2025/03/20/beyonce-adds-second-las-vegas-date/,2025-03-20,2025-04-28,2025-07-26,MetLife Stadium,"East Rutherford, NJ",Stadium,FALSE,,,TRUE
Beyoncé,Beyoncé Adds Second Las Vegas Date,https://news.pollstar.com/2025/03/20/beyonce-adds-second-las-vegas-date/,2025-03-20,2025-04-28,2025-07-26,MetLife Stadium,"East Rutherford, NJ",Stadium,FALSE,,,TRUE
Beyoncé,Beyoncé Adds Second Las Vegas Date,https://news.pollstar.com/2025/03/20/beyonce-adds-second-las-vegas-date/,2025-03-20,2025-04-28,2025-07-26,MetLife Stadium,"East Rutherford, NJ",Stadium,FALSE,,,TRUE
Beyoncé,Beyoncé Adds Second Las Vegas Date,https://news.pollstar.com/2025/03/20/beyonce-adds-second-las-vegas-date/,2025-03-20,2025-04-28,2025-07-26,Tottenham Hotspur Stadium,"London, UK",Stadium,FALSE,,,TRUE
Beyoncé,Beyoncé Adds Second Las Vegas Date,https://news.pollstar.com/2025/03/20/beyonce-adds-second-las-vegas-date/,2025-03-20,2025-04-28,2025-07-26,Tottenham Hotspur Stadium,"London, UK",Stadium,FALSE,,,TRUE
Beyoncé,Beyoncé Adds Second Las Vegas Date,https://news.pollstar.com/2025/03/20/beyonce-adds-second-las-vegas-date/,2025-03-20,2025-04-28,2025-07-26,Tottenham Hotspur Stadium,"London, UK",Stadium,FALSE,,,TRUE
Beyoncé,Beyoncé Adds Second Las Vegas Date,https://news.pollstar.com/2025/03/20/beyonce-adds-second-las-vegas-date/,2025-03-20,2025-04-28,2025-07-26,Tottenham Hotspur Stadium,"London, UK",Stadium,FALSE,,,TRUE
Beyoncé,Beyoncé Adds Second Las Vegas Date,https://news.pollstar.com/2025/03/20/beyonce-adds-second-las-vegas-date/,2025-03-20,2025-04-28,2025-07-26,Tottenham Hotspur Stadium,"London, UK",Stadium,FALSE,,,TRUE
Beyoncé,Beyoncé Adds Second Las Vegas Date,https://news.pollstar.com/2025/03/20/beyonce-adds-second-las-vegas-date/,2025-03-20,2025-04-28,2025-07-26,Tottenham Hotspur Stadium,"London, UK",Stadium,FALSE,,,TRUE
Beyoncé,Beyoncé Adds Second Las Vegas Date,https://news.pollstar.com/2025/03/20/beyonce-adds-second-las-vegas-date/,2025-03-20,2025-04-28,2025-07-26,Stade de France,"Paris, France",Stadium,FALSE,,,TRUE
Beyoncé,Beyoncé Adds Second Las Vegas Date,https://news.pollstar.com/2025/03/20/beyonce-adds-second-las-vegas-date/,2025-03-20,2025-04-28,2025-07-26,Stade de France,"Paris, France",Stadium,FALSE,,,TRUE
Beyoncé,Beyoncé Adds Second Las Vegas Date,https://news.pollstar.com/2025/03/20/beyonce-adds-second-las-vegas-date/,2025-03-20,2025-04-28,2025-07-26,Stade de France,"Paris, France",Stadium,FALSE,,,TRUE
Beyoncé,Beyoncé Adds Second Las Vegas Date,https://news.pollstar.com/2025/03/20/beyonce-adds-second-las-vegas-date/,2025-03-20,2025-04-28,2025-07-26,NRG Stadium,"Houston, TX",Stadium,FALSE,,,TRUE
Beyoncé,Beyoncé Adds Second Las Vegas Date,https://news.pollstar.com/2025/03/20/beyonce-adds-second-las-vegas-date/,2025-03-20,2025-04-28,2025-07-26,NRG Stadium,"Houston, TX",Stadium,FALSE,,,TRUE
Beyoncé,Beyoncé Adds Second Las Vegas Date,https://news.pollstar.com/2025/03/20/beyonce-adds-second-las-vegas-date/,2025-03-20,2025-04-28,2025-07-26,Northwest Stadium,"Washington, D.C.",Stadium,FALSE,,,TRUE
Beyoncé,Beyoncé Adds Second Las Vegas Date,https://news.pollstar.com/2025/03/20/beyonce-adds-second-las-vegas-date/,2025-03-20,2025-04-28,2025-07-26,Northwest Stadium,"Washington, D.C.",Stadium,FALSE,,,TRUE
Beyoncé,Beyoncé Adds Second Las Vegas Date,https://news.pollstar.com/2025/03/20/beyonce-adds-second-las-vegas-date/,2025-03-20,2025-04-28,2025-07-26,Mercedes-Benz Stadium,"Atlanta, GA",Stadium,FALSE,,,TRUE
Beyoncé,Beyoncé Adds Second Las Vegas Date,https://news.pollstar.com/2025/03/20/beyonce-adds-second-las-vegas-date/,2025-03-20,2025-04-28,2025-07-26,Mercedes-Benz Stadium,"Atlanta, GA",Stadium,FALSE,,,TRUE
Beyoncé,Beyoncé Adds Second Las Vegas Date,https://news.pollstar.com/2025/03/20/beyonce-adds-second-las-vegas-date/,2025-03-20,2025-04-28,2025-07-26,Mercedes-Benz Stadium,"Atlanta, GA",Stadium,FALSE,,,TRUE
Beyoncé,Beyoncé Adds Second Las Vegas Date,https://news.pollstar.com/2025/03/20/beyonce-adds-second-las-vegas-date/,2025-03-20,2025-04-28,2025-07-26,Mercedes-Benz Stadium,"Atlanta, GA",Stadium,FALSE,,,TRUE
Beyoncé,Beyoncé Adds Second Las Vegas Date,https://news.pollstar.com/2025/03/20/beyonce-adds-second-las-vegas-date/,2025-03-20,2025-04-28,2025-07-26,Allegiant Stadium,"Las Vegas, NV",Stadium,FALSE,,,TRUE
Beyoncé,Beyoncé Adds Second Las Vegas Date,https://news.pollstar.com/2025/03/20/beyonce-adds-second-las-vegas-date/,2025-03-20,2025-04-28,2025-07-26,Allegiant Stadium,"Las Vegas, NV",Stadium,FALSE,,,TRUE
Beyoncé,Beyoncé Adds Vegas Date To ‘Cowboy Carter Tour’,https://news.pollstar.com/2025/03/17/beyonce-adds-vegas-date-to-cowboy-carter-tour/,2025-03-17,2025-04-28,2025-07-25,SoFi Stadium,"Los Angeles, CA",Stadium,FALSE,,,TRUE
Beyoncé,Beyoncé Adds Vegas Date To ‘Cowboy Carter Tour’,https://news.pollstar.com/2025/03/17/beyonce-adds-vegas-date-to-cowboy-carter-tour/,2025-03-17,2025-04-28,2025-07-25,SoFi Stadium,"Los Angeles, CA",Stadium,FALSE,,,TRUE
Beyoncé,Beyoncé Adds Vegas Date To ‘Cowboy Carter Tour’,https://news.pollstar.com/2025/03/17/beyonce-adds-vegas-date-to-cowboy-carter-tour/,2025-03-17,2025-04-28,2025-07-25,SoFi Stadium,"Los Angeles, CA",Stadium,FALSE,,,TRUE
Beyoncé,Beyoncé Adds Vegas Date To ‘Cowboy Carter Tour’,https://news.pollstar.com/2025/03/17/beyonce-adds-vegas-date-to-cowboy-carter-tour/,2025-03-17,2025-04-28,2025-07-25,SoFi Stadium,"Los Angeles, CA",Stadium,FALSE,,,TRUE
Beyoncé,Beyoncé Adds Vegas Date To ‘Cowboy Carter Tour’,https://news.pollstar.com/2025/03/17/beyonce-adds-vegas-date-to-cowboy-carter-tour/,2025-03-17,2025-04-28,2025-07-25,SoFi Stadium,"Los Angeles, CA",Stadium,FALSE,,,TRUE
Beyoncé,Beyoncé Adds Vegas Date To ‘Cowboy Carter Tour’,https://news.pollstar.com/2025/03/17/beyonce-adds-vegas-date-to-cowboy-carter-tour/,2025-03-17,2025-04-28,2025-07-25,Soldier Field,"Chicago, IL",Stadium,FALSE,,,TRUE
Beyoncé,Beyoncé Adds Vegas Date To ‘Cowboy Carter Tour’,https://news.pollstar.com/2025/03/17/beyonce-adds-vegas-date-to-cowboy-carter-tour/,2025-03-17,2025-04-28,2025-07-25,Soldier Field,"Chicago, IL",Stadium,FALSE,,,TRUE
Beyoncé,Beyoncé Adds Vegas Date To ‘Cowboy Carter Tour’,https://news.pollstar.com/2025/03/17/beyonce-adds-vegas-date-to-cowboy-carter-tour/,2025-03-17,2025-04-28,2025-07-25,Soldier Field,"Chicago, IL",Stadium,FALSE,,,TRUE
Beyoncé,Beyoncé Adds Vegas Date To ‘Cowboy Carter Tour’,https://news.pollstar.com/2025/03/17/beyonce-adds-vegas-date-to-cowboy-carter-tour/,2025-03-17,2025-04-28,2025-07-25,MetLife Stadium,"East Rutherford, NJ",Stadium,FALSE,,,TRUE
Beyoncé,Beyoncé Adds Vegas Date To ‘Cowboy Carter Tour’,https://news.pollstar.com/2025/03/17/beyonce-adds-vegas-date-to-cowboy-carter-tour/,2025-03-17,2025-04-28,2025-07-25,MetLife Stadium,"East Rutherford, NJ",Stadium,FALSE,,,TRUE
Beyoncé,Beyoncé Adds Vegas Date To ‘Cowboy Carter Tour’,https://news.pollstar.com/2025/03/17/beyonce-adds-vegas-date-to-cowboy-carter-tour/,2025-03-17,2025-04-28,2025-07-25,MetLife Stadium,"East Rutherford, NJ",Stadium,FALSE,,,TRUE
Beyoncé,Beyoncé Adds Vegas Date To ‘Cowboy Carter Tour’,https://news.pollstar.com/2025/03/17/beyonce-adds-vegas-date-to-cowboy-carter-tour/,2025-03-17,2025-04-28,2025-07-25,MetLife Stadium,"East Rutherford, NJ",Stadium,FALSE,,,TRUE
Beyoncé,Beyoncé Adds Vegas Date To ‘Cowboy Carter Tour’,https://news.pollstar.com/2025/03/17/beyonce-adds-vegas-date-to-cowboy-carter-tour/,2025-03-17,2025-04-28,2025-07-25,MetLife Stadium,"East Rutherford, NJ",Stadium,FALSE,,,TRUE
Beyoncé,Beyoncé Adds Vegas Date To ‘Cowboy Carter Tour’,https://news.pollstar.com/2025/03/17/beyonce-adds-vegas-date-to-cowboy-carter-tour/,2025-03-17,2025-04-28,2025-07-25,Tottenham Hotspur Stadium,"London, UK",Stadium,FALSE,,,TRUE
Beyoncé,Beyoncé Adds Vegas Date To ‘Cowboy Carter Tour’,https://news.pollstar.com/2025/03/17/beyonce-adds-vegas-date-to-cowboy-carter-tour/,2025-03-17,2025-04-28,2025-07-25,Tottenham Hotspur Stadium,"London, UK",Stadium,FALSE,,,TRUE
Beyoncé,Beyoncé Adds Vegas Date To ‘Cowboy Carter Tour’,https://news.pollstar.com/2025/03/17/beyonce-adds-vegas-date-to-cowboy-carter-tour/,2025-03-17,2025-04-28,2025-07-25,Tottenham Hotspur Stadium,"London, UK",Stadium,FALSE,,,TRUE
Beyoncé,Beyoncé Adds Vegas Date To ‘Cowboy Carter Tour’,https://news.pollstar.com/2025/03/17/beyonce-adds-vegas-date-to-cowboy-carter-tour/,2025-03-17,2025-04-28,2025-07-25,Tottenham Hotspur Stadium,"London, UK",Stadium,FALSE,,,TRUE
Beyoncé,Beyoncé Adds Vegas Date To ‘Cowboy Carter Tour’,https://news.pollstar.com/2025/03/17/beyonce-adds-vegas-date-to-cowboy-carter-tour/,2025-03-17,2025-04-28,2025-07-25,Tottenham Hotspur Stadium,"London, UK",Stadium,FALSE,,,TRUE
Beyoncé,Beyoncé Adds Vegas Date To ‘Cowboy Carter Tour’,https://news.pollstar.com/2025/03/17/beyonce-adds-vegas-date-to-cowboy-carter-tour/,2025-03-17,2025-04-28,2025-07-25,Tottenham Hotspur Stadium,"London, UK",Stadium,FALSE,,,TRUE
Beyoncé,Beyoncé Adds Vegas Date To ‘Cowboy Carter Tour’,https://news.pollstar.com/2025/03/17/beyonce-adds-vegas-date-to-cowboy-carter-tour/,2025-03-17,2025-04-28,2025-07-25,Stade de France,"Paris, France",Stadium,FALSE,,,TRUE
Beyoncé,Beyoncé Adds Vegas Date To ‘Cowboy Carter Tour’,https://news.pollstar.com/2025/03/17/beyonce-adds-vegas-date-to-cowboy-carter-tour/,2025-03-17,2025-04-28,2025-07-25,Stade de France,"Paris, France",Stadium,FALSE,,,TRUE
Beyoncé,Beyoncé Adds Vegas Date To ‘Cowboy Carter Tour’,https://news.pollstar.com/2025/03/17/beyonce-adds-vegas-date-to-cowboy-carter-tour/,2025-03-17,2025-04-28,2025-07-25,Stade de France,"Paris, France",Stadium,FALSE,,,TRUE
Beyoncé,Beyoncé Adds Vegas Date To ‘Cowboy Carter Tour’,https://news.pollstar.com/2025/03/17/beyonce-adds-vegas-date-to-cowboy-carter-tour/,2025-03-17,2025-04-28,2025-07-25,NRG Stadium,"Houston, TX",Stadium,FALSE,,,TRUE
Beyoncé,Beyoncé Adds Vegas Date To ‘Cowboy Carter Tour’,https://news.pollstar.com/2025/03/17/beyonce-adds-vegas-date-to-cowboy-carter-tour/,2025-03-17,2025-04-28,2025-07-25,NRG Stadium,"Houston, TX",Stadium,FALSE,,,TRUE
Beyoncé,Beyoncé Adds Vegas Date To ‘Cowboy Carter Tour’,https://news.pollstar.com/2025/03/17/beyonce-adds-vegas-date-to-cowboy-carter-tour/,2025-03-17,2025-04-28,2025-07-25,Northwest Stadium,"Washington, D.C.",Stadium,FALSE,,,TRUE
Beyoncé,Beyoncé Adds Vegas Date To ‘Cowboy Carter Tour’,https://news.pollstar.com/2025/03/17/beyonce-adds-vegas-date-to-cowboy-carter-tour/,2025-03-17,2025-04-28,2025-07-25,Northwest Stadium,"Washington, D.C.",Stadium,FALSE,,,TRUE
Beyoncé,Beyoncé Adds Vegas Date To ‘Cowboy Carter Tour’,https://news.pollstar.com/2025/03/17/beyonce-adds-vegas-date-to-cowboy-carter-tour/,2025-03-17,2025-04-28,2025-07-25,Mercedes-Benz Stadium,"Atlanta, GA",Stadium,FALSE,,,TRUE
Beyoncé,Beyoncé Adds Vegas Date To ‘Cowboy Carter Tour’,https://news.pollstar.com/2025/03/17/beyonce-adds-vegas-date-to-cowboy-carter-tour/,2025-03-17,2025-04-28,2025-07-25,Mercedes-Benz Stadium,"Atlanta, GA",Stadium,FALSE,,,TRUE
Beyoncé,Beyoncé Adds Vegas Date To ‘Cowboy Carter Tour’,https://news.pollstar.com/2025/03/17/beyonce-adds-vegas-date-to-cowboy-carter-tour/,2025-03-17,2025-04-28,2025-07-25,Mercedes-Benz Stadium,"Atlanta, GA",Stadium,FALSE,,,TRUE
Beyoncé,Beyoncé Adds Vegas Date To ‘Cowboy Carter Tour’,https://news.pollstar.com/2025/03/17/beyonce-adds-vegas-date-to-cowboy-carter-tour/,2025-03-17,2025-04-28,2025-07-25,Mercedes-Benz Stadium,"Atlanta, GA",Stadium,FALSE,,,TRUE
Beyoncé,Beyoncé Adds Vegas Date To ‘Cowboy Carter Tour’,https://news.pollstar.com/2025/03/17/beyonce-adds-vegas-date-to-cowboy-carter-tour/,2025-03-17,2025-04-28,2025-07-25,Allegiant Stadium,"Las Vegas, NV",Stadium,FALSE,,,TRUE
Deftones,Deftones Add 14 North American Dates To 2025 Tour,https://news.pollstar.com/2025/03/13/deftones-add-14-north-american-dates-to-2025-tour/,2025-03-13,2025-03-12,2025-10-03,Moody Center,"Austin, TX",Arena,FALSE,,,TRUE
Deftones,Deftones Add 14 North American Dates To 2025 Tour,https://news.pollstar.com/2025/03/13/deftones-add-14-north-american-dates-to-2025-tour/,2025-03-13,2025-03-12,2025-10-03,Frost Bank Center,"San Antonio, TX",Arena,FALSE,,,TRUE
Deftones,Deftones Add 14 North American Dates To 2025 Tour,https://news.pollstar.com/2025/03/13/deftones-add-14-north-american-dates-to-2025-tour/,2025-03-13,2025-03-12,2025-10-03,American Airlines Center,"Dallas, TX",Arena,FALSE,,,TRUE
Deftones,Deftones Add 14 North American Dates To 2025 Tour,https://news.pollstar.com/2025/03/13/deftones-add-14-north-american-dates-to-2025-tour/,2025-03-13,2025-03-12,2025-10-03,Toyota Center,"Houston, TX",Arena,FALSE,,,TRUE
Deftones,Deftones Add 14 North American Dates To 2025 Tour,https://news.pollstar.com/2025/03/13/deftones-add-14-north-american-dates-to-2025-tour/,2025-03-13,2025-03-12,2025-10-03,State Farm Arena,"Atlanta, GA",Arena,FALSE,,,TRUE
Deftones,Deftones Add 14 North American Dates To 2025 Tour,https://news.pollstar.com/2025/03/13/deftones-add-14-north-american-dates-to-2025-tour/,2025-03-13,2025-03-12,2025-10-03,Kia Center,"Orlando, FL",Arena,FALSE,,,TRUE
Deftones,Deftones Add 14 North American Dates To 2025 Tour,https://news.pollstar.com/2025/03/13/deftones-add-14-north-american-dates-to-2025-tour/,2025-03-13,2025-03-12,2025-10-03,Amerant Bank Arena,"Sunrise, FL",Arena,LYV,,,TRUE
Deftones,Deftones Add 14 North American Dates To 2025 Tour,https://news.pollstar.com/2025/03/13/deftones-add-14-north-american-dates-to-2025-tour/,2025-03-13,2025-03-12,2025-10-03,Spectrum Center,"Charlotte, NC",Arena,FALSE,,,TRUE
Deftones,Deftones Add 14 North American Dates To 2025 Tour,https://news.pollstar.com/2025/03/13/deftones-add-14-north-american-dates-to-2025-tour/,2025-03-13,2025-03-12,2025-10-03,Bridgestone Arena,"Nashville, TN",Arena,FALSE,,,TRUE
Deftones,Deftones Add 14 North American Dates To 2025 Tour,https://news.pollstar.com/2025/03/13/deftones-add-14-north-american-dates-to-2025-tour/,2025-03-13,2025-03-12,2025-10-03,Gainbridge Fieldhouse,"Indianapolis, IN",Arena,FALSE,,,TRUE
Deftones,Deftones Add 14 North American Dates To 2025 Tour,https://news.pollstar.com/2025/03/13/deftones-add-14-north-american-dates-to-2025-tour/,2025-03-13,2025-03-12,2025-10-03,Nationwide Arena,"Columbus, OH",Arena,FALSE,,,TRUE
Deftones,Deftones Add 14 North American Dates To 2025 Tour,https://news.pollstar.com/2025/03/13/deftones-add-14-north-american-dates-to-2025-tour/,2025-03-13,2025-03-12,2025-10-03,United Center,"Chicago, IL",Arena,FALSE,,,TRUE
Deftones,Deftones Add 14 North American Dates To 2025 Tour,https://news.pollstar.com/2025/03/13/deftones-add-14-north-american-dates-to-2025-tour/,2025-03-13,2025-03-12,2025-10-03,Little Caesars Arena,"Detroit, MI",Theater,FALSE,,,TRUE
Deftones,Deftones Add 14 North American Dates To 2025 Tour,https://news.pollstar.com/2025/03/13/deftones-add-14-north-american-dates-to-2025-tour/,2025-03-13,2025-03-12,2025-10-03,Madison Square Garden,"New York, NY",Arena,FALSE,,,TRUE
Deftones,Deftones Add 14 North American Dates To 2025 Tour,https://news.pollstar.com/2025/03/13/deftones-add-14-north-american-dates-to-2025-tour/,2025-03-13,2025-03-12,2025-10-03,Wells Fargo Center,"Philadelphia, PA",Arena,FALSE,,,TRUE
Deftones,Deftones Add 14 North American Dates To 2025 Tour,https://news.pollstar.com/2025/03/13/deftones-add-14-north-american-dates-to-2025-tour/,2025-03-13,2025-03-12,2025-10-03,Capital One Arena,"Washington, DC",Arena,FALSE,,,TRUE
Deftones,Deftones Add 14 North American Dates To 2025 Tour,https://news.pollstar.com/2025/03/13/deftones-add-14-north-american-dates-to-2025-tour/,2025-03-13,2025-03-12,2025-10-03,TD Garden,"Boston, MA",Arena,FALSE,,,TRUE
Deftones,Deftones Add 14 North American Dates To 2025 Tour,https://news.pollstar.com/2025/03/13/deftones-add-14-north-american-dates-to-2025-tour/,2025-03-13,2025-03-12,2025-10-03,Prudential Center,"Newark, NJ",Arena,FALSE,,,TRUE
Deftones,Deftones Add 14 North American Dates To 2025 Tour,https://news.pollstar.com/2025/03/13/deftones-add-14-north-american-dates-to-2025-tour/,2025-03-13,2025-03-12,2025-10-03,Primavera Sound Porto #,"Porto, PT",Other,FALSE,,,TRUE
Deftones,Deftones Add 14 North American Dates To 2025 Tour,https://news.pollstar.com/2025/03/13/deftones-add-14-north-american-dates-to-2025-tour/,2025-03-13,2025-03-12,2025-10-03,Carroponte,"Milan, IT",Club,FALSE,,,TRUE
Deftones,Deftones Add 14 North American Dates To 2025 Tour,https://news.pollstar.com/2025/03/13/deftones-add-14-north-american-dates-to-2025-tour/,2025-03-13,2025-03-12,2025-10-03,Halle 622,"Zurich, CH",Arena,FALSE,,,TRUE
Deftones,Deftones Add 14 North American Dates To 2025 Tour,https://news.pollstar.com/2025/03/13/deftones-add-14-north-american-dates-to-2025-tour/,2025-03-13,2025-03-12,2025-10-03,Jahrhunderthalle,"Frankfurt, DE",Arena,FALSE,,,TRUE
Deftones,Deftones Add 14 North American Dates To 2025 Tour,https://news.pollstar.com/2025/03/13/deftones-add-14-north-american-dates-to-2025-tour/,2025-03-13,2025-03-12,2025-10-03,Hurricane Festival #,"Scheeßel, DE",Other,FALSE,,,TRUE
Deftones,Deftones Add 14 North American Dates To 2025 Tour,https://news.pollstar.com/2025/03/13/deftones-add-14-north-american-dates-to-2025-tour/,2025-03-13,2025-03-12,2025-10-03,Southside Festival #,"Neuhausen ob Eck, DE",Other,FALSE,,,TRUE
Deftones,Deftones Add 14 North American Dates To 2025 Tour,https://news.pollstar.com/2025/03/13/deftones-add-14-north-american-dates-to-2025-tour/,2025-03-13,2025-03-12,2025-10-03,The Piece Hall,"Halifax, UK",Theater,FALSE,,,TRUE
Deftones,Deftones Add 14 North American Dates To 2025 Tour,https://news.pollstar.com/2025/03/13/deftones-add-14-north-american-dates-to-2025-tour/,2025-03-13,2025-03-12,2025-10-03,Eden Project,"Saint Austell, UK",Other,FALSE,,,TRUE
Deftones,Deftones Add 14 North American Dates To 2025 Tour,https://news.pollstar.com/2025/03/13/deftones-add-14-north-american-dates-to-2025-tour/,2025-03-13,2025-03-12,2025-10-03,Glastonbury Festival #,"Pilton, UK",Other,FALSE,,,TRUE
Deftones,Deftones Add 14 North American Dates To 2025 Tour,https://news.pollstar.com/2025/03/13/deftones-add-14-north-american-dates-to-2025-tour/,2025-03-13,2025-03-12,2025-10-03,Crystal Palace Park,"London, UK",Theater,FALSE,,,TRUE
Deftones,Deftones Add 14 North American Dates To 2025 Tour,https://news.pollstar.com/2025/03/13/deftones-add-14-north-american-dates-to-2025-tour/,2025-03-13,2025-03-12,2025-10-03,Roskilde Festival #,"Roskilde, DK",Amphitheater,LYV,,,TRUE
Deftones,Deftones Add 14 North American Dates To 2025 Tour,https://news.pollstar.com/2025/03/13/deftones-add-14-north-american-dates-to-2025-tour/,2025-03-13,2025-03-12,2025-10-03,Rock Werchter Festival #,"Werchter, BE",Amphitheater,LYV,,,TRUE
Deftones,Deftones Add 14 North American Dates To 2025 Tour,https://news.pollstar.com/2025/03/13/deftones-add-14-north-american-dates-to-2025-tour/,2025-03-13,2025-03-12,2025-10-03,Main Square Festival #,"Arras, FR",Other,FALSE,,,TRUE
Deftones,Deftones Add 14 North American Dates To 2025 Tour,https://news.pollstar.com/2025/03/13/deftones-add-14-north-american-dates-to-2025-tour/,2025-03-13,2025-03-12,2025-10-03,Rogers Stadium w/ System Of A Down,"Toronto, ON",Stadium,LYV,,,TRUE
Deftones,Deftones Add 14 North American Dates To 2025 Tour,https://news.pollstar.com/2025/03/13/deftones-add-14-north-american-dates-to-2025-tour/,2025-03-13,2025-03-12,2025-10-03,Rogers Stadium w/ System Of A Down,"Toronto, ON",Stadium,LYV,,,TRUE
Deftones,Deftones Add 14 North American Dates To 2025 Tour,https://news.pollstar.com/2025/03/13/deftones-add-14-north-american-dates-to-2025-tour/,2025-03-13,2025-03-12,2025-10-03,Shaky Knees #,"Atlanta, GA",Amphitheater,LYV,,,TRUE
Deftones,Deftones Add 14 North American Dates To 2025 Tour,https://news.pollstar.com/2025/03/13/deftones-add-14-north-american-dates-to-2025-tour/,2025-03-13,2025-03-12,2025-10-03,Louder Than Life #,"Louisville, KY",Amphitheater,LYV,,,TRUE
Deftones,Deftones Add 14 North American Dates To 2025 Tour,https://news.pollstar.com/2025/03/13/deftones-add-14-north-american-dates-to-2025-tour/,2025-03-13,2025-03-12,2025-10-03,Aftershock #,"Sacramento, CA",Amphitheater,LYV,,,TRUE
Mexican Singer Luis R Conriquez Embarking On ‘Trakas HDSPM’ US Arena Tour,Mexican Singer Luis R Conriquez Embarking On ‘Trakas HDSPM’ US Arena Tour,https://news.pollstar.com/2025/03/11/mexican-singer-luis-r-conriquez-embarking-on-trakas-hdspm-us-arena-tour/,2025-03-11,2025-04-25,2025-10-11,UBS Arena,"Belmont Park, NY",Arena,FALSE,,,TRUE
Mexican Singer Luis R Conriquez Embarking On ‘Trakas HDSPM’ US Arena Tour,Mexican Singer Luis R Conriquez Embarking On ‘Trakas HDSPM’ US Arena Tour,https://news.pollstar.com/2025/03/11/mexican-singer-luis-r-conriquez-embarking-on-trakas-hdspm-us-arena-tour/,2025-03-11,2025-04-25,2025-10-11,Santander Arena,"Reading, PA",Arena,FALSE,,,TRUE
Mexican Singer Luis R Conriquez Embarking On ‘Trakas HDSPM’ US Arena Tour,Mexican Singer Luis R Conriquez Embarking On ‘Trakas HDSPM’ US Arena Tour,https://news.pollstar.com/2025/03/11/mexican-singer-luis-r-conriquez-embarking-on-trakas-hdspm-us-arena-tour/,2025-03-11,2025-04-25,2025-10-11,Walmart AMP,"Rogers, AR",Amphitheater,LYV,,,TRUE
Mexican Singer Luis R Conriquez Embarking On ‘Trakas HDSPM’ US Arena Tour,Mexican Singer Luis R Conriquez Embarking On ‘Trakas HDSPM’ US Arena Tour,https://news.pollstar.com/2025/03/11/mexican-singer-luis-r-conriquez-embarking-on-trakas-hdspm-us-arena-tour/,2025-03-11,2025-04-25,2025-10-11,Freeman Coliseum,"San Antonio, TX",Arena,FALSE,,,TRUE
Mexican Singer Luis R Conriquez Embarking On ‘Trakas HDSPM’ US Arena Tour,Mexican Singer Luis R Conriquez Embarking On ‘Trakas HDSPM’ US Arena Tour,https://news.pollstar.com/2025/03/11/mexican-singer-luis-r-conriquez-embarking-on-trakas-hdspm-us-arena-tour/,2025-03-11,2025-04-25,2025-10-11,El Paso County Coliseum,"El Paso, TX",Arena,FALSE,,,TRUE
Mexican Singer Luis R Conriquez Embarking On ‘Trakas HDSPM’ US Arena Tour,Mexican Singer Luis R Conriquez Embarking On ‘Trakas HDSPM’ US Arena Tour,https://news.pollstar.com/2025/03/11/mexican-singer-luis-r-conriquez-embarking-on-trakas-hdspm-us-arena-tour/,2025-03-11,2025-04-25,2025-10-11,PNC Music Pavilion,"Charlotte, NC",Amphitheater,LYV,,,TRUE
Mexican Singer Luis R Conriquez Embarking On ‘Trakas HDSPM’ US Arena Tour,Mexican Singer Luis R Conriquez Embarking On ‘Trakas HDSPM’ US Arena Tour,https://news.pollstar.com/2025/03/11/mexican-singer-luis-r-conriquez-embarking-on-trakas-hdspm-us-arena-tour/,2025-03-11,2025-04-25,2025-10-11,EagleBank Arena,"Fairfax, VA",Arena,FALSE,,,TRUE
Mexican Singer Luis R Conriquez Embarking On ‘Trakas HDSPM’ US Arena Tour,Mexican Singer Luis R Conriquez Embarking On ‘Trakas HDSPM’ US Arena Tour,https://news.pollstar.com/2025/03/11/mexican-singer-luis-r-conriquez-embarking-on-trakas-hdspm-us-arena-tour/,2025-03-11,2025-04-25,2025-10-11,WAMU Theater,"Seattle, WA",Theater,FALSE,,,TRUE
Mexican Singer Luis R Conriquez Embarking On ‘Trakas HDSPM’ US Arena Tour,Mexican Singer Luis R Conriquez Embarking On ‘Trakas HDSPM’ US Arena Tour,https://news.pollstar.com/2025/03/11/mexican-singer-luis-r-conriquez-embarking-on-trakas-hdspm-us-arena-tour/,2025-03-11,2025-04-25,2025-10-11,Theater of the Clouds,"Portland, OR",Theater,FALSE,,,TRUE
Mexican Singer Luis R Conriquez Embarking On ‘Trakas HDSPM’ US Arena Tour,Mexican Singer Luis R Conriquez Embarking On ‘Trakas HDSPM’ US Arena Tour,https://news.pollstar.com/2025/03/11/mexican-singer-luis-r-conriquez-embarking-on-trakas-hdspm-us-arena-tour/,2025-03-11,2025-04-25,2025-10-11,Save Mart Center at Fresno State,"Fresno, CA",Arena,FALSE,,,TRUE
Mexican Singer Luis R Conriquez Embarking On ‘Trakas HDSPM’ US Arena Tour,Mexican Singer Luis R Conriquez Embarking On ‘Trakas HDSPM’ US Arena Tour,https://news.pollstar.com/2025/03/11/mexican-singer-luis-r-conriquez-embarking-on-trakas-hdspm-us-arena-tour/,2025-03-11,2025-04-25,2025-10-11,Acrisure Arena,"Palm Desert, CA",Arena,FALSE,,,TRUE
Mexican Singer Luis R Conriquez Embarking On ‘Trakas HDSPM’ US Arena Tour,Mexican Singer Luis R Conriquez Embarking On ‘Trakas HDSPM’ US Arena Tour,https://news.pollstar.com/2025/03/11/mexican-singer-luis-r-conriquez-embarking-on-trakas-hdspm-us-arena-tour/,2025-03-11,2025-04-25,2025-10-11,Toyota Arena,"Ontario, CA",Arena,FALSE,,,TRUE
Mexican Singer Luis R Conriquez Embarking On ‘Trakas HDSPM’ US Arena Tour,Mexican Singer Luis R Conriquez Embarking On ‘Trakas HDSPM’ US Arena Tour,https://news.pollstar.com/2025/03/11/mexican-singer-luis-r-conriquez-embarking-on-trakas-hdspm-us-arena-tour/,2025-03-11,2025-04-25,2025-10-11,Michelob ULTRA Arena,"Las Vegas, NV",Arena,FALSE,,,TRUE
Mexican Singer Luis R Conriquez Embarking On ‘Trakas HDSPM’ US Arena Tour,Mexican Singer Luis R Conriquez Embarking On ‘Trakas HDSPM’ US Arena Tour,https://news.pollstar.com/2025/03/11/mexican-singer-luis-r-conriquez-embarking-on-trakas-hdspm-us-arena-tour/,2025-03-11,2025-04-25,2025-10-11,North Island Credit Union Amphitheatre,"Chula Vista, CA",Amphitheater,LYV,,,TRUE
Mexican Singer Luis R Conriquez Embarking On ‘Trakas HDSPM’ US Arena Tour,Mexican Singer Luis R Conriquez Embarking On ‘Trakas HDSPM’ US Arena Tour,https://news.pollstar.com/2025/03/11/mexican-singer-luis-r-conriquez-embarking-on-trakas-hdspm-us-arena-tour/,2025-03-11,2025-04-25,2025-10-11,Honda Center,"Anaheim, CA",Arena,FALSE,,,TRUE
Mexican Singer Luis R Conriquez Embarking On ‘Trakas HDSPM’ US Arena Tour,Mexican Singer Luis R Conriquez Embarking On ‘Trakas HDSPM’ US Arena Tour,https://news.pollstar.com/2025/03/11/mexican-singer-luis-r-conriquez-embarking-on-trakas-hdspm-us-arena-tour/,2025-03-11,2025-04-25,2025-10-11,SAP Center,"San Jose, CA",Arena,FALSE,,,TRUE
Mexican Singer Luis R Conriquez Embarking On ‘Trakas HDSPM’ US Arena Tour,Mexican Singer Luis R Conriquez Embarking On ‘Trakas HDSPM’ US Arena Tour,https://news.pollstar.com/2025/03/11/mexican-singer-luis-r-conriquez-embarking-on-trakas-hdspm-us-arena-tour/,2025-03-11,2025-04-25,2025-10-11,Golden 1 Center,"Sacramento, CA",Arena,FALSE,,,TRUE
Puerto Rican Star Dei V,Puerto Rican Star Dei V Unveils Dates For ‘Los Flavorz Tour’,https://news.pollstar.com/2025/03/07/puerto-rican-star-dei-v-unveils-dates-for-los-flavorz-tour/,2025-03-07,2025-05-15,2025-06-07,Buckhead Theatre,"Atlanta, GA",Theater,FALSE,,,TRUE
Puerto Rican Star Dei V,Puerto Rican Star Dei V Unveils Dates For ‘Los Flavorz Tour’,https://news.pollstar.com/2025/03/07/puerto-rican-star-dei-v-unveils-dates-for-los-flavorz-tour/,2025-03-07,2025-05-15,2025-06-07,House of Blues,"Orlando, FL",Club,LYV,,,TRUE
Puerto Rican Star Dei V,Puerto Rican Star Dei V Unveils Dates For ‘Los Flavorz Tour’,https://news.pollstar.com/2025/03/07/puerto-rican-star-dei-v-unveils-dates-for-los-flavorz-tour/,2025-03-07,2025-05-15,2025-06-07,Fillmore Miami Beach At Jackie Gleason Theatre,"Miami Beach, FL",Theater,LYV,,,TRUE
Puerto Rican Star Dei V,Puerto Rican Star Dei V Unveils Dates For ‘Los Flavorz Tour’,https://news.pollstar.com/2025/03/07/puerto-rican-star-dei-v-unveils-dates-for-los-flavorz-tour/,2025-03-07,2025-05-15,2025-06-07,Irving Plaza,"New York, NY",Club,LYV,,,TRUE
Puerto Rican Star Dei V,Puerto Rican Star Dei V Unveils Dates For ‘Los Flavorz Tour’,https://news.pollstar.com/2025/03/07/puerto-rican-star-dei-v-unveils-dates-for-los-flavorz-tour/,2025-03-07,2025-05-15,2025-06-07,Sueños Festival,"Chicago, IL",Other,FALSE,,,TRUE
Puerto Rican Star Dei V,Puerto Rican Star Dei V Unveils Dates For ‘Los Flavorz Tour’,https://news.pollstar.com/2025/03/07/puerto-rican-star-dei-v-unveils-dates-for-los-flavorz-tour/,2025-03-07,2025-05-15,2025-06-07,Fuego Fuego Latin Music Festival,"Montreal, QC",Other,FALSE,,,TRUE
Puerto Rican Star Dei V,Puerto Rican Star Dei V Unveils Dates For ‘Los Flavorz Tour’,https://news.pollstar.com/2025/03/07/puerto-rican-star-dei-v-unveils-dates-for-los-flavorz-tour/,2025-03-07,2025-05-15,2025-06-07,Dallas Nova Event Center,"Dallas, TX",Other,FALSE,,,TRUE
Puerto Rican Star Dei V,Puerto Rican Star Dei V Unveils Dates For ‘Los Flavorz Tour’,https://news.pollstar.com/2025/03/07/puerto-rican-star-dei-v-unveils-dates-for-los-flavorz-tour/,2025-03-07,2025-05-15,2025-06-07,Club Aragon,"Houston, TX",Club,FALSE,,,TRUE
Puerto Rican Star Dei V,Puerto Rican Star Dei V Unveils Dates For ‘Los Flavorz Tour’,https://news.pollstar.com/2025/03/07/puerto-rican-star-dei-v-unveils-dates-for-los-flavorz-tour/,2025-03-07,2025-05-15,2025-06-07,House of Blues,"San Diego, CA",Club,LYV,,,TRUE
Puerto Rican Star Dei V,Puerto Rican Star Dei V Unveils Dates For ‘Los Flavorz Tour’,https://news.pollstar.com/2025/03/07/puerto-rican-star-dei-v-unveils-dates-for-los-flavorz-tour/,2025-03-07,2025-05-15,2025-06-07,The Regent Theater,"Los Angeles, CA",Theater,FALSE,,,TRUE
Bachman-Turner Overdrive,"Bachman-Turner Overdrive, Marshall Tucker Band Unveil Dates For On ‘Roll On Down The Highway Tour’",https://news.pollstar.com/2025/02/24/bachman-turner-overdrive-marshall-tucker-band-unveil-dates-for-on-roll-on-down-the-highway-tour/,2025-02-24,2025-07-18,2025-08-03,Harrah’s Stir Cove,"Council Bluffs, IA",Theater,FALSE,,,TRUE
Bachman-Turner Overdrive,"Bachman-Turner Overdrive, Marshall Tucker Band Unveil Dates For On ‘Roll On Down The Highway Tour’",https://news.pollstar.com/2025/02/24/bachman-turner-overdrive-marshall-tucker-band-unveil-dates-for-on-roll-on-down-the-highway-tour/,2025-02-24,2025-07-18,2025-08-03,Treasure Island Casino,"Welch, MN",Club,FALSE,,,TRUE
Bachman-Turner Overdrive,"Bachman-Turner Overdrive, Marshall Tucker Band Unveil Dates For On ‘Roll On Down The Highway Tour’",https://news.pollstar.com/2025/02/24/bachman-turner-overdrive-marshall-tucker-band-unveil-dates-for-on-roll-on-down-the-highway-tour/,2025-02-24,2025-07-18,2025-08-03,Scheels Arena,"Fargo, ND",Arena,FALSE,,,TRUE
Bachman-Turner Overdrive,"Bachman-Turner Overdrive, Marshall Tucker Band Unveil Dates For On ‘Roll On Down The Highway Tour’",https://news.pollstar.com/2025/02/24/bachman-turner-overdrive-marshall-tucker-band-unveil-dates-for-on-roll-on-down-the-highway-tour/,2025-02-24,2025-07-18,2025-08-03,Kresge Auditorium,"Interlochen, MI",Theater,FALSE,,,TRUE
Bachman-Turner Overdrive,"Bachman-Turner Overdrive, Marshall Tucker Band Unveil Dates For On ‘Roll On Down The Highway Tour’",https://news.pollstar.com/2025/02/24/bachman-turner-overdrive-marshall-tucker-band-unveil-dates-for-on-roll-on-down-the-highway-tour/,2025-02-24,2025-07-18,2025-08-03,Neuroscience Group Field,"Appleton, WI",Stadium,FALSE,,,TRUE
Bachman-Turner Overdrive,"Bachman-Turner Overdrive, Marshall Tucker Band Unveil Dates For On ‘Roll On Down The Highway Tour’",https://news.pollstar.com/2025/02/24/bachman-turner-overdrive-marshall-tucker-band-unveil-dates-for-on-roll-on-down-the-highway-tour/,2025-02-24,2025-07-18,2025-08-03,The Mill Terre Haute,"Terre Haute, IN",Club,FALSE,,,TRUE
Bachman-Turner Overdrive,"Bachman-Turner Overdrive, Marshall Tucker Band Unveil Dates For On ‘Roll On Down The Highway Tour’",https://news.pollstar.com/2025/02/24/bachman-turner-overdrive-marshall-tucker-band-unveil-dates-for-on-roll-on-down-the-highway-tour/,2025-02-24,2025-07-18,2025-08-03,Rose Music Center,"Huber Heights, OH",Amphitheater,LYV,,,TRUE
Bachman-Turner Overdrive,"Bachman-Turner Overdrive, Marshall Tucker Band Unveil Dates For On ‘Roll On Down The Highway Tour’",https://news.pollstar.com/2025/02/24/bachman-turner-overdrive-marshall-tucker-band-unveil-dates-for-on-roll-on-down-the-highway-tour/,2025-02-24,2025-07-18,2025-08-03,Lucky Star Casino,"El Reno, OK",Other,FALSE,,,TRUE
Bachman-Turner Overdrive,"Bachman-Turner Overdrive, Marshall Tucker Band Unveil Dates For On ‘Roll On Down The Highway Tour’",https://news.pollstar.com/2025/02/24/bachman-turner-overdrive-marshall-tucker-band-unveil-dates-for-on-roll-on-down-the-highway-tour/,2025-02-24,2025-07-18,2025-08-03,Amarillo Civic Center Complex #,"Amarillo, TX",Club,FALSE,,,TRUE
‘Hans Zimmer Live’ Heads To Asia,‘Hans Zimmer Live’ Heads To Asia & Australia In 2025,https://news.pollstar.com/2025/02/21/hans-zimmer-live-heads-to-asia-australia-in-2025/,2025-02-21,2025-04-24,2025-05-31,Brisbane Entertainment Centre,"Brisbane, QLD",Arena,FALSE,,,TRUE
‘Hans Zimmer Live’ Heads To Asia,‘Hans Zimmer Live’ Heads To Asia & Australia In 2025,https://news.pollstar.com/2025/02/21/hans-zimmer-live-heads-to-asia-australia-in-2025/,2025-02-21,2025-04-24,2025-05-31,Qudos Bank Arena,"Sydney, NSW",Arena,FALSE,,,TRUE
‘Hans Zimmer Live’ Heads To Asia,‘Hans Zimmer Live’ Heads To Asia & Australia In 2025,https://news.pollstar.com/2025/02/21/hans-zimmer-live-heads-to-asia-australia-in-2025/,2025-02-21,2025-04-24,2025-05-31,Qudos Bank Arena,"Sydney, NSW",Arena,FALSE,,,TRUE
‘Hans Zimmer Live’ Heads To Asia,‘Hans Zimmer Live’ Heads To Asia & Australia In 2025,https://news.pollstar.com/2025/02/21/hans-zimmer-live-heads-to-asia-australia-in-2025/,2025-02-21,2025-04-24,2025-05-31,Rod Laver Arena,"Melbourne, VIC",Arena,FALSE,,,TRUE
‘Hans Zimmer Live’ Heads To Asia,‘Hans Zimmer Live’ Heads To Asia & Australia In 2025,https://news.pollstar.com/2025/02/21/hans-zimmer-live-heads-to-asia-australia-in-2025/,2025-02-21,2025-04-24,2025-05-31,Rod Laver Arena,"Melbourne, VIC",Arena,FALSE,,,TRUE
‘Hans Zimmer Live’ Heads To Asia,‘Hans Zimmer Live’ Heads To Asia & Australia In 2025,https://news.pollstar.com/2025/02/21/hans-zimmer-live-heads-to-asia-australia-in-2025/,2025-02-21,2025-04-24,2025-05-31,Arena - Hong Kong,AsiaWorld-Expo,Arena,FALSE,,,TRUE
‘Hans Zimmer Live’ Heads To Asia,‘Hans Zimmer Live’ Heads To Asia & Australia In 2025,https://news.pollstar.com/2025/02/21/hans-zimmer-live-heads-to-asia-australia-in-2025/,2025-02-21,2025-04-24,2025-05-31,"Seoul, South Korea",Inspire Arena,Other,FALSE,,,TRUE
‘Hans Zimmer Live’ Heads To Asia,‘Hans Zimmer Live’ Heads To Asia & Australia In 2025,https://news.pollstar.com/2025/02/21/hans-zimmer-live-heads-to-asia-australia-in-2025/,2025-02-21,2025-04-24,2025-05-31,"Yokohama-Shi, Japan",Pia Arena MM,Other,FALSE,,,TRUE
‘Hans Zimmer Live’ Heads To Asia,‘Hans Zimmer Live’ Heads To Asia & Australia In 2025,https://news.pollstar.com/2025/02/21/hans-zimmer-live-heads-to-asia-australia-in-2025/,2025-02-21,2025-04-24,2025-05-31,"Nagoya, Japan",IG Arena,Other,FALSE,,,TRUE
‘Hans Zimmer Live’ Heads To Asia,‘Hans Zimmer Live’ Heads To Asia & Australia In 2025,https://news.pollstar.com/2025/02/21/hans-zimmer-live-heads-to-asia-australia-in-2025/,2025-02-21,2025-04-24,2025-05-31,Etihad Arena,"Abu Dhabi, UAE",Arena,FALSE,,,TRUE
Gary Clark Jr.,Gary Clark Jr. Adds Dates To 2025 Tour,https://news.pollstar.com/2025/02/18/gary-clark-jr-adds-dates-to-2025-tour/,2025-02-18,2025-02-19,2025-09-04,Grand Sierra Resort and Casino,"Reno, NV",Theater,FALSE,,,TRUE
Gary Clark Jr.,Gary Clark Jr. Adds Dates To 2025 Tour,https://news.pollstar.com/2025/02/18/gary-clark-jr-adds-dates-to-2025-tour/,2025-02-18,2025-02-19,2025-09-04,Brooklyn Bowl Las Vegas,"Las Vegas, NV",Club,LYV,,,TRUE
Gary Clark Jr.,Gary Clark Jr. Adds Dates To 2025 Tour,https://news.pollstar.com/2025/02/18/gary-clark-jr-adds-dates-to-2025-tour/,2025-02-18,2025-02-19,2025-09-04,Innings Festival,"Tempe, AZ",Amphitheater,LYV,,,TRUE
Gary Clark Jr.,Gary Clark Jr. Adds Dates To 2025 Tour,https://news.pollstar.com/2025/02/18/gary-clark-jr-adds-dates-to-2025-tour/,2025-02-18,2025-02-19,2025-09-04,Abraham Chavez Theatre,"El Paso, TX",Theater,FALSE,,,TRUE
Gary Clark Jr.,Gary Clark Jr. Adds Dates To 2025 Tour,https://news.pollstar.com/2025/02/18/gary-clark-jr-adds-dates-to-2025-tour/,2025-02-18,2025-02-19,2025-09-04,Aztec Theatre,"San Antonio, TX",Theater,FALSE,,,TRUE
Gary Clark Jr.,Gary Clark Jr. Adds Dates To 2025 Tour,https://news.pollstar.com/2025/02/18/gary-clark-jr-adds-dates-to-2025-tour/,2025-02-18,2025-02-19,2025-09-04,713 Music Hall,"Houston, TX",Theater,FALSE,,,TRUE
Gary Clark Jr.,Gary Clark Jr. Adds Dates To 2025 Tour,https://news.pollstar.com/2025/02/18/gary-clark-jr-adds-dates-to-2025-tour/,2025-02-18,2025-02-19,2025-09-04,The Eastern,"Atlanta, GA",Club,FALSE,,,TRUE
Gary Clark Jr.,Gary Clark Jr. Adds Dates To 2025 Tour,https://news.pollstar.com/2025/02/18/gary-clark-jr-adds-dates-to-2025-tour/,2025-02-18,2025-02-19,2025-09-04,Ryman Auditorium,"Nashville, TN",Theater,FALSE,,,TRUE
Gary Clark Jr.,Gary Clark Jr. Adds Dates To 2025 Tour,https://news.pollstar.com/2025/02/18/gary-clark-jr-adds-dates-to-2025-tour/,2025-02-18,2025-02-19,2025-09-04,Ryman Auditorium,"Nashville, TN",Theater,FALSE,,,TRUE
Gary Clark Jr.,Gary Clark Jr. Adds Dates To 2025 Tour,https://news.pollstar.com/2025/02/18/gary-clark-jr-adds-dates-to-2025-tour/,2025-02-18,2025-02-19,2025-09-04,Tennessee Theatre,"Knoxville, TN",Auditorium,FALSE,,,TRUE
Gary Clark Jr.,Gary Clark Jr. Adds Dates To 2025 Tour,https://news.pollstar.com/2025/02/18/gary-clark-jr-adds-dates-to-2025-tour/,2025-02-18,2025-02-19,2025-09-04,Ovens Auditorium,"Charlotte, NC",Theater,FALSE,,,TRUE
Gary Clark Jr.,Gary Clark Jr. Adds Dates To 2025 Tour,https://news.pollstar.com/2025/02/18/gary-clark-jr-adds-dates-to-2025-tour/,2025-02-18,2025-02-19,2025-09-04,North Charleston Performing Arts Center,"North Charleston, SC",Theater,FALSE,,,TRUE
Gary Clark Jr.,Gary Clark Jr. Adds Dates To 2025 Tour,https://news.pollstar.com/2025/02/18/gary-clark-jr-adds-dates-to-2025-tour/,2025-02-18,2025-02-19,2025-09-04,Seminole Hard Rock Tampa Event Center,"Tampa, FL",Other,FALSE,,,TRUE
Gary Clark Jr.,Gary Clark Jr. Adds Dates To 2025 Tour,https://news.pollstar.com/2025/02/18/gary-clark-jr-adds-dates-to-2025-tour/,2025-02-18,2025-02-19,2025-09-04,Hard Rock Live Orlando,"Orlando, FL",Theater,FALSE,,,TRUE
Gary Clark Jr.,Gary Clark Jr. Adds Dates To 2025 Tour,https://news.pollstar.com/2025/02/18/gary-clark-jr-adds-dates-to-2025-tour/,2025-02-18,2025-02-19,2025-09-04,Hard Rock Live at Seminole Hard Rock Hotel & Casino Hollywood,"Hollywood, FL",Theater,FALSE,,,TRUE
Gary Clark Jr.,Gary Clark Jr. Adds Dates To 2025 Tour,https://news.pollstar.com/2025/02/18/gary-clark-jr-adds-dates-to-2025-tour/,2025-02-18,2025-02-19,2025-09-04,Palais Theatre,"Melbourne, AUS",Auditorium,FALSE,,,TRUE
Gary Clark Jr.,Gary Clark Jr. Adds Dates To 2025 Tour,https://news.pollstar.com/2025/02/18/gary-clark-jr-adds-dates-to-2025-tour/,2025-02-18,2025-02-19,2025-09-04,The Republik+,"Honolulu, HI",Club,FALSE,,,TRUE
Gary Clark Jr.,Gary Clark Jr. Adds Dates To 2025 Tour,https://news.pollstar.com/2025/02/18/gary-clark-jr-adds-dates-to-2025-tour/,2025-02-18,2025-02-19,2025-09-04,The Republik+,"Honolulu, HI",Club,FALSE,,,TRUE
Gary Clark Jr.,Gary Clark Jr. Adds Dates To 2025 Tour,https://news.pollstar.com/2025/02/18/gary-clark-jr-adds-dates-to-2025-tour/,2025-02-18,2025-02-19,2025-09-04,Yaamava’ Theater,"Highland, CA",Theater,FALSE,,,TRUE
Gary Clark Jr.,Gary Clark Jr. Adds Dates To 2025 Tour,https://news.pollstar.com/2025/02/18/gary-clark-jr-adds-dates-to-2025-tour/,2025-02-18,2025-02-19,2025-09-04,Mill Valley Music Festival,"Mill Valley, CA",Other,FALSE,,,TRUE
Gary Clark Jr.,Gary Clark Jr. Adds Dates To 2025 Tour,https://news.pollstar.com/2025/02/18/gary-clark-jr-adds-dates-to-2025-tour/,2025-02-18,2025-02-19,2025-09-04,Wonderfront Music Festival,"San Diego, CA",Other,FALSE,,,TRUE
Gary Clark Jr.,Gary Clark Jr. Adds Dates To 2025 Tour,https://news.pollstar.com/2025/02/18/gary-clark-jr-adds-dates-to-2025-tour/,2025-02-18,2025-02-19,2025-09-04,Palace Theatre,"St. Paul, MN",Theater,FALSE,,,TRUE
Gary Clark Jr.,Gary Clark Jr. Adds Dates To 2025 Tour,https://news.pollstar.com/2025/02/18/gary-clark-jr-adds-dates-to-2025-tour/,2025-02-18,2025-02-19,2025-09-04,Summerfest,"Milwaukee, WI",Amphitheater,LYV,,,TRUE
Gary Clark Jr.,Gary Clark Jr. Adds Dates To 2025 Tour,https://news.pollstar.com/2025/02/18/gary-clark-jr-adds-dates-to-2025-tour/,2025-02-18,2025-02-19,2025-09-04,Interlochen Center for the Arts - Kresge Auditorium,"Interlochen, MI",Theater,FALSE,,,TRUE
Gary Clark Jr.,Gary Clark Jr. Adds Dates To 2025 Tour,https://news.pollstar.com/2025/02/18/gary-clark-jr-adds-dates-to-2025-tour/,2025-02-18,2025-02-19,2025-09-04,Artpark Outdoor Amphitheater,"Lewiston, NY",Theater,FALSE,,,TRUE
Gary Clark Jr.,Gary Clark Jr. Adds Dates To 2025 Tour,https://news.pollstar.com/2025/02/18/gary-clark-jr-adds-dates-to-2025-tour/,2025-02-18,2025-02-19,2025-09-04,Shelburne Museum - The Green,"Shelburne, VT",Other,FALSE,,,TRUE
Gary Clark Jr.,Gary Clark Jr. Adds Dates To 2025 Tour,https://news.pollstar.com/2025/02/18/gary-clark-jr-adds-dates-to-2025-tour/,2025-02-18,2025-02-19,2025-09-04,Saratoga Jazz Festival,"Saratoga Springs, NY",Other,FALSE,,,TRUE
Gary Clark Jr.,Gary Clark Jr. Adds Dates To 2025 Tour,https://news.pollstar.com/2025/02/18/gary-clark-jr-adds-dates-to-2025-tour/,2025-02-18,2025-02-19,2025-09-04,Tree House Brewing Company,"Deerfield, MA",Club,FALSE,,,TRUE
Gary Clark Jr.,Gary Clark Jr. Adds Dates To 2025 Tour,https://news.pollstar.com/2025/02/18/gary-clark-jr-adds-dates-to-2025-tour/,2025-02-18,2025-02-19,2025-09-04,Tree House Brewing Company,"Deerfield, MA",Club,FALSE,,,TRUE
Gary Clark Jr.,Gary Clark Jr. Adds Dates To 2025 Tour,https://news.pollstar.com/2025/02/18/gary-clark-jr-adds-dates-to-2025-tour/,2025-02-18,2025-02-19,2025-09-04,Parx Casino - Xcite Center,"Bensalem, PA",Other,FALSE,,,TRUE
Gary Clark Jr.,Gary Clark Jr. Adds Dates To 2025 Tour,https://news.pollstar.com/2025/02/18/gary-clark-jr-adds-dates-to-2025-tour/,2025-02-18,2025-02-19,2025-09-04,The Stone Pony Summer Stage,"Asbury Park, NJ",Amphitheater,LYV,,,TRUE
Gary Clark Jr.,Gary Clark Jr. Adds Dates To 2025 Tour,https://news.pollstar.com/2025/02/18/gary-clark-jr-adds-dates-to-2025-tour/,2025-02-18,2025-02-19,2025-09-04,Live Oak Bank Pavilion at Riverfront Park,"Wilmington, NC",Amphitheater,LYV,,,TRUE
Gary Clark Jr.,Gary Clark Jr. Adds Dates To 2025 Tour,https://news.pollstar.com/2025/02/18/gary-clark-jr-adds-dates-to-2025-tour/,2025-02-18,2025-02-19,2025-09-04,Asheville Yards Amphitheater,"Asheville, NC",Theater,FALSE,,,TRUE
Gary Clark Jr.,Gary Clark Jr. Adds Dates To 2025 Tour,https://news.pollstar.com/2025/02/18/gary-clark-jr-adds-dates-to-2025-tour/,2025-02-18,2025-02-19,2025-09-04,The Pageant,"St. Louis, MO",Theater,FALSE,,,TRUE
Lil Baby,Lil Baby Announces 2025 World Tour,https://news.pollstar.com/2025/02/18/lil-baby-announces-2025-world-tour/,2025-02-18,2025-06-03,2025-10-16,Toyota Center,"Houston, TX",Arena,FALSE,,,TRUE
Lil Baby,Lil Baby Announces 2025 World Tour,https://news.pollstar.com/2025/02/18/lil-baby-announces-2025-world-tour/,2025-02-18,2025-06-03,2025-10-16,American Airlines Center,"Dallas, TX",Arena,FALSE,,,TRUE
Lil Baby,Lil Baby Announces 2025 World Tour,https://news.pollstar.com/2025/02/18/lil-baby-announces-2025-world-tour/,2025-02-18,2025-06-03,2025-10-16,State Farm Arena,"Atlanta, GA",Arena,FALSE,,,TRUE
Lil Baby,Lil Baby Announces 2025 World Tour,https://news.pollstar.com/2025/02/18/lil-baby-announces-2025-world-tour/,2025-02-18,2025-06-03,2025-10-16,Bridgestone Arena,"Nashville, TN",Arena,FALSE,,,TRUE
Lil Baby,Lil Baby Announces 2025 World Tour,https://news.pollstar.com/2025/02/18/lil-baby-announces-2025-world-tour/,2025-02-18,2025-06-03,2025-10-16,Kaseya Center*,"Miami, FL",Arena,FALSE,,,TRUE
Lil Baby,Lil Baby Announces 2025 World Tour,https://news.pollstar.com/2025/02/18/lil-baby-announces-2025-world-tour/,2025-02-18,2025-06-03,2025-10-16,VyStar Veterans Memorial Arena,"Jacksonville, FL",Arena,FALSE,,,TRUE
Lil Baby,Lil Baby Announces 2025 World Tour,https://news.pollstar.com/2025/02/18/lil-baby-announces-2025-world-tour/,2025-02-18,2025-06-03,2025-10-16,Lenovo Center,"Raleigh, NC",Arena,FALSE,,,TRUE
Lil Baby,Lil Baby Announces 2025 World Tour,https://news.pollstar.com/2025/02/18/lil-baby-announces-2025-world-tour/,2025-02-18,2025-06-03,2025-10-16,CFG Bank Arena,"Baltimore, MD",Arena,FALSE,,,TRUE
Lil Baby,Lil Baby Announces 2025 World Tour,https://news.pollstar.com/2025/02/18/lil-baby-announces-2025-world-tour/,2025-02-18,2025-06-03,2025-10-16,Barclays Center,"Brooklyn, NY",Arena,FALSE,,,TRUE
Lil Baby,Lil Baby Announces 2025 World Tour,https://news.pollstar.com/2025/02/18/lil-baby-announces-2025-world-tour/,2025-02-18,2025-06-03,2025-10-16,Wells Fargo Center,"Philadelphia, PA",Arena,FALSE,,,TRUE
Lil Baby,Lil Baby Announces 2025 World Tour,https://news.pollstar.com/2025/02/18/lil-baby-announces-2025-world-tour/,2025-02-18,2025-06-03,2025-10-16,Nationwide Arena,"Columbus, OH",Arena,FALSE,,,TRUE
Lil Baby,Lil Baby Announces 2025 World Tour,https://news.pollstar.com/2025/02/18/lil-baby-announces-2025-world-tour/,2025-02-18,2025-06-03,2025-10-16,Little Caesars Arena,"Detroit, MI",Theater,FALSE,,,TRUE
Lil Baby,Lil Baby Announces 2025 World Tour,https://news.pollstar.com/2025/02/18/lil-baby-announces-2025-world-tour/,2025-02-18,2025-06-03,2025-10-16,Fiserv Forum,"Milwaukee, WI",Arena,FALSE,,,TRUE
Lil Baby,Lil Baby Announces 2025 World Tour,https://news.pollstar.com/2025/02/18/lil-baby-announces-2025-world-tour/,2025-02-18,2025-06-03,2025-10-16,United Center,"Chicago, IL",Arena,FALSE,,,TRUE
Lil Baby,Lil Baby Announces 2025 World Tour,https://news.pollstar.com/2025/02/18/lil-baby-announces-2025-world-tour/,2025-02-18,2025-06-03,2025-10-16,Intuit Dome,"Los Angeles, CA",Arena,FALSE,,,TRUE
Lil Baby,Lil Baby Announces 2025 World Tour,https://news.pollstar.com/2025/02/18/lil-baby-announces-2025-world-tour/,2025-02-18,2025-06-03,2025-10-16,Max Schmeling Halle,"Berlin, Germany",Arena,FALSE,,,TRUE
Lil Baby,Lil Baby Announces 2025 World Tour,https://news.pollstar.com/2025/02/18/lil-baby-announces-2025-world-tour/,2025-02-18,2025-06-03,2025-10-16,KB Hallen,"Copenhagen, Denmark",Arena,FALSE,,,TRUE
Lil Baby,Lil Baby Announces 2025 World Tour,https://news.pollstar.com/2025/02/18/lil-baby-announces-2025-world-tour/,2025-02-18,2025-06-03,2025-10-16,Mitsubishi Electric Halle,"Dusseldorf, Germany",Arena,FALSE,,,TRUE
Lil Baby,Lil Baby Announces 2025 World Tour,https://news.pollstar.com/2025/02/18/lil-baby-announces-2025-world-tour/,2025-02-18,2025-06-03,2025-10-16,Forest National,"Brussels, Belgium",Arena,FALSE,,,TRUE
Lil Baby,Lil Baby Announces 2025 World Tour,https://news.pollstar.com/2025/02/18/lil-baby-announces-2025-world-tour/,2025-02-18,2025-06-03,2025-10-16,AFAS Live,"Amsterdam, Netherlands",Club,LYV,,,TRUE
Lil Baby,Lil Baby Announces 2025 World Tour,https://news.pollstar.com/2025/02/18/lil-baby-announces-2025-world-tour/,2025-02-18,2025-06-03,2025-10-16,The Hall,"Zurich, Switzerland",Theater,FALSE,,,TRUE
Lil Baby,Lil Baby Announces 2025 World Tour,https://news.pollstar.com/2025/02/18/lil-baby-announces-2025-world-tour/,2025-02-18,2025-06-03,2025-10-16,Adidas Arena,"Paris, France",Arena,FALSE,,,TRUE
Lil Baby,Lil Baby Announces 2025 World Tour,https://news.pollstar.com/2025/02/18/lil-baby-announces-2025-world-tour/,2025-02-18,2025-06-03,2025-10-16,Co-op Live,"Manchester, UK",Arena,FALSE,,,TRUE
Lil Baby,Lil Baby Announces 2025 World Tour,https://news.pollstar.com/2025/02/18/lil-baby-announces-2025-world-tour/,2025-02-18,2025-06-03,2025-10-16,The O2,"London, UK",Arena,FALSE,,,TRUE
Lil Baby,Lil Baby Announces 2025 World Tour,https://news.pollstar.com/2025/02/18/lil-baby-announces-2025-world-tour/,2025-02-18,2025-06-03,2025-10-16,RAC Arena,"Perth, Australia",Arena,FALSE,,,TRUE
Lil Baby,Lil Baby Announces 2025 World Tour,https://news.pollstar.com/2025/02/18/lil-baby-announces-2025-world-tour/,2025-02-18,2025-06-03,2025-10-16,Qudos Bank Arena,"Sydney, Australia",Arena,FALSE,,,TRUE
Lil Baby,Lil Baby Announces 2025 World Tour,https://news.pollstar.com/2025/02/18/lil-baby-announces-2025-world-tour/,2025-02-18,2025-06-03,2025-10-16,Brisbane Entertainment Centre,"Brisbane, Australia",Arena,FALSE,,,TRUE
Lil Baby,Lil Baby Announces 2025 World Tour,https://news.pollstar.com/2025/02/18/lil-baby-announces-2025-world-tour/,2025-02-18,2025-06-03,2025-10-16,Rod Laver Arena,"Melbourne, Australia",Arena,FALSE,,,TRUE
Lil Baby,Lil Baby Announces 2025 World Tour,https://news.pollstar.com/2025/02/18/lil-baby-announces-2025-world-tour/,2025-02-18,2025-06-03,2025-10-16,Zealand,"Auckland, New",Other,FALSE,,,TRUE
Julión Álvarez Bringing ‘4218 Tour’ To AT,Julión Álvarez Bringing ‘4218 Tour’ To AT&T Stadium,https://news.pollstar.com/2025/02/03/julion-alvarez-bringing-4218-tour-to-att-stadium/,2025-02-03,2025-04-17,2025-05-24,SoFi Stadium,"Inglewood, CA",Stadium,FALSE,,,TRUE
Julión Álvarez Bringing ‘4218 Tour’ To AT,Julión Álvarez Bringing ‘4218 Tour’ To AT&T Stadium,https://news.pollstar.com/2025/02/03/julion-alvarez-bringing-4218-tour-to-att-stadium/,2025-02-03,2025-04-17,2025-05-24,SoFi Stadium,"Inglewood, CA",Stadium,FALSE,,,TRUE
Julión Álvarez Bringing ‘4218 Tour’ To AT,Julión Álvarez Bringing ‘4218 Tour’ To AT&T Stadium,https://news.pollstar.com/2025/02/03/julion-alvarez-bringing-4218-tour-to-att-stadium/,2025-02-03,2025-04-17,2025-05-24,SoFi Stadium,"Inglewood, CA",Stadium,FALSE,,,TRUE
Julión Álvarez Bringing ‘4218 Tour’ To AT,Julión Álvarez Bringing ‘4218 Tour’ To AT&T Stadium,https://news.pollstar.com/2025/02/03/julion-alvarez-bringing-4218-tour-to-att-stadium/,2025-02-03,2025-04-17,2025-05-24,AT&T Stadium,"Arlington, TX",Stadium,FALSE,,,TRUE
Hozier Heads To Stadiums On Next ‘Unreal Unearth’ Leg,Hozier Heads To Stadiums On Next ‘Unreal Unearth’ Leg,https://news.pollstar.com/2025/01/30/hozier-heads-to-stadiums-on-next-unreal-unearth-leg/,2025-01-30,2025-06-08,2025-09-19,Governors Ball Music Festival,"New York, NY",Amphitheater,LYV,,,TRUE
Hozier Heads To Stadiums On Next ‘Unreal Unearth’ Leg,Hozier Heads To Stadiums On Next ‘Unreal Unearth’ Leg,https://news.pollstar.com/2025/01/30/hozier-heads-to-stadiums-on-next-unreal-unearth-leg/,2025-01-30,2025-06-08,2025-09-19,Freedom Mortgage Pavilion,"Camden, NJ",Amphitheater,LYV,,,TRUE
Hozier Heads To Stadiums On Next ‘Unreal Unearth’ Leg,Hozier Heads To Stadiums On Next ‘Unreal Unearth’ Leg,https://news.pollstar.com/2025/01/30/hozier-heads-to-stadiums-on-next-unreal-unearth-leg/,2025-01-30,2025-06-08,2025-09-19,Thunder Ridge Nature Arena,"Ridgedale, MO",Arena,FALSE,,,TRUE
Hozier Heads To Stadiums On Next ‘Unreal Unearth’ Leg,Hozier Heads To Stadiums On Next ‘Unreal Unearth’ Leg,https://news.pollstar.com/2025/01/30/hozier-heads-to-stadiums-on-next-unreal-unearth-leg/,2025-01-30,2025-06-08,2025-09-19,Bonnaroo Music & Arts Festival,"Manchester, TN",Amphitheater,LYV,,,TRUE
Hozier Heads To Stadiums On Next ‘Unreal Unearth’ Leg,Hozier Heads To Stadiums On Next ‘Unreal Unearth’ Leg,https://news.pollstar.com/2025/01/30/hozier-heads-to-stadiums-on-next-unreal-unearth-leg/,2025-01-30,2025-06-08,2025-09-19,Historic Crew Stadium,"Columbus, OH",Stadium,FALSE,,,TRUE
Hozier Heads To Stadiums On Next ‘Unreal Unearth’ Leg,Hozier Heads To Stadiums On Next ‘Unreal Unearth’ Leg,https://news.pollstar.com/2025/01/30/hozier-heads-to-stadiums-on-next-unreal-unearth-leg/,2025-01-30,2025-06-08,2025-09-19,Summerfest~,"Milwaukee, WI",Amphitheater,LYV,,,TRUE
Hozier Heads To Stadiums On Next ‘Unreal Unearth’ Leg,Hozier Heads To Stadiums On Next ‘Unreal Unearth’ Leg,https://news.pollstar.com/2025/01/30/hozier-heads-to-stadiums-on-next-unreal-unearth-leg/,2025-01-30,2025-06-08,2025-09-19,Fenway Park*@,"Boston, MA",Stadium,FALSE,,,TRUE
Hozier Heads To Stadiums On Next ‘Unreal Unearth’ Leg,Hozier Heads To Stadiums On Next ‘Unreal Unearth’ Leg,https://news.pollstar.com/2025/01/30/hozier-heads-to-stadiums-on-next-unreal-unearth-leg/,2025-01-30,2025-06-08,2025-09-19,Ford Wyoming Center+@ - *RESCHEDULED DATE,"Casper, WY",Arena,FALSE,,,TRUE
Hozier Heads To Stadiums On Next ‘Unreal Unearth’ Leg,Hozier Heads To Stadiums On Next ‘Unreal Unearth’ Leg,https://news.pollstar.com/2025/01/30/hozier-heads-to-stadiums-on-next-unreal-unearth-leg/,2025-01-30,2025-06-08,2025-09-19,First Interstate Arena at MetraPark+@ - RESCHEDULED DATE,"Billings, MT",Arena,FALSE,,,TRUE
Hozier Heads To Stadiums On Next ‘Unreal Unearth’ Leg,Hozier Heads To Stadiums On Next ‘Unreal Unearth’ Leg,https://news.pollstar.com/2025/01/30/hozier-heads-to-stadiums-on-next-unreal-unearth-leg/,2025-01-30,2025-06-08,2025-09-19,Zootown Music Festival,"Missoula, MT",Amphitheater,LYV,,,TRUE
Hozier Heads To Stadiums On Next ‘Unreal Unearth’ Leg,Hozier Heads To Stadiums On Next ‘Unreal Unearth’ Leg,https://news.pollstar.com/2025/01/30/hozier-heads-to-stadiums-on-next-unreal-unearth-leg/,2025-01-30,2025-06-08,2025-09-19,Minnesota Yacht Club Festival,"St. Paul, MN",Amphitheater,LYV,,,TRUE
Hozier Heads To Stadiums On Next ‘Unreal Unearth’ Leg,Hozier Heads To Stadiums On Next ‘Unreal Unearth’ Leg,https://news.pollstar.com/2025/01/30/hozier-heads-to-stadiums-on-next-unreal-unearth-leg/,2025-01-30,2025-06-08,2025-09-19,DICK’S Sporting Goods Park,"Commerce City, CO",Other,FALSE,,,TRUE
Hozier Heads To Stadiums On Next ‘Unreal Unearth’ Leg,Hozier Heads To Stadiums On Next ‘Unreal Unearth’ Leg,https://news.pollstar.com/2025/01/30/hozier-heads-to-stadiums-on-next-unreal-unearth-leg/,2025-01-30,2025-06-08,2025-09-19,Credit Union 1 Amphitheatre,"Tinley Park, IL",Amphitheater,LYV,,,TRUE
Hozier Heads To Stadiums On Next ‘Unreal Unearth’ Leg,Hozier Heads To Stadiums On Next ‘Unreal Unearth’ Leg,https://news.pollstar.com/2025/01/30/hozier-heads-to-stadiums-on-next-unreal-unearth-leg/,2025-01-30,2025-06-08,2025-09-19,Utah First Credit Union Amphitheatre,"Salt Lake City, UT",Amphitheater,LYV,,,TRUE
Hozier Heads To Stadiums On Next ‘Unreal Unearth’ Leg,Hozier Heads To Stadiums On Next ‘Unreal Unearth’ Leg,https://news.pollstar.com/2025/01/30/hozier-heads-to-stadiums-on-next-unreal-unearth-leg/,2025-01-30,2025-06-08,2025-09-19,Lake Tahoe Outdoor Arena at Harveys~,"South Lake Tahoe, NV",Arena,FALSE,,,TRUE
Hozier Heads To Stadiums On Next ‘Unreal Unearth’ Leg,Hozier Heads To Stadiums On Next ‘Unreal Unearth’ Leg,https://news.pollstar.com/2025/01/30/hozier-heads-to-stadiums-on-next-unreal-unearth-leg/,2025-01-30,2025-06-08,2025-09-19,Moda Center,"Portland, OR",Arena,FALSE,,,TRUE
Hozier Heads To Stadiums On Next ‘Unreal Unearth’ Leg,Hozier Heads To Stadiums On Next ‘Unreal Unearth’ Leg,https://news.pollstar.com/2025/01/30/hozier-heads-to-stadiums-on-next-unreal-unearth-leg/,2025-01-30,2025-06-08,2025-09-19,T-Mobile Park,"Seattle, WA",Stadium,FALSE,,,TRUE
Hozier Heads To Stadiums On Next ‘Unreal Unearth’ Leg,Hozier Heads To Stadiums On Next ‘Unreal Unearth’ Leg,https://news.pollstar.com/2025/01/30/hozier-heads-to-stadiums-on-next-unreal-unearth-leg/,2025-01-30,2025-06-08,2025-09-19,"Rogers Stadium@ Sun Sep 14 - Green Gables, PE - Sommo Music Festival^ Tue Sep 16 - Bristow, VA - Jiffy Lube Live","Toronto, ON",Amphitheater,LYV,,,TRUE
Hozier Heads To Stadiums On Next ‘Unreal Unearth’ Leg,Hozier Heads To Stadiums On Next ‘Unreal Unearth’ Leg,https://news.pollstar.com/2025/01/30/hozier-heads-to-stadiums-on-next-unreal-unearth-leg/,2025-01-30,2025-06-08,2025-09-19,HersheyPark Stadium,"Hershey, PA",Stadium,FALSE,,,TRUE
Dave Matthews Band Embarking On 32-Date Tour,"Dave Matthews Band Embarking On 32-Date Tour, Including First Show At Kia Forum In 27 Years",https://news.pollstar.com/2025/01/29/dave-matthews-band-embarking-on-32-date-tour-including-first-show-at-kia-forum-in-27-years/,2025-01-29,2025-04-27,2025-08-31,New Orleans Jazz & Heritage Fest,"New Orleans, LA",Amphitheater,LYV,,,TRUE
Dave Matthews Band Embarking On 32-Date Tour,"Dave Matthews Band Embarking On 32-Date Tour, Including First Show At Kia Forum In 27 Years",https://news.pollstar.com/2025/01/29/dave-matthews-band-embarking-on-32-date-tour-including-first-show-at-kia-forum-in-27-years/,2025-01-29,2025-04-27,2025-08-31,Lovin’ Life Festival,"Charlotte, NC",Other,FALSE,,,TRUE
Dave Matthews Band Embarking On 32-Date Tour,"Dave Matthews Band Embarking On 32-Date Tour, Including First Show At Kia Forum In 27 Years",https://news.pollstar.com/2025/01/29/dave-matthews-band-embarking-on-32-date-tour-including-first-show-at-kia-forum-in-27-years/,2025-01-29,2025-04-27,2025-08-31,Bethel Woods Center for the Arts,"Bethel, NY",Arena,FALSE,,,TRUE
Dave Matthews Band Embarking On 32-Date Tour,"Dave Matthews Band Embarking On 32-Date Tour, Including First Show At Kia Forum In 27 Years",https://news.pollstar.com/2025/01/29/dave-matthews-band-embarking-on-32-date-tour-including-first-show-at-kia-forum-in-27-years/,2025-01-29,2025-04-27,2025-08-31,Boston Calling Festival,"Boston, MA",Other,FALSE,,,TRUE
Dave Matthews Band Embarking On 32-Date Tour,"Dave Matthews Band Embarking On 32-Date Tour, Including First Show At Kia Forum In 27 Years",https://news.pollstar.com/2025/01/29/dave-matthews-band-embarking-on-32-date-tour-including-first-show-at-kia-forum-in-27-years/,2025-01-29,2025-04-27,2025-08-31,Empower Federal Credit Union Amphitheater,"Syracuse, NY",Amphitheater,LYV,,,TRUE
Dave Matthews Band Embarking On 32-Date Tour,"Dave Matthews Band Embarking On 32-Date Tour, Including First Show At Kia Forum In 27 Years",https://news.pollstar.com/2025/01/29/dave-matthews-band-embarking-on-32-date-tour-including-first-show-at-kia-forum-in-27-years/,2025-01-29,2025-04-27,2025-08-31,Blossom Music Center,"Cuyahoga Falls, OH",Amphitheater,LYV,,,TRUE
Dave Matthews Band Embarking On 32-Date Tour,"Dave Matthews Band Embarking On 32-Date Tour, Including First Show At Kia Forum In 27 Years",https://news.pollstar.com/2025/01/29/dave-matthews-band-embarking-on-32-date-tour-including-first-show-at-kia-forum-in-27-years/,2025-01-29,2025-04-27,2025-08-31,Merriweather Post Pavilion,"Columbia, MD",Amphitheater,LYV,,,TRUE
Dave Matthews Band Embarking On 32-Date Tour,"Dave Matthews Band Embarking On 32-Date Tour, Including First Show At Kia Forum In 27 Years",https://news.pollstar.com/2025/01/29/dave-matthews-band-embarking-on-32-date-tour-including-first-show-at-kia-forum-in-27-years/,2025-01-29,2025-04-27,2025-08-31,PNC Bank Arts Center,"Holmdel, NJ",Arena,LYV,,,TRUE
Dave Matthews Band Embarking On 32-Date Tour,"Dave Matthews Band Embarking On 32-Date Tour, Including First Show At Kia Forum In 27 Years",https://news.pollstar.com/2025/01/29/dave-matthews-band-embarking-on-32-date-tour-including-first-show-at-kia-forum-in-27-years/,2025-01-29,2025-04-27,2025-08-31,Best of Blues & Rock Festival,"Sao Paulo, Brazil",Other,FALSE,,,TRUE
Dave Matthews Band Embarking On 32-Date Tour,"Dave Matthews Band Embarking On 32-Date Tour, Including First Show At Kia Forum In 27 Years",https://news.pollstar.com/2025/01/29/dave-matthews-band-embarking-on-32-date-tour-including-first-show-at-kia-forum-in-27-years/,2025-01-29,2025-04-27,2025-08-31,Northwell at Jones Beach Theater,"Wantagh, NY",Amphitheater,LYV,,,TRUE
Dave Matthews Band Embarking On 32-Date Tour,"Dave Matthews Band Embarking On 32-Date Tour, Including First Show At Kia Forum In 27 Years",https://news.pollstar.com/2025/01/29/dave-matthews-band-embarking-on-32-date-tour-including-first-show-at-kia-forum-in-27-years/,2025-01-29,2025-04-27,2025-08-31,Riverbend Music Center,"Cincinnati, OH",Amphitheater,LYV,,,TRUE
Dave Matthews Band Embarking On 32-Date Tour,"Dave Matthews Band Embarking On 32-Date Tour, Including First Show At Kia Forum In 27 Years",https://news.pollstar.com/2025/01/29/dave-matthews-band-embarking-on-32-date-tour-including-first-show-at-kia-forum-in-27-years/,2025-01-29,2025-04-27,2025-08-31,Hollywood Casino Amphitheatre,"Maryland Heights, MO",Amphitheater,LYV,,,TRUE
Dave Matthews Band Embarking On 32-Date Tour,"Dave Matthews Band Embarking On 32-Date Tour, Including First Show At Kia Forum In 27 Years",https://news.pollstar.com/2025/01/29/dave-matthews-band-embarking-on-32-date-tour-including-first-show-at-kia-forum-in-27-years/,2025-01-29,2025-04-27,2025-08-31,Credit One Stadium,"Charleston, SC",Stadium,FALSE,,,TRUE
Dave Matthews Band Embarking On 32-Date Tour,"Dave Matthews Band Embarking On 32-Date Tour, Including First Show At Kia Forum In 27 Years",https://news.pollstar.com/2025/01/29/dave-matthews-band-embarking-on-32-date-tour-including-first-show-at-kia-forum-in-27-years/,2025-01-29,2025-04-27,2025-08-31,Credit One Stadium,"Charleston, SC",Stadium,FALSE,,,TRUE
Dave Matthews Band Embarking On 32-Date Tour,"Dave Matthews Band Embarking On 32-Date Tour, Including First Show At Kia Forum In 27 Years",https://news.pollstar.com/2025/01/29/dave-matthews-band-embarking-on-32-date-tour-including-first-show-at-kia-forum-in-27-years/,2025-01-29,2025-04-27,2025-08-31,Coca-Cola Amphitheatre,"Birmingham, AL",Amphitheater,LYV,,,TRUE
Dave Matthews Band Embarking On 32-Date Tour,"Dave Matthews Band Embarking On 32-Date Tour, Including First Show At Kia Forum In 27 Years",https://news.pollstar.com/2025/01/29/dave-matthews-band-embarking-on-32-date-tour-including-first-show-at-kia-forum-in-27-years/,2025-01-29,2025-04-27,2025-08-31,Ameris Bank Amphitheatre,"Alpharetta, GA",Amphitheater,LYV,,,TRUE
Dave Matthews Band Embarking On 32-Date Tour,"Dave Matthews Band Embarking On 32-Date Tour, Including First Show At Kia Forum In 27 Years",https://news.pollstar.com/2025/01/29/dave-matthews-band-embarking-on-32-date-tour-including-first-show-at-kia-forum-in-27-years/,2025-01-29,2025-04-27,2025-08-31,Huntington Bank Pavilion at Northerly Island,"Chicago, IL",Amphitheater,LYV,,,TRUE
Dave Matthews Band Embarking On 32-Date Tour,"Dave Matthews Band Embarking On 32-Date Tour, Including First Show At Kia Forum In 27 Years",https://news.pollstar.com/2025/01/29/dave-matthews-band-embarking-on-32-date-tour-including-first-show-at-kia-forum-in-27-years/,2025-01-29,2025-04-27,2025-08-31,Huntington Bank Pavilion at Northerly Island,"Chicago, IL",Amphitheater,LYV,,,TRUE
Dave Matthews Band Embarking On 32-Date Tour,"Dave Matthews Band Embarking On 32-Date Tour, Including First Show At Kia Forum In 27 Years",https://news.pollstar.com/2025/01/29/dave-matthews-band-embarking-on-32-date-tour-including-first-show-at-kia-forum-in-27-years/,2025-01-29,2025-04-27,2025-08-31,Budweiser Stage,"Toronto, ON",Amphitheater,LYV,,,TRUE
Dave Matthews Band Embarking On 32-Date Tour,"Dave Matthews Band Embarking On 32-Date Tour, Including First Show At Kia Forum In 27 Years",https://news.pollstar.com/2025/01/29/dave-matthews-band-embarking-on-32-date-tour-including-first-show-at-kia-forum-in-27-years/,2025-01-29,2025-04-27,2025-08-31,Pine Knob Music Theatre,"Clarkston, MI",Amphitheater,LYV,,,TRUE
Dave Matthews Band Embarking On 32-Date Tour,"Dave Matthews Band Embarking On 32-Date Tour, Including First Show At Kia Forum In 27 Years",https://news.pollstar.com/2025/01/29/dave-matthews-band-embarking-on-32-date-tour-including-first-show-at-kia-forum-in-27-years/,2025-01-29,2025-04-27,2025-08-31,Ruoff Music Center,"Noblesville, IN",Amphitheater,LYV,,,TRUE
Dave Matthews Band Embarking On 32-Date Tour,"Dave Matthews Band Embarking On 32-Date Tour, Including First Show At Kia Forum In 27 Years",https://news.pollstar.com/2025/01/29/dave-matthews-band-embarking-on-32-date-tour-including-first-show-at-kia-forum-in-27-years/,2025-01-29,2025-04-27,2025-08-31,Ruoff Music Center,"Noblesville, IN",Amphitheater,LYV,,,TRUE
Dave Matthews Band Embarking On 32-Date Tour,"Dave Matthews Band Embarking On 32-Date Tour, Including First Show At Kia Forum In 27 Years",https://news.pollstar.com/2025/01/29/dave-matthews-band-embarking-on-32-date-tour-including-first-show-at-kia-forum-in-27-years/,2025-01-29,2025-04-27,2025-08-31,Allianz Amphitheater at Riverfront,"Richmond, VA",Amphitheater,LYV,,,TRUE
Dave Matthews Band Embarking On 32-Date Tour,"Dave Matthews Band Embarking On 32-Date Tour, Including First Show At Kia Forum In 27 Years",https://news.pollstar.com/2025/01/29/dave-matthews-band-embarking-on-32-date-tour-including-first-show-at-kia-forum-in-27-years/,2025-01-29,2025-04-27,2025-08-31,Allianz Amphitheater at Riverfront,"Richmond, VA",Amphitheater,LYV,,,TRUE
Dave Matthews Band Embarking On 32-Date Tour,"Dave Matthews Band Embarking On 32-Date Tour, Including First Show At Kia Forum In 27 Years",https://news.pollstar.com/2025/01/29/dave-matthews-band-embarking-on-32-date-tour-including-first-show-at-kia-forum-in-27-years/,2025-01-29,2025-04-27,2025-08-31,Broadview Stage at SPAC,"Saratoga Springs, NY",Amphitheater,LYV,,,TRUE
Dave Matthews Band Embarking On 32-Date Tour,"Dave Matthews Band Embarking On 32-Date Tour, Including First Show At Kia Forum In 27 Years",https://news.pollstar.com/2025/01/29/dave-matthews-band-embarking-on-32-date-tour-including-first-show-at-kia-forum-in-27-years/,2025-01-29,2025-04-27,2025-08-31,Broadview Stage at SPAC,"Saratoga Springs, NY",Amphitheater,LYV,,,TRUE
Dave Matthews Band Embarking On 32-Date Tour,"Dave Matthews Band Embarking On 32-Date Tour, Including First Show At Kia Forum In 27 Years",https://news.pollstar.com/2025/01/29/dave-matthews-band-embarking-on-32-date-tour-including-first-show-at-kia-forum-in-27-years/,2025-01-29,2025-04-27,2025-08-31,BankNH Pavilion,"Gilford, NH",Amphitheater,LYV,,,TRUE
Dave Matthews Band Embarking On 32-Date Tour,"Dave Matthews Band Embarking On 32-Date Tour, Including First Show At Kia Forum In 27 Years",https://news.pollstar.com/2025/01/29/dave-matthews-band-embarking-on-32-date-tour-including-first-show-at-kia-forum-in-27-years/,2025-01-29,2025-04-27,2025-08-31,BankNH Pavilion,"Gilford, NH",Amphitheater,LYV,,,TRUE
Dave Matthews Band Embarking On 32-Date Tour,"Dave Matthews Band Embarking On 32-Date Tour, Including First Show At Kia Forum In 27 Years",https://news.pollstar.com/2025/01/29/dave-matthews-band-embarking-on-32-date-tour-including-first-show-at-kia-forum-in-27-years/,2025-01-29,2025-04-27,2025-08-31,Freedom Mortgage Pavilion,"Camden, NJ",Amphitheater,LYV,,,TRUE
Dave Matthews Band Embarking On 32-Date Tour,"Dave Matthews Band Embarking On 32-Date Tour, Including First Show At Kia Forum In 27 Years",https://news.pollstar.com/2025/01/29/dave-matthews-band-embarking-on-32-date-tour-including-first-show-at-kia-forum-in-27-years/,2025-01-29,2025-04-27,2025-08-31,Freedom Mortgage Pavilion,"Camden, NJ",Amphitheater,LYV,,,TRUE
Dave Matthews Band Embarking On 32-Date Tour,"Dave Matthews Band Embarking On 32-Date Tour, Including First Show At Kia Forum In 27 Years",https://news.pollstar.com/2025/01/29/dave-matthews-band-embarking-on-32-date-tour-including-first-show-at-kia-forum-in-27-years/,2025-01-29,2025-04-27,2025-08-31,Kia Forum,"Inglewood, CA",Arena,FALSE,,,TRUE
Dave Matthews Band Embarking On 32-Date Tour,"Dave Matthews Band Embarking On 32-Date Tour, Including First Show At Kia Forum In 27 Years",https://news.pollstar.com/2025/01/29/dave-matthews-band-embarking-on-32-date-tour-including-first-show-at-kia-forum-in-27-years/,2025-01-29,2025-04-27,2025-08-31,Shoreline Amphitheatre,"Mountain View, CA",Amphitheater,LYV,,,TRUE
Dave Matthews Band Embarking On 32-Date Tour,"Dave Matthews Band Embarking On 32-Date Tour, Including First Show At Kia Forum In 27 Years",https://news.pollstar.com/2025/01/29/dave-matthews-band-embarking-on-32-date-tour-including-first-show-at-kia-forum-in-27-years/,2025-01-29,2025-04-27,2025-08-31,Lake Tahoe Outdoor Arena at Harveys,"Stateline, NV",Arena,FALSE,,,TRUE
Dave Matthews Band Embarking On 32-Date Tour,"Dave Matthews Band Embarking On 32-Date Tour, Including First Show At Kia Forum In 27 Years",https://news.pollstar.com/2025/01/29/dave-matthews-band-embarking-on-32-date-tour-including-first-show-at-kia-forum-in-27-years/,2025-01-29,2025-04-27,2025-08-31,The Gorge Amphitheatre,"Quincy, WA",Amphitheater,LYV,,,TRUE
Dave Matthews Band Embarking On 32-Date Tour,"Dave Matthews Band Embarking On 32-Date Tour, Including First Show At Kia Forum In 27 Years",https://news.pollstar.com/2025/01/29/dave-matthews-band-embarking-on-32-date-tour-including-first-show-at-kia-forum-in-27-years/,2025-01-29,2025-04-27,2025-08-31,The Gorge Amphitheatre,"Quincy, WA",Amphitheater,LYV,,,TRUE
Dave Matthews Band Embarking On 32-Date Tour,"Dave Matthews Band Embarking On 32-Date Tour, Including First Show At Kia Forum In 27 Years",https://news.pollstar.com/2025/01/29/dave-matthews-band-embarking-on-32-date-tour-including-first-show-at-kia-forum-in-27-years/,2025-01-29,2025-04-27,2025-08-31,The Gorge Amphitheatre,"Quincy, WA",Amphitheater,LYV,,,TRUE
Simple Minds Embarking On North American ‘Alive,Simple Minds Embarking On North American ‘Alive & Kicking Tour’,https://news.pollstar.com/2025/01/27/simple-minds-embarking-on-north-american-alive-kicking-tour/,2025-01-27,2025-05-16,2025-06-22,Cascades Amphitheater,"Ridgefield, WA",Amphitheater,LYV,,,TRUE
Simple Minds Embarking On North American ‘Alive,Simple Minds Embarking On North American ‘Alive & Kicking Tour’,https://news.pollstar.com/2025/01/27/simple-minds-embarking-on-north-american-alive-kicking-tour/,2025-01-27,2025-05-16,2025-06-22,Climate Pledge Arena,"Seattle, WA",Arena,FALSE,,,TRUE
Simple Minds Embarking On North American ‘Alive,Simple Minds Embarking On North American ‘Alive & Kicking Tour’,https://news.pollstar.com/2025/01/27/simple-minds-embarking-on-north-american-alive-kicking-tour/,2025-01-27,2025-05-16,2025-06-22,Toyota Pavilion at Concord,"Concord, CA",Amphitheater,LYV,,,TRUE
Simple Minds Embarking On North American ‘Alive,Simple Minds Embarking On North American ‘Alive & Kicking Tour’,https://news.pollstar.com/2025/01/27/simple-minds-embarking-on-north-american-alive-kicking-tour/,2025-01-27,2025-05-16,2025-06-22,Kia Forum,"Inglewood, CA",Arena,FALSE,,,TRUE
Simple Minds Embarking On North American ‘Alive,Simple Minds Embarking On North American ‘Alive & Kicking Tour’,https://news.pollstar.com/2025/01/27/simple-minds-embarking-on-north-american-alive-kicking-tour/,2025-01-27,2025-05-16,2025-06-22,Acrisure Arena,"Greater Palm Springs, CA",Arena,FALSE,,,TRUE
Simple Minds Embarking On North American ‘Alive,Simple Minds Embarking On North American ‘Alive & Kicking Tour’,https://news.pollstar.com/2025/01/27/simple-minds-embarking-on-north-american-alive-kicking-tour/,2025-01-27,2025-05-16,2025-06-22,North Island Credit Union Amphitheatre,"Chula Vista, CA",Amphitheater,LYV,,,TRUE
Simple Minds Embarking On North American ‘Alive,Simple Minds Embarking On North American ‘Alive & Kicking Tour’,https://news.pollstar.com/2025/01/27/simple-minds-embarking-on-north-american-alive-kicking-tour/,2025-01-27,2025-05-16,2025-06-22,Talking Stick Resort Amphitheatre,"Phoenix, AZ",Amphitheater,LYV,,,TRUE
Simple Minds Embarking On North American ‘Alive,Simple Minds Embarking On North American ‘Alive & Kicking Tour’,https://news.pollstar.com/2025/01/27/simple-minds-embarking-on-north-american-alive-kicking-tour/,2025-01-27,2025-05-16,2025-06-22,Ball Arena,"Denver, CO",Arena,FALSE,,,TRUE
Simple Minds Embarking On North American ‘Alive,Simple Minds Embarking On North American ‘Alive & Kicking Tour’,https://news.pollstar.com/2025/01/27/simple-minds-embarking-on-north-american-alive-kicking-tour/,2025-01-27,2025-05-16,2025-06-22,Moody Center,"Austin, TX",Arena,FALSE,,,TRUE
Simple Minds Embarking On North American ‘Alive,Simple Minds Embarking On North American ‘Alive & Kicking Tour’,https://news.pollstar.com/2025/01/27/simple-minds-embarking-on-north-american-alive-kicking-tour/,2025-01-27,2025-05-16,2025-06-22,Cynthia Woods Mitchell Pavilion,"Woodlands, TX",Amphitheater,LYV,,,TRUE
Simple Minds Embarking On North American ‘Alive,Simple Minds Embarking On North American ‘Alive & Kicking Tour’,https://news.pollstar.com/2025/01/27/simple-minds-embarking-on-north-american-alive-kicking-tour/,2025-01-27,2025-05-16,2025-06-22,The Pavilion at Toyota Music Factory,"Irving, TX",Amphitheater,LYV,,,TRUE
Simple Minds Embarking On North American ‘Alive,Simple Minds Embarking On North American ‘Alive & Kicking Tour’,https://news.pollstar.com/2025/01/27/simple-minds-embarking-on-north-american-alive-kicking-tour/,2025-01-27,2025-05-16,2025-06-22,The Walmart AMP,"Rogers, AR",Amphitheater,LYV,,,TRUE
Simple Minds Embarking On North American ‘Alive,Simple Minds Embarking On North American ‘Alive & Kicking Tour’,https://news.pollstar.com/2025/01/27/simple-minds-embarking-on-north-american-alive-kicking-tour/,2025-01-27,2025-05-16,2025-06-22,Hollywood Casino Amphitheatre,"Maryland Heights, MO",Amphitheater,LYV,,,TRUE
Simple Minds Embarking On North American ‘Alive,Simple Minds Embarking On North American ‘Alive & Kicking Tour’,https://news.pollstar.com/2025/01/27/simple-minds-embarking-on-north-american-alive-kicking-tour/,2025-01-27,2025-05-16,2025-06-22,Cadence Bank Amphitheatre at Chastain Park,"Atlanta, GA",Amphitheater,LYV,,,TRUE
Simple Minds Embarking On North American ‘Alive,Simple Minds Embarking On North American ‘Alive & Kicking Tour’,https://news.pollstar.com/2025/01/27/simple-minds-embarking-on-north-american-alive-kicking-tour/,2025-01-27,2025-05-16,2025-06-22,Merriweather Post Pavilion,"Columbia, MD",Amphitheater,LYV,,,TRUE
Simple Minds Embarking On North American ‘Alive,Simple Minds Embarking On North American ‘Alive & Kicking Tour’,https://news.pollstar.com/2025/01/27/simple-minds-embarking-on-north-american-alive-kicking-tour/,2025-01-27,2025-05-16,2025-06-22,PNC Bank Arts Center,"Holmdel, NJ",Arena,LYV,,,TRUE
Simple Minds Embarking On North American ‘Alive,Simple Minds Embarking On North American ‘Alive & Kicking Tour’,https://news.pollstar.com/2025/01/27/simple-minds-embarking-on-north-american-alive-kicking-tour/,2025-01-27,2025-05-16,2025-06-22,Northwell at Jones Beach Theater,"Wantagh, NY",Amphitheater,LYV,,,TRUE
Simple Minds Embarking On North American ‘Alive,Simple Minds Embarking On North American ‘Alive & Kicking Tour’,https://news.pollstar.com/2025/01/27/simple-minds-embarking-on-north-american-alive-kicking-tour/,2025-01-27,2025-05-16,2025-06-22,The Mann Center,"Philadelphia, PA",Arena,FALSE,,,TRUE
Simple Minds Embarking On North American ‘Alive,Simple Minds Embarking On North American ‘Alive & Kicking Tour’,https://news.pollstar.com/2025/01/27/simple-minds-embarking-on-north-american-alive-kicking-tour/,2025-01-27,2025-05-16,2025-06-22,Xfinity Center,"Mansfield, MA",Arena,LYV,,,TRUE
Simple Minds Embarking On North American ‘Alive,Simple Minds Embarking On North American ‘Alive & Kicking Tour’,https://news.pollstar.com/2025/01/27/simple-minds-embarking-on-north-american-alive-kicking-tour/,2025-01-27,2025-05-16,2025-06-22,Centre Bell,"Montreal, QC",Arena,FALSE,,,TRUE
Simple Minds Embarking On North American ‘Alive,Simple Minds Embarking On North American ‘Alive & Kicking Tour’,https://news.pollstar.com/2025/01/27/simple-minds-embarking-on-north-american-alive-kicking-tour/,2025-01-27,2025-05-16,2025-06-22,Budweiser Stage,"Toronto, ON",Amphitheater,LYV,,,TRUE
Simple Minds Embarking On North American ‘Alive,Simple Minds Embarking On North American ‘Alive & Kicking Tour’,https://news.pollstar.com/2025/01/27/simple-minds-embarking-on-north-american-alive-kicking-tour/,2025-01-27,2025-05-16,2025-06-22,Huntington Bank Pavilion at Northerly Island,"Chicago, IL",Amphitheater,LYV,,,TRUE
Simple Minds Embarking On North American ‘Alive,Simple Minds Embarking On North American ‘Alive & Kicking Tour’,https://news.pollstar.com/2025/01/27/simple-minds-embarking-on-north-american-alive-kicking-tour/,2025-01-27,2025-05-16,2025-06-22,Pine Knob Music Theatre,"Clarkston, MI",Amphitheater,LYV,,,TRUE
Simple Minds Embarking On North American ‘Alive,Simple Minds Embarking On North American ‘Alive & Kicking Tour’,https://news.pollstar.com/2025/01/27/simple-minds-embarking-on-north-american-alive-kicking-tour/,2025-01-27,2025-05-16,2025-06-22,Ruoff Music Center,"Noblesville, IN",Amphitheater,LYV,,,TRUE
Rachel Platten,"Rachel Platten Announces ‘Set Me Free Tour,’ Performs National Anthem At NFL Wild Card Playoff Game",https://news.pollstar.com/2025/01/14/rachel-platten-announces-set-me-free-tour-performs-national-anthem-at-nfl-wild-card-playoff-game/,2025-01-14,2025-03-17,2025-05-09,Gothic Theatre,"Denver, CO",Auditorium,FALSE,,,TRUE
Rachel Platten,"Rachel Platten Announces ‘Set Me Free Tour,’ Performs National Anthem At NFL Wild Card Playoff Game",https://news.pollstar.com/2025/01/14/rachel-platten-announces-set-me-free-tour-performs-national-anthem-at-nfl-wild-card-playoff-game/,2025-01-14,2025-03-17,2025-05-09,The Commonwealth Room,"Salt Lake City, UT",Club,FALSE,,,TRUE
Rachel Platten,"Rachel Platten Announces ‘Set Me Free Tour,’ Performs National Anthem At NFL Wild Card Playoff Game",https://news.pollstar.com/2025/01/14/rachel-platten-announces-set-me-free-tour-performs-national-anthem-at-nfl-wild-card-playoff-game/,2025-01-14,2025-03-17,2025-05-09,Rebel Lounge,"Phoenix, AZ",Other,FALSE,,,TRUE
Rachel Platten,"Rachel Platten Announces ‘Set Me Free Tour,’ Performs National Anthem At NFL Wild Card Playoff Game",https://news.pollstar.com/2025/01/14/rachel-platten-announces-set-me-free-tour-performs-national-anthem-at-nfl-wild-card-playoff-game/,2025-01-14,2025-03-17,2025-05-09,Music Box,"San Diego, CA",Club,FALSE,,,TRUE
Rachel Platten,"Rachel Platten Announces ‘Set Me Free Tour,’ Performs National Anthem At NFL Wild Card Playoff Game",https://news.pollstar.com/2025/01/14/rachel-platten-announces-set-me-free-tour-performs-national-anthem-at-nfl-wild-card-playoff-game/,2025-01-14,2025-03-17,2025-05-09,El Rey Theatre,"Los Angeles, CA",Auditorium,FALSE,,,TRUE
Rachel Platten,"Rachel Platten Announces ‘Set Me Free Tour,’ Performs National Anthem At NFL Wild Card Playoff Game",https://news.pollstar.com/2025/01/14/rachel-platten-announces-set-me-free-tour-performs-national-anthem-at-nfl-wild-card-playoff-game/,2025-01-14,2025-03-17,2025-05-09,Great American Music Hall,"San Francisco, CA",Other,FALSE,,,TRUE
Rachel Platten,"Rachel Platten Announces ‘Set Me Free Tour,’ Performs National Anthem At NFL Wild Card Playoff Game",https://news.pollstar.com/2025/01/14/rachel-platten-announces-set-me-free-tour-performs-national-anthem-at-nfl-wild-card-playoff-game/,2025-01-14,2025-03-17,2025-05-09,Suquamish Clearwater Resort,"Suquamish, WA",Other,FALSE,,,TRUE
Rachel Platten,"Rachel Platten Announces ‘Set Me Free Tour,’ Performs National Anthem At NFL Wild Card Playoff Game",https://news.pollstar.com/2025/01/14/rachel-platten-announces-set-me-free-tour-performs-national-anthem-at-nfl-wild-card-playoff-game/,2025-01-14,2025-03-17,2025-05-09,Hawthorne Theater,"Portland, OR",Theater,FALSE,,,TRUE
Rachel Platten,"Rachel Platten Announces ‘Set Me Free Tour,’ Performs National Anthem At NFL Wild Card Playoff Game",https://news.pollstar.com/2025/01/14/rachel-platten-announces-set-me-free-tour-performs-national-anthem-at-nfl-wild-card-playoff-game/,2025-01-14,2025-03-17,2025-05-09,3Ten @ ACL,"Austin, TX",Other,FALSE,,,TRUE
Rachel Platten,"Rachel Platten Announces ‘Set Me Free Tour,’ Performs National Anthem At NFL Wild Card Playoff Game",https://news.pollstar.com/2025/01/14/rachel-platten-announces-set-me-free-tour-performs-national-anthem-at-nfl-wild-card-playoff-game/,2025-01-14,2025-03-17,2025-05-09,Lincoln Hall,"Chicago, IL",Other,FALSE,,,TRUE
Rachel Platten,"Rachel Platten Announces ‘Set Me Free Tour,’ Performs National Anthem At NFL Wild Card Playoff Game",https://news.pollstar.com/2025/01/14/rachel-platten-announces-set-me-free-tour-performs-national-anthem-at-nfl-wild-card-playoff-game/,2025-01-14,2025-03-17,2025-05-09,Eagles Theatre,"Wabash, IN",Auditorium,FALSE,,,TRUE
Rachel Platten,"Rachel Platten Announces ‘Set Me Free Tour,’ Performs National Anthem At NFL Wild Card Playoff Game",https://news.pollstar.com/2025/01/14/rachel-platten-announces-set-me-free-tour-performs-national-anthem-at-nfl-wild-card-playoff-game/,2025-01-14,2025-03-17,2025-05-09,TD Music Hall,"Toronto, ON",Other,FALSE,,,TRUE
Rachel Platten,"Rachel Platten Announces ‘Set Me Free Tour,’ Performs National Anthem At NFL Wild Card Playoff Game",https://news.pollstar.com/2025/01/14/rachel-platten-announces-set-me-free-tour-performs-national-anthem-at-nfl-wild-card-playoff-game/,2025-01-14,2025-03-17,2025-05-09,The Gesu,"Montreal, QC",Auditorium,FALSE,,,TRUE
Rachel Platten,"Rachel Platten Announces ‘Set Me Free Tour,’ Performs National Anthem At NFL Wild Card Playoff Game",https://news.pollstar.com/2025/01/14/rachel-platten-announces-set-me-free-tour-performs-national-anthem-at-nfl-wild-card-playoff-game/,2025-01-14,2025-03-17,2025-05-09,Sonia,"Cambridge, MA",Club,FALSE,,,TRUE
Rachel Platten,"Rachel Platten Announces ‘Set Me Free Tour,’ Performs National Anthem At NFL Wild Card Playoff Game",https://news.pollstar.com/2025/01/14/rachel-platten-announces-set-me-free-tour-performs-national-anthem-at-nfl-wild-card-playoff-game/,2025-01-14,2025-03-17,2025-05-09,York,"New York, New",Amphitheater,LYV,,,TRUE
Rachel Platten,"Rachel Platten Announces ‘Set Me Free Tour,’ Performs National Anthem At NFL Wild Card Playoff Game",https://news.pollstar.com/2025/01/14/rachel-platten-announces-set-me-free-tour-performs-national-anthem-at-nfl-wild-card-playoff-game/,2025-01-14,2025-03-17,2025-05-09,Union Stage,"Washington, DC",Club,FALSE,,,TRUE
Rachel Platten,"Rachel Platten Announces ‘Set Me Free Tour,’ Performs National Anthem At NFL Wild Card Playoff Game",https://news.pollstar.com/2025/01/14/rachel-platten-announces-set-me-free-tour-performs-national-anthem-at-nfl-wild-card-playoff-game/,2025-01-14,2025-03-17,2025-05-09,Neighborhood Theatre,"Charlotte, NC",Auditorium,FALSE,,,TRUE
Rachel Platten,"Rachel Platten Announces ‘Set Me Free Tour,’ Performs National Anthem At NFL Wild Card Playoff Game",https://news.pollstar.com/2025/01/14/rachel-platten-announces-set-me-free-tour-performs-national-anthem-at-nfl-wild-card-playoff-game/,2025-01-14,2025-03-17,2025-05-09,The Masquerade (Purgatory),"Atlanta, GA",Club,FALSE,,,TRUE
Rachel Platten,"Rachel Platten Announces ‘Set Me Free Tour,’ Performs National Anthem At NFL Wild Card Playoff Game",https://news.pollstar.com/2025/01/14/rachel-platten-announces-set-me-free-tour-performs-national-anthem-at-nfl-wild-card-playoff-game/,2025-01-14,2025-03-17,2025-05-09,Pugh Theater,"Orlando, FL",Theater,FALSE,,,TRUE
