artist_name,headline,link,announcement_date,start_date,end_date,venue_name,venue_city,venue_type,venue_nation,last_tour_gross,last_tickets_sold,tour_announcement
Exclusive: Latin Urban Star Jay Wheeler Back On The Road In 2024 With “TRAPPii Tour”,Exclusive: Latin Urban Star Jay Wheeler Back On The Road In 2024 With “TRAPPii Tour”,https://news.pollstar.com/2023/12/12/exclusive-latin-urban-star-jay-wheeler-back-on-the-road-in-2024-with-trappii-tour/,2023-12-12,2023-06-13,2023-10-27,The Theater at MSG,"New York, New York",Theater,FALSE,,,TRUE
Exclusive: Latin Urban Star Jay Wheeler Back On The Road In 2024 With “TRAPPii Tour”,Exclusive: Latin Urban Star Jay Wheeler Back On The Road In 2024 With “TRAPPii Tour”,https://news.pollstar.com/2023/12/12/exclusive-latin-urban-star-jay-wheeler-back-on-the-road-in-2024-with-trappii-tour/,2023-12-12,2023-06-13,2023-10-27,Amica Mutual Pavilion,"Providence, Rhode Island",Amphitheater,FALSE,,,TRUE
Exclusive: Latin Urban Star Jay Wheeler Back On The Road In 2024 With “TRAPPii Tour”,Exclusive: Latin Urban Star Jay Wheeler Back On The Road In 2024 With “TRAPPii Tour”,https://news.pollstar.com/2023/12/12/exclusive-latin-urban-star-jay-wheeler-back-on-the-road-in-2024-with-trappii-tour/,2023-12-12,2023-06-13,2023-10-27,The Santander Arena,"Reading, Pennsylvania",Arena,FALSE,,,TRUE
Exclusive: Latin Urban Star Jay Wheeler Back On The Road In 2024 With “TRAPPii Tour”,Exclusive: Latin Urban Star Jay Wheeler Back On The Road In 2024 With “TRAPPii Tour”,https://news.pollstar.com/2023/12/12/exclusive-latin-urban-star-jay-wheeler-back-on-the-road-in-2024-with-trappii-tour/,2023-12-12,2023-06-13,2023-10-27,Eaglebank Arena,"Fairfax, Virginia",Arena,FALSE,,,TRUE
Exclusive: Latin Urban Star Jay Wheeler Back On The Road In 2024 With “TRAPPii Tour”,Exclusive: Latin Urban Star Jay Wheeler Back On The Road In 2024 With “TRAPPii Tour”,https://news.pollstar.com/2023/12/12/exclusive-latin-urban-star-jay-wheeler-back-on-the-road-in-2024-with-trappii-tour/,2023-12-12,2023-06-13,2023-10-27,Hartford HealthCare Amphitheater,"Bridgeport, Connecticut",Amphitheater,LYV,,,TRUE
Exclusive: Latin Urban Star Jay Wheeler Back On The Road In 2024 With “TRAPPii Tour”,Exclusive: Latin Urban Star Jay Wheeler Back On The Road In 2024 With “TRAPPii Tour”,https://news.pollstar.com/2023/12/12/exclusive-latin-urban-star-jay-wheeler-back-on-the-road-in-2024-with-trappii-tour/,2023-12-12,2023-06-13,2023-10-27,Ovens Auditorium,"Charlotte, North Carolina",Theater,FALSE,,,TRUE
Exclusive: Latin Urban Star Jay Wheeler Back On The Road In 2024 With “TRAPPii Tour”,Exclusive: Latin Urban Star Jay Wheeler Back On The Road In 2024 With “TRAPPii Tour”,https://news.pollstar.com/2023/12/12/exclusive-latin-urban-star-jay-wheeler-back-on-the-road-in-2024-with-trappii-tour/,2023-12-12,2023-06-13,2023-10-27,Atlanta Coliseum,"Duluth, Georgia",Arena,FALSE,,,TRUE
Exclusive: Latin Urban Star Jay Wheeler Back On The Road In 2024 With “TRAPPii Tour”,Exclusive: Latin Urban Star Jay Wheeler Back On The Road In 2024 With “TRAPPii Tour”,https://news.pollstar.com/2023/12/12/exclusive-latin-urban-star-jay-wheeler-back-on-the-road-in-2024-with-trappii-tour/,2023-12-12,2023-06-13,2023-10-27,Amway Center,"Orlando, Florida",Other,FALSE,,,TRUE
Exclusive: Latin Urban Star Jay Wheeler Back On The Road In 2024 With “TRAPPii Tour”,Exclusive: Latin Urban Star Jay Wheeler Back On The Road In 2024 With “TRAPPii Tour”,https://news.pollstar.com/2023/12/12/exclusive-latin-urban-star-jay-wheeler-back-on-the-road-in-2024-with-trappii-tour/,2023-12-12,2023-06-13,2023-10-27,Rosemont Theatre,"Rosemont, Illinois",Theater,FALSE,,,TRUE
Exclusive: Latin Urban Star Jay Wheeler Back On The Road In 2024 With “TRAPPii Tour”,Exclusive: Latin Urban Star Jay Wheeler Back On The Road In 2024 With “TRAPPii Tour”,https://news.pollstar.com/2023/12/12/exclusive-latin-urban-star-jay-wheeler-back-on-the-road-in-2024-with-trappii-tour/,2023-12-12,2023-06-13,2023-10-27,Hertz Arena,"Estero, Florida",Arena,FALSE,,,TRUE
Exclusive: Latin Urban Star Jay Wheeler Back On The Road In 2024 With “TRAPPii Tour”,Exclusive: Latin Urban Star Jay Wheeler Back On The Road In 2024 With “TRAPPii Tour”,https://news.pollstar.com/2023/12/12/exclusive-latin-urban-star-jay-wheeler-back-on-the-road-in-2024-with-trappii-tour/,2023-12-12,2023-06-13,2023-10-27,Kaseya Center,"Miami, Florida",Arena,FALSE,,,TRUE
Exclusive: Latin Urban Star Jay Wheeler Back On The Road In 2024 With “TRAPPii Tour”,Exclusive: Latin Urban Star Jay Wheeler Back On The Road In 2024 With “TRAPPii Tour”,https://news.pollstar.com/2023/12/12/exclusive-latin-urban-star-jay-wheeler-back-on-the-road-in-2024-with-trappii-tour/,2023-12-12,2023-06-13,2023-10-27,Peacock Theater,"Los Angeles, California",Theater,FALSE,,,TRUE
Exclusive: Latin Urban Star Jay Wheeler Back On The Road In 2024 With “TRAPPii Tour”,Exclusive: Latin Urban Star Jay Wheeler Back On The Road In 2024 With “TRAPPii Tour”,https://news.pollstar.com/2023/12/12/exclusive-latin-urban-star-jay-wheeler-back-on-the-road-in-2024-with-trappii-tour/,2023-12-12,2023-06-13,2023-10-27,Smart Financial Centre at Sugar Land,"Sugar Land, Texas",Theater,FALSE,,,TRUE
Exclusive: Latin Urban Star Jay Wheeler Back On The Road In 2024 With “TRAPPii Tour”,Exclusive: Latin Urban Star Jay Wheeler Back On The Road In 2024 With “TRAPPii Tour”,https://news.pollstar.com/2023/12/12/exclusive-latin-urban-star-jay-wheeler-back-on-the-road-in-2024-with-trappii-tour/,2023-12-12,2023-06-13,2023-10-27,Austin City Limits at Moody Center,"Austin, Texas",Arena,FALSE,,,TRUE
Legendary Mexican Rock Bands Caifanes,"Legendary Mexican Rock Bands Caifanes, Café Tacvba Announce 20-City Tour",https://news.pollstar.com/2023/12/11/legendary-mexican-rock-bands-caifanes-cafe-tacvba-announce-20-city-tour/,2023-12-11,2024-05-29,2024-06-30,Toyota Center,"Kennewick, WA",Arena,FALSE,,,TRUE
Legendary Mexican Rock Bands Caifanes,"Legendary Mexican Rock Bands Caifanes, Café Tacvba Announce 20-City Tour",https://news.pollstar.com/2023/12/11/legendary-mexican-rock-bands-caifanes-cafe-tacvba-announce-20-city-tour/,2023-12-11,2024-05-29,2024-06-30,Reno Events Center,"Reno, NV",Other,FALSE,,,TRUE
Legendary Mexican Rock Bands Caifanes,"Legendary Mexican Rock Bands Caifanes, Café Tacvba Announce 20-City Tour",https://news.pollstar.com/2023/12/11/legendary-mexican-rock-bands-caifanes-cafe-tacvba-announce-20-city-tour/,2023-12-11,2024-05-29,2024-06-30,Hollywood Bowl,"Los Angeles, CA",Amphitheater,FALSE,,,TRUE
Legendary Mexican Rock Bands Caifanes,"Legendary Mexican Rock Bands Caifanes, Café Tacvba Announce 20-City Tour",https://news.pollstar.com/2023/12/11/legendary-mexican-rock-bands-caifanes-cafe-tacvba-announce-20-city-tour/,2023-12-11,2024-05-29,2024-06-30,North Island Credit Union Amphitheatre,"Chula Vista, CA",Amphitheater,LYV,,,TRUE
Legendary Mexican Rock Bands Caifanes,"Legendary Mexican Rock Bands Caifanes, Café Tacvba Announce 20-City Tour",https://news.pollstar.com/2023/12/11/legendary-mexican-rock-bands-caifanes-cafe-tacvba-announce-20-city-tour/,2023-12-11,2024-05-29,2024-06-30,Talking Stick Resort Amphitheatre,"Phoenix, AZ",Amphitheater,LYV,,,TRUE
Legendary Mexican Rock Bands Caifanes,"Legendary Mexican Rock Bands Caifanes, Café Tacvba Announce 20-City Tour",https://news.pollstar.com/2023/12/11/legendary-mexican-rock-bands-caifanes-cafe-tacvba-announce-20-city-tour/,2023-12-11,2024-05-29,2024-06-30,Maverick Center,"Salt Lake City, UT",Other,FALSE,,,TRUE
Legendary Mexican Rock Bands Caifanes,"Legendary Mexican Rock Bands Caifanes, Café Tacvba Announce 20-City Tour",https://news.pollstar.com/2023/12/11/legendary-mexican-rock-bands-caifanes-cafe-tacvba-announce-20-city-tour/,2023-12-11,2024-05-29,2024-06-30,Levitt Pavilion,"Denver, CO",Amphitheater,FALSE,,,TRUE
Legendary Mexican Rock Bands Caifanes,"Legendary Mexican Rock Bands Caifanes, Café Tacvba Announce 20-City Tour",https://news.pollstar.com/2023/12/11/legendary-mexican-rock-bands-caifanes-cafe-tacvba-announce-20-city-tour/,2023-12-11,2024-05-29,2024-06-30,Isleta Amphitheater,"Albuquerque, NM",Amphitheater,LYV,,,TRUE
Legendary Mexican Rock Bands Caifanes,"Legendary Mexican Rock Bands Caifanes, Café Tacvba Announce 20-City Tour",https://news.pollstar.com/2023/12/11/legendary-mexican-rock-bands-caifanes-cafe-tacvba-announce-20-city-tour/,2023-12-11,2024-05-29,2024-06-30,El Paso County Coliseum,"El Paso, TX",Arena,FALSE,,,TRUE
Legendary Mexican Rock Bands Caifanes,"Legendary Mexican Rock Bands Caifanes, Café Tacvba Announce 20-City Tour",https://news.pollstar.com/2023/12/11/legendary-mexican-rock-bands-caifanes-cafe-tacvba-announce-20-city-tour/,2023-12-11,2024-05-29,2024-06-30,Sames Auto Arena,"Laredo, TX",Arena,FALSE,,,TRUE
Legendary Mexican Rock Bands Caifanes,"Legendary Mexican Rock Bands Caifanes, Café Tacvba Announce 20-City Tour",https://news.pollstar.com/2023/12/11/legendary-mexican-rock-bands-caifanes-cafe-tacvba-announce-20-city-tour/,2023-12-11,2024-05-29,2024-06-30,Bert Ogden Arena,"Edinburg, TX",Arena,FALSE,,,TRUE
Legendary Mexican Rock Bands Caifanes,"Legendary Mexican Rock Bands Caifanes, Café Tacvba Announce 20-City Tour",https://news.pollstar.com/2023/12/11/legendary-mexican-rock-bands-caifanes-cafe-tacvba-announce-20-city-tour/,2023-12-11,2024-05-29,2024-06-30,The Cynthia Woods Mitchell Pavilion presented by Huntsman,"Houston, TX",Amphitheater,LYV,,,TRUE
Legendary Mexican Rock Bands Caifanes,"Legendary Mexican Rock Bands Caifanes, Café Tacvba Announce 20-City Tour",https://news.pollstar.com/2023/12/11/legendary-mexican-rock-bands-caifanes-cafe-tacvba-announce-20-city-tour/,2023-12-11,2024-05-29,2024-06-30,Dos Equis Pavilion,"Dallas, TX",Amphitheater,LYV,,,TRUE
Legendary Mexican Rock Bands Caifanes,"Legendary Mexican Rock Bands Caifanes, Café Tacvba Announce 20-City Tour",https://news.pollstar.com/2023/12/11/legendary-mexican-rock-bands-caifanes-cafe-tacvba-announce-20-city-tour/,2023-12-11,2024-05-29,2024-06-30,SummerStage in Central Park,"New York, NY",Amphitheater,LYV,,,TRUE
Legendary Mexican Rock Bands Caifanes,"Legendary Mexican Rock Bands Caifanes, Café Tacvba Announce 20-City Tour",https://news.pollstar.com/2023/12/11/legendary-mexican-rock-bands-caifanes-cafe-tacvba-announce-20-city-tour/,2023-12-11,2024-05-29,2024-06-30,Budweiser Stage,"Toronto, ON",Amphitheater,LYV,,,TRUE
Legendary Mexican Rock Bands Caifanes,"Legendary Mexican Rock Bands Caifanes, Café Tacvba Announce 20-City Tour",https://news.pollstar.com/2023/12/11/legendary-mexican-rock-bands-caifanes-cafe-tacvba-announce-20-city-tour/,2023-12-11,2024-05-29,2024-06-30,Huntington Bank Pavilion at Northerly Island,"Chicago, IL",Amphitheater,LYV,,,TRUE
Legendary Mexican Rock Bands Caifanes,"Legendary Mexican Rock Bands Caifanes, Café Tacvba Announce 20-City Tour",https://news.pollstar.com/2023/12/11/legendary-mexican-rock-bands-caifanes-cafe-tacvba-announce-20-city-tour/,2023-12-11,2024-05-29,2024-06-30,Everwise Amphitheater at White River State Park,"Indianapolis, IN",Amphitheater,LYV,,,TRUE
Def Leppard,"Def Leppard & Journey Announce Joint Stadium Tour Joined By Steve Miller Band, Heart & Cheap Trick",https://news.pollstar.com/2023/12/07/def-leppard-journey-announce-joint-stadium-tour-joined-by-steve-miller-band-heart-cheap-trick/,2023-12-07,2024-07-06,2024-09-08,Busch Stadium,"St. Louis, MO",Stadium,FALSE,,,TRUE
Def Leppard,"Def Leppard & Journey Announce Joint Stadium Tour Joined By Steve Miller Band, Heart & Cheap Trick",https://news.pollstar.com/2023/12/07/def-leppard-journey-announce-joint-stadium-tour-joined-by-steve-miller-band-heart-cheap-trick/,2023-12-07,2024-07-06,2024-09-08,Truist Park,"Atlanta, GA",Other,FALSE,,,TRUE
Def Leppard,"Def Leppard & Journey Announce Joint Stadium Tour Joined By Steve Miller Band, Heart & Cheap Trick",https://news.pollstar.com/2023/12/07/def-leppard-journey-announce-joint-stadium-tour-joined-by-steve-miller-band-heart-cheap-trick/,2023-12-07,2024-07-06,2024-09-08,Wrigley Field,"Chicago, IL",Stadium,FALSE,,,TRUE
Def Leppard,"Def Leppard & Journey Announce Joint Stadium Tour Joined By Steve Miller Band, Heart & Cheap Trick",https://news.pollstar.com/2023/12/07/def-leppard-journey-announce-joint-stadium-tour-joined-by-steve-miller-band-heart-cheap-trick/,2023-12-07,2024-07-06,2024-09-08,Comerica Park,"Detroit, MI",Stadium,FALSE,,,TRUE
Def Leppard,"Def Leppard & Journey Announce Joint Stadium Tour Joined By Steve Miller Band, Heart & Cheap Trick",https://news.pollstar.com/2023/12/07/def-leppard-journey-announce-joint-stadium-tour-joined-by-steve-miller-band-heart-cheap-trick/,2023-12-07,2024-07-06,2024-09-08,Nissan Stadium,"Nashville, TN",Stadium,FALSE,,,TRUE
Def Leppard,"Def Leppard & Journey Announce Joint Stadium Tour Joined By Steve Miller Band, Heart & Cheap Trick",https://news.pollstar.com/2023/12/07/def-leppard-journey-announce-joint-stadium-tour-joined-by-steve-miller-band-heart-cheap-trick/,2023-12-07,2024-07-06,2024-09-08,Citizens Bank Park,"Philadelphia, PA",Stadium,FALSE,,,TRUE
Def Leppard,"Def Leppard & Journey Announce Joint Stadium Tour Joined By Steve Miller Band, Heart & Cheap Trick",https://news.pollstar.com/2023/12/07/def-leppard-journey-announce-joint-stadium-tour-joined-by-steve-miller-band-heart-cheap-trick/,2023-12-07,2024-07-06,2024-09-08,Hersheypark Stadium,"Hershey, PA",Stadium,FALSE,,,TRUE
Def Leppard,"Def Leppard & Journey Announce Joint Stadium Tour Joined By Steve Miller Band, Heart & Cheap Trick",https://news.pollstar.com/2023/12/07/def-leppard-journey-announce-joint-stadium-tour-joined-by-steve-miller-band-heart-cheap-trick/,2023-12-07,2024-07-06,2024-09-08,PNC Park,"Pittsburgh, PA",Other,FALSE,,,TRUE
Def Leppard,"Def Leppard & Journey Announce Joint Stadium Tour Joined By Steve Miller Band, Heart & Cheap Trick",https://news.pollstar.com/2023/12/07/def-leppard-journey-announce-joint-stadium-tour-joined-by-steve-miller-band-heart-cheap-trick/,2023-12-07,2024-07-06,2024-09-08,"Cleveland, OH+",Progressive Field,Theater,LYV,,,TRUE
Def Leppard,"Def Leppard & Journey Announce Joint Stadium Tour Joined By Steve Miller Band, Heart & Cheap Trick",https://news.pollstar.com/2023/12/07/def-leppard-journey-announce-joint-stadium-tour-joined-by-steve-miller-band-heart-cheap-trick/,2023-12-07,2024-07-06,2024-09-08,"Toronto, ON+",Rogers Centre,Other,FALSE,,,TRUE
Def Leppard,"Def Leppard & Journey Announce Joint Stadium Tour Joined By Steve Miller Band, Heart & Cheap Trick",https://news.pollstar.com/2023/12/07/def-leppard-journey-announce-joint-stadium-tour-joined-by-steve-miller-band-heart-cheap-trick/,2023-12-07,2024-07-06,2024-09-08,"Boston, MA+",Fenway Park,Other,FALSE,,,TRUE
Def Leppard,"Def Leppard & Journey Announce Joint Stadium Tour Joined By Steve Miller Band, Heart & Cheap Trick",https://news.pollstar.com/2023/12/07/def-leppard-journey-announce-joint-stadium-tour-joined-by-steve-miller-band-heart-cheap-trick/,2023-12-07,2024-07-06,2024-09-08,Citi Field,"Flushing, NY",Stadium,FALSE,,,TRUE
Def Leppard,"Def Leppard & Journey Announce Joint Stadium Tour Joined By Steve Miller Band, Heart & Cheap Trick",https://news.pollstar.com/2023/12/07/def-leppard-journey-announce-joint-stadium-tour-joined-by-steve-miller-band-heart-cheap-trick/,2023-12-07,2024-07-06,2024-09-08,Globe Life Field,"Arlington, TX",Stadium,FALSE,,,TRUE
Def Leppard,"Def Leppard & Journey Announce Joint Stadium Tour Joined By Steve Miller Band, Heart & Cheap Trick",https://news.pollstar.com/2023/12/07/def-leppard-journey-announce-joint-stadium-tour-joined-by-steve-miller-band-heart-cheap-trick/,2023-12-07,2024-07-06,2024-09-08,Minute Maid Park,"Houston, TX",Other,FALSE,,,TRUE
Def Leppard,"Def Leppard & Journey Announce Joint Stadium Tour Joined By Steve Miller Band, Heart & Cheap Trick",https://news.pollstar.com/2023/12/07/def-leppard-journey-announce-joint-stadium-tour-joined-by-steve-miller-band-heart-cheap-trick/,2023-12-07,2024-07-06,2024-09-08,Alamodome,"San Antonio, TX",Stadium,FALSE,,,TRUE
Def Leppard,"Def Leppard & Journey Announce Joint Stadium Tour Joined By Steve Miller Band, Heart & Cheap Trick",https://news.pollstar.com/2023/12/07/def-leppard-journey-announce-joint-stadium-tour-joined-by-steve-miller-band-heart-cheap-trick/,2023-12-07,2024-07-06,2024-09-08,Target Field,"Minneapolis, MN",Stadium,FALSE,,,TRUE
Def Leppard,"Def Leppard & Journey Announce Joint Stadium Tour Joined By Steve Miller Band, Heart & Cheap Trick",https://news.pollstar.com/2023/12/07/def-leppard-journey-announce-joint-stadium-tour-joined-by-steve-miller-band-heart-cheap-trick/,2023-12-07,2024-07-06,2024-09-08,Chase Field,"Phoenix, AZ",Stadium,FALSE,,,TRUE
Def Leppard,"Def Leppard & Journey Announce Joint Stadium Tour Joined By Steve Miller Band, Heart & Cheap Trick",https://news.pollstar.com/2023/12/07/def-leppard-journey-announce-joint-stadium-tour-joined-by-steve-miller-band-heart-cheap-trick/,2023-12-07,2024-07-06,2024-09-08,SoFi Stadium,"Los Angeles, CA",Stadium,FALSE,,,TRUE
Def Leppard,"Def Leppard & Journey Announce Joint Stadium Tour Joined By Steve Miller Band, Heart & Cheap Trick",https://news.pollstar.com/2023/12/07/def-leppard-journey-announce-joint-stadium-tour-joined-by-steve-miller-band-heart-cheap-trick/,2023-12-07,2024-07-06,2024-09-08,Oracle Park,"San Francisco, CA",Stadium,FALSE,,,TRUE
Def Leppard,"Def Leppard & Journey Announce Joint Stadium Tour Joined By Steve Miller Band, Heart & Cheap Trick",https://news.pollstar.com/2023/12/07/def-leppard-journey-announce-joint-stadium-tour-joined-by-steve-miller-band-heart-cheap-trick/,2023-12-07,2024-07-06,2024-09-08,Petco Park,"San Diego, CA",Stadium,FALSE,,,TRUE
Def Leppard,"Def Leppard & Journey Announce Joint Stadium Tour Joined By Steve Miller Band, Heart & Cheap Trick",https://news.pollstar.com/2023/12/07/def-leppard-journey-announce-joint-stadium-tour-joined-by-steve-miller-band-heart-cheap-trick/,2023-12-07,2024-07-06,2024-09-08,T-Mobile Park,"Seattle, WA",Stadium,FALSE,,,TRUE
Def Leppard,"Def Leppard & Journey Announce Joint Stadium Tour Joined By Steve Miller Band, Heart & Cheap Trick",https://news.pollstar.com/2023/12/07/def-leppard-journey-announce-joint-stadium-tour-joined-by-steve-miller-band-heart-cheap-trick/,2023-12-07,2024-07-06,2024-09-08,Coors Field,"Denver, CO",Stadium,FALSE,,,TRUE
Red Hot Chili Peppers,"Red Hot Chili Peppers Announce ‘Unlimited Love Tour’ With Kid Cudi, Ice Cube & More",https://news.pollstar.com/2023/12/04/red-hot-chili-peppers-announce-unlimited-love-tour-with-kid-cudi-ice-cube-more/,2023-12-04,2024-05-28,2024-07-30,"Ridgefield, WA+",RV Inn Style Resorts Amphitheater,Other,FALSE,,,TRUE
Red Hot Chili Peppers,"Red Hot Chili Peppers Announce ‘Unlimited Love Tour’ With Kid Cudi, Ice Cube & More",https://news.pollstar.com/2023/12/04/red-hot-chili-peppers-announce-unlimited-love-tour-with-kid-cudi-ice-cube-more/,2023-12-04,2024-05-28,2024-07-30,"Quincy, WA+",The Gorge,Other,FALSE,,,TRUE
Red Hot Chili Peppers,"Red Hot Chili Peppers Announce ‘Unlimited Love Tour’ With Kid Cudi, Ice Cube & More",https://news.pollstar.com/2023/12/04/red-hot-chili-peppers-announce-unlimited-love-tour-with-kid-cudi-ice-cube-more/,2023-12-04,2024-05-28,2024-07-30,"Wheatland, CA+",Toyota Amphitheater,Other,FALSE,,,TRUE
Red Hot Chili Peppers,"Red Hot Chili Peppers Announce ‘Unlimited Love Tour’ With Kid Cudi, Ice Cube & More",https://news.pollstar.com/2023/12/04/red-hot-chili-peppers-announce-unlimited-love-tour-with-kid-cudi-ice-cube-more/,2023-12-04,2024-05-28,2024-07-30,"Salt Lake City, UT=",USANA Amphitheater,Other,FALSE,,,TRUE
Red Hot Chili Peppers,"Red Hot Chili Peppers Announce ‘Unlimited Love Tour’ With Kid Cudi, Ice Cube & More",https://news.pollstar.com/2023/12/04/red-hot-chili-peppers-announce-unlimited-love-tour-with-kid-cudi-ice-cube-more/,2023-12-04,2024-05-28,2024-07-30,Isleta Amphitheater,"Albuquerque, NM",Amphitheater,LYV,,,TRUE
Red Hot Chili Peppers,"Red Hot Chili Peppers Announce ‘Unlimited Love Tour’ With Kid Cudi, Ice Cube & More",https://news.pollstar.com/2023/12/04/red-hot-chili-peppers-announce-unlimited-love-tour-with-kid-cudi-ice-cube-more/,2023-12-04,2024-05-28,2024-07-30,iTHINK Financial Amphitheatre,"West Palm Beach, FL",Amphitheater,LYV,,,TRUE
Red Hot Chili Peppers,"Red Hot Chili Peppers Announce ‘Unlimited Love Tour’ With Kid Cudi, Ice Cube & More",https://news.pollstar.com/2023/12/04/red-hot-chili-peppers-announce-unlimited-love-tour-with-kid-cudi-ice-cube-more/,2023-12-04,2024-05-28,2024-07-30,"Tampa, FL~",MIDFLORIDA Credit Union Amphitheatre,Other,FALSE,,,TRUE
Red Hot Chili Peppers,"Red Hot Chili Peppers Announce ‘Unlimited Love Tour’ With Kid Cudi, Ice Cube & More",https://news.pollstar.com/2023/12/04/red-hot-chili-peppers-announce-unlimited-love-tour-with-kid-cudi-ice-cube-more/,2023-12-04,2024-05-28,2024-07-30,"Raleigh, NC~",Coastal Credit Union Music Park,Other,FALSE,,,TRUE
Red Hot Chili Peppers,"Red Hot Chili Peppers Announce ‘Unlimited Love Tour’ With Kid Cudi, Ice Cube & More",https://news.pollstar.com/2023/12/04/red-hot-chili-peppers-announce-unlimited-love-tour-with-kid-cudi-ice-cube-more/,2023-12-04,2024-05-28,2024-07-30,"Virginia Beach, VA~",Veterans United Home Loans Amphitheater at Virginia Beach,Other,FALSE,,,TRUE
Red Hot Chili Peppers,"Red Hot Chili Peppers Announce ‘Unlimited Love Tour’ With Kid Cudi, Ice Cube & More",https://news.pollstar.com/2023/12/04/red-hot-chili-peppers-announce-unlimited-love-tour-with-kid-cudi-ice-cube-more/,2023-12-04,2024-05-28,2024-07-30,"Burgettstown, PA=",The Pavilion at Star Lake,Other,FALSE,,,TRUE
Red Hot Chili Peppers,"Red Hot Chili Peppers Announce ‘Unlimited Love Tour’ With Kid Cudi, Ice Cube & More",https://news.pollstar.com/2023/12/04/red-hot-chili-peppers-announce-unlimited-love-tour-with-kid-cudi-ice-cube-more/,2023-12-04,2024-05-28,2024-07-30,Riverbend Music Center,"Cincinnati, OH",Amphitheater,LYV,,,TRUE
Red Hot Chili Peppers,"Red Hot Chili Peppers Announce ‘Unlimited Love Tour’ With Kid Cudi, Ice Cube & More",https://news.pollstar.com/2023/12/04/red-hot-chili-peppers-announce-unlimited-love-tour-with-kid-cudi-ice-cube-more/,2023-12-04,2024-05-28,2024-07-30,Darien Lake Amphitheater,"Buffalo, NY",Amphitheater,LYV,,,TRUE
Red Hot Chili Peppers,"Red Hot Chili Peppers Announce ‘Unlimited Love Tour’ With Kid Cudi, Ice Cube & More",https://news.pollstar.com/2023/12/04/red-hot-chili-peppers-announce-unlimited-love-tour-with-kid-cudi-ice-cube-more/,2023-12-04,2024-05-28,2024-07-30,Budweiser Stage,"Toronto, ON",Amphitheater,LYV,,,TRUE
Red Hot Chili Peppers,"Red Hot Chili Peppers Announce ‘Unlimited Love Tour’ With Kid Cudi, Ice Cube & More",https://news.pollstar.com/2023/12/04/red-hot-chili-peppers-announce-unlimited-love-tour-with-kid-cudi-ice-cube-more/,2023-12-04,2024-05-28,2024-07-30,"Cuyahoga Falls, OH#",Blossom Music Center,Other,FALSE,,,TRUE
Red Hot Chili Peppers,"Red Hot Chili Peppers Announce ‘Unlimited Love Tour’ With Kid Cudi, Ice Cube & More",https://news.pollstar.com/2023/12/04/red-hot-chili-peppers-announce-unlimited-love-tour-with-kid-cudi-ice-cube-more/,2023-12-04,2024-05-28,2024-07-30,"Noblesville, IN&",Ruoff Music Center,Other,FALSE,,,TRUE
Red Hot Chili Peppers,"Red Hot Chili Peppers Announce ‘Unlimited Love Tour’ With Kid Cudi, Ice Cube & More",https://news.pollstar.com/2023/12/04/red-hot-chili-peppers-announce-unlimited-love-tour-with-kid-cudi-ice-cube-more/,2023-12-04,2024-05-28,2024-07-30,"St. Louis, MO&",Hollywood Casino Amphitheatre,Other,FALSE,,,TRUE
Reggaeton Pioneer Don Omar To Embark On 20-Date Tour In 2024,Reggaeton Pioneer Don Omar To Embark On 20-Date Tour In 2024,https://news.pollstar.com/2023/12/04/reggaeton-pioneer-don-omar-to-embark-on-20-date-tour-in-2024/,2023-12-04,2024-03-07,2024-04-21,Santander Arena,"Reading, PA",Arena,FALSE,,,TRUE
Reggaeton Pioneer Don Omar To Embark On 20-Date Tour In 2024,Reggaeton Pioneer Don Omar To Embark On 20-Date Tour In 2024,https://news.pollstar.com/2023/12/04/reggaeton-pioneer-don-omar-to-embark-on-20-date-tour-in-2024/,2023-12-04,2024-03-07,2024-04-21,Barclays Center,"Brooklyn, NY",Arena,FALSE,,,TRUE
Reggaeton Pioneer Don Omar To Embark On 20-Date Tour In 2024,Reggaeton Pioneer Don Omar To Embark On 20-Date Tour In 2024,https://news.pollstar.com/2023/12/04/reggaeton-pioneer-don-omar-to-embark-on-20-date-tour-in-2024/,2023-12-04,2024-03-07,2024-04-21,Prudential Center,"Newark, NJ",Arena,FALSE,,,TRUE
Reggaeton Pioneer Don Omar To Embark On 20-Date Tour In 2024,Reggaeton Pioneer Don Omar To Embark On 20-Date Tour In 2024,https://news.pollstar.com/2023/12/04/reggaeton-pioneer-don-omar-to-embark-on-20-date-tour-in-2024/,2023-12-04,2024-03-07,2024-04-21,Coca Cola Coliseum,"Toronto, CA",Arena,LYV,,,TRUE
Reggaeton Pioneer Don Omar To Embark On 20-Date Tour In 2024,Reggaeton Pioneer Don Omar To Embark On 20-Date Tour In 2024,https://news.pollstar.com/2023/12/04/reggaeton-pioneer-don-omar-to-embark-on-20-date-tour-in-2024/,2023-12-04,2024-03-07,2024-04-21,Place Bell,"Montreal, CA",Arena,FALSE,,,TRUE
Reggaeton Pioneer Don Omar To Embark On 20-Date Tour In 2024,Reggaeton Pioneer Don Omar To Embark On 20-Date Tour In 2024,https://news.pollstar.com/2023/12/04/reggaeton-pioneer-don-omar-to-embark-on-20-date-tour-in-2024/,2023-12-04,2024-03-07,2024-04-21,Allstate Arena,"Chicago, IL",Arena,FALSE,,,TRUE
Reggaeton Pioneer Don Omar To Embark On 20-Date Tour In 2024,Reggaeton Pioneer Don Omar To Embark On 20-Date Tour In 2024,https://news.pollstar.com/2023/12/04/reggaeton-pioneer-don-omar-to-embark-on-20-date-tour-in-2024/,2023-12-04,2024-03-07,2024-04-21,Smart Financial Center,"Houston, TX",Theater,FALSE,,,TRUE
Reggaeton Pioneer Don Omar To Embark On 20-Date Tour In 2024,Reggaeton Pioneer Don Omar To Embark On 20-Date Tour In 2024,https://news.pollstar.com/2023/12/04/reggaeton-pioneer-don-omar-to-embark-on-20-date-tour-in-2024/,2023-12-04,2024-03-07,2024-04-21,Frost Bank Center,"San Antonio, TX",Arena,FALSE,,,TRUE
Reggaeton Pioneer Don Omar To Embark On 20-Date Tour In 2024,Reggaeton Pioneer Don Omar To Embark On 20-Date Tour In 2024,https://news.pollstar.com/2023/12/04/reggaeton-pioneer-don-omar-to-embark-on-20-date-tour-in-2024/,2023-12-04,2024-03-07,2024-04-21,Kia Forum,"Inglewood, CA",Arena,FALSE,,,TRUE
Reggaeton Pioneer Don Omar To Embark On 20-Date Tour In 2024,Reggaeton Pioneer Don Omar To Embark On 20-Date Tour In 2024,https://news.pollstar.com/2023/12/04/reggaeton-pioneer-don-omar-to-embark-on-20-date-tour-in-2024/,2023-12-04,2024-03-07,2024-04-21,Acrisure Arena,"Palm Desert, CA",Arena,FALSE,,,TRUE
Reggaeton Pioneer Don Omar To Embark On 20-Date Tour In 2024,Reggaeton Pioneer Don Omar To Embark On 20-Date Tour In 2024,https://news.pollstar.com/2023/12/04/reggaeton-pioneer-don-omar-to-embark-on-20-date-tour-in-2024/,2023-12-04,2024-03-07,2024-04-21,SAP Center,"San Jose, CA",Arena,FALSE,,,TRUE
Reggaeton Pioneer Don Omar To Embark On 20-Date Tour In 2024,Reggaeton Pioneer Don Omar To Embark On 20-Date Tour In 2024,https://news.pollstar.com/2023/12/04/reggaeton-pioneer-don-omar-to-embark-on-20-date-tour-in-2024/,2023-12-04,2024-03-07,2024-04-21,Grand Garden Arena,"Las Vegas, NV",Arena,FALSE,,,TRUE
Reggaeton Pioneer Don Omar To Embark On 20-Date Tour In 2024,Reggaeton Pioneer Don Omar To Embark On 20-Date Tour In 2024,https://news.pollstar.com/2023/12/04/reggaeton-pioneer-don-omar-to-embark-on-20-date-tour-in-2024/,2023-12-04,2024-03-07,2024-04-21,Desert Diamond Arena,"Glendale, AZ",Arena,FALSE,,,TRUE
Reggaeton Pioneer Don Omar To Embark On 20-Date Tour In 2024,Reggaeton Pioneer Don Omar To Embark On 20-Date Tour In 2024,https://news.pollstar.com/2023/12/04/reggaeton-pioneer-don-omar-to-embark-on-20-date-tour-in-2024/,2023-12-04,2024-03-07,2024-04-21,Texas Trust Theater,"Dallas, TX",Theater,FALSE,,,TRUE
Reggaeton Pioneer Don Omar To Embark On 20-Date Tour In 2024,Reggaeton Pioneer Don Omar To Embark On 20-Date Tour In 2024,https://news.pollstar.com/2023/12/04/reggaeton-pioneer-don-omar-to-embark-on-20-date-tour-in-2024/,2023-12-04,2024-03-07,2024-04-21,Mohegan Sun Arena,"Uncasville, CT",Arena,FALSE,,,TRUE
Reggaeton Pioneer Don Omar To Embark On 20-Date Tour In 2024,Reggaeton Pioneer Don Omar To Embark On 20-Date Tour In 2024,https://news.pollstar.com/2023/12/04/reggaeton-pioneer-don-omar-to-embark-on-20-date-tour-in-2024/,2023-12-04,2024-03-07,2024-04-21,Bojangles Coliseum,"Charlotte, NC",Arena,FALSE,,,TRUE
Reggaeton Pioneer Don Omar To Embark On 20-Date Tour In 2024,Reggaeton Pioneer Don Omar To Embark On 20-Date Tour In 2024,https://news.pollstar.com/2023/12/04/reggaeton-pioneer-don-omar-to-embark-on-20-date-tour-in-2024/,2023-12-04,2024-03-07,2024-04-21,Eagle Bank Arena,"Washington, DC",Arena,FALSE,,,TRUE
Reggaeton Pioneer Don Omar To Embark On 20-Date Tour In 2024,Reggaeton Pioneer Don Omar To Embark On 20-Date Tour In 2024,https://news.pollstar.com/2023/12/04/reggaeton-pioneer-don-omar-to-embark-on-20-date-tour-in-2024/,2023-12-04,2024-03-07,2024-04-21,Gas South Arena,"Atlanta, GA",Arena,FALSE,,,TRUE
Reggaeton Pioneer Don Omar To Embark On 20-Date Tour In 2024,Reggaeton Pioneer Don Omar To Embark On 20-Date Tour In 2024,https://news.pollstar.com/2023/12/04/reggaeton-pioneer-don-omar-to-embark-on-20-date-tour-in-2024/,2023-12-04,2024-03-07,2024-04-21,Amway Center,"Orlando, FL",Other,FALSE,,,TRUE
Reggaeton Pioneer Don Omar To Embark On 20-Date Tour In 2024,Reggaeton Pioneer Don Omar To Embark On 20-Date Tour In 2024,https://news.pollstar.com/2023/12/04/reggaeton-pioneer-don-omar-to-embark-on-20-date-tour-in-2024/,2023-12-04,2024-03-07,2024-04-21,Kaseya Center,"Miami, FL",Arena,FALSE,,,TRUE
Global Star J Balvin Back On The Road In 2024 With International Tour,Global Star J Balvin Back On The Road In 2024 With International Tour,https://news.pollstar.com/2023/11/29/global-star-j-balvin-back-on-the-road-in-2024-with-international-tour/,2023-11-29,2024-04-26,2024-06-05,"Frankfurt, Germany",Festhalle,Other,FALSE,,,TRUE
Global Star J Balvin Back On The Road In 2024 With International Tour,Global Star J Balvin Back On The Road In 2024 With International Tour,https://news.pollstar.com/2023/11/29/global-star-j-balvin-back-on-the-road-in-2024-with-international-tour/,2023-11-29,2024-04-26,2024-06-05,"Geneva, Switzerland",Geneva Arena,Other,FALSE,,,TRUE
Global Star J Balvin Back On The Road In 2024 With International Tour,Global Star J Balvin Back On The Road In 2024 With International Tour,https://news.pollstar.com/2023/11/29/global-star-j-balvin-back-on-the-road-in-2024-with-international-tour/,2023-11-29,2024-04-26,2024-06-05,"Zurich, Switzerland",Hallenstadion,Other,FALSE,,,TRUE
Global Star J Balvin Back On The Road In 2024 With International Tour,Global Star J Balvin Back On The Road In 2024 With International Tour,https://news.pollstar.com/2023/11/29/global-star-j-balvin-back-on-the-road-in-2024-with-international-tour/,2023-11-29,2024-04-26,2024-06-05,"Milan, Italy",Mediolanum Forum,Other,FALSE,,,TRUE
Global Star J Balvin Back On The Road In 2024 With International Tour,Global Star J Balvin Back On The Road In 2024 With International Tour,https://news.pollstar.com/2023/11/29/global-star-j-balvin-back-on-the-road-in-2024-with-international-tour/,2023-11-29,2024-04-26,2024-06-05,"Vienna, Austria",Stadenthalle,Other,FALSE,,,TRUE
Global Star J Balvin Back On The Road In 2024 With International Tour,Global Star J Balvin Back On The Road In 2024 With International Tour,https://news.pollstar.com/2023/11/29/global-star-j-balvin-back-on-the-road-in-2024-with-international-tour/,2023-11-29,2024-04-26,2024-06-05,"Berlin, Germany",Mercedes Benz Arena,Other,FALSE,,,TRUE
Global Star J Balvin Back On The Road In 2024 With International Tour,Global Star J Balvin Back On The Road In 2024 With International Tour,https://news.pollstar.com/2023/11/29/global-star-j-balvin-back-on-the-road-in-2024-with-international-tour/,2023-11-29,2024-04-26,2024-06-05,Ziggo Dome,"Amsterdam, Netherlands",Arena,FALSE,,,TRUE
Global Star J Balvin Back On The Road In 2024 With International Tour,Global Star J Balvin Back On The Road In 2024 With International Tour,https://news.pollstar.com/2023/11/29/global-star-j-balvin-back-on-the-road-in-2024-with-international-tour/,2023-11-29,2024-04-26,2024-06-05,"Copenhagen, Denmark",Royal Arena,Other,FALSE,,,TRUE
Global Star J Balvin Back On The Road In 2024 With International Tour,Global Star J Balvin Back On The Road In 2024 With International Tour,https://news.pollstar.com/2023/11/29/global-star-j-balvin-back-on-the-road-in-2024-with-international-tour/,2023-11-29,2024-04-26,2024-06-05,"Oslo, Norway",Oslo Spektrum,Other,FALSE,,,TRUE
Global Star J Balvin Back On The Road In 2024 With International Tour,Global Star J Balvin Back On The Road In 2024 With International Tour,https://news.pollstar.com/2023/11/29/global-star-j-balvin-back-on-the-road-in-2024-with-international-tour/,2023-11-29,2024-04-26,2024-06-05,"Stockholm, Sweden",Tele2,Other,FALSE,,,TRUE
Global Star J Balvin Back On The Road In 2024 With International Tour,Global Star J Balvin Back On The Road In 2024 With International Tour,https://news.pollstar.com/2023/11/29/global-star-j-balvin-back-on-the-road-in-2024-with-international-tour/,2023-11-29,2024-04-26,2024-06-05,"Helinski, Finland",Ice Hall,Other,FALSE,,,TRUE
Global Star J Balvin Back On The Road In 2024 With International Tour,Global Star J Balvin Back On The Road In 2024 With International Tour,https://news.pollstar.com/2023/11/29/global-star-j-balvin-back-on-the-road-in-2024-with-international-tour/,2023-11-29,2024-04-26,2024-06-05,"Kaunas, Lithuania",Zalgiris Arena,Other,FALSE,,,TRUE
Global Star J Balvin Back On The Road In 2024 With International Tour,Global Star J Balvin Back On The Road In 2024 With International Tour,https://news.pollstar.com/2023/11/29/global-star-j-balvin-back-on-the-road-in-2024-with-international-tour/,2023-11-29,2024-04-26,2024-06-05,"Cologne, Germany",Lanxess Arena,Other,FALSE,,,TRUE
Global Star J Balvin Back On The Road In 2024 With International Tour,Global Star J Balvin Back On The Road In 2024 With International Tour,https://news.pollstar.com/2023/11/29/global-star-j-balvin-back-on-the-road-in-2024-with-international-tour/,2023-11-29,2024-04-26,2024-06-05,"Paris, France",Accor Arena,Other,FALSE,,,TRUE
Global Star J Balvin Back On The Road In 2024 With International Tour,Global Star J Balvin Back On The Road In 2024 With International Tour,https://news.pollstar.com/2023/11/29/global-star-j-balvin-back-on-the-road-in-2024-with-international-tour/,2023-11-29,2024-04-26,2024-06-05,"Brussels, Belgium",ING Arena,Other,FALSE,,,TRUE
Global Star J Balvin Back On The Road In 2024 With International Tour,Global Star J Balvin Back On The Road In 2024 With International Tour,https://news.pollstar.com/2023/11/29/global-star-j-balvin-back-on-the-road-in-2024-with-international-tour/,2023-11-29,2024-04-26,2024-06-05,"Esch, Luxembourg",Rockhal Arena,Other,FALSE,,,TRUE
Global Star J Balvin Back On The Road In 2024 With International Tour,Global Star J Balvin Back On The Road In 2024 With International Tour,https://news.pollstar.com/2023/11/29/global-star-j-balvin-back-on-the-road-in-2024-with-international-tour/,2023-11-29,2024-04-26,2024-06-05,"Barcelona, Spain",Pavello Olimpic Badalona,Other,FALSE,,,TRUE
Global Star J Balvin Back On The Road In 2024 With International Tour,Global Star J Balvin Back On The Road In 2024 With International Tour,https://news.pollstar.com/2023/11/29/global-star-j-balvin-back-on-the-road-in-2024-with-international-tour/,2023-11-29,2024-04-26,2024-06-05,"Madrid, Spain",Palacio Vistalegre,Other,FALSE,,,TRUE
Global Star J Balvin Back On The Road In 2024 With International Tour,Global Star J Balvin Back On The Road In 2024 With International Tour,https://news.pollstar.com/2023/11/29/global-star-j-balvin-back-on-the-road-in-2024-with-international-tour/,2023-11-29,2024-04-26,2024-06-05,"Lisbon, Portugal",Passeio Maritimo Alges,Other,FALSE,,,TRUE
Global Star J Balvin Back On The Road In 2024 With International Tour,Global Star J Balvin Back On The Road In 2024 With International Tour,https://news.pollstar.com/2023/11/29/global-star-j-balvin-back-on-the-road-in-2024-with-international-tour/,2023-11-29,2024-04-26,2024-06-05,The O2,"London, UK",Arena,FALSE,,,TRUE
Spanish Rock Legends Hombres G Celebrating 40th Anniversary With 14-City U.S. Tour,Spanish Rock Legends Hombres G Celebrating 40th Anniversary With 14-City U.S. Tour,https://news.pollstar.com/2023/11/28/spanish-rock-legends-hombres-g-celebrating-40th-anniversary-with-14-city-u-s-tour/,2023-11-28,2024-03-06,2024-07-13,Payne Arena,"Hidalgo, TX",Arena,FALSE,,,TRUE
Spanish Rock Legends Hombres G Celebrating 40th Anniversary With 14-City U.S. Tour,Spanish Rock Legends Hombres G Celebrating 40th Anniversary With 14-City U.S. Tour,https://news.pollstar.com/2023/11/28/spanish-rock-legends-hombres-g-celebrating-40th-anniversary-with-14-city-u-s-tour/,2023-11-28,2024-03-06,2024-07-13,Smart Financial Centre at Sugar Land,"Houston, TX",Theater,FALSE,,,TRUE
Spanish Rock Legends Hombres G Celebrating 40th Anniversary With 14-City U.S. Tour,Spanish Rock Legends Hombres G Celebrating 40th Anniversary With 14-City U.S. Tour,https://news.pollstar.com/2023/11/28/spanish-rock-legends-hombres-g-celebrating-40th-anniversary-with-14-city-u-s-tour/,2023-11-28,2024-03-06,2024-07-13,The Pavilion at Toyota Music Factory,"Irving, TX",Amphitheater,LYV,,,TRUE
Spanish Rock Legends Hombres G Celebrating 40th Anniversary With 14-City U.S. Tour,Spanish Rock Legends Hombres G Celebrating 40th Anniversary With 14-City U.S. Tour,https://news.pollstar.com/2023/11/28/spanish-rock-legends-hombres-g-celebrating-40th-anniversary-with-14-city-u-s-tour/,2023-11-28,2024-03-06,2024-07-13,Addition Financial Arena,"Orlando, FL",Arena,FALSE,,,TRUE
Spanish Rock Legends Hombres G Celebrating 40th Anniversary With 14-City U.S. Tour,Spanish Rock Legends Hombres G Celebrating 40th Anniversary With 14-City U.S. Tour,https://news.pollstar.com/2023/11/28/spanish-rock-legends-hombres-g-celebrating-40th-anniversary-with-14-city-u-s-tour/,2023-11-28,2024-03-06,2024-07-13,Kaseya Center,"Miami, FL",Arena,FALSE,,,TRUE
Spanish Rock Legends Hombres G Celebrating 40th Anniversary With 14-City U.S. Tour,Spanish Rock Legends Hombres G Celebrating 40th Anniversary With 14-City U.S. Tour,https://news.pollstar.com/2023/11/28/spanish-rock-legends-hombres-g-celebrating-40th-anniversary-with-14-city-u-s-tour/,2023-11-28,2024-03-06,2024-07-13,Radio City Music Hall,"New York, NY",Theater,FALSE,,,TRUE
Spanish Rock Legends Hombres G Celebrating 40th Anniversary With 14-City U.S. Tour,Spanish Rock Legends Hombres G Celebrating 40th Anniversary With 14-City U.S. Tour,https://news.pollstar.com/2023/11/28/spanish-rock-legends-hombres-g-celebrating-40th-anniversary-with-14-city-u-s-tour/,2023-11-28,2024-03-06,2024-07-13,Allstate Arena,"Rosemont, IL",Arena,FALSE,,,TRUE
Spanish Rock Legends Hombres G Celebrating 40th Anniversary With 14-City U.S. Tour,Spanish Rock Legends Hombres G Celebrating 40th Anniversary With 14-City U.S. Tour,https://news.pollstar.com/2023/11/28/spanish-rock-legends-hombres-g-celebrating-40th-anniversary-with-14-city-u-s-tour/,2023-11-28,2024-03-06,2024-07-13,Alaska Airlines’ Theater of the Clouds,"Portland, OR",Theater,FALSE,,,TRUE
Spanish Rock Legends Hombres G Celebrating 40th Anniversary With 14-City U.S. Tour,Spanish Rock Legends Hombres G Celebrating 40th Anniversary With 14-City U.S. Tour,https://news.pollstar.com/2023/11/28/spanish-rock-legends-hombres-g-celebrating-40th-anniversary-with-14-city-u-s-tour/,2023-11-28,2024-03-06,2024-07-13,SAP Center,"San Jose, CA",Arena,FALSE,,,TRUE
Spanish Rock Legends Hombres G Celebrating 40th Anniversary With 14-City U.S. Tour,Spanish Rock Legends Hombres G Celebrating 40th Anniversary With 14-City U.S. Tour,https://news.pollstar.com/2023/11/28/spanish-rock-legends-hombres-g-celebrating-40th-anniversary-with-14-city-u-s-tour/,2023-11-28,2024-03-06,2024-07-13,The Chelsea at The Cosmopolitan,"Las Vegas, NV",Theater,FALSE,,,TRUE
Spanish Rock Legends Hombres G Celebrating 40th Anniversary With 14-City U.S. Tour,Spanish Rock Legends Hombres G Celebrating 40th Anniversary With 14-City U.S. Tour,https://news.pollstar.com/2023/11/28/spanish-rock-legends-hombres-g-celebrating-40th-anniversary-with-14-city-u-s-tour/,2023-11-28,2024-03-06,2024-07-13,Crypto.com Arena,"Los Angeles, CA",Arena,FALSE,,,TRUE
Spanish Rock Legends Hombres G Celebrating 40th Anniversary With 14-City U.S. Tour,Spanish Rock Legends Hombres G Celebrating 40th Anniversary With 14-City U.S. Tour,https://news.pollstar.com/2023/11/28/spanish-rock-legends-hombres-g-celebrating-40th-anniversary-with-14-city-u-s-tour/,2023-11-28,2024-03-06,2024-07-13,Arizona Financial Theatre,"Phoenix, AZ",Theater,LYV,,,TRUE
Spanish Rock Legends Hombres G Celebrating 40th Anniversary With 14-City U.S. Tour,Spanish Rock Legends Hombres G Celebrating 40th Anniversary With 14-City U.S. Tour,https://news.pollstar.com/2023/11/28/spanish-rock-legends-hombres-g-celebrating-40th-anniversary-with-14-city-u-s-tour/,2023-11-28,2024-03-06,2024-07-13,UTEP Don Haskins Center,"El Paso, TX",Arena,FALSE,,,TRUE
KSHMR,KSHMR Unveils 2024 Club Tour Dates,https://news.pollstar.com/2023/11/22/kshmr-unveils-2024-club-tour-dates/,2023-11-22,2024-02-09,2024-04-06,Echostage,"Washington, DC",Club,FALSE,,,TRUE
KSHMR,KSHMR Unveils 2024 Club Tour Dates,https://news.pollstar.com/2023/11/22/kshmr-unveils-2024-club-tour-dates/,2023-11-22,2024-02-09,2024-04-06,Rebel,"Toronto, ON",Other,FALSE,,,TRUE
KSHMR,KSHMR Unveils 2024 Club Tour Dates,https://news.pollstar.com/2023/11/22/kshmr-unveils-2024-club-tour-dates/,2023-11-22,2024-02-09,2024-04-06,1015 Folsom,"San Francisco, CA",Club,FALSE,,,TRUE
KSHMR,KSHMR Unveils 2024 Club Tour Dates,https://news.pollstar.com/2023/11/22/kshmr-unveils-2024-club-tour-dates/,2023-11-22,2024-02-09,2024-04-06,Nova,"San Diego, CA",Theater,FALSE,,,TRUE
KSHMR,KSHMR Unveils 2024 Club Tour Dates,https://news.pollstar.com/2023/11/22/kshmr-unveils-2024-club-tour-dates/,2023-11-22,2024-02-09,2024-04-06,Big Night Live,"Boston, MA",Club,FALSE,,,TRUE
KSHMR,KSHMR Unveils 2024 Club Tour Dates,https://news.pollstar.com/2023/11/22/kshmr-unveils-2024-club-tour-dates/,2023-11-22,2024-02-09,2024-04-06,Harbour Event & Convention Center,"Vancouver, BC",Other,FALSE,,,TRUE
KSHMR,KSHMR Unveils 2024 Club Tour Dates,https://news.pollstar.com/2023/11/22/kshmr-unveils-2024-club-tour-dates/,2023-11-22,2024-02-09,2024-04-06,PRYSM Nightclub,"Chicago, IL",Club,FALSE,,,TRUE
KSHMR,KSHMR Unveils 2024 Club Tour Dates,https://news.pollstar.com/2023/11/22/kshmr-unveils-2024-club-tour-dates/,2023-11-22,2024-02-09,2024-04-06,Academy,"Los Angeles, CA",Theater,FALSE,,,TRUE
KSHMR,KSHMR Unveils 2024 Club Tour Dates,https://news.pollstar.com/2023/11/22/kshmr-unveils-2024-club-tour-dates/,2023-11-22,2024-02-09,2024-04-06,Exchange LA,"Los Angeles, CA",Club,FALSE,,,TRUE
KSHMR,KSHMR Unveils 2024 Club Tour Dates,https://news.pollstar.com/2023/11/22/kshmr-unveils-2024-club-tour-dates/,2023-11-22,2024-02-09,2024-04-06,New City Gas,"Montreal, QC",Club,FALSE,,,TRUE
KSHMR,KSHMR Unveils 2024 Club Tour Dates,https://news.pollstar.com/2023/11/22/kshmr-unveils-2024-club-tour-dates/,2023-11-22,2024-02-09,2024-04-06,Harrah’s Resort Atlantic City,"Atlantic City, NJ",Other,FALSE,,,TRUE
KSHMR,KSHMR Unveils 2024 Club Tour Dates,https://news.pollstar.com/2023/11/22/kshmr-unveils-2024-club-tour-dates/,2023-11-22,2024-02-09,2024-04-06,NOTO Houston,"Houston, TX",Club,FALSE,,,TRUE
KSHMR,KSHMR Unveils 2024 Club Tour Dates,https://news.pollstar.com/2023/11/22/kshmr-unveils-2024-club-tour-dates/,2023-11-22,2024-02-09,2024-04-06,Great Hall at Avant Gardner,"Brooklyn, NY",Other,FALSE,,,TRUE
KSHMR,KSHMR Unveils 2024 Club Tour Dates,https://news.pollstar.com/2023/11/22/kshmr-unveils-2024-club-tour-dates/,2023-11-22,2024-02-09,2024-04-06,The Church Nightclub,"Denver, CO",Club,FALSE,,,TRUE
Coldplay,Coldplay Announce 2024 Australia & New Zealand Dates,https://news.pollstar.com/2023/11/20/coldplay-announce-2024-australia-new-zealand-dates/,2023-11-20,2024-10-30,2024-11-13,Marvel Stadium,"Melbourne, AUS",Stadium,FALSE,,,TRUE
Coldplay,Coldplay Announce 2024 Australia & New Zealand Dates,https://news.pollstar.com/2023/11/20/coldplay-announce-2024-australia-new-zealand-dates/,2023-11-20,2024-10-30,2024-11-13,Marvel Stadium,"Melbourne, AUS",Stadium,FALSE,,,TRUE
Coldplay,Coldplay Announce 2024 Australia & New Zealand Dates,https://news.pollstar.com/2023/11/20/coldplay-announce-2024-australia-new-zealand-dates/,2023-11-20,2024-10-30,2024-11-13,Accor Stadium,"Sydney, AUS",Stadium,FALSE,,,TRUE
Coldplay,Coldplay Announce 2024 Australia & New Zealand Dates,https://news.pollstar.com/2023/11/20/coldplay-announce-2024-australia-new-zealand-dates/,2023-11-20,2024-10-30,2024-11-13,Accor Stadium,"Sydney, AUS",Stadium,FALSE,,,TRUE
Coldplay,Coldplay Announce 2024 Australia & New Zealand Dates,https://news.pollstar.com/2023/11/20/coldplay-announce-2024-australia-new-zealand-dates/,2023-11-20,2024-10-30,2024-11-13,Eden Park,"Auckland, NZ",Other,FALSE,,,TRUE
Peter Hook,Peter Hook & The Light Announce 2024 North American Tour Dates,https://news.pollstar.com/2023/11/21/peter-hook-the-light-announce-2024-north-american-tour-dates/,2023-11-21,2024-08-31,2024-09-28,History,"Toronto, ON",Club,LYV,,,TRUE
Peter Hook,Peter Hook & The Light Announce 2024 North American Tour Dates,https://news.pollstar.com/2023/11/21/peter-hook-the-light-announce-2024-north-american-tour-dates/,2023-11-21,2024-08-31,2024-09-28,9:30 Club,"Washington, DC",Club,FALSE,,,TRUE
Peter Hook,Peter Hook & The Light Announce 2024 North American Tour Dates,https://news.pollstar.com/2023/11/21/peter-hook-the-light-announce-2024-north-american-tour-dates/,2023-11-21,2024-08-31,2024-09-28,Paradise Rock Club,"Boston, MA",Club,FALSE,,,TRUE
Peter Hook,Peter Hook & The Light Announce 2024 North American Tour Dates,https://news.pollstar.com/2023/11/21/peter-hook-the-light-announce-2024-north-american-tour-dates/,2023-11-21,2024-08-31,2024-09-28,Union Transfer,"Philadelphia, PA",Club,FALSE,,,TRUE
Peter Hook,Peter Hook & The Light Announce 2024 North American Tour Dates,https://news.pollstar.com/2023/11/21/peter-hook-the-light-announce-2024-north-american-tour-dates/,2023-11-21,2024-08-31,2024-09-28,Brooklyn Steel,"New York, NY",Club,FALSE,,,TRUE
Peter Hook,Peter Hook & The Light Announce 2024 North American Tour Dates,https://news.pollstar.com/2023/11/21/peter-hook-the-light-announce-2024-north-american-tour-dates/,2023-11-21,2024-08-31,2024-09-28,Riviera Theatre,"Chicago, IL",Theater,FALSE,,,TRUE
Peter Hook,Peter Hook & The Light Announce 2024 North American Tour Dates,https://news.pollstar.com/2023/11/21/peter-hook-the-light-announce-2024-north-american-tour-dates/,2023-11-21,2024-08-31,2024-09-28,Royal Oak Music Theatre,"Detroit, MI",Amphitheater,LYV,,,TRUE
Peter Hook,Peter Hook & The Light Announce 2024 North American Tour Dates,https://news.pollstar.com/2023/11/21/peter-hook-the-light-announce-2024-north-american-tour-dates/,2023-11-21,2024-08-31,2024-09-28,The Far Out Lounge and Stage,"Austin, TX",Other,FALSE,,,TRUE
Peter Hook,Peter Hook & The Light Announce 2024 North American Tour Dates,https://news.pollstar.com/2023/11/21/peter-hook-the-light-announce-2024-north-american-tour-dates/,2023-11-21,2024-08-31,2024-09-28,House Of Blues,"Houston, TX",Club,LYV,,,TRUE
Peter Hook,Peter Hook & The Light Announce 2024 North American Tour Dates,https://news.pollstar.com/2023/11/21/peter-hook-the-light-announce-2024-north-american-tour-dates/,2023-11-21,2024-08-31,2024-09-28,House Of Blues,"Dallas, TX",Club,LYV,,,TRUE
Peter Hook,Peter Hook & The Light Announce 2024 North American Tour Dates,https://news.pollstar.com/2023/11/21/peter-hook-the-light-announce-2024-north-american-tour-dates/,2023-11-21,2024-08-31,2024-09-28,Humphreys Concerts By The Bay,"San Diego, CA",Amphitheater,FALSE,,,TRUE
Peter Hook,Peter Hook & The Light Announce 2024 North American Tour Dates,https://news.pollstar.com/2023/11/21/peter-hook-the-light-announce-2024-north-american-tour-dates/,2023-11-21,2024-08-31,2024-09-28,Hollywood Palladium,"Los Angeles, CA",Theater,LYV,,,TRUE
Peter Hook,Peter Hook & The Light Announce 2024 North American Tour Dates,https://news.pollstar.com/2023/11/21/peter-hook-the-light-announce-2024-north-american-tour-dates/,2023-11-21,2024-08-31,2024-09-28,The Warfield,"San Francisco, CA",Auditorium,FALSE,,,TRUE
Peter Hook,Peter Hook & The Light Announce 2024 North American Tour Dates,https://news.pollstar.com/2023/11/21/peter-hook-the-light-announce-2024-north-american-tour-dates/,2023-11-21,2024-08-31,2024-09-28,Commodore Ballroom,"Vancouver, BC",Club,FALSE,,,TRUE
Peter Hook,Peter Hook & The Light Announce 2024 North American Tour Dates,https://news.pollstar.com/2023/11/21/peter-hook-the-light-announce-2024-north-american-tour-dates/,2023-11-21,2024-08-31,2024-09-28,The Showbox,"Seattle, WA",Club,FALSE,,,TRUE
Peter Hook,Peter Hook & The Light Announce 2024 North American Tour Dates,https://news.pollstar.com/2023/11/21/peter-hook-the-light-announce-2024-north-american-tour-dates/,2023-11-21,2024-08-31,2024-09-28,McMenamins Crystal Ballroom,"Portland, OR",Club,FALSE,,,TRUE
Peter Hook,Peter Hook & The Light Announce 2024 North American Tour Dates,https://news.pollstar.com/2023/11/21/peter-hook-the-light-announce-2024-north-american-tour-dates/,2023-11-21,2024-08-31,2024-09-28,Ogden Theatre,"Denver, CO",Auditorium,FALSE,,,TRUE
Alanis Morissette,Alanis Morissette Announces 31-Date ‘Triple Moon Tour’,https://news.pollstar.com/2023/11/10/alanis-morissette-announces-31-date-triple-moon-tour/,2023-11-10,2024-06-09,2024-08-10,Talking Stick Resort Amphitheatre,"Phoenix, AZ",Amphitheater,LYV,,,TRUE
Alanis Morissette,Alanis Morissette Announces 31-Date ‘Triple Moon Tour’,https://news.pollstar.com/2023/11/10/alanis-morissette-announces-31-date-triple-moon-tour/,2023-11-10,2024-06-09,2024-08-10,Moody Center,"Austin, TX",Arena,FALSE,,,TRUE
Alanis Morissette,Alanis Morissette Announces 31-Date ‘Triple Moon Tour’,https://news.pollstar.com/2023/11/10/alanis-morissette-announces-31-date-triple-moon-tour/,2023-11-10,2024-06-09,2024-08-10,Dos Equis Pavilion,"Dallas, TX",Amphitheater,LYV,,,TRUE
Alanis Morissette,Alanis Morissette Announces 31-Date ‘Triple Moon Tour’,https://news.pollstar.com/2023/11/10/alanis-morissette-announces-31-date-triple-moon-tour/,2023-11-10,2024-06-09,2024-08-10,Cynthia Woods Mitchell Pavilion Presented by Huntsman,"Houston, TX",Amphitheater,LYV,,,TRUE
Alanis Morissette,Alanis Morissette Announces 31-Date ‘Triple Moon Tour’,https://news.pollstar.com/2023/11/10/alanis-morissette-announces-31-date-triple-moon-tour/,2023-11-10,2024-06-09,2024-08-10,MIDFLORIDA Credit Union Amphitheatre,"Tampa, FL",Amphitheater,LYV,,,TRUE
Alanis Morissette,Alanis Morissette Announces 31-Date ‘Triple Moon Tour’,https://news.pollstar.com/2023/11/10/alanis-morissette-announces-31-date-triple-moon-tour/,2023-11-10,2024-06-09,2024-08-10,iTHINK Financial Amphitheatre,"West Palm Beach, FL",Amphitheater,LYV,,,TRUE
Alanis Morissette,Alanis Morissette Announces 31-Date ‘Triple Moon Tour’,https://news.pollstar.com/2023/11/10/alanis-morissette-announces-31-date-triple-moon-tour/,2023-11-10,2024-06-09,2024-08-10,Ameris Bank Amphitheater,"Alpharetta, GA",Amphitheater,LYV,,,TRUE
Alanis Morissette,Alanis Morissette Announces 31-Date ‘Triple Moon Tour’,https://news.pollstar.com/2023/11/10/alanis-morissette-announces-31-date-triple-moon-tour/,2023-11-10,2024-06-09,2024-08-10,Bridgestone Arena,"Nashville, TN",Arena,FALSE,,,TRUE
Alanis Morissette,Alanis Morissette Announces 31-Date ‘Triple Moon Tour’,https://news.pollstar.com/2023/11/10/alanis-morissette-announces-31-date-triple-moon-tour/,2023-11-10,2024-06-09,2024-08-10,PNC Music Pavilion,"Charlotte, NC",Amphitheater,LYV,,,TRUE
Alanis Morissette,Alanis Morissette Announces 31-Date ‘Triple Moon Tour’,https://news.pollstar.com/2023/11/10/alanis-morissette-announces-31-date-triple-moon-tour/,2023-11-10,2024-06-09,2024-08-10,Coastal Credit Union Music Park at Walnut Creek,"Raleigh, NC",Amphitheater,LYV,,,TRUE
Alanis Morissette,Alanis Morissette Announces 31-Date ‘Triple Moon Tour’,https://news.pollstar.com/2023/11/10/alanis-morissette-announces-31-date-triple-moon-tour/,2023-11-10,2024-06-09,2024-08-10,Merriweather Post Pavilion,"Columbia, MD",Amphitheater,LYV,,,TRUE
Alanis Morissette,Alanis Morissette Announces 31-Date ‘Triple Moon Tour’,https://news.pollstar.com/2023/11/10/alanis-morissette-announces-31-date-triple-moon-tour/,2023-11-10,2024-06-09,2024-08-10,Freedom Mortgage Pavilion,"Camden, NJ",Amphitheater,LYV,,,TRUE
Alanis Morissette,Alanis Morissette Announces 31-Date ‘Triple Moon Tour’,https://news.pollstar.com/2023/11/10/alanis-morissette-announces-31-date-triple-moon-tour/,2023-11-10,2024-06-09,2024-08-10,PNC Bank Arts Center,"Holmdel, NJ",Arena,LYV,,,TRUE
Alanis Morissette,Alanis Morissette Announces 31-Date ‘Triple Moon Tour’,https://news.pollstar.com/2023/11/10/alanis-morissette-announces-31-date-triple-moon-tour/,2023-11-10,2024-06-09,2024-08-10,Bethel Woods Center for the Arts,"Bethel, NY",Arena,FALSE,,,TRUE
Alanis Morissette,Alanis Morissette Announces 31-Date ‘Triple Moon Tour’,https://news.pollstar.com/2023/11/10/alanis-morissette-announces-31-date-triple-moon-tour/,2023-11-10,2024-06-09,2024-08-10,Xfinity Theatre,"Hartford, CT",Theater,LYV,,,TRUE
Alanis Morissette,Alanis Morissette Announces 31-Date ‘Triple Moon Tour’,https://news.pollstar.com/2023/11/10/alanis-morissette-announces-31-date-triple-moon-tour/,2023-11-10,2024-06-09,2024-08-10,Xfinity Center,"Mansfield, MA",Arena,LYV,,,TRUE
Alanis Morissette,Alanis Morissette Announces 31-Date ‘Triple Moon Tour’,https://news.pollstar.com/2023/11/10/alanis-morissette-announces-31-date-triple-moon-tour/,2023-11-10,2024-06-09,2024-08-10,Northwell Health at Jones Beach Theater,"Wantagh, NY",Theater,FALSE,,,TRUE
Alanis Morissette,Alanis Morissette Announces 31-Date ‘Triple Moon Tour’,https://news.pollstar.com/2023/11/10/alanis-morissette-announces-31-date-triple-moon-tour/,2023-11-10,2024-06-09,2024-08-10,Budweiser Stage,"Toronto, ON",Amphitheater,LYV,,,TRUE
Alanis Morissette,Alanis Morissette Announces 31-Date ‘Triple Moon Tour’,https://news.pollstar.com/2023/11/10/alanis-morissette-announces-31-date-triple-moon-tour/,2023-11-10,2024-06-09,2024-08-10,Pine Knob Music Theatre,"Clarkston, MI",Amphitheater,LYV,,,TRUE
Alanis Morissette,Alanis Morissette Announces 31-Date ‘Triple Moon Tour’,https://news.pollstar.com/2023/11/10/alanis-morissette-announces-31-date-triple-moon-tour/,2023-11-10,2024-06-09,2024-08-10,Blossom Music Center,"Cuyahoga Falls, OH",Amphitheater,LYV,,,TRUE
Alanis Morissette,Alanis Morissette Announces 31-Date ‘Triple Moon Tour’,https://news.pollstar.com/2023/11/10/alanis-morissette-announces-31-date-triple-moon-tour/,2023-11-10,2024-06-09,2024-08-10,Hollywood Casino Amphitheatre,"Maryland Heights, MO",Amphitheater,LYV,,,TRUE
Alanis Morissette,Alanis Morissette Announces 31-Date ‘Triple Moon Tour’,https://news.pollstar.com/2023/11/10/alanis-morissette-announces-31-date-triple-moon-tour/,2023-11-10,2024-06-09,2024-08-10,Riverbend Music Center,"Cincinnati, OH",Amphitheater,LYV,,,TRUE
Alanis Morissette,Alanis Morissette Announces 31-Date ‘Triple Moon Tour’,https://news.pollstar.com/2023/11/10/alanis-morissette-announces-31-date-triple-moon-tour/,2023-11-10,2024-06-09,2024-08-10,Ruoff Music Center,"Noblesville, IN",Amphitheater,LYV,,,TRUE
Alanis Morissette,Alanis Morissette Announces 31-Date ‘Triple Moon Tour’,https://news.pollstar.com/2023/11/10/alanis-morissette-announces-31-date-triple-moon-tour/,2023-11-10,2024-06-09,2024-08-10,American Family Insurance Amphitheater,"Milwaukee, WI",Amphitheater,LYV,,,TRUE
Alanis Morissette,Alanis Morissette Announces 31-Date ‘Triple Moon Tour’,https://news.pollstar.com/2023/11/10/alanis-morissette-announces-31-date-triple-moon-tour/,2023-11-10,2024-06-09,2024-08-10,Ball Arena,"Denver, CO",Arena,FALSE,,,TRUE
Alanis Morissette,Alanis Morissette Announces 31-Date ‘Triple Moon Tour’,https://news.pollstar.com/2023/11/10/alanis-morissette-announces-31-date-triple-moon-tour/,2023-11-10,2024-06-09,2024-08-10,USANA Amphitheatre,"Salt Lake City, UT",Amphitheater,LYV,,,TRUE
Alanis Morissette,Alanis Morissette Announces 31-Date ‘Triple Moon Tour’,https://news.pollstar.com/2023/11/10/alanis-morissette-announces-31-date-triple-moon-tour/,2023-11-10,2024-06-09,2024-08-10,White River Amphitheatre,"Auburn, WA",Amphitheater,LYV,,,TRUE
Alanis Morissette,Alanis Morissette Announces 31-Date ‘Triple Moon Tour’,https://news.pollstar.com/2023/11/10/alanis-morissette-announces-31-date-triple-moon-tour/,2023-11-10,2024-06-09,2024-08-10,Moda Center,"Portland, OR",Arena,FALSE,,,TRUE
Alanis Morissette,Alanis Morissette Announces 31-Date ‘Triple Moon Tour’,https://news.pollstar.com/2023/11/10/alanis-morissette-announces-31-date-triple-moon-tour/,2023-11-10,2024-06-09,2024-08-10,Shoreline Amphitheatre,"Mountain View, CA",Amphitheater,LYV,,,TRUE
Alanis Morissette,Alanis Morissette Announces 31-Date ‘Triple Moon Tour’,https://news.pollstar.com/2023/11/10/alanis-morissette-announces-31-date-triple-moon-tour/,2023-11-10,2024-06-09,2024-08-10,Acrisure Arena,"Palm Springs, CA",Arena,FALSE,,,TRUE
Alanis Morissette,Alanis Morissette Announces 31-Date ‘Triple Moon Tour’,https://news.pollstar.com/2023/11/10/alanis-morissette-announces-31-date-triple-moon-tour/,2023-11-10,2024-06-09,2024-08-10,Kia Forum,"Inglewood, CA",Arena,FALSE,,,TRUE
Chicago,"Chicago & Earth, Wind & Fire Announce Return Of ‘Heart & Soul Tour’",https://news.pollstar.com/2023/11/13/chicago-earth-wind-fire-announce-return-of-heart-soul-tour/,2023-11-13,2024-07-10,2024-09-07,Hollywood Casino Amphitheatre,"St. Louis, MO",Amphitheater,LYV,,,TRUE
Chicago,"Chicago & Earth, Wind & Fire Announce Return Of ‘Heart & Soul Tour’",https://news.pollstar.com/2023/11/13/chicago-earth-wind-fire-announce-return-of-heart-soul-tour/,2023-11-13,2024-07-10,2024-09-07,Allstate Arena,"Rosemont, IL",Arena,FALSE,,,TRUE
Chicago,"Chicago & Earth, Wind & Fire Announce Return Of ‘Heart & Soul Tour’",https://news.pollstar.com/2023/11/13/chicago-earth-wind-fire-announce-return-of-heart-soul-tour/,2023-11-13,2024-07-10,2024-09-07,Xcel Energy Center,"Saint Paul, MN",Arena,FALSE,,,TRUE
Chicago,"Chicago & Earth, Wind & Fire Announce Return Of ‘Heart & Soul Tour’",https://news.pollstar.com/2023/11/13/chicago-earth-wind-fire-announce-return-of-heart-soul-tour/,2023-11-13,2024-07-10,2024-09-07,Blossom Music Center,"Cuyahoga Falls, OH",Amphitheater,LYV,,,TRUE
Chicago,"Chicago & Earth, Wind & Fire Announce Return Of ‘Heart & Soul Tour’",https://news.pollstar.com/2023/11/13/chicago-earth-wind-fire-announce-return-of-heart-soul-tour/,2023-11-13,2024-07-10,2024-09-07,Pine Knob Music Theatre,"Clarkston, MI",Amphitheater,LYV,,,TRUE
Chicago,"Chicago & Earth, Wind & Fire Announce Return Of ‘Heart & Soul Tour’",https://news.pollstar.com/2023/11/13/chicago-earth-wind-fire-announce-return-of-heart-soul-tour/,2023-11-13,2024-07-10,2024-09-07,Riverbend Music Center,"Cincinnati, OH",Amphitheater,LYV,,,TRUE
Chicago,"Chicago & Earth, Wind & Fire Announce Return Of ‘Heart & Soul Tour’",https://news.pollstar.com/2023/11/13/chicago-earth-wind-fire-announce-return-of-heart-soul-tour/,2023-11-13,2024-07-10,2024-09-07,Ruoff Music Center,"Noblesville, IN",Amphitheater,LYV,,,TRUE
Chicago,"Chicago & Earth, Wind & Fire Announce Return Of ‘Heart & Soul Tour’",https://news.pollstar.com/2023/11/13/chicago-earth-wind-fire-announce-return-of-heart-soul-tour/,2023-11-13,2024-07-10,2024-09-07,Budweiser Stage,"Toronto, ON",Amphitheater,LYV,,,TRUE
Chicago,"Chicago & Earth, Wind & Fire Announce Return Of ‘Heart & Soul Tour’",https://news.pollstar.com/2023/11/13/chicago-earth-wind-fire-announce-return-of-heart-soul-tour/,2023-11-13,2024-07-10,2024-09-07,Broadview Stage at SPAC,"Saratoga Springs, NY",Amphitheater,LYV,,,TRUE
Chicago,"Chicago & Earth, Wind & Fire Announce Return Of ‘Heart & Soul Tour’",https://news.pollstar.com/2023/11/13/chicago-earth-wind-fire-announce-return-of-heart-soul-tour/,2023-11-13,2024-07-10,2024-09-07,Xfinity Center,"Mansfield, MA",Arena,LYV,,,TRUE
Chicago,"Chicago & Earth, Wind & Fire Announce Return Of ‘Heart & Soul Tour’",https://news.pollstar.com/2023/11/13/chicago-earth-wind-fire-announce-return-of-heart-soul-tour/,2023-11-13,2024-07-10,2024-09-07,Northwell Health at Jones Beach Theater,"Wantagh, NY",Theater,FALSE,,,TRUE
Chicago,"Chicago & Earth, Wind & Fire Announce Return Of ‘Heart & Soul Tour’",https://news.pollstar.com/2023/11/13/chicago-earth-wind-fire-announce-return-of-heart-soul-tour/,2023-11-13,2024-07-10,2024-09-07,Hartford Healthcare Amphitheater,"Bridgeport, CT",Amphitheater,LYV,,,TRUE
Chicago,"Chicago & Earth, Wind & Fire Announce Return Of ‘Heart & Soul Tour’",https://news.pollstar.com/2023/11/13/chicago-earth-wind-fire-announce-return-of-heart-soul-tour/,2023-11-13,2024-07-10,2024-09-07,Freedom Mortgage Pavilion,"Camden, NJ",Amphitheater,LYV,,,TRUE
Chicago,"Chicago & Earth, Wind & Fire Announce Return Of ‘Heart & Soul Tour’",https://news.pollstar.com/2023/11/13/chicago-earth-wind-fire-announce-return-of-heart-soul-tour/,2023-11-13,2024-07-10,2024-09-07,Jiffy Lube Live,"Bristow, VA",Amphitheater,LYV,,,TRUE
Chicago,"Chicago & Earth, Wind & Fire Announce Return Of ‘Heart & Soul Tour’",https://news.pollstar.com/2023/11/13/chicago-earth-wind-fire-announce-return-of-heart-soul-tour/,2023-11-13,2024-07-10,2024-09-07,PNC Bank Arts Center,"Holmdel, NJ",Arena,LYV,,,TRUE
Chicago,"Chicago & Earth, Wind & Fire Announce Return Of ‘Heart & Soul Tour’",https://news.pollstar.com/2023/11/13/chicago-earth-wind-fire-announce-return-of-heart-soul-tour/,2023-11-13,2024-07-10,2024-09-07,Coastal Credit Union Music Park at Walnut Creek,"Raleigh, NC",Amphitheater,LYV,,,TRUE
Chicago,"Chicago & Earth, Wind & Fire Announce Return Of ‘Heart & Soul Tour’",https://news.pollstar.com/2023/11/13/chicago-earth-wind-fire-announce-return-of-heart-soul-tour/,2023-11-13,2024-07-10,2024-09-07,PNC Music Pavilion,"Charlotte, NC",Amphitheater,LYV,,,TRUE
Chicago,"Chicago & Earth, Wind & Fire Announce Return Of ‘Heart & Soul Tour’",https://news.pollstar.com/2023/11/13/chicago-earth-wind-fire-announce-return-of-heart-soul-tour/,2023-11-13,2024-07-10,2024-09-07,MIDFLORIDA Credit Union Amphitheater,"Tampa, FL",Theater,FALSE,,,TRUE
Chicago,"Chicago & Earth, Wind & Fire Announce Return Of ‘Heart & Soul Tour’",https://news.pollstar.com/2023/11/13/chicago-earth-wind-fire-announce-return-of-heart-soul-tour/,2023-11-13,2024-07-10,2024-09-07,iTHINK Financial Amphitheatre,"West Palm Beach, FL",Amphitheater,LYV,,,TRUE
Chicago,"Chicago & Earth, Wind & Fire Announce Return Of ‘Heart & Soul Tour’",https://news.pollstar.com/2023/11/13/chicago-earth-wind-fire-announce-return-of-heart-soul-tour/,2023-11-13,2024-07-10,2024-09-07,Ameris Bank Amphitheatre,"Alpharetta, GA",Amphitheater,LYV,,,TRUE
Chicago,"Chicago & Earth, Wind & Fire Announce Return Of ‘Heart & Soul Tour’",https://news.pollstar.com/2023/11/13/chicago-earth-wind-fire-announce-return-of-heart-soul-tour/,2023-11-13,2024-07-10,2024-09-07,Bridgestone Arena,"Nashville, TN",Arena,FALSE,,,TRUE
Chicago,"Chicago & Earth, Wind & Fire Announce Return Of ‘Heart & Soul Tour’",https://news.pollstar.com/2023/11/13/chicago-earth-wind-fire-announce-return-of-heart-soul-tour/,2023-11-13,2024-07-10,2024-09-07,Dickies Arena,"Fort Worth, TX",Arena,FALSE,,,TRUE
Chicago,"Chicago & Earth, Wind & Fire Announce Return Of ‘Heart & Soul Tour’",https://news.pollstar.com/2023/11/13/chicago-earth-wind-fire-announce-return-of-heart-soul-tour/,2023-11-13,2024-07-10,2024-09-07,Cynthia Woods Mitchell Pavilion,"Houston, TX",Amphitheater,LYV,,,TRUE
Chicago,"Chicago & Earth, Wind & Fire Announce Return Of ‘Heart & Soul Tour’",https://news.pollstar.com/2023/11/13/chicago-earth-wind-fire-announce-return-of-heart-soul-tour/,2023-11-13,2024-07-10,2024-09-07,Simmons Bank Arena,"North Little Rock, AR",Arena,FALSE,,,TRUE
Chicago,"Chicago & Earth, Wind & Fire Announce Return Of ‘Heart & Soul Tour’",https://news.pollstar.com/2023/11/13/chicago-earth-wind-fire-announce-return-of-heart-soul-tour/,2023-11-13,2024-07-10,2024-09-07,Footprint Center,"Phoenix, AZ",Arena,FALSE,,,TRUE
Chicago,"Chicago & Earth, Wind & Fire Announce Return Of ‘Heart & Soul Tour’",https://news.pollstar.com/2023/11/13/chicago-earth-wind-fire-announce-return-of-heart-soul-tour/,2023-11-13,2024-07-10,2024-09-07,North Island Credit Union Amphitheatre,"Chula Vista, CA",Amphitheater,LYV,,,TRUE
Chicago,"Chicago & Earth, Wind & Fire Announce Return Of ‘Heart & Soul Tour’",https://news.pollstar.com/2023/11/13/chicago-earth-wind-fire-announce-return-of-heart-soul-tour/,2023-11-13,2024-07-10,2024-09-07,Toyota Pavilion at Concord,"Concord, CA",Amphitheater,LYV,,,TRUE
Chicago,"Chicago & Earth, Wind & Fire Announce Return Of ‘Heart & Soul Tour’",https://news.pollstar.com/2023/11/13/chicago-earth-wind-fire-announce-return-of-heart-soul-tour/,2023-11-13,2024-07-10,2024-09-07,Climate Pledge Arena,"Seattle, WA",Arena,FALSE,,,TRUE
Chicago,"Chicago & Earth, Wind & Fire Announce Return Of ‘Heart & Soul Tour’",https://news.pollstar.com/2023/11/13/chicago-earth-wind-fire-announce-return-of-heart-soul-tour/,2023-11-13,2024-07-10,2024-09-07,The Kia Forum,"Los Angeles, CA",Arena,FALSE,,,TRUE
Chicago,"Chicago & Earth, Wind & Fire Announce Return Of ‘Heart & Soul Tour’",https://news.pollstar.com/2023/11/13/chicago-earth-wind-fire-announce-return-of-heart-soul-tour/,2023-11-13,2024-07-10,2024-09-07,Acrisure Arena,"Palm Desert, CA",Arena,FALSE,,,TRUE
Drake’s ‘It’s All A Blur Tour’ Continues Into ’24,Drake’s ‘It’s All A Blur Tour’ Continues Into ’24,https://news.pollstar.com/2023/11/13/drakes-its-all-a-blur-tour-continues-into-24/,2023-11-13,2024-01-18,2024-03-27,"Denver, CO+",Ball Arena,Other,FALSE,,,TRUE
Drake’s ‘It’s All A Blur Tour’ Continues Into ’24,Drake’s ‘It’s All A Blur Tour’ Continues Into ’24,https://news.pollstar.com/2023/11/13/drakes-its-all-a-blur-tour-continues-into-24/,2023-11-13,2024-01-18,2024-03-27,Ball Arena,"Denver, CO",Arena,FALSE,,,TRUE
Drake’s ‘It’s All A Blur Tour’ Continues Into ’24,Drake’s ‘It’s All A Blur Tour’ Continues Into ’24,https://news.pollstar.com/2023/11/13/drakes-its-all-a-blur-tour-continues-into-24/,2023-11-13,2024-01-18,2024-03-27,Frost Bank Center,"San Antonio, TX",Arena,FALSE,,,TRUE
Drake’s ‘It’s All A Blur Tour’ Continues Into ’24,Drake’s ‘It’s All A Blur Tour’ Continues Into ’24,https://news.pollstar.com/2023/11/13/drakes-its-all-a-blur-tour-continues-into-24/,2023-11-13,2024-01-18,2024-03-27,Paycom Center,"Oklahoma City, OK",Arena,FALSE,,,TRUE
Drake’s ‘It’s All A Blur Tour’ Continues Into ’24,Drake’s ‘It’s All A Blur Tour’ Continues Into ’24,https://news.pollstar.com/2023/11/13/drakes-its-all-a-blur-tour-continues-into-24/,2023-11-13,2024-01-18,2024-03-27,"New Orleans, LA+",Smoothie King Center,Other,FALSE,,,TRUE
Drake’s ‘It’s All A Blur Tour’ Continues Into ’24,Drake’s ‘It’s All A Blur Tour’ Continues Into ’24,https://news.pollstar.com/2023/11/13/drakes-its-all-a-blur-tour-continues-into-24/,2023-11-13,2024-01-18,2024-03-27,Smoothie King Center,"New Orleans, LA",Arena,FALSE,,,TRUE
Drake’s ‘It’s All A Blur Tour’ Continues Into ’24,Drake’s ‘It’s All A Blur Tour’ Continues Into ’24,https://news.pollstar.com/2023/11/13/drakes-its-all-a-blur-tour-continues-into-24/,2023-11-13,2024-01-18,2024-03-27,Amalie Arena,"Tampa, FL",Arena,FALSE,,,TRUE
Drake’s ‘It’s All A Blur Tour’ Continues Into ’24,Drake’s ‘It’s All A Blur Tour’ Continues Into ’24,https://news.pollstar.com/2023/11/13/drakes-its-all-a-blur-tour-continues-into-24/,2023-11-13,2024-01-18,2024-03-27,"Nashville, TN+",Bridgestone Arena,Other,FALSE,,,TRUE
Drake’s ‘It’s All A Blur Tour’ Continues Into ’24,Drake’s ‘It’s All A Blur Tour’ Continues Into ’24,https://news.pollstar.com/2023/11/13/drakes-its-all-a-blur-tour-continues-into-24/,2023-11-13,2024-01-18,2024-03-27,"Nashville, TN+",Bridgestone Arena,Other,FALSE,,,TRUE
Drake’s ‘It’s All A Blur Tour’ Continues Into ’24,Drake’s ‘It’s All A Blur Tour’ Continues Into ’24,https://news.pollstar.com/2023/11/13/drakes-its-all-a-blur-tour-continues-into-24/,2023-11-13,2024-01-18,2024-03-27,Enterprise Center,"St. Louis, MO",Arena,FALSE,,,TRUE
Drake’s ‘It’s All A Blur Tour’ Continues Into ’24,Drake’s ‘It’s All A Blur Tour’ Continues Into ’24,https://news.pollstar.com/2023/11/13/drakes-its-all-a-blur-tour-continues-into-24/,2023-11-13,2024-01-18,2024-03-27,PPG Paints Arena,"Pittsburgh, PA",Arena,FALSE,,,TRUE
Drake’s ‘It’s All A Blur Tour’ Continues Into ’24,Drake’s ‘It’s All A Blur Tour’ Continues Into ’24,https://news.pollstar.com/2023/11/13/drakes-its-all-a-blur-tour-continues-into-24/,2023-11-13,2024-01-18,2024-03-27,"Columbus, OH+",Schottenstein Center,Other,FALSE,,,TRUE
Drake’s ‘It’s All A Blur Tour’ Continues Into ’24,Drake’s ‘It’s All A Blur Tour’ Continues Into ’24,https://news.pollstar.com/2023/11/13/drakes-its-all-a-blur-tour-continues-into-24/,2023-11-13,2024-01-18,2024-03-27,Schottenstein Center,"Columbus, OH",Arena,FALSE,,,TRUE
Drake’s ‘It’s All A Blur Tour’ Continues Into ’24,Drake’s ‘It’s All A Blur Tour’ Continues Into ’24,https://news.pollstar.com/2023/11/13/drakes-its-all-a-blur-tour-continues-into-24/,2023-11-13,2024-01-18,2024-03-27,Rocket Mortgage FieldHouse,"Cleveland, OH",Arena,FALSE,,,TRUE
Drake’s ‘It’s All A Blur Tour’ Continues Into ’24,Drake’s ‘It’s All A Blur Tour’ Continues Into ’24,https://news.pollstar.com/2023/11/13/drakes-its-all-a-blur-tour-continues-into-24/,2023-11-13,2024-01-18,2024-03-27,KeyBank Center,"Buffalo, NY",Arena,FALSE,,,TRUE
Drake’s ‘It’s All A Blur Tour’ Continues Into ’24,Drake’s ‘It’s All A Blur Tour’ Continues Into ’24,https://news.pollstar.com/2023/11/13/drakes-its-all-a-blur-tour-continues-into-24/,2023-11-13,2024-01-18,2024-03-27,T-Mobile Center,"Kansas City, MO",Arena,FALSE,,,TRUE
Drake’s ‘It’s All A Blur Tour’ Continues Into ’24,Drake’s ‘It’s All A Blur Tour’ Continues Into ’24,https://news.pollstar.com/2023/11/13/drakes-its-all-a-blur-tour-continues-into-24/,2023-11-13,2024-01-18,2024-03-27,FedExForum,"Memphis, TN",Arena,FALSE,,,TRUE
Drake’s ‘It’s All A Blur Tour’ Continues Into ’24,Drake’s ‘It’s All A Blur Tour’ Continues Into ’24,https://news.pollstar.com/2023/11/13/drakes-its-all-a-blur-tour-continues-into-24/,2023-11-13,2024-01-18,2024-03-27,Rupp Arena,"Lexington, KY",Arena,FALSE,,,TRUE
Drake’s ‘It’s All A Blur Tour’ Continues Into ’24,Drake’s ‘It’s All A Blur Tour’ Continues Into ’24,https://news.pollstar.com/2023/11/13/drakes-its-all-a-blur-tour-continues-into-24/,2023-11-13,2024-01-18,2024-03-27,"Belmont Park, NY~",UBS Arena,Other,FALSE,,,TRUE
Drake’s ‘It’s All A Blur Tour’ Continues Into ’24,Drake’s ‘It’s All A Blur Tour’ Continues Into ’24,https://news.pollstar.com/2023/11/13/drakes-its-all-a-blur-tour-continues-into-24/,2023-11-13,2024-01-18,2024-03-27,"State College, PA~",Bryce Jordan Center,Other,FALSE,,,TRUE
Drake’s ‘It’s All A Blur Tour’ Continues Into ’24,Drake’s ‘It’s All A Blur Tour’ Continues Into ’24,https://news.pollstar.com/2023/11/13/drakes-its-all-a-blur-tour-continues-into-24/,2023-11-13,2024-01-18,2024-03-27,"Sunrise, FL~",Amerant Bank Arena,Other,FALSE,,,TRUE
Drake’s ‘It’s All A Blur Tour’ Continues Into ’24,Drake’s ‘It’s All A Blur Tour’ Continues Into ’24,https://news.pollstar.com/2023/11/13/drakes-its-all-a-blur-tour-continues-into-24/,2023-11-13,2024-01-18,2024-03-27,"Birmingham, AL~",The Legacy Arena at BJCC,Other,FALSE,,,TRUE
Latin Rock Star Juanes,Latin Rock Star Juanes Announces North American Leg Of ‘Vida Cotidiana World Tour’,https://news.pollstar.com/2023/11/06/latin-rock-star-juanes-announces-north-american-leg-of-vida-cotidiana-world-tour/,2023-11-06,2024-02-13,2024-03-30,Roseland Theatre,"Portland, OR",Theater,FALSE,,,TRUE
Latin Rock Star Juanes,Latin Rock Star Juanes Announces North American Leg Of ‘Vida Cotidiana World Tour’,https://news.pollstar.com/2023/11/06/latin-rock-star-juanes-announces-north-american-leg-of-vida-cotidiana-world-tour/,2023-11-06,2024-02-13,2024-03-30,Moore Theatre,"Seattle, WA",Theater,FALSE,,,TRUE
Latin Rock Star Juanes,Latin Rock Star Juanes Announces North American Leg Of ‘Vida Cotidiana World Tour’,https://news.pollstar.com/2023/11/06/latin-rock-star-juanes-announces-north-american-leg-of-vida-cotidiana-world-tour/,2023-11-06,2024-02-13,2024-03-30,"Santa Ynez, CA *",Chumash Casino,Other,FALSE,,,TRUE
Latin Rock Star Juanes,Latin Rock Star Juanes Announces North American Leg Of ‘Vida Cotidiana World Tour’,https://news.pollstar.com/2023/11/06/latin-rock-star-juanes-announces-north-american-leg-of-vida-cotidiana-world-tour/,2023-11-06,2024-02-13,2024-03-30,Grand Theatre at Grand Sierra Resort,"Reno, NV",Theater,FALSE,,,TRUE
Latin Rock Star Juanes,Latin Rock Star Juanes Announces North American Leg Of ‘Vida Cotidiana World Tour’,https://news.pollstar.com/2023/11/06/latin-rock-star-juanes-announces-north-american-leg-of-vida-cotidiana-world-tour/,2023-11-06,2024-02-13,2024-03-30,Hard Rock Live,"Wheatland, CA",Theater,FALSE,,,TRUE
Latin Rock Star Juanes,Latin Rock Star Juanes Announces North American Leg Of ‘Vida Cotidiana World Tour’,https://news.pollstar.com/2023/11/06/latin-rock-star-juanes-announces-north-american-leg-of-vida-cotidiana-world-tour/,2023-11-06,2024-02-13,2024-03-30,Yaamava’ Casino,"Highland, CA",Other,FALSE,,,TRUE
Latin Rock Star Juanes,Latin Rock Star Juanes Announces North American Leg Of ‘Vida Cotidiana World Tour’,https://news.pollstar.com/2023/11/06/latin-rock-star-juanes-announces-north-american-leg-of-vida-cotidiana-world-tour/,2023-11-06,2024-02-13,2024-03-30,YouTube Theater,"Los Angeles, CA",Theater,FALSE,,,TRUE
Latin Rock Star Juanes,Latin Rock Star Juanes Announces North American Leg Of ‘Vida Cotidiana World Tour’,https://news.pollstar.com/2023/11/06/latin-rock-star-juanes-announces-north-american-leg-of-vida-cotidiana-world-tour/,2023-11-06,2024-02-13,2024-03-30,Pearl Concert Theater at Palms Resort,"Las Vegas, NV",Theater,FALSE,,,TRUE
Latin Rock Star Juanes,Latin Rock Star Juanes Announces North American Leg Of ‘Vida Cotidiana World Tour’,https://news.pollstar.com/2023/11/06/latin-rock-star-juanes-announces-north-american-leg-of-vida-cotidiana-world-tour/,2023-11-06,2024-02-13,2024-03-30,The Magnolia Theater,"San Diego, CA",Theater,FALSE,,,TRUE
Latin Rock Star Juanes,Latin Rock Star Juanes Announces North American Leg Of ‘Vida Cotidiana World Tour’,https://news.pollstar.com/2023/11/06/latin-rock-star-juanes-announces-north-american-leg-of-vida-cotidiana-world-tour/,2023-11-06,2024-02-13,2024-03-30,Arizona Financial Theatre,"Phoenix, AZ",Theater,LYV,,,TRUE
Latin Rock Star Juanes,Latin Rock Star Juanes Announces North American Leg Of ‘Vida Cotidiana World Tour’,https://news.pollstar.com/2023/11/06/latin-rock-star-juanes-announces-north-american-leg-of-vida-cotidiana-world-tour/,2023-11-06,2024-02-13,2024-03-30,"Tucson, AZ *",Rialto Theatre,Other,FALSE,,,TRUE
Latin Rock Star Juanes,Latin Rock Star Juanes Announces North American Leg Of ‘Vida Cotidiana World Tour’,https://news.pollstar.com/2023/11/06/latin-rock-star-juanes-announces-north-american-leg-of-vida-cotidiana-world-tour/,2023-11-06,2024-02-13,2024-03-30,Abraham Chavez Theatre,"El Paso, TX",Theater,FALSE,,,TRUE
Latin Rock Star Juanes,Latin Rock Star Juanes Announces North American Leg Of ‘Vida Cotidiana World Tour’,https://news.pollstar.com/2023/11/06/latin-rock-star-juanes-announces-north-american-leg-of-vida-cotidiana-world-tour/,2023-11-06,2024-02-13,2024-03-30,Besame Mucho Fest,"Austin, TX",Other,FALSE,,,TRUE
Latin Rock Star Juanes,Latin Rock Star Juanes Announces North American Leg Of ‘Vida Cotidiana World Tour’,https://news.pollstar.com/2023/11/06/latin-rock-star-juanes-announces-north-american-leg-of-vida-cotidiana-world-tour/,2023-11-06,2024-02-13,2024-03-30,"Milwaukee, WI *",The Rave,Other,FALSE,,,TRUE
Latin Rock Star Juanes,Latin Rock Star Juanes Announces North American Leg Of ‘Vida Cotidiana World Tour’,https://news.pollstar.com/2023/11/06/latin-rock-star-juanes-announces-north-american-leg-of-vida-cotidiana-world-tour/,2023-11-06,2024-02-13,2024-03-30,Chicago Theatre,"Chicago, IL",Theater,LYV,,,TRUE
Latin Rock Star Juanes,Latin Rock Star Juanes Announces North American Leg Of ‘Vida Cotidiana World Tour’,https://news.pollstar.com/2023/11/06/latin-rock-star-juanes-announces-north-american-leg-of-vida-cotidiana-world-tour/,2023-11-06,2024-02-13,2024-03-30,MTELLUS,"Montreal, CAN",Auditorium,FALSE,,,TRUE
Latin Rock Star Juanes,Latin Rock Star Juanes Announces North American Leg Of ‘Vida Cotidiana World Tour’,https://news.pollstar.com/2023/11/06/latin-rock-star-juanes-announces-north-american-leg-of-vida-cotidiana-world-tour/,2023-11-06,2024-02-13,2024-03-30,History,"Toronto, CAN",Club,LYV,,,TRUE
Latin Rock Star Juanes,Latin Rock Star Juanes Announces North American Leg Of ‘Vida Cotidiana World Tour’,https://news.pollstar.com/2023/11/06/latin-rock-star-juanes-announces-north-american-leg-of-vida-cotidiana-world-tour/,2023-11-06,2024-02-13,2024-03-30,The Fillmore Philadelphia,"Philadelphia, PA",Club,LYV,,,TRUE
Latin Rock Star Juanes,Latin Rock Star Juanes Announces North American Leg Of ‘Vida Cotidiana World Tour’,https://news.pollstar.com/2023/11/06/latin-rock-star-juanes-announces-north-american-leg-of-vida-cotidiana-world-tour/,2023-11-06,2024-02-13,2024-03-30,Radio City Music Hall,"New York, NY",Theater,FALSE,,,TRUE
Latin Rock Star Juanes,Latin Rock Star Juanes Announces North American Leg Of ‘Vida Cotidiana World Tour’,https://news.pollstar.com/2023/11/06/latin-rock-star-juanes-announces-north-american-leg-of-vida-cotidiana-world-tour/,2023-11-06,2024-02-13,2024-03-30,Orpheum Theatre,"Boston, MA",Theater,LYV,,,TRUE
Latin Rock Star Juanes,Latin Rock Star Juanes Announces North American Leg Of ‘Vida Cotidiana World Tour’,https://news.pollstar.com/2023/11/06/latin-rock-star-juanes-announces-north-american-leg-of-vida-cotidiana-world-tour/,2023-11-06,2024-02-13,2024-03-30,The Fillmore Charlotte,"Charlotte, NC",Club,LYV,,,TRUE
Latin Rock Star Juanes,Latin Rock Star Juanes Announces North American Leg Of ‘Vida Cotidiana World Tour’,https://news.pollstar.com/2023/11/06/latin-rock-star-juanes-announces-north-american-leg-of-vida-cotidiana-world-tour/,2023-11-06,2024-02-13,2024-03-30,713 Music Hall,"Houston, TX",Theater,FALSE,,,TRUE
Latin Rock Star Juanes,Latin Rock Star Juanes Announces North American Leg Of ‘Vida Cotidiana World Tour’,https://news.pollstar.com/2023/11/06/latin-rock-star-juanes-announces-north-american-leg-of-vida-cotidiana-world-tour/,2023-11-06,2024-02-13,2024-03-30,Aztec Theatre,"San Antonio, TX",Theater,FALSE,,,TRUE
Latin Rock Star Juanes,Latin Rock Star Juanes Announces North American Leg Of ‘Vida Cotidiana World Tour’,https://news.pollstar.com/2023/11/06/latin-rock-star-juanes-announces-north-american-leg-of-vida-cotidiana-world-tour/,2023-11-06,2024-02-13,2024-03-30,Majestic Theatre,"Dallas, TX",Theater,FALSE,,,TRUE
Latin Rock Star Juanes,Latin Rock Star Juanes Announces North American Leg Of ‘Vida Cotidiana World Tour’,https://news.pollstar.com/2023/11/06/latin-rock-star-juanes-announces-north-american-leg-of-vida-cotidiana-world-tour/,2023-11-06,2024-02-13,2024-03-30,Seminole Hard Rock Tampa,"Tampa, FL",Arena,FALSE,,,TRUE
Latin Rock Star Juanes,Latin Rock Star Juanes Announces North American Leg Of ‘Vida Cotidiana World Tour’,https://news.pollstar.com/2023/11/06/latin-rock-star-juanes-announces-north-american-leg-of-vida-cotidiana-world-tour/,2023-11-06,2024-02-13,2024-03-30,Coca Cola Roxy,"Atlanta, GA",Club,FALSE,,,TRUE
Latin Rock Star Juanes,Latin Rock Star Juanes Announces North American Leg Of ‘Vida Cotidiana World Tour’,https://news.pollstar.com/2023/11/06/latin-rock-star-juanes-announces-north-american-leg-of-vida-cotidiana-world-tour/,2023-11-06,2024-02-13,2024-03-30,Hard Rock Live,"Hollywood, FL",Theater,FALSE,,,TRUE
Pepe Aguilar,Pepe Aguilar Announces 2024 ‘Jaripeo Tour’ That Honors Mexico’s Day of the Dead,https://news.pollstar.com/2023/11/02/pepe-aguilar-announces-2024-jaripeo-tour-that-honors-mexicos-day-of-the-dead/,2023-11-02,2024-03-29,2024-07-20,Honda Center,"Anaheim, CA",Arena,FALSE,,,TRUE
Pepe Aguilar,Pepe Aguilar Announces 2024 ‘Jaripeo Tour’ That Honors Mexico’s Day of the Dead,https://news.pollstar.com/2023/11/02/pepe-aguilar-announces-2024-jaripeo-tour-that-honors-mexicos-day-of-the-dead/,2023-11-02,2024-03-29,2024-07-20,Honda Center,"Anaheim, CA",Arena,FALSE,,,TRUE
Pepe Aguilar,Pepe Aguilar Announces 2024 ‘Jaripeo Tour’ That Honors Mexico’s Day of the Dead,https://news.pollstar.com/2023/11/02/pepe-aguilar-announces-2024-jaripeo-tour-that-honors-mexicos-day-of-the-dead/,2023-11-02,2024-03-29,2024-07-20,Mechanics Bank Arena,"Bakersfield, CA",Arena,FALSE,,,TRUE
Pepe Aguilar,Pepe Aguilar Announces 2024 ‘Jaripeo Tour’ That Honors Mexico’s Day of the Dead,https://news.pollstar.com/2023/11/02/pepe-aguilar-announces-2024-jaripeo-tour-that-honors-mexicos-day-of-the-dead/,2023-11-02,2024-03-29,2024-07-20,MGM Grand Garden Arena,"Las Vegas, NV",Arena,FALSE,,,TRUE
Pepe Aguilar,Pepe Aguilar Announces 2024 ‘Jaripeo Tour’ That Honors Mexico’s Day of the Dead,https://news.pollstar.com/2023/11/02/pepe-aguilar-announces-2024-jaripeo-tour-that-honors-mexicos-day-of-the-dead/,2023-11-02,2024-03-29,2024-07-20,Desert Diamond Arena,"Glendale, AZ",Arena,FALSE,,,TRUE
Pepe Aguilar,Pepe Aguilar Announces 2024 ‘Jaripeo Tour’ That Honors Mexico’s Day of the Dead,https://news.pollstar.com/2023/11/02/pepe-aguilar-announces-2024-jaripeo-tour-that-honors-mexicos-day-of-the-dead/,2023-11-02,2024-03-29,2024-07-20,Bert Ogden Arena,"Edinburg, TX",Arena,FALSE,,,TRUE
Pepe Aguilar,Pepe Aguilar Announces 2024 ‘Jaripeo Tour’ That Honors Mexico’s Day of the Dead,https://news.pollstar.com/2023/11/02/pepe-aguilar-announces-2024-jaripeo-tour-that-honors-mexicos-day-of-the-dead/,2023-11-02,2024-03-29,2024-07-20,Moody Center,"Austin, TX",Arena,FALSE,,,TRUE
Pepe Aguilar,Pepe Aguilar Announces 2024 ‘Jaripeo Tour’ That Honors Mexico’s Day of the Dead,https://news.pollstar.com/2023/11/02/pepe-aguilar-announces-2024-jaripeo-tour-that-honors-mexicos-day-of-the-dead/,2023-11-02,2024-03-29,2024-07-20,American Airlines Center,"Dallas, TX",Arena,FALSE,,,TRUE
Pepe Aguilar,Pepe Aguilar Announces 2024 ‘Jaripeo Tour’ That Honors Mexico’s Day of the Dead,https://news.pollstar.com/2023/11/02/pepe-aguilar-announces-2024-jaripeo-tour-that-honors-mexicos-day-of-the-dead/,2023-11-02,2024-03-29,2024-07-20,Toyota Center,"Houston, TX",Arena,FALSE,,,TRUE
Pepe Aguilar,Pepe Aguilar Announces 2024 ‘Jaripeo Tour’ That Honors Mexico’s Day of the Dead,https://news.pollstar.com/2023/11/02/pepe-aguilar-announces-2024-jaripeo-tour-that-honors-mexicos-day-of-the-dead/,2023-11-02,2024-03-29,2024-07-20,BOK Center,"Tulsa, OK",Arena,FALSE,,,TRUE
Pepe Aguilar,Pepe Aguilar Announces 2024 ‘Jaripeo Tour’ That Honors Mexico’s Day of the Dead,https://news.pollstar.com/2023/11/02/pepe-aguilar-announces-2024-jaripeo-tour-that-honors-mexicos-day-of-the-dead/,2023-11-02,2024-03-29,2024-07-20,T-Mobile Center,"Kansas City, MO",Arena,FALSE,,,TRUE
Pepe Aguilar,Pepe Aguilar Announces 2024 ‘Jaripeo Tour’ That Honors Mexico’s Day of the Dead,https://news.pollstar.com/2023/11/02/pepe-aguilar-announces-2024-jaripeo-tour-that-honors-mexicos-day-of-the-dead/,2023-11-02,2024-03-29,2024-07-20,Amerant Bank Arena,"Ft. Lauderdale, FL",Arena,LYV,,,TRUE
Pepe Aguilar,Pepe Aguilar Announces 2024 ‘Jaripeo Tour’ That Honors Mexico’s Day of the Dead,https://news.pollstar.com/2023/11/02/pepe-aguilar-announces-2024-jaripeo-tour-that-honors-mexicos-day-of-the-dead/,2023-11-02,2024-03-29,2024-07-20,Amalie Arena,"Tampa, FL",Arena,FALSE,,,TRUE
Pepe Aguilar,Pepe Aguilar Announces 2024 ‘Jaripeo Tour’ That Honors Mexico’s Day of the Dead,https://news.pollstar.com/2023/11/02/pepe-aguilar-announces-2024-jaripeo-tour-that-honors-mexicos-day-of-the-dead/,2023-11-02,2024-03-29,2024-07-20,PNC Arena,"Raleigh, NC",Arena,FALSE,,,TRUE
Pepe Aguilar,Pepe Aguilar Announces 2024 ‘Jaripeo Tour’ That Honors Mexico’s Day of the Dead,https://news.pollstar.com/2023/11/02/pepe-aguilar-announces-2024-jaripeo-tour-that-honors-mexicos-day-of-the-dead/,2023-11-02,2024-03-29,2024-07-20,Allstate Arena,"Rosemont, IL",Arena,FALSE,,,TRUE
Pepe Aguilar,Pepe Aguilar Announces 2024 ‘Jaripeo Tour’ That Honors Mexico’s Day of the Dead,https://news.pollstar.com/2023/11/02/pepe-aguilar-announces-2024-jaripeo-tour-that-honors-mexicos-day-of-the-dead/,2023-11-02,2024-03-29,2024-07-20,Allstate Arena,"Rosemont, IL",Arena,FALSE,,,TRUE
Pepe Aguilar,Pepe Aguilar Announces 2024 ‘Jaripeo Tour’ That Honors Mexico’s Day of the Dead,https://news.pollstar.com/2023/11/02/pepe-aguilar-announces-2024-jaripeo-tour-that-honors-mexicos-day-of-the-dead/,2023-11-02,2024-03-29,2024-07-20,Crypto.com Arena,"Los Angeles, CA",Arena,FALSE,,,TRUE
Pepe Aguilar,Pepe Aguilar Announces 2024 ‘Jaripeo Tour’ That Honors Mexico’s Day of the Dead,https://news.pollstar.com/2023/11/02/pepe-aguilar-announces-2024-jaripeo-tour-that-honors-mexicos-day-of-the-dead/,2023-11-02,2024-03-29,2024-07-20,Crypto.com Arena,"Los Angeles, CA",Arena,FALSE,,,TRUE
Pepe Aguilar,Pepe Aguilar Announces 2024 ‘Jaripeo Tour’ That Honors Mexico’s Day of the Dead,https://news.pollstar.com/2023/11/02/pepe-aguilar-announces-2024-jaripeo-tour-that-honors-mexicos-day-of-the-dead/,2023-11-02,2024-03-29,2024-07-20,SAP Center,"San Jose, CA",Arena,FALSE,,,TRUE
Pepe Aguilar,Pepe Aguilar Announces 2024 ‘Jaripeo Tour’ That Honors Mexico’s Day of the Dead,https://news.pollstar.com/2023/11/02/pepe-aguilar-announces-2024-jaripeo-tour-that-honors-mexicos-day-of-the-dead/,2023-11-02,2024-03-29,2024-07-20,Golden 1 Center,"Sacramento, CA",Arena,FALSE,,,TRUE
New Kids On The Block Recreate Their ‘Magic Summer’ In ’24,New Kids On The Block Recreate Their ‘Magic Summer’ In ’24,https://news.pollstar.com/2023/10/30/new-kids-on-the-block-recreate-their-magic-summer-in-24/,2023-10-30,2024-06-14,2024-08-25,Blossom Music Center,"Cuyahoga Falls, OH",Amphitheater,LYV,,,TRUE
New Kids On The Block Recreate Their ‘Magic Summer’ In ’24,New Kids On The Block Recreate Their ‘Magic Summer’ In ’24,https://news.pollstar.com/2023/10/30/new-kids-on-the-block-recreate-their-magic-summer-in-24/,2023-10-30,2024-06-14,2024-08-25,Credit Union 1 Amphitheatre,"Tinley Park, IL",Amphitheater,LYV,,,TRUE
New Kids On The Block Recreate Their ‘Magic Summer’ In ’24,New Kids On The Block Recreate Their ‘Magic Summer’ In ’24,https://news.pollstar.com/2023/10/30/new-kids-on-the-block-recreate-their-magic-summer-in-24/,2023-10-30,2024-06-14,2024-08-25,Pine Knob Music Theatre,"Clarkston, MI",Amphitheater,LYV,,,TRUE
New Kids On The Block Recreate Their ‘Magic Summer’ In ’24,New Kids On The Block Recreate Their ‘Magic Summer’ In ’24,https://news.pollstar.com/2023/10/30/new-kids-on-the-block-recreate-their-magic-summer-in-24/,2023-10-30,2024-06-14,2024-08-25,The Pavilion at Star Lake,"Burgettstown, PA",Amphitheater,LYV,,,TRUE
New Kids On The Block Recreate Their ‘Magic Summer’ In ’24,New Kids On The Block Recreate Their ‘Magic Summer’ In ’24,https://news.pollstar.com/2023/10/30/new-kids-on-the-block-recreate-their-magic-summer-in-24/,2023-10-30,2024-06-14,2024-08-25,Riverbend Music Center,"Cincinnati, OH",Amphitheater,LYV,,,TRUE
New Kids On The Block Recreate Their ‘Magic Summer’ In ’24,New Kids On The Block Recreate Their ‘Magic Summer’ In ’24,https://news.pollstar.com/2023/10/30/new-kids-on-the-block-recreate-their-magic-summer-in-24/,2023-10-30,2024-06-14,2024-08-25,"Hollywood Casino Amphitheatre, St. Louis","Maryland Heights, MO",Amphitheater,LYV,,,TRUE
New Kids On The Block Recreate Their ‘Magic Summer’ In ’24,New Kids On The Block Recreate Their ‘Magic Summer’ In ’24,https://news.pollstar.com/2023/10/30/new-kids-on-the-block-recreate-their-magic-summer-in-24/,2023-10-30,2024-06-14,2024-08-25,Mystic Amphitheater,"Prior Lake, MN",Theater,FALSE,,,TRUE
New Kids On The Block Recreate Their ‘Magic Summer’ In ’24,New Kids On The Block Recreate Their ‘Magic Summer’ In ’24,https://news.pollstar.com/2023/10/30/new-kids-on-the-block-recreate-their-magic-summer-in-24/,2023-10-30,2024-06-14,2024-08-25,Starlight Theatre,"Kansas City, MO",Theater,FALSE,,,TRUE
New Kids On The Block Recreate Their ‘Magic Summer’ In ’24,New Kids On The Block Recreate Their ‘Magic Summer’ In ’24,https://news.pollstar.com/2023/10/30/new-kids-on-the-block-recreate-their-magic-summer-in-24/,2023-10-30,2024-06-14,2024-08-25,Walmart AMP,"Rogers, AR",Amphitheater,LYV,,,TRUE
New Kids On The Block Recreate Their ‘Magic Summer’ In ’24,New Kids On The Block Recreate Their ‘Magic Summer’ In ’24,https://news.pollstar.com/2023/10/30/new-kids-on-the-block-recreate-their-magic-summer-in-24/,2023-10-30,2024-06-14,2024-08-25,Ball Arena,"Denver, CO",Arena,FALSE,,,TRUE
New Kids On The Block Recreate Their ‘Magic Summer’ In ’24,New Kids On The Block Recreate Their ‘Magic Summer’ In ’24,https://news.pollstar.com/2023/10/30/new-kids-on-the-block-recreate-their-magic-summer-in-24/,2023-10-30,2024-06-14,2024-08-25,USANA Amphitheatre,"Salt Lake City, UT",Amphitheater,LYV,,,TRUE
New Kids On The Block Recreate Their ‘Magic Summer’ In ’24,New Kids On The Block Recreate Their ‘Magic Summer’ In ’24,https://news.pollstar.com/2023/10/30/new-kids-on-the-block-recreate-their-magic-summer-in-24/,2023-10-30,2024-06-14,2024-08-25,"Highland, CA*",Yaamava’ Theater,Other,FALSE,,,TRUE
New Kids On The Block Recreate Their ‘Magic Summer’ In ’24,New Kids On The Block Recreate Their ‘Magic Summer’ In ’24,https://news.pollstar.com/2023/10/30/new-kids-on-the-block-recreate-their-magic-summer-in-24/,2023-10-30,2024-06-14,2024-08-25,Toyota Amphitheatre,"Wheatland, CA",Amphitheater,LYV,,,TRUE
New Kids On The Block Recreate Their ‘Magic Summer’ In ’24,New Kids On The Block Recreate Their ‘Magic Summer’ In ’24,https://news.pollstar.com/2023/10/30/new-kids-on-the-block-recreate-their-magic-summer-in-24/,2023-10-30,2024-06-14,2024-08-25,Shoreline Amphitheatre,"Mountain View, CA",Amphitheater,LYV,,,TRUE
New Kids On The Block Recreate Their ‘Magic Summer’ In ’24,New Kids On The Block Recreate Their ‘Magic Summer’ In ’24,https://news.pollstar.com/2023/10/30/new-kids-on-the-block-recreate-their-magic-summer-in-24/,2023-10-30,2024-06-14,2024-08-25,Kia Forum,"Inglewood, CA",Arena,FALSE,,,TRUE
New Kids On The Block Recreate Their ‘Magic Summer’ In ’24,New Kids On The Block Recreate Their ‘Magic Summer’ In ’24,https://news.pollstar.com/2023/10/30/new-kids-on-the-block-recreate-their-magic-summer-in-24/,2023-10-30,2024-06-14,2024-08-25,Acrisure Arena,"Palm Desert, CA",Arena,FALSE,,,TRUE
New Kids On The Block Recreate Their ‘Magic Summer’ In ’24,New Kids On The Block Recreate Their ‘Magic Summer’ In ’24,https://news.pollstar.com/2023/10/30/new-kids-on-the-block-recreate-their-magic-summer-in-24/,2023-10-30,2024-06-14,2024-08-25,North Island Credit Union Amphitheatre,"Chula Vista, CA",Amphitheater,LYV,,,TRUE
New Kids On The Block Recreate Their ‘Magic Summer’ In ’24,New Kids On The Block Recreate Their ‘Magic Summer’ In ’24,https://news.pollstar.com/2023/10/30/new-kids-on-the-block-recreate-their-magic-summer-in-24/,2023-10-30,2024-06-14,2024-08-25,Talking Stick Resort Amphitheatre,"Phoenix, AZ",Amphitheater,LYV,,,TRUE
New Kids On The Block Recreate Their ‘Magic Summer’ In ’24,New Kids On The Block Recreate Their ‘Magic Summer’ In ’24,https://news.pollstar.com/2023/10/30/new-kids-on-the-block-recreate-their-magic-summer-in-24/,2023-10-30,2024-06-14,2024-08-25,Isleta Amphitheater,"Albuquerque, NM",Amphitheater,LYV,,,TRUE
New Kids On The Block Recreate Their ‘Magic Summer’ In ’24,New Kids On The Block Recreate Their ‘Magic Summer’ In ’24,https://news.pollstar.com/2023/10/30/new-kids-on-the-block-recreate-their-magic-summer-in-24/,2023-10-30,2024-06-14,2024-08-25,Germania Insurance Amphitheater,"Austin, TX",Amphitheater,LYV,,,TRUE
New Kids On The Block Recreate Their ‘Magic Summer’ In ’24,New Kids On The Block Recreate Their ‘Magic Summer’ In ’24,https://news.pollstar.com/2023/10/30/new-kids-on-the-block-recreate-their-magic-summer-in-24/,2023-10-30,2024-06-14,2024-08-25,Cynthia Woods Mitchell Pavilion Presented by Huntsman,"The Woodlands, TX",Amphitheater,LYV,,,TRUE
New Kids On The Block Recreate Their ‘Magic Summer’ In ’24,New Kids On The Block Recreate Their ‘Magic Summer’ In ’24,https://news.pollstar.com/2023/10/30/new-kids-on-the-block-recreate-their-magic-summer-in-24/,2023-10-30,2024-06-14,2024-08-25,Dos Equis Pavilion,"Dallas, TX",Amphitheater,LYV,,,TRUE
New Kids On The Block Recreate Their ‘Magic Summer’ In ’24,New Kids On The Block Recreate Their ‘Magic Summer’ In ’24,https://news.pollstar.com/2023/10/30/new-kids-on-the-block-recreate-their-magic-summer-in-24/,2023-10-30,2024-06-14,2024-08-25,FirstBank Amphitheater,"Franklin, TN",Amphitheater,LYV,,,TRUE
New Kids On The Block Recreate Their ‘Magic Summer’ In ’24,New Kids On The Block Recreate Their ‘Magic Summer’ In ’24,https://news.pollstar.com/2023/10/30/new-kids-on-the-block-recreate-their-magic-summer-in-24/,2023-10-30,2024-06-14,2024-08-25,FirstBank Amphitheater,"Franklin, TN",Amphitheater,LYV,,,TRUE
New Kids On The Block Recreate Their ‘Magic Summer’ In ’24,New Kids On The Block Recreate Their ‘Magic Summer’ In ’24,https://news.pollstar.com/2023/10/30/new-kids-on-the-block-recreate-their-magic-summer-in-24/,2023-10-30,2024-06-14,2024-08-25,MIDFLORIDA Credit Union Amphitheater,"Tampa, FL",Theater,FALSE,,,TRUE
New Kids On The Block Recreate Their ‘Magic Summer’ In ’24,New Kids On The Block Recreate Their ‘Magic Summer’ In ’24,https://news.pollstar.com/2023/10/30/new-kids-on-the-block-recreate-their-magic-summer-in-24/,2023-10-30,2024-06-14,2024-08-25,iTHINK Financial Amphitheater,"West Palm Beach, FL",Theater,FALSE,,,TRUE
New Kids On The Block Recreate Their ‘Magic Summer’ In ’24,New Kids On The Block Recreate Their ‘Magic Summer’ In ’24,https://news.pollstar.com/2023/10/30/new-kids-on-the-block-recreate-their-magic-summer-in-24/,2023-10-30,2024-06-14,2024-08-25,Daily’s Place,"Jacksonville, FL",Other,FALSE,,,TRUE
New Kids On The Block Recreate Their ‘Magic Summer’ In ’24,New Kids On The Block Recreate Their ‘Magic Summer’ In ’24,https://news.pollstar.com/2023/10/30/new-kids-on-the-block-recreate-their-magic-summer-in-24/,2023-10-30,2024-06-14,2024-08-25,Credit One Stadium,"Charleston, SC",Stadium,FALSE,,,TRUE
New Kids On The Block Recreate Their ‘Magic Summer’ In ’24,New Kids On The Block Recreate Their ‘Magic Summer’ In ’24,https://news.pollstar.com/2023/10/30/new-kids-on-the-block-recreate-their-magic-summer-in-24/,2023-10-30,2024-06-14,2024-08-25,Ameris Bank Amphitheatre,"Alpharetta, GA",Amphitheater,LYV,,,TRUE
New Kids On The Block Recreate Their ‘Magic Summer’ In ’24,New Kids On The Block Recreate Their ‘Magic Summer’ In ’24,https://news.pollstar.com/2023/10/30/new-kids-on-the-block-recreate-their-magic-summer-in-24/,2023-10-30,2024-06-14,2024-08-25,PNC Music Pavilion,"Charlotte, NC",Amphitheater,LYV,,,TRUE
New Kids On The Block Recreate Their ‘Magic Summer’ In ’24,New Kids On The Block Recreate Their ‘Magic Summer’ In ’24,https://news.pollstar.com/2023/10/30/new-kids-on-the-block-recreate-their-magic-summer-in-24/,2023-10-30,2024-06-14,2024-08-25,Veterans United Home Loans Amphitheater at Virginia Beach,"Virginia Beach, VA",Amphitheater,LYV,,,TRUE
New Kids On The Block Recreate Their ‘Magic Summer’ In ’24,New Kids On The Block Recreate Their ‘Magic Summer’ In ’24,https://news.pollstar.com/2023/10/30/new-kids-on-the-block-recreate-their-magic-summer-in-24/,2023-10-30,2024-06-14,2024-08-25,XFINITY Theatre,"Hartford, CT",Theater,LYV,,,TRUE
New Kids On The Block Recreate Their ‘Magic Summer’ In ’24,New Kids On The Block Recreate Their ‘Magic Summer’ In ’24,https://news.pollstar.com/2023/10/30/new-kids-on-the-block-recreate-their-magic-summer-in-24/,2023-10-30,2024-06-14,2024-08-25,Hersheypark Stadium,"Hershey, PA",Stadium,FALSE,,,TRUE
New Kids On The Block Recreate Their ‘Magic Summer’ In ’24,New Kids On The Block Recreate Their ‘Magic Summer’ In ’24,https://news.pollstar.com/2023/10/30/new-kids-on-the-block-recreate-their-magic-summer-in-24/,2023-10-30,2024-06-14,2024-08-25,Northwell Health at Jones Beach Theater,"Wantagh, NY",Theater,FALSE,,,TRUE
New Kids On The Block Recreate Their ‘Magic Summer’ In ’24,New Kids On The Block Recreate Their ‘Magic Summer’ In ’24,https://news.pollstar.com/2023/10/30/new-kids-on-the-block-recreate-their-magic-summer-in-24/,2023-10-30,2024-06-14,2024-08-25,PNC Bank Arts Center,"Holmdel, NJ",Arena,LYV,,,TRUE
New Kids On The Block Recreate Their ‘Magic Summer’ In ’24,New Kids On The Block Recreate Their ‘Magic Summer’ In ’24,https://news.pollstar.com/2023/10/30/new-kids-on-the-block-recreate-their-magic-summer-in-24/,2023-10-30,2024-06-14,2024-08-25,BankNH Pavilion,"Gilford, NH",Amphitheater,LYV,,,TRUE
New Kids On The Block Recreate Their ‘Magic Summer’ In ’24,New Kids On The Block Recreate Their ‘Magic Summer’ In ’24,https://news.pollstar.com/2023/10/30/new-kids-on-the-block-recreate-their-magic-summer-in-24/,2023-10-30,2024-06-14,2024-08-25,Xfinity Center,"Mansfield, MA",Arena,LYV,,,TRUE
New Kids On The Block Recreate Their ‘Magic Summer’ In ’24,New Kids On The Block Recreate Their ‘Magic Summer’ In ’24,https://news.pollstar.com/2023/10/30/new-kids-on-the-block-recreate-their-magic-summer-in-24/,2023-10-30,2024-06-14,2024-08-25,Broadview Stage at SPAC,"Saratoga Springs, NY",Amphitheater,LYV,,,TRUE
New Kids On The Block Recreate Their ‘Magic Summer’ In ’24,New Kids On The Block Recreate Their ‘Magic Summer’ In ’24,https://news.pollstar.com/2023/10/30/new-kids-on-the-block-recreate-their-magic-summer-in-24/,2023-10-30,2024-06-14,2024-08-25,TD Pavilion at the Mann,"Philadelphia, PA",Amphitheater,LYV,,,TRUE
New Kids On The Block Recreate Their ‘Magic Summer’ In ’24,New Kids On The Block Recreate Their ‘Magic Summer’ In ’24,https://news.pollstar.com/2023/10/30/new-kids-on-the-block-recreate-their-magic-summer-in-24/,2023-10-30,2024-06-14,2024-08-25,Merriweather Post Pavilion,"Columbia, MD",Amphitheater,LYV,,,TRUE
New Kids On The Block Recreate Their ‘Magic Summer’ In ’24,New Kids On The Block Recreate Their ‘Magic Summer’ In ’24,https://news.pollstar.com/2023/10/30/new-kids-on-the-block-recreate-their-magic-summer-in-24/,2023-10-30,2024-06-14,2024-08-25,Budweiser Stage,"Toronto, ON",Amphitheater,LYV,,,TRUE
New Kids On The Block Recreate Their ‘Magic Summer’ In ’24,New Kids On The Block Recreate Their ‘Magic Summer’ In ’24,https://news.pollstar.com/2023/10/30/new-kids-on-the-block-recreate-their-magic-summer-in-24/,2023-10-30,2024-06-14,2024-08-25,Darien Lake Amphitheater,"Darien Center, NY",Amphitheater,LYV,,,TRUE
New Kids On The Block Recreate Their ‘Magic Summer’ In ’24,New Kids On The Block Recreate Their ‘Magic Summer’ In ’24,https://news.pollstar.com/2023/10/30/new-kids-on-the-block-recreate-their-magic-summer-in-24/,2023-10-30,2024-06-14,2024-08-25,Nationwide Arena,"Columbus, OH",Arena,FALSE,,,TRUE
New Kids On The Block Recreate Their ‘Magic Summer’ In ’24,New Kids On The Block Recreate Their ‘Magic Summer’ In ’24,https://news.pollstar.com/2023/10/30/new-kids-on-the-block-recreate-their-magic-summer-in-24/,2023-10-30,2024-06-14,2024-08-25,American Family Insurance Amphitheater,"Milwaukee, WI",Amphitheater,LYV,,,TRUE
New Kids On The Block Recreate Their ‘Magic Summer’ In ’24,New Kids On The Block Recreate Their ‘Magic Summer’ In ’24,https://news.pollstar.com/2023/10/30/new-kids-on-the-block-recreate-their-magic-summer-in-24/,2023-10-30,2024-06-14,2024-08-25,Ruoff Music Center,"Noblesville, IN",Amphitheater,LYV,,,TRUE
Jazz Singer Samara Joy To Embark On ‘A Joyful Holiday Tour’ In December,Jazz Singer Samara Joy To Embark On ‘A Joyful Holiday Tour’ In December,https://news.pollstar.com/2023/10/24/jazz-singer-samara-joy-to-embark-on-a-joyful-holiday-tour-in-december/,2023-10-24,2023-12-01,2023-12-23,Cullen Theater,"Houston, TX",Theater,FALSE,,,TRUE
Jazz Singer Samara Joy To Embark On ‘A Joyful Holiday Tour’ In December,Jazz Singer Samara Joy To Embark On ‘A Joyful Holiday Tour’ In December,https://news.pollstar.com/2023/10/24/jazz-singer-samara-joy-to-embark-on-a-joyful-holiday-tour-in-december/,2023-10-24,2023-12-01,2023-12-23,Austin,"Bass Concert Hall, UT",Amphitheater,LYV,,,TRUE
Jazz Singer Samara Joy To Embark On ‘A Joyful Holiday Tour’ In December,Jazz Singer Samara Joy To Embark On ‘A Joyful Holiday Tour’ In December,https://news.pollstar.com/2023/10/24/jazz-singer-samara-joy-to-embark-on-a-joyful-holiday-tour-in-december/,2023-10-24,2023-12-01,2023-12-23,Nashville Symphony,"Nashville, TN",Auditorium,FALSE,,,TRUE
Jazz Singer Samara Joy To Embark On ‘A Joyful Holiday Tour’ In December,Jazz Singer Samara Joy To Embark On ‘A Joyful Holiday Tour’ In December,https://news.pollstar.com/2023/10/24/jazz-singer-samara-joy-to-embark-on-a-joyful-holiday-tour-in-december/,2023-10-24,2023-12-01,2023-12-23,Younes and Soraya Nazarian Center for the Performing Arts,"Los Angeles, CA",Other,FALSE,,,TRUE
Jazz Singer Samara Joy To Embark On ‘A Joyful Holiday Tour’ In December,Jazz Singer Samara Joy To Embark On ‘A Joyful Holiday Tour’ In December,https://news.pollstar.com/2023/10/24/jazz-singer-samara-joy-to-embark-on-a-joyful-holiday-tour-in-december/,2023-10-24,2023-12-01,2023-12-23,The Granada Theater,"Santa Barbara, CA",Club,FALSE,,,TRUE
Jazz Singer Samara Joy To Embark On ‘A Joyful Holiday Tour’ In December,Jazz Singer Samara Joy To Embark On ‘A Joyful Holiday Tour’ In December,https://news.pollstar.com/2023/10/24/jazz-singer-samara-joy-to-embark-on-a-joyful-holiday-tour-in-december/,2023-10-24,2023-12-01,2023-12-23,Longhorn Ballroom,"Dallas, TX",Other,FALSE,,,TRUE
Jazz Singer Samara Joy To Embark On ‘A Joyful Holiday Tour’ In December,Jazz Singer Samara Joy To Embark On ‘A Joyful Holiday Tour’ In December,https://news.pollstar.com/2023/10/24/jazz-singer-samara-joy-to-embark-on-a-joyful-holiday-tour-in-december/,2023-10-24,2023-12-01,2023-12-23,The Factory,"Chesterfield, MO",Club,FALSE,,,TRUE
Jazz Singer Samara Joy To Embark On ‘A Joyful Holiday Tour’ In December,Jazz Singer Samara Joy To Embark On ‘A Joyful Holiday Tour’ In December,https://news.pollstar.com/2023/10/24/jazz-singer-samara-joy-to-embark-on-a-joyful-holiday-tour-in-december/,2023-10-24,2023-12-01,2023-12-23,Apollo Theater,"New York, NY",Theater,FALSE,,,TRUE
Jazz Singer Samara Joy To Embark On ‘A Joyful Holiday Tour’ In December,Jazz Singer Samara Joy To Embark On ‘A Joyful Holiday Tour’ In December,https://news.pollstar.com/2023/10/24/jazz-singer-samara-joy-to-embark-on-a-joyful-holiday-tour-in-december/,2023-10-24,2023-12-01,2023-12-23,Apollo Theater,"New York, NY",Theater,FALSE,,,TRUE
Jazz Singer Samara Joy To Embark On ‘A Joyful Holiday Tour’ In December,Jazz Singer Samara Joy To Embark On ‘A Joyful Holiday Tour’ In December,https://news.pollstar.com/2023/10/24/jazz-singer-samara-joy-to-embark-on-a-joyful-holiday-tour-in-december/,2023-10-24,2023-12-01,2023-12-23,Orpheum Theater,"New Orleans, LA",Theater,FALSE,,,TRUE
Jazz Singer Samara Joy To Embark On ‘A Joyful Holiday Tour’ In December,Jazz Singer Samara Joy To Embark On ‘A Joyful Holiday Tour’ In December,https://news.pollstar.com/2023/10/24/jazz-singer-samara-joy-to-embark-on-a-joyful-holiday-tour-in-december/,2023-10-24,2023-12-01,2023-12-23,Atlanta Symphony Hall,"Atlanta, GA",Other,FALSE,,,TRUE
Jazz Singer Samara Joy To Embark On ‘A Joyful Holiday Tour’ In December,Jazz Singer Samara Joy To Embark On ‘A Joyful Holiday Tour’ In December,https://news.pollstar.com/2023/10/24/jazz-singer-samara-joy-to-embark-on-a-joyful-holiday-tour-in-december/,2023-10-24,2023-12-01,2023-12-23,Carl J. Murphy Fine Arts Center,"Baltimore, MD",Other,FALSE,,,TRUE
Jazz Singer Samara Joy To Embark On ‘A Joyful Holiday Tour’ In December,Jazz Singer Samara Joy To Embark On ‘A Joyful Holiday Tour’ In December,https://news.pollstar.com/2023/10/24/jazz-singer-samara-joy-to-embark-on-a-joyful-holiday-tour-in-december/,2023-10-24,2023-12-01,2023-12-23,Kimmel Center,"Philadelphia, PA",Other,FALSE,,,TRUE
Jazz Singer Samara Joy To Embark On ‘A Joyful Holiday Tour’ In December,Jazz Singer Samara Joy To Embark On ‘A Joyful Holiday Tour’ In December,https://news.pollstar.com/2023/10/24/jazz-singer-samara-joy-to-embark-on-a-joyful-holiday-tour-in-december/,2023-10-24,2023-12-01,2023-12-23,Music Center At Strathmore,"North Bethesda, MD",Other,FALSE,,,TRUE
Code Orange,Code Orange Announce ‘The Above Tour’,https://news.pollstar.com/2023/10/20/code-orange-announce-the-above-tour/,2023-10-20,2024-02-13,2024-03-17,Emo’s,"Austin, TX",Club,FALSE,,,TRUE
Code Orange,Code Orange Announce ‘The Above Tour’,https://news.pollstar.com/2023/10/20/code-orange-announce-the-above-tour/,2023-10-20,2024-02-13,2024-03-17,"White Oak Music Hall, Downstairs","Houston, TX",Other,FALSE,,,TRUE
Code Orange,Code Orange Announce ‘The Above Tour’,https://news.pollstar.com/2023/10/20/code-orange-announce-the-above-tour/,2023-10-20,2024-02-13,2024-03-17,Toulouse Theatre,"New Orleans, LA",Auditorium,FALSE,,,TRUE
Code Orange,Code Orange Announce ‘The Above Tour’,https://news.pollstar.com/2023/10/20/code-orange-announce-the-above-tour/,2023-10-20,2024-02-13,2024-03-17,The Basement East,"Nashville, TN",Club,FALSE,,,TRUE
Code Orange,Code Orange Announce ‘The Above Tour’,https://news.pollstar.com/2023/10/20/code-orange-announce-the-above-tour/,2023-10-20,2024-02-13,2024-03-17,Zydeco,"Birmingham, AL",Club,FALSE,,,TRUE
Code Orange,Code Orange Announce ‘The Above Tour’,https://news.pollstar.com/2023/10/20/code-orange-announce-the-above-tour/,2023-10-20,2024-02-13,2024-03-17,The Masquerade Hell Stage,"Atlanta, GA",Club,FALSE,,,TRUE
Code Orange,Code Orange Announce ‘The Above Tour’,https://news.pollstar.com/2023/10/20/code-orange-announce-the-above-tour/,2023-10-20,2024-02-13,2024-03-17,Lincoln Theatre,"Raleigh, NC",Auditorium,FALSE,,,TRUE
Code Orange,Code Orange Announce ‘The Above Tour’,https://news.pollstar.com/2023/10/20/code-orange-announce-the-above-tour/,2023-10-20,2024-02-13,2024-03-17,Theatre of Living Arts,"Philadelphia, PA",Theater,FALSE,,,TRUE
Code Orange,Code Orange Announce ‘The Above Tour’,https://news.pollstar.com/2023/10/20/code-orange-announce-the-above-tour/,2023-10-20,2024-02-13,2024-03-17,Paradise Rock Club,"Boston, MA",Club,FALSE,,,TRUE
Code Orange,Code Orange Announce ‘The Above Tour’,https://news.pollstar.com/2023/10/20/code-orange-announce-the-above-tour/,2023-10-20,2024-02-13,2024-03-17,"Elsewhere, The Hall","Brooklyn, NY",Other,FALSE,,,TRUE
Code Orange,Code Orange Announce ‘The Above Tour’,https://news.pollstar.com/2023/10/20/code-orange-announce-the-above-tour/,2023-10-20,2024-02-13,2024-03-17,Opera House,"Toronto, ON",Theater,FALSE,,,TRUE
Code Orange,Code Orange Announce ‘The Above Tour’,https://news.pollstar.com/2023/10/20/code-orange-announce-the-above-tour/,2023-10-20,2024-02-13,2024-03-17,Shelter,"Detroit, MI",Club,FALSE,,,TRUE
Code Orange,Code Orange Announce ‘The Above Tour’,https://news.pollstar.com/2023/10/20/code-orange-announce-the-above-tour/,2023-10-20,2024-02-13,2024-03-17,The Metro,"Chicago, IL",Stadium,FALSE,,,TRUE
Code Orange,Code Orange Announce ‘The Above Tour’,https://news.pollstar.com/2023/10/20/code-orange-announce-the-above-tour/,2023-10-20,2024-02-13,2024-03-17,Varsity Theater,"Minneapolis, MN",Theater,FALSE,,,TRUE
Code Orange,Code Orange Announce ‘The Above Tour’,https://news.pollstar.com/2023/10/20/code-orange-announce-the-above-tour/,2023-10-20,2024-02-13,2024-03-17,Oriental Theater,"Denver, CO",Theater,FALSE,,,TRUE
Code Orange,Code Orange Announce ‘The Above Tour’,https://news.pollstar.com/2023/10/20/code-orange-announce-the-above-tour/,2023-10-20,2024-02-13,2024-03-17,"The Complex, Grand","Salt Lake City, UT",Club,FALSE,,,TRUE
Code Orange,Code Orange Announce ‘The Above Tour’,https://news.pollstar.com/2023/10/20/code-orange-announce-the-above-tour/,2023-10-20,2024-02-13,2024-03-17,El Corazon,"Seattle, WA",Club,FALSE,,,TRUE
Code Orange,Code Orange Announce ‘The Above Tour’,https://news.pollstar.com/2023/10/20/code-orange-announce-the-above-tour/,2023-10-20,2024-02-13,2024-03-17,The Commodore Ballroom,"Vancouver, BC",Club,FALSE,,,TRUE
Code Orange,Code Orange Announce ‘The Above Tour’,https://news.pollstar.com/2023/10/20/code-orange-announce-the-above-tour/,2023-10-20,2024-02-13,2024-03-17,Wonder Ballroom,"Portland, OR",Other,FALSE,,,TRUE
Code Orange,Code Orange Announce ‘The Above Tour’,https://news.pollstar.com/2023/10/20/code-orange-announce-the-above-tour/,2023-10-20,2024-02-13,2024-03-17,The Independent,"San Francisco, CA",Club,FALSE,,,TRUE
Code Orange,Code Orange Announce ‘The Above Tour’,https://news.pollstar.com/2023/10/20/code-orange-announce-the-above-tour/,2023-10-20,2024-02-13,2024-03-17,Goldfield Trading Post,"Sacramento, CA",Club,FALSE,,,TRUE
Code Orange,Code Orange Announce ‘The Above Tour’,https://news.pollstar.com/2023/10/20/code-orange-announce-the-above-tour/,2023-10-20,2024-02-13,2024-03-17,Nile Theater,"Mesa, AZ",Theater,FALSE,,,TRUE
Code Orange,Code Orange Announce ‘The Above Tour’,https://news.pollstar.com/2023/10/20/code-orange-announce-the-above-tour/,2023-10-20,2024-02-13,2024-03-17,Belasco,"Los Angeles, CA",Theater,LYV,,,TRUE
Sasha Colby,"Sasha Colby Announces ‘Stripped Tour,’ Releases Debut Single",https://news.pollstar.com/2023/10/18/sasha-colby-announces-stripped-tour-releases-debut-single/,2023-10-18,2024-02-29,2024-04-19,Bella Concert Hall,"Calgary, AB",Theater,FALSE,,,TRUE
Sasha Colby,"Sasha Colby Announces ‘Stripped Tour,’ Releases Debut Single",https://news.pollstar.com/2023/10/18/sasha-colby-announces-stripped-tour-releases-debut-single/,2023-10-18,2024-02-29,2024-04-19,Commodore Ballroom,"Vancouver, BC",Club,FALSE,,,TRUE
Sasha Colby,"Sasha Colby Announces ‘Stripped Tour,’ Releases Debut Single",https://news.pollstar.com/2023/10/18/sasha-colby-announces-stripped-tour-releases-debut-single/,2023-10-18,2024-02-29,2024-04-19,Palace of Fine Arts,"San Francisco, CA",Theater,FALSE,,,TRUE
Sasha Colby,"Sasha Colby Announces ‘Stripped Tour,’ Releases Debut Single",https://news.pollstar.com/2023/10/18/sasha-colby-announces-stripped-tour-releases-debut-single/,2023-10-18,2024-02-29,2024-04-19,The Van Buren,"Phoenix, AZ",Theater,LYV,,,TRUE
Sasha Colby,"Sasha Colby Announces ‘Stripped Tour,’ Releases Debut Single",https://news.pollstar.com/2023/10/18/sasha-colby-announces-stripped-tour-releases-debut-single/,2023-10-18,2024-02-29,2024-04-19,Palace Theatre,"Los Angeles, CA",Theater,FALSE,,,TRUE
Sasha Colby,"Sasha Colby Announces ‘Stripped Tour,’ Releases Debut Single",https://news.pollstar.com/2023/10/18/sasha-colby-announces-stripped-tour-releases-debut-single/,2023-10-18,2024-02-29,2024-04-19,House of Blues,"Houston, TX",Club,LYV,,,TRUE
Sasha Colby,"Sasha Colby Announces ‘Stripped Tour,’ Releases Debut Single",https://news.pollstar.com/2023/10/18/sasha-colby-announces-stripped-tour-releases-debut-single/,2023-10-18,2024-02-29,2024-04-19,House of Blues,"Dallas, TX",Club,LYV,,,TRUE
Sasha Colby,"Sasha Colby Announces ‘Stripped Tour,’ Releases Debut Single",https://news.pollstar.com/2023/10/18/sasha-colby-announces-stripped-tour-releases-debut-single/,2023-10-18,2024-02-29,2024-04-19,Emo’s,"Austin, TX",Club,FALSE,,,TRUE
Sasha Colby,"Sasha Colby Announces ‘Stripped Tour,’ Releases Debut Single",https://news.pollstar.com/2023/10/18/sasha-colby-announces-stripped-tour-releases-debut-single/,2023-10-18,2024-02-29,2024-04-19,Wilbur,"Boston, MA",Theater,FALSE,,,TRUE
Sasha Colby,"Sasha Colby Announces ‘Stripped Tour,’ Releases Debut Single",https://news.pollstar.com/2023/10/18/sasha-colby-announces-stripped-tour-releases-debut-single/,2023-10-18,2024-02-29,2024-04-19,Fillmore,"Philadelphia, PA",Club,LYV,,,TRUE
Sasha Colby,"Sasha Colby Announces ‘Stripped Tour,’ Releases Debut Single",https://news.pollstar.com/2023/10/18/sasha-colby-announces-stripped-tour-releases-debut-single/,2023-10-18,2024-02-29,2024-04-19,Marathon Music Works,"Nashville, TN",Club,FALSE,,,TRUE
Sasha Colby,"Sasha Colby Announces ‘Stripped Tour,’ Releases Debut Single",https://news.pollstar.com/2023/10/18/sasha-colby-announces-stripped-tour-releases-debut-single/,2023-10-18,2024-02-29,2024-04-19,Buckhead Theatre,"Atlanta, GA",Theater,FALSE,,,TRUE
Sasha Colby,"Sasha Colby Announces ‘Stripped Tour,’ Releases Debut Single",https://news.pollstar.com/2023/10/18/sasha-colby-announces-stripped-tour-releases-debut-single/,2023-10-18,2024-02-29,2024-04-19,Howard Theatre,"Washington, DC",Theater,FALSE,,,TRUE
Sasha Colby,"Sasha Colby Announces ‘Stripped Tour,’ Releases Debut Single",https://news.pollstar.com/2023/10/18/sasha-colby-announces-stripped-tour-releases-debut-single/,2023-10-18,2024-02-29,2024-04-19,Town Hall,"New York, NY",Theater,FALSE,,,TRUE
Sasha Colby,"Sasha Colby Announces ‘Stripped Tour,’ Releases Debut Single",https://news.pollstar.com/2023/10/18/sasha-colby-announces-stripped-tour-releases-debut-single/,2023-10-18,2024-02-29,2024-04-19,Theatre Beanfield,"Montreal, QC",Theater,FALSE,,,TRUE
Sasha Colby,"Sasha Colby Announces ‘Stripped Tour,’ Releases Debut Single",https://news.pollstar.com/2023/10/18/sasha-colby-announces-stripped-tour-releases-debut-single/,2023-10-18,2024-02-29,2024-04-19,Danforth Music Hall,"Toronto, ON",Theater,FALSE,,,TRUE
Sasha Colby,"Sasha Colby Announces ‘Stripped Tour,’ Releases Debut Single",https://news.pollstar.com/2023/10/18/sasha-colby-announces-stripped-tour-releases-debut-single/,2023-10-18,2024-02-29,2024-04-19,Saint Andrews Hall,"Detroit, MI",Other,FALSE,,,TRUE
Sasha Colby,"Sasha Colby Announces ‘Stripped Tour,’ Releases Debut Single",https://news.pollstar.com/2023/10/18/sasha-colby-announces-stripped-tour-releases-debut-single/,2023-10-18,2024-02-29,2024-04-19,Thalia Hall,"Chicago, IL",Other,FALSE,,,TRUE
Sasha Colby,"Sasha Colby Announces ‘Stripped Tour,’ Releases Debut Single",https://news.pollstar.com/2023/10/18/sasha-colby-announces-stripped-tour-releases-debut-single/,2023-10-18,2024-02-29,2024-04-19,Fillmore,"Minneapolis, MN",Club,LYV,,,TRUE
Sasha Colby,"Sasha Colby Announces ‘Stripped Tour,’ Releases Debut Single",https://news.pollstar.com/2023/10/18/sasha-colby-announces-stripped-tour-releases-debut-single/,2023-10-18,2024-02-29,2024-04-19,Revolution Hall,"Portland, OR",Theater,FALSE,,,TRUE
Sasha Colby,"Sasha Colby Announces ‘Stripped Tour,’ Releases Debut Single",https://news.pollstar.com/2023/10/18/sasha-colby-announces-stripped-tour-releases-debut-single/,2023-10-18,2024-02-29,2024-04-19,Neptune Theatre,"Seattle, WA",Theater,FALSE,,,TRUE
Sasha Colby,"Sasha Colby Announces ‘Stripped Tour,’ Releases Debut Single",https://news.pollstar.com/2023/10/18/sasha-colby-announces-stripped-tour-releases-debut-single/,2023-10-18,2024-02-29,2024-04-19,Hawaii Theatre,"Honolulu, HI",Theater,FALSE,,,TRUE
Sam Hunt,Sam Hunt Announces ‘Outskirts Tour’ Dates,https://news.pollstar.com/2023/10/16/sam-hunt-announces-outskirts-tour-dates/,2023-10-16,2024-02-22,2024-04-13,Van Andel Arena,"Grand Rapids, MI",Arena,FALSE,,,TRUE
Sam Hunt,Sam Hunt Announces ‘Outskirts Tour’ Dates,https://news.pollstar.com/2023/10/16/sam-hunt-announces-outskirts-tour-dates/,2023-10-16,2024-02-22,2024-04-13,KFC Yum! Center,"Louisville, KY",Arena,FALSE,,,TRUE
Sam Hunt,Sam Hunt Announces ‘Outskirts Tour’ Dates,https://news.pollstar.com/2023/10/16/sam-hunt-announces-outskirts-tour-dates/,2023-10-16,2024-02-22,2024-04-13,Allstate Arena,"Rosemont, IL",Arena,FALSE,,,TRUE
Sam Hunt,Sam Hunt Announces ‘Outskirts Tour’ Dates,https://news.pollstar.com/2023/10/16/sam-hunt-announces-outskirts-tour-dates/,2023-10-16,2024-02-22,2024-04-13,Bridgestone Arena,"Nashville, TN",Arena,FALSE,,,TRUE
Sam Hunt,Sam Hunt Announces ‘Outskirts Tour’ Dates,https://news.pollstar.com/2023/10/16/sam-hunt-announces-outskirts-tour-dates/,2023-10-16,2024-02-22,2024-04-13,Nationwide Arena,"Columbus, OH",Arena,FALSE,,,TRUE
Sam Hunt,Sam Hunt Announces ‘Outskirts Tour’ Dates,https://news.pollstar.com/2023/10/16/sam-hunt-announces-outskirts-tour-dates/,2023-10-16,2024-02-22,2024-04-13,Coveli Centre,"Youngstown, OH",Other,FALSE,,,TRUE
Sam Hunt,Sam Hunt Announces ‘Outskirts Tour’ Dates,https://news.pollstar.com/2023/10/16/sam-hunt-announces-outskirts-tour-dates/,2023-10-16,2024-02-22,2024-04-13,Tyson Events Center,"Sioux City, IA",Arena,FALSE,,,TRUE
Sam Hunt,Sam Hunt Announces ‘Outskirts Tour’ Dates,https://news.pollstar.com/2023/10/16/sam-hunt-announces-outskirts-tour-dates/,2023-10-16,2024-02-22,2024-04-13,Fiserv Forum,"Milwaukee, WI",Arena,FALSE,,,TRUE
Sam Hunt,Sam Hunt Announces ‘Outskirts Tour’ Dates,https://news.pollstar.com/2023/10/16/sam-hunt-announces-outskirts-tour-dates/,2023-10-16,2024-02-22,2024-04-13,Peoria Civic Center,"Peoria, IL",Arena,FALSE,,,TRUE
Sam Hunt,Sam Hunt Announces ‘Outskirts Tour’ Dates,https://news.pollstar.com/2023/10/16/sam-hunt-announces-outskirts-tour-dates/,2023-10-16,2024-02-22,2024-04-13,Resch Center,"Green Bay, WI",Arena,FALSE,,,TRUE
Sam Hunt,Sam Hunt Announces ‘Outskirts Tour’ Dates,https://news.pollstar.com/2023/10/16/sam-hunt-announces-outskirts-tour-dates/,2023-10-16,2024-02-22,2024-04-13,Amsoil Arena,"Duluth, MN",Arena,FALSE,,,TRUE
Sam Hunt,Sam Hunt Announces ‘Outskirts Tour’ Dates,https://news.pollstar.com/2023/10/16/sam-hunt-announces-outskirts-tour-dates/,2023-10-16,2024-02-22,2024-04-13,Ralph Engelstad Arena,"Grand Folks, ND",Arena,FALSE,,,TRUE
Sam Hunt,Sam Hunt Announces ‘Outskirts Tour’ Dates,https://news.pollstar.com/2023/10/16/sam-hunt-announces-outskirts-tour-dates/,2023-10-16,2024-02-22,2024-04-13,Thompson-Boling Arena at Food City Center,"Knoxville, TN",Arena,FALSE,,,TRUE
Sam Hunt,Sam Hunt Announces ‘Outskirts Tour’ Dates,https://news.pollstar.com/2023/10/16/sam-hunt-announces-outskirts-tour-dates/,2023-10-16,2024-02-22,2024-04-13,Greensboro Coliseum,"Greensboro, NC",Other,FALSE,,,TRUE
Sam Hunt,Sam Hunt Announces ‘Outskirts Tour’ Dates,https://news.pollstar.com/2023/10/16/sam-hunt-announces-outskirts-tour-dates/,2023-10-16,2024-02-22,2024-04-13,Enmarket Arena,"Savannah, GA",Arena,FALSE,,,TRUE
Sam Hunt,Sam Hunt Announces ‘Outskirts Tour’ Dates,https://news.pollstar.com/2023/10/16/sam-hunt-announces-outskirts-tour-dates/,2023-10-16,2024-02-22,2024-04-13,Colonial Life Arena,"Columbia, SC",Arena,FALSE,,,TRUE
Sam Hunt,Sam Hunt Announces ‘Outskirts Tour’ Dates,https://news.pollstar.com/2023/10/16/sam-hunt-announces-outskirts-tour-dates/,2023-10-16,2024-02-22,2024-04-13,John Paul Jones Arena,"Charlottesville, VA",Arena,FALSE,,,TRUE
Madison Beer’s ‘The Spinnin Tour’ Goes Global,Madison Beer’s ‘The Spinnin Tour’ Goes Global,https://news.pollstar.com/2023/10/09/madison-beers-the-spinnin-tour-goes-global/,2023-10-09,2023-02-24,2023-06-13,"Stockholm, Sweden",Fryshuset Arenan,Other,FALSE,,,TRUE
Madison Beer’s ‘The Spinnin Tour’ Goes Global,Madison Beer’s ‘The Spinnin Tour’ Goes Global,https://news.pollstar.com/2023/10/09/madison-beers-the-spinnin-tour-goes-global/,2023-10-09,2023-02-24,2023-06-13,"Oslo, Norway",Rockefeller,Other,FALSE,,,TRUE
Madison Beer’s ‘The Spinnin Tour’ Goes Global,Madison Beer’s ‘The Spinnin Tour’ Goes Global,https://news.pollstar.com/2023/10/09/madison-beers-the-spinnin-tour-goes-global/,2023-10-09,2023-02-24,2023-06-13,"Brussels, Belgium",Ancienne Belgique,Other,FALSE,,,TRUE
Madison Beer’s ‘The Spinnin Tour’ Goes Global,Madison Beer’s ‘The Spinnin Tour’ Goes Global,https://news.pollstar.com/2023/10/09/madison-beers-the-spinnin-tour-goes-global/,2023-10-09,2023-02-24,2023-06-13,"Amsterdam, Netherlands",AFAS Live,Other,FALSE,,,TRUE
Madison Beer’s ‘The Spinnin Tour’ Goes Global,Madison Beer’s ‘The Spinnin Tour’ Goes Global,https://news.pollstar.com/2023/10/09/madison-beers-the-spinnin-tour-goes-global/,2023-10-09,2023-02-24,2023-06-13,"Luxembourg, Luxembourg",den Atelier,Other,FALSE,,,TRUE
Madison Beer’s ‘The Spinnin Tour’ Goes Global,Madison Beer’s ‘The Spinnin Tour’ Goes Global,https://news.pollstar.com/2023/10/09/madison-beers-the-spinnin-tour-goes-global/,2023-10-09,2023-02-24,2023-06-13,"Cologne, Germany",Palladium,Other,FALSE,,,TRUE
Madison Beer’s ‘The Spinnin Tour’ Goes Global,Madison Beer’s ‘The Spinnin Tour’ Goes Global,https://news.pollstar.com/2023/10/09/madison-beers-the-spinnin-tour-goes-global/,2023-10-09,2023-02-24,2023-06-13,"Warsaw, Poland",Progresja,Club,FALSE,,,TRUE
Madison Beer’s ‘The Spinnin Tour’ Goes Global,Madison Beer’s ‘The Spinnin Tour’ Goes Global,https://news.pollstar.com/2023/10/09/madison-beers-the-spinnin-tour-goes-global/,2023-10-09,2023-02-24,2023-06-13,"Vienna, Austria",Gasometer,Other,FALSE,,,TRUE
Madison Beer’s ‘The Spinnin Tour’ Goes Global,Madison Beer’s ‘The Spinnin Tour’ Goes Global,https://news.pollstar.com/2023/10/09/madison-beers-the-spinnin-tour-goes-global/,2023-10-09,2023-02-24,2023-06-13,"Prague, Czech Republic",Sasazu,Other,FALSE,,,TRUE
Madison Beer’s ‘The Spinnin Tour’ Goes Global,Madison Beer’s ‘The Spinnin Tour’ Goes Global,https://news.pollstar.com/2023/10/09/madison-beers-the-spinnin-tour-goes-global/,2023-10-09,2023-02-24,2023-06-13,"Zurich, Switzerland",X-Tra,Other,FALSE,,,TRUE
Madison Beer’s ‘The Spinnin Tour’ Goes Global,Madison Beer’s ‘The Spinnin Tour’ Goes Global,https://news.pollstar.com/2023/10/09/madison-beers-the-spinnin-tour-goes-global/,2023-10-09,2023-02-24,2023-06-13,"Milan, Italy",Fabrique,Other,FALSE,,,TRUE
Madison Beer’s ‘The Spinnin Tour’ Goes Global,Madison Beer’s ‘The Spinnin Tour’ Goes Global,https://news.pollstar.com/2023/10/09/madison-beers-the-spinnin-tour-goes-global/,2023-10-09,2023-02-24,2023-06-13,"Barcelona, Spain",Razzmatazz,Other,FALSE,,,TRUE
Madison Beer’s ‘The Spinnin Tour’ Goes Global,Madison Beer’s ‘The Spinnin Tour’ Goes Global,https://news.pollstar.com/2023/10/09/madison-beers-the-spinnin-tour-goes-global/,2023-10-09,2023-02-24,2023-06-13,"Madrid, Spain",Palacio Vistalegre,Other,FALSE,,,TRUE
Madison Beer’s ‘The Spinnin Tour’ Goes Global,Madison Beer’s ‘The Spinnin Tour’ Goes Global,https://news.pollstar.com/2023/10/09/madison-beers-the-spinnin-tour-goes-global/,2023-10-09,2023-02-24,2023-06-13,"Paris, France",Zenith,Other,FALSE,,,TRUE
Madison Beer’s ‘The Spinnin Tour’ Goes Global,Madison Beer’s ‘The Spinnin Tour’ Goes Global,https://news.pollstar.com/2023/10/09/madison-beers-the-spinnin-tour-goes-global/,2023-10-09,2023-02-24,2023-06-13,O2 Victoria Warehouse,"Manchester, UK",Club,LYV,,,TRUE
Madison Beer’s ‘The Spinnin Tour’ Goes Global,Madison Beer’s ‘The Spinnin Tour’ Goes Global,https://news.pollstar.com/2023/10/09/madison-beers-the-spinnin-tour-goes-global/,2023-10-09,2023-02-24,2023-06-13,O2 Academy,"Birmingham, UK",Theater,LYV,,,TRUE
Madison Beer’s ‘The Spinnin Tour’ Goes Global,Madison Beer’s ‘The Spinnin Tour’ Goes Global,https://news.pollstar.com/2023/10/09/madison-beers-the-spinnin-tour-goes-global/,2023-10-09,2023-02-24,2023-06-13,O2 Academy,"Glasgow, UK",Theater,LYV,,,TRUE
Madison Beer’s ‘The Spinnin Tour’ Goes Global,Madison Beer’s ‘The Spinnin Tour’ Goes Global,https://news.pollstar.com/2023/10/09/madison-beers-the-spinnin-tour-goes-global/,2023-10-09,2023-02-24,2023-06-13,Eventim Apollo,"London, UK",Theater,FALSE,,,TRUE
Madison Beer’s ‘The Spinnin Tour’ Goes Global,Madison Beer’s ‘The Spinnin Tour’ Goes Global,https://news.pollstar.com/2023/10/09/madison-beers-the-spinnin-tour-goes-global/,2023-10-09,2023-02-24,2023-06-13,The Fillmore Minneapolis,"Minneapolis, MN",Club,LYV,,,TRUE
Madison Beer’s ‘The Spinnin Tour’ Goes Global,Madison Beer’s ‘The Spinnin Tour’ Goes Global,https://news.pollstar.com/2023/10/09/madison-beers-the-spinnin-tour-goes-global/,2023-10-09,2023-02-24,2023-06-13,Riviera Theatre,"Chicago, IL",Theater,FALSE,,,TRUE
Madison Beer’s ‘The Spinnin Tour’ Goes Global,Madison Beer’s ‘The Spinnin Tour’ Goes Global,https://news.pollstar.com/2023/10/09/madison-beers-the-spinnin-tour-goes-global/,2023-10-09,2023-02-24,2023-06-13,The Pageant,"St. Louis, MO",Theater,FALSE,,,TRUE
Madison Beer’s ‘The Spinnin Tour’ Goes Global,Madison Beer’s ‘The Spinnin Tour’ Goes Global,https://news.pollstar.com/2023/10/09/madison-beers-the-spinnin-tour-goes-global/,2023-10-09,2023-02-24,2023-06-13,Ryman Auditorium,"Nashville, TN",Theater,FALSE,,,TRUE
Madison Beer’s ‘The Spinnin Tour’ Goes Global,Madison Beer’s ‘The Spinnin Tour’ Goes Global,https://news.pollstar.com/2023/10/09/madison-beers-the-spinnin-tour-goes-global/,2023-10-09,2023-02-24,2023-06-13,The Andrew J Brady Music Center,"Cincinnati, OH",Amphitheater,LYV,,,TRUE
Madison Beer’s ‘The Spinnin Tour’ Goes Global,Madison Beer’s ‘The Spinnin Tour’ Goes Global,https://news.pollstar.com/2023/10/09/madison-beers-the-spinnin-tour-goes-global/,2023-10-09,2023-02-24,2023-06-13,Egyptian Room at Old National Centre,"Indianapolis, IN",Arena,FALSE,,,TRUE
Madison Beer’s ‘The Spinnin Tour’ Goes Global,Madison Beer’s ‘The Spinnin Tour’ Goes Global,https://news.pollstar.com/2023/10/09/madison-beers-the-spinnin-tour-goes-global/,2023-10-09,2023-02-24,2023-06-13,The Fillmore Detroit,"Detroit, MI",Club,LYV,,,TRUE
Madison Beer’s ‘The Spinnin Tour’ Goes Global,Madison Beer’s ‘The Spinnin Tour’ Goes Global,https://news.pollstar.com/2023/10/09/madison-beers-the-spinnin-tour-goes-global/,2023-10-09,2023-02-24,2023-06-13,Roxian Theatre,"McKees Rocks, PA",Theater,FALSE,,,TRUE
Madison Beer’s ‘The Spinnin Tour’ Goes Global,Madison Beer’s ‘The Spinnin Tour’ Goes Global,https://news.pollstar.com/2023/10/09/madison-beers-the-spinnin-tour-goes-global/,2023-10-09,2023-02-24,2023-06-13,The Fillmore Charlotte,"Charlotte, NC",Club,LYV,,,TRUE
Madison Beer’s ‘The Spinnin Tour’ Goes Global,Madison Beer’s ‘The Spinnin Tour’ Goes Global,https://news.pollstar.com/2023/10/09/madison-beers-the-spinnin-tour-goes-global/,2023-10-09,2023-02-24,2023-06-13,The Ritz,"Raleigh, NC",Club,FALSE,,,TRUE
Madison Beer’s ‘The Spinnin Tour’ Goes Global,Madison Beer’s ‘The Spinnin Tour’ Goes Global,https://news.pollstar.com/2023/10/09/madison-beers-the-spinnin-tour-goes-global/,2023-10-09,2023-02-24,2023-06-13,Echostage,"Washington, DC",Club,FALSE,,,TRUE
Madison Beer’s ‘The Spinnin Tour’ Goes Global,Madison Beer’s ‘The Spinnin Tour’ Goes Global,https://news.pollstar.com/2023/10/09/madison-beers-the-spinnin-tour-goes-global/,2023-10-09,2023-02-24,2023-06-13,MGM Music Hall at Fenway,"Boston, MA",Theater,LYV,,,TRUE
Madison Beer’s ‘The Spinnin Tour’ Goes Global,Madison Beer’s ‘The Spinnin Tour’ Goes Global,https://news.pollstar.com/2023/10/09/madison-beers-the-spinnin-tour-goes-global/,2023-10-09,2023-02-24,2023-06-13,MTELUS,"Montreal, QC",Theater,LYV,,,TRUE
Madison Beer’s ‘The Spinnin Tour’ Goes Global,Madison Beer’s ‘The Spinnin Tour’ Goes Global,https://news.pollstar.com/2023/10/09/madison-beers-the-spinnin-tour-goes-global/,2023-10-09,2023-02-24,2023-06-13,HISTORY,"Toronto, ON",Club,LYV,,,TRUE
Madison Beer’s ‘The Spinnin Tour’ Goes Global,Madison Beer’s ‘The Spinnin Tour’ Goes Global,https://news.pollstar.com/2023/10/09/madison-beers-the-spinnin-tour-goes-global/,2023-10-09,2023-02-24,2023-06-13,The Fillmore Philadelphia,"Philadelphia, PA",Club,LYV,,,TRUE
Madison Beer’s ‘The Spinnin Tour’ Goes Global,Madison Beer’s ‘The Spinnin Tour’ Goes Global,https://news.pollstar.com/2023/10/09/madison-beers-the-spinnin-tour-goes-global/,2023-10-09,2023-02-24,2023-06-13,Radio City Music Hall,"New York, NY",Theater,FALSE,,,TRUE
Madison Beer’s ‘The Spinnin Tour’ Goes Global,Madison Beer’s ‘The Spinnin Tour’ Goes Global,https://news.pollstar.com/2023/10/09/madison-beers-the-spinnin-tour-goes-global/,2023-10-09,2023-02-24,2023-06-13,Tabernacle,"Atlanta, GA",Theater,LYV,,,TRUE
Madison Beer’s ‘The Spinnin Tour’ Goes Global,Madison Beer’s ‘The Spinnin Tour’ Goes Global,https://news.pollstar.com/2023/10/09/madison-beers-the-spinnin-tour-goes-global/,2023-10-09,2023-02-24,2023-06-13,Jannus Live,"St. Petersburg, FL",Club,FALSE,,,TRUE
Madison Beer’s ‘The Spinnin Tour’ Goes Global,Madison Beer’s ‘The Spinnin Tour’ Goes Global,https://news.pollstar.com/2023/10/09/madison-beers-the-spinnin-tour-goes-global/,2023-10-09,2023-02-24,2023-06-13,Hard Rock Live,"Hollywood, FL",Theater,FALSE,,,TRUE
Madison Beer’s ‘The Spinnin Tour’ Goes Global,Madison Beer’s ‘The Spinnin Tour’ Goes Global,https://news.pollstar.com/2023/10/09/madison-beers-the-spinnin-tour-goes-global/,2023-10-09,2023-02-24,2023-06-13,Fillmore New Orleans,"New Orleans, LA",Club,LYV,,,TRUE
Madison Beer’s ‘The Spinnin Tour’ Goes Global,Madison Beer’s ‘The Spinnin Tour’ Goes Global,https://news.pollstar.com/2023/10/09/madison-beers-the-spinnin-tour-goes-global/,2023-10-09,2023-02-24,2023-06-13,Bayou Music Center,"Houston, TX",Amphitheater,LYV,,,TRUE
Madison Beer’s ‘The Spinnin Tour’ Goes Global,Madison Beer’s ‘The Spinnin Tour’ Goes Global,https://news.pollstar.com/2023/10/09/madison-beers-the-spinnin-tour-goes-global/,2023-10-09,2023-02-24,2023-06-13,Stubb’s Waller Creek Amphitheater,"Austin, TX",Amphitheater,LYV,,,TRUE
Madison Beer’s ‘The Spinnin Tour’ Goes Global,Madison Beer’s ‘The Spinnin Tour’ Goes Global,https://news.pollstar.com/2023/10/09/madison-beers-the-spinnin-tour-goes-global/,2023-10-09,2023-02-24,2023-06-13,South Side Ballroom,"Dallas, TX",Club,FALSE,,,TRUE
Madison Beer’s ‘The Spinnin Tour’ Goes Global,Madison Beer’s ‘The Spinnin Tour’ Goes Global,https://news.pollstar.com/2023/10/09/madison-beers-the-spinnin-tour-goes-global/,2023-10-09,2023-02-24,2023-06-13,The Van Buren,"Phoenix, AZ",Theater,LYV,,,TRUE
Madison Beer’s ‘The Spinnin Tour’ Goes Global,Madison Beer’s ‘The Spinnin Tour’ Goes Global,https://news.pollstar.com/2023/10/09/madison-beers-the-spinnin-tour-goes-global/,2023-10-09,2023-02-24,2023-06-13,Fillmore Auditorium,"Denver, CO",Theater,LYV,,,TRUE
Madison Beer’s ‘The Spinnin Tour’ Goes Global,Madison Beer’s ‘The Spinnin Tour’ Goes Global,https://news.pollstar.com/2023/10/09/madison-beers-the-spinnin-tour-goes-global/,2023-10-09,2023-02-24,2023-06-13,The Complex,"Salt Lake City, UT",Club,FALSE,,,TRUE
Madison Beer’s ‘The Spinnin Tour’ Goes Global,Madison Beer’s ‘The Spinnin Tour’ Goes Global,https://news.pollstar.com/2023/10/09/madison-beers-the-spinnin-tour-goes-global/,2023-10-09,2023-02-24,2023-06-13,Brooklyn Bowl Las Vegas,"Las Vegas, NV",Club,LYV,,,TRUE
Madison Beer’s ‘The Spinnin Tour’ Goes Global,Madison Beer’s ‘The Spinnin Tour’ Goes Global,https://news.pollstar.com/2023/10/09/madison-beers-the-spinnin-tour-goes-global/,2023-10-09,2023-02-24,2023-06-13,McMenamins Crystal Ballroom,"Portland, OR",Club,FALSE,,,TRUE
Madison Beer’s ‘The Spinnin Tour’ Goes Global,Madison Beer’s ‘The Spinnin Tour’ Goes Global,https://news.pollstar.com/2023/10/09/madison-beers-the-spinnin-tour-goes-global/,2023-10-09,2023-02-24,2023-06-13,Moore Theatre,"Seattle, WA",Theater,FALSE,,,TRUE
Madison Beer’s ‘The Spinnin Tour’ Goes Global,Madison Beer’s ‘The Spinnin Tour’ Goes Global,https://news.pollstar.com/2023/10/09/madison-beers-the-spinnin-tour-goes-global/,2023-10-09,2023-02-24,2023-06-13,Commodore Ballroom,"Vancouver, BC",Club,FALSE,,,TRUE
Madison Beer’s ‘The Spinnin Tour’ Goes Global,Madison Beer’s ‘The Spinnin Tour’ Goes Global,https://news.pollstar.com/2023/10/09/madison-beers-the-spinnin-tour-goes-global/,2023-10-09,2023-02-24,2023-06-13,The Masonic,"San Francisco, CA",Theater,LYV,,,TRUE
Madison Beer’s ‘The Spinnin Tour’ Goes Global,Madison Beer’s ‘The Spinnin Tour’ Goes Global,https://news.pollstar.com/2023/10/09/madison-beers-the-spinnin-tour-goes-global/,2023-10-09,2023-02-24,2023-06-13,SOMA,"San Diego, CA",Club,FALSE,,,TRUE
Madison Beer’s ‘The Spinnin Tour’ Goes Global,Madison Beer’s ‘The Spinnin Tour’ Goes Global,https://news.pollstar.com/2023/10/09/madison-beers-the-spinnin-tour-goes-global/,2023-10-09,2023-02-24,2023-06-13,The Greek Theatre,"Los Angeles, CA",Amphitheater,FALSE,,,TRUE
Eagles,Eagles Add ‘The California Concerts’ To The ‘Long Goodbye Tour’,https://news.pollstar.com/2023/10/04/eagles-add-the-california-concerts-to-the-long-goodbye-tour/,2023-10-04,2025-09-07,2026-01-13,Madison Square Garden,"New York, NY",Arena,FALSE,,,TRUE
Eagles,Eagles Add ‘The California Concerts’ To The ‘Long Goodbye Tour’,https://news.pollstar.com/2023/10/04/eagles-add-the-california-concerts-to-the-long-goodbye-tour/,2023-10-04,2025-09-07,2026-01-13,Madison Square Garden,"New York, NY",Arena,FALSE,,,TRUE
Eagles,Eagles Add ‘The California Concerts’ To The ‘Long Goodbye Tour’,https://news.pollstar.com/2023/10/04/eagles-add-the-california-concerts-to-the-long-goodbye-tour/,2023-10-04,2025-09-07,2026-01-13,TD Garden,"Boston, MA",Arena,FALSE,,,TRUE
Eagles,Eagles Add ‘The California Concerts’ To The ‘Long Goodbye Tour’,https://news.pollstar.com/2023/10/04/eagles-add-the-california-concerts-to-the-long-goodbye-tour/,2023-10-04,2025-09-07,2026-01-13,TD Garden,"Boston, MA",Arena,FALSE,,,TRUE
Eagles,Eagles Add ‘The California Concerts’ To The ‘Long Goodbye Tour’,https://news.pollstar.com/2023/10/04/eagles-add-the-california-concerts-to-the-long-goodbye-tour/,2023-10-04,2025-09-07,2026-01-13,Prudential Center,"Newark, NJ",Arena,FALSE,,,TRUE
Eagles,Eagles Add ‘The California Concerts’ To The ‘Long Goodbye Tour’,https://news.pollstar.com/2023/10/04/eagles-add-the-california-concerts-to-the-long-goodbye-tour/,2023-10-04,2025-09-07,2026-01-13,Prudential Center,"Newark, NJ",Arena,FALSE,,,TRUE
Eagles,Eagles Add ‘The California Concerts’ To The ‘Long Goodbye Tour’,https://news.pollstar.com/2023/10/04/eagles-add-the-california-concerts-to-the-long-goodbye-tour/,2023-10-04,2025-09-07,2026-01-13,Ball Arena,"Denver, CO",Arena,FALSE,,,TRUE
Eagles,Eagles Add ‘The California Concerts’ To The ‘Long Goodbye Tour’,https://news.pollstar.com/2023/10/04/eagles-add-the-california-concerts-to-the-long-goodbye-tour/,2023-10-04,2025-09-07,2026-01-13,Ball Arena,"Denver, CO",Arena,FALSE,,,TRUE
Eagles,Eagles Add ‘The California Concerts’ To The ‘Long Goodbye Tour’,https://news.pollstar.com/2023/10/04/eagles-add-the-california-concerts-to-the-long-goodbye-tour/,2023-10-04,2025-09-07,2026-01-13,Gainbridge Field,"Indianapolis, IN",Arena,FALSE,,,TRUE
Eagles,Eagles Add ‘The California Concerts’ To The ‘Long Goodbye Tour’,https://news.pollstar.com/2023/10/04/eagles-add-the-california-concerts-to-the-long-goodbye-tour/,2023-10-04,2025-09-07,2026-01-13,Gainbridge Field,"Indianapolis, IN",Arena,FALSE,,,TRUE
Eagles,Eagles Add ‘The California Concerts’ To The ‘Long Goodbye Tour’,https://news.pollstar.com/2023/10/04/eagles-add-the-california-concerts-to-the-long-goodbye-tour/,2023-10-04,2025-09-07,2026-01-13,Little Caesars Arena,"Detroit, MI",Theater,FALSE,,,TRUE
Eagles,Eagles Add ‘The California Concerts’ To The ‘Long Goodbye Tour’,https://news.pollstar.com/2023/10/04/eagles-add-the-california-concerts-to-the-long-goodbye-tour/,2023-10-04,2025-09-07,2026-01-13,PPG Paints Arena,"Pittsburgh, PA",Arena,FALSE,,,TRUE
Eagles,Eagles Add ‘The California Concerts’ To The ‘Long Goodbye Tour’,https://news.pollstar.com/2023/10/04/eagles-add-the-california-concerts-to-the-long-goodbye-tour/,2023-10-04,2025-09-07,2026-01-13,Rocket Mortgage FieldHouse,"Cleveland, OH",Arena,FALSE,,,TRUE
Eagles,Eagles Add ‘The California Concerts’ To The ‘Long Goodbye Tour’,https://news.pollstar.com/2023/10/04/eagles-add-the-california-concerts-to-the-long-goodbye-tour/,2023-10-04,2025-09-07,2026-01-13,State Farm Arena,"Atlanta, GA",Arena,FALSE,,,TRUE
Eagles,Eagles Add ‘The California Concerts’ To The ‘Long Goodbye Tour’,https://news.pollstar.com/2023/10/04/eagles-add-the-california-concerts-to-the-long-goodbye-tour/,2023-10-04,2025-09-07,2026-01-13,State Farm Arena,"Atlanta, GA",Arena,FALSE,,,TRUE
Eagles,Eagles Add ‘The California Concerts’ To The ‘Long Goodbye Tour’,https://news.pollstar.com/2023/10/04/eagles-add-the-california-concerts-to-the-long-goodbye-tour/,2023-10-04,2025-09-07,2026-01-13,Spectrum Center,"Charlotte, NC",Arena,FALSE,,,TRUE
Eagles,Eagles Add ‘The California Concerts’ To The ‘Long Goodbye Tour’,https://news.pollstar.com/2023/10/04/eagles-add-the-california-concerts-to-the-long-goodbye-tour/,2023-10-04,2025-09-07,2026-01-13,PNC Arena,"Raleigh, NC",Arena,FALSE,,,TRUE
Eagles,Eagles Add ‘The California Concerts’ To The ‘Long Goodbye Tour’,https://news.pollstar.com/2023/10/04/eagles-add-the-california-concerts-to-the-long-goodbye-tour/,2023-10-04,2025-09-07,2026-01-13,Rupp Arena,"Lexington, KY",Arena,FALSE,,,TRUE
Eagles,Eagles Add ‘The California Concerts’ To The ‘Long Goodbye Tour’,https://news.pollstar.com/2023/10/04/eagles-add-the-california-concerts-to-the-long-goodbye-tour/,2023-10-04,2025-09-07,2026-01-13,Xcel Energy Center,"St. Paul, MN",Arena,FALSE,,,TRUE
Eagles,Eagles Add ‘The California Concerts’ To The ‘Long Goodbye Tour’,https://news.pollstar.com/2023/10/04/eagles-add-the-california-concerts-to-the-long-goodbye-tour/,2023-10-04,2025-09-07,2026-01-13,Xcel Energy Center,"St. Paul, MN",Arena,FALSE,,,TRUE
Eagles,Eagles Add ‘The California Concerts’ To The ‘Long Goodbye Tour’,https://news.pollstar.com/2023/10/04/eagles-add-the-california-concerts-to-the-long-goodbye-tour/,2023-10-04,2025-09-07,2026-01-13,Kia Forum,"Los Angeles, CA",Arena,FALSE,,,TRUE
Eagles,Eagles Add ‘The California Concerts’ To The ‘Long Goodbye Tour’,https://news.pollstar.com/2023/10/04/eagles-add-the-california-concerts-to-the-long-goodbye-tour/,2023-10-04,2025-09-07,2026-01-13,Kia Forum,"Los Angeles, CA",Arena,FALSE,,,TRUE
Eagles,Eagles Add ‘The California Concerts’ To The ‘Long Goodbye Tour’,https://news.pollstar.com/2023/10/04/eagles-add-the-california-concerts-to-the-long-goodbye-tour/,2023-10-04,2025-09-07,2026-01-13,Kia Forum,"Los Angeles, CA",Arena,FALSE,,,TRUE
Eagles,Eagles Add ‘The California Concerts’ To The ‘Long Goodbye Tour’,https://news.pollstar.com/2023/10/04/eagles-add-the-california-concerts-to-the-long-goodbye-tour/,2023-10-04,2025-09-07,2026-01-13,Kia Forum,"Los Angeles, CA",Arena,FALSE,,,TRUE
Foo Fighters,Foo Fighters Unveil ‘Everything Or Nothing At All’ Stadium Dates,https://news.pollstar.com/2023/10/02/foo-fighters-unveil-everything-or-nothing-at-all-stadium-dates/,2023-10-02,2024-07-17,2024-08-18,Citi Field,"New York, NY",Stadium,FALSE,,,TRUE
Foo Fighters,Foo Fighters Unveil ‘Everything Or Nothing At All’ Stadium Dates,https://news.pollstar.com/2023/10/02/foo-fighters-unveil-everything-or-nothing-at-all-stadium-dates/,2023-10-02,2024-07-17,2024-08-18,"New York, NY#",Citi Field,Other,FALSE,,,TRUE
Foo Fighters,Foo Fighters Unveil ‘Everything Or Nothing At All’ Stadium Dates,https://news.pollstar.com/2023/10/02/foo-fighters-unveil-everything-or-nothing-at-all-stadium-dates/,2023-10-02,2024-07-17,2024-08-18,"Boston, MA#",Fenway Park,Other,FALSE,,,TRUE
Foo Fighters,Foo Fighters Unveil ‘Everything Or Nothing At All’ Stadium Dates,https://news.pollstar.com/2023/10/02/foo-fighters-unveil-everything-or-nothing-at-all-stadium-dates/,2023-10-02,2024-07-17,2024-08-18,"Hershey, PA#",Hersheypark Stadium,Other,FALSE,,,TRUE
Foo Fighters,Foo Fighters Unveil ‘Everything Or Nothing At All’ Stadium Dates,https://news.pollstar.com/2023/10/02/foo-fighters-unveil-everything-or-nothing-at-all-stadium-dates/,2023-10-02,2024-07-17,2024-08-18,Great American Ballpark,"Cincinnati, OH",Stadium,FALSE,,,TRUE
Foo Fighters,Foo Fighters Unveil ‘Everything Or Nothing At All’ Stadium Dates,https://news.pollstar.com/2023/10/02/foo-fighters-unveil-everything-or-nothing-at-all-stadium-dates/,2023-10-02,2024-07-17,2024-08-18,"Minneapolis, MN*",Target Field,Other,FALSE,,,TRUE
Foo Fighters,Foo Fighters Unveil ‘Everything Or Nothing At All’ Stadium Dates,https://news.pollstar.com/2023/10/02/foo-fighters-unveil-everything-or-nothing-at-all-stadium-dates/,2023-10-02,2024-07-17,2024-08-18,Empower Field at Mile High,"Denver, CO",Stadium,FALSE,,,TRUE
Foo Fighters,Foo Fighters Unveil ‘Everything Or Nothing At All’ Stadium Dates,https://news.pollstar.com/2023/10/02/foo-fighters-unveil-everything-or-nothing-at-all-stadium-dates/,2023-10-02,2024-07-17,2024-08-18,Petco Park,"San Diego, CA",Stadium,FALSE,,,TRUE
Foo Fighters,Foo Fighters Unveil ‘Everything Or Nothing At All’ Stadium Dates,https://news.pollstar.com/2023/10/02/foo-fighters-unveil-everything-or-nothing-at-all-stadium-dates/,2023-10-02,2024-07-17,2024-08-18,"Los Angeles, CA%",BMO Stadium,Other,FALSE,,,TRUE
Foo Fighters,Foo Fighters Unveil ‘Everything Or Nothing At All’ Stadium Dates,https://news.pollstar.com/2023/10/02/foo-fighters-unveil-everything-or-nothing-at-all-stadium-dates/,2023-10-02,2024-07-17,2024-08-18,"Portland, OR%",Providence Park Soccer Stadium,Other,FALSE,,,TRUE
Foo Fighters,Foo Fighters Unveil ‘Everything Or Nothing At All’ Stadium Dates,https://news.pollstar.com/2023/10/02/foo-fighters-unveil-everything-or-nothing-at-all-stadium-dates/,2023-10-02,2024-07-17,2024-08-18,"Seattle, WA%",T-Mobile Park,Other,FALSE,,,TRUE
Morgan Wallen’s ‘One Night At A Time Tour’,Morgan Wallen’s ‘One Night At A Time Tour’ Adds Second Date For Each Show,https://news.pollstar.com/2023/09/29/morgan-wallens-one-night-at-a-time-tour-adds-second-date-for-each-show/,2023-09-29,2024-04-04,2024-08-09,Lucas Oil Stadium,"Indianapolis, IN",Stadium,FALSE,,,TRUE
Morgan Wallen’s ‘One Night At A Time Tour’,Morgan Wallen’s ‘One Night At A Time Tour’ Adds Second Date For Each Show,https://news.pollstar.com/2023/09/29/morgan-wallens-one-night-at-a-time-tour-adds-second-date-for-each-show/,2023-09-29,2024-04-04,2024-08-09,Lucas Oil Stadium,"Indianapolis, IN",Stadium,FALSE,,,TRUE
Morgan Wallen’s ‘One Night At A Time Tour’,Morgan Wallen’s ‘One Night At A Time Tour’ Adds Second Date For Each Show,https://news.pollstar.com/2023/09/29/morgan-wallens-one-night-at-a-time-tour-adds-second-date-for-each-show/,2023-09-29,2024-04-04,2024-08-09,Vaught-Hemingway Stadium,"Oxford, MS",Stadium,FALSE,,,TRUE
Morgan Wallen’s ‘One Night At A Time Tour’,Morgan Wallen’s ‘One Night At A Time Tour’ Adds Second Date For Each Show,https://news.pollstar.com/2023/09/29/morgan-wallens-one-night-at-a-time-tour-adds-second-date-for-each-show/,2023-09-29,2024-04-04,2024-08-09,Nissan Stadium,"Nashville, TN",Stadium,FALSE,,,TRUE
Morgan Wallen’s ‘One Night At A Time Tour’,Morgan Wallen’s ‘One Night At A Time Tour’ Adds Second Date For Each Show,https://news.pollstar.com/2023/09/29/morgan-wallens-one-night-at-a-time-tour-adds-second-date-for-each-show/,2023-09-29,2024-04-04,2024-08-09,Nissan Stadium,"Nashville, TN",Stadium,FALSE,,,TRUE
Morgan Wallen’s ‘One Night At A Time Tour’,Morgan Wallen’s ‘One Night At A Time Tour’ Adds Second Date For Each Show,https://news.pollstar.com/2023/09/29/morgan-wallens-one-night-at-a-time-tour-adds-second-date-for-each-show/,2023-09-29,2024-04-04,2024-08-09,Nissan Stadium,"Nashville, TN",Stadium,FALSE,,,TRUE
Morgan Wallen’s ‘One Night At A Time Tour’,Morgan Wallen’s ‘One Night At A Time Tour’ Adds Second Date For Each Show,https://news.pollstar.com/2023/09/29/morgan-wallens-one-night-at-a-time-tour-adds-second-date-for-each-show/,2023-09-29,2024-04-04,2024-08-09,U.S. Bank Stadium,"Minneapolis, MN",Stadium,FALSE,,,TRUE
Morgan Wallen’s ‘One Night At A Time Tour’,Morgan Wallen’s ‘One Night At A Time Tour’ Adds Second Date For Each Show,https://news.pollstar.com/2023/09/29/morgan-wallens-one-night-at-a-time-tour-adds-second-date-for-each-show/,2023-09-29,2024-04-04,2024-08-09,U.S. Bank Stadium,"Minneapolis, MN",Stadium,FALSE,,,TRUE
Morgan Wallen’s ‘One Night At A Time Tour’,Morgan Wallen’s ‘One Night At A Time Tour’ Adds Second Date For Each Show,https://news.pollstar.com/2023/09/29/morgan-wallens-one-night-at-a-time-tour-adds-second-date-for-each-show/,2023-09-29,2024-04-04,2024-08-09,Empower Stadium at Mile High,"Denver, CO",Stadium,FALSE,,,TRUE
Morgan Wallen’s ‘One Night At A Time Tour’,Morgan Wallen’s ‘One Night At A Time Tour’ Adds Second Date For Each Show,https://news.pollstar.com/2023/09/29/morgan-wallens-one-night-at-a-time-tour-adds-second-date-for-each-show/,2023-09-29,2024-04-04,2024-08-09,Empower Stadium at Mile High,"Denver, CO",Stadium,FALSE,,,TRUE
Morgan Wallen’s ‘One Night At A Time Tour’,Morgan Wallen’s ‘One Night At A Time Tour’ Adds Second Date For Each Show,https://news.pollstar.com/2023/09/29/morgan-wallens-one-night-at-a-time-tour-adds-second-date-for-each-show/,2023-09-29,2024-04-04,2024-08-09,Raymond James Stadium,"Tampa, FL",Stadium,FALSE,,,TRUE
Morgan Wallen’s ‘One Night At A Time Tour’,Morgan Wallen’s ‘One Night At A Time Tour’ Adds Second Date For Each Show,https://news.pollstar.com/2023/09/29/morgan-wallens-one-night-at-a-time-tour-adds-second-date-for-each-show/,2023-09-29,2024-04-04,2024-08-09,Raymond James Stadium,"Tampa, FL",Stadium,FALSE,,,TRUE
Morgan Wallen’s ‘One Night At A Time Tour’,Morgan Wallen’s ‘One Night At A Time Tour’ Adds Second Date For Each Show,https://news.pollstar.com/2023/09/29/morgan-wallens-one-night-at-a-time-tour-adds-second-date-for-each-show/,2023-09-29,2024-04-04,2024-08-09,Bank of America Stadium,"Charlotte, NC",Stadium,FALSE,,,TRUE
Morgan Wallen’s ‘One Night At A Time Tour’,Morgan Wallen’s ‘One Night At A Time Tour’ Adds Second Date For Each Show,https://news.pollstar.com/2023/09/29/morgan-wallens-one-night-at-a-time-tour-adds-second-date-for-each-show/,2023-09-29,2024-04-04,2024-08-09,Bank of America Stadium,"Charlotte, NC",Stadium,FALSE,,,TRUE
Morgan Wallen’s ‘One Night At A Time Tour’,Morgan Wallen’s ‘One Night At A Time Tour’ Adds Second Date For Each Show,https://news.pollstar.com/2023/09/29/morgan-wallens-one-night-at-a-time-tour-adds-second-date-for-each-show/,2023-09-29,2024-04-04,2024-08-09,AT&T Stadium,"Arlington, TX",Stadium,FALSE,,,TRUE
Morgan Wallen’s ‘One Night At A Time Tour’,Morgan Wallen’s ‘One Night At A Time Tour’ Adds Second Date For Each Show,https://news.pollstar.com/2023/09/29/morgan-wallens-one-night-at-a-time-tour-adds-second-date-for-each-show/,2023-09-29,2024-04-04,2024-08-09,AT&T Stadium,"Arlington, TX",Stadium,FALSE,,,TRUE
Morgan Wallen’s ‘One Night At A Time Tour’,Morgan Wallen’s ‘One Night At A Time Tour’ Adds Second Date For Each Show,https://news.pollstar.com/2023/09/29/morgan-wallens-one-night-at-a-time-tour-adds-second-date-for-each-show/,2023-09-29,2024-04-04,2024-08-09,Geha Field at Arrowhead Stadium,"Kansas City, MO",Stadium,FALSE,,,TRUE
Morgan Wallen’s ‘One Night At A Time Tour’,Morgan Wallen’s ‘One Night At A Time Tour’ Adds Second Date For Each Show,https://news.pollstar.com/2023/09/29/morgan-wallens-one-night-at-a-time-tour-adds-second-date-for-each-show/,2023-09-29,2024-04-04,2024-08-09,Geha Field at Arrowhead Stadium,"Kansas City, MO",Stadium,FALSE,,,TRUE
Morgan Wallen’s ‘One Night At A Time Tour’,Morgan Wallen’s ‘One Night At A Time Tour’ Adds Second Date For Each Show,https://news.pollstar.com/2023/09/29/morgan-wallens-one-night-at-a-time-tour-adds-second-date-for-each-show/,2023-09-29,2024-04-04,2024-08-09,Allegiant Stadium,"Las Vegas, NV",Stadium,FALSE,,,TRUE
Morgan Wallen’s ‘One Night At A Time Tour’,Morgan Wallen’s ‘One Night At A Time Tour’ Adds Second Date For Each Show,https://news.pollstar.com/2023/09/29/morgan-wallens-one-night-at-a-time-tour-adds-second-date-for-each-show/,2023-09-29,2024-04-04,2024-08-09,Allegiant Stadium,"Las Vegas, NV",Stadium,FALSE,,,TRUE
John Mulaney Returns To Touring With New Show,John Mulaney Returns To Touring With New Show,https://news.pollstar.com/2023/09/26/john-mulaney-returns-to-touring-with-new-show/,2023-09-26,2023-11-02,2023-12-31,Ulster Performing Arts Center,"Kingston, NY",Other,FALSE,,,TRUE
John Mulaney Returns To Touring With New Show,John Mulaney Returns To Touring With New Show,https://news.pollstar.com/2023/09/26/john-mulaney-returns-to-touring-with-new-show/,2023-09-26,2023-11-02,2023-12-31,Troy Savings Bank Music Hall,"Troy, NY",Other,FALSE,,,TRUE
John Mulaney Returns To Touring With New Show,John Mulaney Returns To Touring With New Show,https://news.pollstar.com/2023/09/26/john-mulaney-returns-to-touring-with-new-show/,2023-09-26,2023-11-02,2023-12-31,Stranahan Theater,"Toledo, OH",Theater,FALSE,,,TRUE
John Mulaney Returns To Touring With New Show,John Mulaney Returns To Touring With New Show,https://news.pollstar.com/2023/09/26/john-mulaney-returns-to-touring-with-new-show/,2023-09-26,2023-11-02,2023-12-31,Palace Theatre,"Columbus, OH",Theater,FALSE,,,TRUE
John Mulaney Returns To Touring With New Show,John Mulaney Returns To Touring With New Show,https://news.pollstar.com/2023/09/26/john-mulaney-returns-to-touring-with-new-show/,2023-09-26,2023-11-02,2023-12-31,Township Auditorium,"Columbia, SC",Theater,FALSE,,,TRUE
John Mulaney Returns To Touring With New Show,John Mulaney Returns To Touring With New Show,https://news.pollstar.com/2023/09/26/john-mulaney-returns-to-touring-with-new-show/,2023-09-26,2023-11-02,2023-12-31,The Classic Center Theater,"Athens, GA",Theater,FALSE,,,TRUE
John Mulaney Returns To Touring With New Show,John Mulaney Returns To Touring With New Show,https://news.pollstar.com/2023/09/26/john-mulaney-returns-to-touring-with-new-show/,2023-09-26,2023-11-02,2023-12-31,Macon City Auditorium,"Macon, GA",Theater,FALSE,,,TRUE
John Mulaney Returns To Touring With New Show,John Mulaney Returns To Touring With New Show,https://news.pollstar.com/2023/09/26/john-mulaney-returns-to-touring-with-new-show/,2023-09-26,2023-11-02,2023-12-31,Johnny Mercer Theatre,"Savannah, GA",Theater,FALSE,,,TRUE
John Mulaney Returns To Touring With New Show,John Mulaney Returns To Touring With New Show,https://news.pollstar.com/2023/09/26/john-mulaney-returns-to-touring-with-new-show/,2023-09-26,2023-11-02,2023-12-31,The Hall at Live! Casino & Hotel,"Hanover, MD",Other,FALSE,,,TRUE
John Mulaney Returns To Touring With New Show,John Mulaney Returns To Touring With New Show,https://news.pollstar.com/2023/09/26/john-mulaney-returns-to-touring-with-new-show/,2023-09-26,2023-11-02,2023-12-31,Santander Arena,"Reading, PA",Arena,FALSE,,,TRUE
John Mulaney Returns To Touring With New Show,John Mulaney Returns To Touring With New Show,https://news.pollstar.com/2023/09/26/john-mulaney-returns-to-touring-with-new-show/,2023-09-26,2023-11-02,2023-12-31,Chartway Arena,"Norfolk, VA",Arena,FALSE,,,TRUE
John Mulaney Returns To Touring With New Show,John Mulaney Returns To Touring With New Show,https://news.pollstar.com/2023/09/26/john-mulaney-returns-to-touring-with-new-show/,2023-09-26,2023-11-02,2023-12-31,Bryce Jordan Center,"State College, PA",Arena,FALSE,,,TRUE
John Mulaney Returns To Touring With New Show,John Mulaney Returns To Touring With New Show,https://news.pollstar.com/2023/09/26/john-mulaney-returns-to-touring-with-new-show/,2023-09-26,2023-11-02,2023-12-31,Mississippi Coast Coliseum,"Biloxi, MS",Arena,FALSE,,,TRUE
John Mulaney Returns To Touring With New Show,John Mulaney Returns To Touring With New Show,https://news.pollstar.com/2023/09/26/john-mulaney-returns-to-touring-with-new-show/,2023-09-26,2023-11-02,2023-12-31,Mahalia Jackson Theater for the Performing Arts,"New Orleans, LA",Theater,FALSE,,,TRUE
John Mulaney Returns To Touring With New Show,John Mulaney Returns To Touring With New Show,https://news.pollstar.com/2023/09/26/john-mulaney-returns-to-touring-with-new-show/,2023-09-26,2023-11-02,2023-12-31,Seminole Hard Rock Hotel & Casino,"Tampa, FL",Theater,FALSE,,,TRUE
John Mulaney Returns To Touring With New Show,John Mulaney Returns To Touring With New Show,https://news.pollstar.com/2023/09/26/john-mulaney-returns-to-touring-with-new-show/,2023-09-26,2023-11-02,2023-12-31,Hard Rock Live,"Hollywood, FL",Theater,FALSE,,,TRUE
John Mulaney Returns To Touring With New Show,John Mulaney Returns To Touring With New Show,https://news.pollstar.com/2023/09/26/john-mulaney-returns-to-touring-with-new-show/,2023-09-26,2023-11-02,2023-12-31,Rosemont Theatre,"Rosemont, IL",Theater,FALSE,,,TRUE
John Mulaney Returns To Touring With New Show,John Mulaney Returns To Touring With New Show,https://news.pollstar.com/2023/09/26/john-mulaney-returns-to-touring-with-new-show/,2023-09-26,2023-11-02,2023-12-31,Arizona Financial Theatre,"Phoenix, AZ",Theater,LYV,,,TRUE
Journey Celebrates 50 Years Of ‘Freedom’ With New Tour,Journey Celebrates 50 Years Of ‘Freedom’ With New Tour,https://news.pollstar.com/2023/09/25/journey-celebrates-50-years-of-freedom-with-new-tour/,2023-09-25,2024-02-09,2024-04-29,Mississippi Coast Coliseum,"Biloxi, MS",Arena,FALSE,,,TRUE
Journey Celebrates 50 Years Of ‘Freedom’ With New Tour,Journey Celebrates 50 Years Of ‘Freedom’ With New Tour,https://news.pollstar.com/2023/09/25/journey-celebrates-50-years-of-freedom-with-new-tour/,2023-09-25,2024-02-09,2024-04-29,Amerant Bank Arena,"Sunrise, FL",Arena,LYV,,,TRUE
Journey Celebrates 50 Years Of ‘Freedom’ With New Tour,Journey Celebrates 50 Years Of ‘Freedom’ With New Tour,https://news.pollstar.com/2023/09/25/journey-celebrates-50-years-of-freedom-with-new-tour/,2023-09-25,2024-02-09,2024-04-29,Bon Secours Wellness Arena,"Greenville, SC",Arena,FALSE,,,TRUE
Journey Celebrates 50 Years Of ‘Freedom’ With New Tour,Journey Celebrates 50 Years Of ‘Freedom’ With New Tour,https://news.pollstar.com/2023/09/25/journey-celebrates-50-years-of-freedom-with-new-tour/,2023-09-25,2024-02-09,2024-04-29,Legacy Arena at the BJCC,"Birmingham, AL",Arena,FALSE,,,TRUE
Journey Celebrates 50 Years Of ‘Freedom’ With New Tour,Journey Celebrates 50 Years Of ‘Freedom’ With New Tour,https://news.pollstar.com/2023/09/25/journey-celebrates-50-years-of-freedom-with-new-tour/,2023-09-25,2024-02-09,2024-04-29,PNC Arena,"Raleigh, NC",Arena,FALSE,,,TRUE
Journey Celebrates 50 Years Of ‘Freedom’ With New Tour,Journey Celebrates 50 Years Of ‘Freedom’ With New Tour,https://news.pollstar.com/2023/09/25/journey-celebrates-50-years-of-freedom-with-new-tour/,2023-09-25,2024-02-09,2024-04-29,CFG Bank Arena,"Baltimore, MD",Arena,FALSE,,,TRUE
Journey Celebrates 50 Years Of ‘Freedom’ With New Tour,Journey Celebrates 50 Years Of ‘Freedom’ With New Tour,https://news.pollstar.com/2023/09/25/journey-celebrates-50-years-of-freedom-with-new-tour/,2023-09-25,2024-02-09,2024-04-29,Amica Mutual Pavilion,"Providence, RI",Amphitheater,FALSE,,,TRUE
Journey Celebrates 50 Years Of ‘Freedom’ With New Tour,Journey Celebrates 50 Years Of ‘Freedom’ With New Tour,https://news.pollstar.com/2023/09/25/journey-celebrates-50-years-of-freedom-with-new-tour/,2023-09-25,2024-02-09,2024-04-29,Blue Cross Arena,"Rochester, NY",Arena,FALSE,,,TRUE
Journey Celebrates 50 Years Of ‘Freedom’ With New Tour,Journey Celebrates 50 Years Of ‘Freedom’ With New Tour,https://news.pollstar.com/2023/09/25/journey-celebrates-50-years-of-freedom-with-new-tour/,2023-09-25,2024-02-09,2024-04-29,KFC Yum! Center,"Louisville, KY",Arena,FALSE,,,TRUE
Journey Celebrates 50 Years Of ‘Freedom’ With New Tour,Journey Celebrates 50 Years Of ‘Freedom’ With New Tour,https://news.pollstar.com/2023/09/25/journey-celebrates-50-years-of-freedom-with-new-tour/,2023-09-25,2024-02-09,2024-04-29,Kohl Center,"Madison, WI",Arena,FALSE,,,TRUE
Journey Celebrates 50 Years Of ‘Freedom’ With New Tour,Journey Celebrates 50 Years Of ‘Freedom’ With New Tour,https://news.pollstar.com/2023/09/25/journey-celebrates-50-years-of-freedom-with-new-tour/,2023-09-25,2024-02-09,2024-04-29,Tyson Events Center,"Sioux City, IA",Arena,FALSE,,,TRUE
Journey Celebrates 50 Years Of ‘Freedom’ With New Tour,Journey Celebrates 50 Years Of ‘Freedom’ With New Tour,https://news.pollstar.com/2023/09/25/journey-celebrates-50-years-of-freedom-with-new-tour/,2023-09-25,2024-02-09,2024-04-29,The Monument,"Rapid City, SD",Other,FALSE,,,TRUE
Journey Celebrates 50 Years Of ‘Freedom’ With New Tour,Journey Celebrates 50 Years Of ‘Freedom’ With New Tour,https://news.pollstar.com/2023/09/25/journey-celebrates-50-years-of-freedom-with-new-tour/,2023-09-25,2024-02-09,2024-04-29,Alerus Center,"Grand Forks, ND",Other,FALSE,,,TRUE
Journey Celebrates 50 Years Of ‘Freedom’ With New Tour,Journey Celebrates 50 Years Of ‘Freedom’ With New Tour,https://news.pollstar.com/2023/09/25/journey-celebrates-50-years-of-freedom-with-new-tour/,2023-09-25,2024-02-09,2024-04-29,Canada Life Centre,"Winnipeg, MB",Arena,FALSE,,,TRUE
Journey Celebrates 50 Years Of ‘Freedom’ With New Tour,Journey Celebrates 50 Years Of ‘Freedom’ With New Tour,https://news.pollstar.com/2023/09/25/journey-celebrates-50-years-of-freedom-with-new-tour/,2023-09-25,2024-02-09,2024-04-29,Scotiabank Saddledome,"Calgary, AB",Arena,FALSE,,,TRUE
Journey Celebrates 50 Years Of ‘Freedom’ With New Tour,Journey Celebrates 50 Years Of ‘Freedom’ With New Tour,https://news.pollstar.com/2023/09/25/journey-celebrates-50-years-of-freedom-with-new-tour/,2023-09-25,2024-02-09,2024-04-29,Rogers Place,"Edmonton, AB",Arena,FALSE,,,TRUE
Journey Celebrates 50 Years Of ‘Freedom’ With New Tour,Journey Celebrates 50 Years Of ‘Freedom’ With New Tour,https://news.pollstar.com/2023/09/25/journey-celebrates-50-years-of-freedom-with-new-tour/,2023-09-25,2024-02-09,2024-04-29,SaskTel Centre,"Saskatoon, SK",Arena,FALSE,,,TRUE
Journey Celebrates 50 Years Of ‘Freedom’ With New Tour,Journey Celebrates 50 Years Of ‘Freedom’ With New Tour,https://news.pollstar.com/2023/09/25/journey-celebrates-50-years-of-freedom-with-new-tour/,2023-09-25,2024-02-09,2024-04-29,First Interstate Arena at MetraPark,"Billings, MT",Arena,FALSE,,,TRUE
Journey Celebrates 50 Years Of ‘Freedom’ With New Tour,Journey Celebrates 50 Years Of ‘Freedom’ With New Tour,https://news.pollstar.com/2023/09/25/journey-celebrates-50-years-of-freedom-with-new-tour/,2023-09-25,2024-02-09,2024-04-29,Maverik Center,"West Valley City, UT",Arena,FALSE,,,TRUE
Journey Celebrates 50 Years Of ‘Freedom’ With New Tour,Journey Celebrates 50 Years Of ‘Freedom’ With New Tour,https://news.pollstar.com/2023/09/25/journey-celebrates-50-years-of-freedom-with-new-tour/,2023-09-25,2024-02-09,2024-04-29,Michelob ULTRA Arena,"Las Vegas, NV",Arena,FALSE,,,TRUE
Journey Celebrates 50 Years Of ‘Freedom’ With New Tour,Journey Celebrates 50 Years Of ‘Freedom’ With New Tour,https://news.pollstar.com/2023/09/25/journey-celebrates-50-years-of-freedom-with-new-tour/,2023-09-25,2024-02-09,2024-04-29,Pan American Center,"Las Cruces, NM",Other,FALSE,,,TRUE
Journey Celebrates 50 Years Of ‘Freedom’ With New Tour,Journey Celebrates 50 Years Of ‘Freedom’ With New Tour,https://news.pollstar.com/2023/09/25/journey-celebrates-50-years-of-freedom-with-new-tour/,2023-09-25,2024-02-09,2024-04-29,United Supermarkets Arena,"Lubbock, TX",Arena,FALSE,,,TRUE
Journey Celebrates 50 Years Of ‘Freedom’ With New Tour,Journey Celebrates 50 Years Of ‘Freedom’ With New Tour,https://news.pollstar.com/2023/09/25/journey-celebrates-50-years-of-freedom-with-new-tour/,2023-09-25,2024-02-09,2024-04-29,CHI Health Center,"Omaha, NE",Arena,FALSE,,,TRUE
Journey Celebrates 50 Years Of ‘Freedom’ With New Tour,Journey Celebrates 50 Years Of ‘Freedom’ With New Tour,https://news.pollstar.com/2023/09/25/journey-celebrates-50-years-of-freedom-with-new-tour/,2023-09-25,2024-02-09,2024-04-29,Memorial Coliseum,"Fort Wayne, IN",Arena,FALSE,,,TRUE
Journey Celebrates 50 Years Of ‘Freedom’ With New Tour,Journey Celebrates 50 Years Of ‘Freedom’ With New Tour,https://news.pollstar.com/2023/09/25/journey-celebrates-50-years-of-freedom-with-new-tour/,2023-09-25,2024-02-09,2024-04-29,Charleston Coliseum,"Charleston, WV",Arena,FALSE,,,TRUE
Journey Celebrates 50 Years Of ‘Freedom’ With New Tour,Journey Celebrates 50 Years Of ‘Freedom’ With New Tour,https://news.pollstar.com/2023/09/25/journey-celebrates-50-years-of-freedom-with-new-tour/,2023-09-25,2024-02-09,2024-04-29,North Charleston Coliseum,"North Charleston, SC",Arena,FALSE,,,TRUE
Journey Celebrates 50 Years Of ‘Freedom’ With New Tour,Journey Celebrates 50 Years Of ‘Freedom’ With New Tour,https://news.pollstar.com/2023/09/25/journey-celebrates-50-years-of-freedom-with-new-tour/,2023-09-25,2024-02-09,2024-04-29,Scope Arena,"Norfolk, VA",Arena,FALSE,,,TRUE
Journey Celebrates 50 Years Of ‘Freedom’ With New Tour,Journey Celebrates 50 Years Of ‘Freedom’ With New Tour,https://news.pollstar.com/2023/09/25/journey-celebrates-50-years-of-freedom-with-new-tour/,2023-09-25,2024-02-09,2024-04-29,Mohegan Sun Arena at Casey Plaza,"Wilkes Barre, PA",Arena,FALSE,,,TRUE
Journey Celebrates 50 Years Of ‘Freedom’ With New Tour,Journey Celebrates 50 Years Of ‘Freedom’ With New Tour,https://news.pollstar.com/2023/09/25/journey-celebrates-50-years-of-freedom-with-new-tour/,2023-09-25,2024-02-09,2024-04-29,Total Mortgage Arena,"Bridgeport, CT",Arena,FALSE,,,TRUE
Dave Matthews Band,Dave Matthews Band Announces U.S. Fall Tour,https://news.pollstar.com/2023/08/29/dave-matthews-band-announces-u-s-fall-tour/,2023-08-29,2023-11-07,2023-11-18,Enmarket Arena,"Savannah, GA",Arena,FALSE,,,TRUE
Dave Matthews Band,Dave Matthews Band Announces U.S. Fall Tour,https://news.pollstar.com/2023/08/29/dave-matthews-band-announces-u-s-fall-tour/,2023-08-29,2023-11-07,2023-11-18,Bon Secours Wellness Arena,"Greenville, SC",Arena,FALSE,,,TRUE
Dave Matthews Band,Dave Matthews Band Announces U.S. Fall Tour,https://news.pollstar.com/2023/08/29/dave-matthews-band-announces-u-s-fall-tour/,2023-08-29,2023-11-07,2023-11-18,John Paul Jones Arena,"Charlottesville, VA",Arena,FALSE,,,TRUE
Dave Matthews Band,Dave Matthews Band Announces U.S. Fall Tour,https://news.pollstar.com/2023/08/29/dave-matthews-band-announces-u-s-fall-tour/,2023-08-29,2023-11-07,2023-11-18,Mohegan Sun Arena,"Uncasville, CT",Arena,FALSE,,,TRUE
Dave Matthews Band,Dave Matthews Band Announces U.S. Fall Tour,https://news.pollstar.com/2023/08/29/dave-matthews-band-announces-u-s-fall-tour/,2023-08-29,2023-11-07,2023-11-18,Mohegan Sun Arena,"Uncasville, CT",Arena,FALSE,,,TRUE
Dave Matthews Band,Dave Matthews Band Announces U.S. Fall Tour,https://news.pollstar.com/2023/08/29/dave-matthews-band-announces-u-s-fall-tour/,2023-08-29,2023-11-07,2023-11-18,Madison Square Garden,"New York, NY",Arena,FALSE,,,TRUE
Dave Matthews Band,Dave Matthews Band Announces U.S. Fall Tour,https://news.pollstar.com/2023/08/29/dave-matthews-band-announces-u-s-fall-tour/,2023-08-29,2023-11-07,2023-11-18,Madison Square Garden,"New York, NY",Arena,FALSE,,,TRUE
The Weeknd’s ‘After Hours Til Dawn’ Lands In Australia,The Weeknd’s ‘After Hours Til Dawn’ Lands In Australia & New Zealand,https://news.pollstar.com/2023/08/22/the-weeknds-after-hours-til-dawn-lands-in-australia-new-zealand/,2023-08-22,2023-11-20,2023-12-07,"Brisbane, Australia",Suncorp Stadium,Other,FALSE,,,TRUE
The Weeknd’s ‘After Hours Til Dawn’ Lands In Australia,The Weeknd’s ‘After Hours Til Dawn’ Lands In Australia & New Zealand,https://news.pollstar.com/2023/08/22/the-weeknds-after-hours-til-dawn-lands-in-australia-new-zealand/,2023-08-22,2023-11-20,2023-12-07,"Sydney, Australia",Accor Stadium,Other,FALSE,,,TRUE
The Weeknd’s ‘After Hours Til Dawn’ Lands In Australia,The Weeknd’s ‘After Hours Til Dawn’ Lands In Australia & New Zealand,https://news.pollstar.com/2023/08/22/the-weeknds-after-hours-til-dawn-lands-in-australia-new-zealand/,2023-08-22,2023-11-20,2023-12-07,"Melbourne, Australia",Marvel Stadium,Other,FALSE,,,TRUE
The Weeknd’s ‘After Hours Til Dawn’ Lands In Australia,The Weeknd’s ‘After Hours Til Dawn’ Lands In Australia & New Zealand,https://news.pollstar.com/2023/08/22/the-weeknds-after-hours-til-dawn-lands-in-australia-new-zealand/,2023-08-22,2023-11-20,2023-12-07,"Auckland, New Zealand",Eden Park,Other,FALSE,,,TRUE
Tim McGraw,Tim McGraw Announces 2024 Arena Tour,https://news.pollstar.com/2023/07/28/tim-mcgraw-announces-2024-arena-tour/,2023-07-28,2024-03-30,2024-04-06,Matthew Knight Arena,"Eugene, Ore. @ University of Oregon",Arena,FALSE,,,TRUE
Tim McGraw,Tim McGraw Announces 2024 Arena Tour,https://news.pollstar.com/2023/07/28/tim-mcgraw-announces-2024-arena-tour/,2023-07-28,2024-03-30,2024-04-06,ExtraMile Arena,"Boise, Idaho @ Boise State University",Arena,FALSE,,,TRUE
Los Tigres Del Norte,Los Tigres Del Norte Announce ‘Siempre Contigo’ 2024 Tour,https://news.pollstar.com/2023/07/24/los-tigres-del-norte-announce-siempre-contigo-2024-tour/,2023-07-24,2024-02-03,2024-04-27,Michelob Ultra Arena,"Las Vegas, NV",Arena,FALSE,,,TRUE
Los Tigres Del Norte,Los Tigres Del Norte Announce ‘Siempre Contigo’ 2024 Tour,https://news.pollstar.com/2023/07/24/los-tigres-del-norte-announce-siempre-contigo-2024-tour/,2023-07-24,2024-02-03,2024-04-27,Venue TBA,"Chicago, IL",Other,FALSE,,,TRUE
Los Tigres Del Norte,Los Tigres Del Norte Announce ‘Siempre Contigo’ 2024 Tour,https://news.pollstar.com/2023/07/24/los-tigres-del-norte-announce-siempre-contigo-2024-tour/,2023-07-24,2024-02-03,2024-04-27,Allstate Arena,"Rosemont, IL",Arena,FALSE,,,TRUE
Los Tigres Del Norte,Los Tigres Del Norte Announce ‘Siempre Contigo’ 2024 Tour,https://news.pollstar.com/2023/07/24/los-tigres-del-norte-announce-siempre-contigo-2024-tour/,2023-07-24,2024-02-03,2024-04-27,EagleBank Arena,"Fairfax, VA",Arena,FALSE,,,TRUE
Los Tigres Del Norte,Los Tigres Del Norte Announce ‘Siempre Contigo’ 2024 Tour,https://news.pollstar.com/2023/07/24/los-tigres-del-norte-announce-siempre-contigo-2024-tour/,2023-07-24,2024-02-03,2024-04-27,Prudential Center,"Newark, NJ",Arena,FALSE,,,TRUE
Los Tigres Del Norte,Los Tigres Del Norte Announce ‘Siempre Contigo’ 2024 Tour,https://news.pollstar.com/2023/07/24/los-tigres-del-norte-announce-siempre-contigo-2024-tour/,2023-07-24,2024-02-03,2024-04-27,Stockton Arena,"Stockton, CA",Arena,FALSE,,,TRUE
Los Tigres Del Norte,Los Tigres Del Norte Announce ‘Siempre Contigo’ 2024 Tour,https://news.pollstar.com/2023/07/24/los-tigres-del-norte-announce-siempre-contigo-2024-tour/,2023-07-24,2024-02-03,2024-04-27,Venue TBA,"Bakersfield, CA",Other,FALSE,,,TRUE
Los Tigres Del Norte,Los Tigres Del Norte Announce ‘Siempre Contigo’ 2024 Tour,https://news.pollstar.com/2023/07/24/los-tigres-del-norte-announce-siempre-contigo-2024-tour/,2023-07-24,2024-02-03,2024-04-27,Venue TBA,"El Paso, TX",Other,FALSE,,,TRUE
Los Tigres Del Norte,Los Tigres Del Norte Announce ‘Siempre Contigo’ 2024 Tour,https://news.pollstar.com/2023/07/24/los-tigres-del-norte-announce-siempre-contigo-2024-tour/,2023-07-24,2024-02-03,2024-04-27,Venue TBA,"Kent, WA",Other,FALSE,,,TRUE
Los Tigres Del Norte,Los Tigres Del Norte Announce ‘Siempre Contigo’ 2024 Tour,https://news.pollstar.com/2023/07/24/los-tigres-del-norte-announce-siempre-contigo-2024-tour/,2023-07-24,2024-02-03,2024-04-27,Venue TBA,"Kennewick, WA",Other,FALSE,,,TRUE
Los Tigres Del Norte,Los Tigres Del Norte Announce ‘Siempre Contigo’ 2024 Tour,https://news.pollstar.com/2023/07/24/los-tigres-del-norte-announce-siempre-contigo-2024-tour/,2023-07-24,2024-02-03,2024-04-27,Venue TBA,"Salt Lake City, UT",Other,FALSE,,,TRUE
Los Tigres Del Norte,Los Tigres Del Norte Announce ‘Siempre Contigo’ 2024 Tour,https://news.pollstar.com/2023/07/24/los-tigres-del-norte-announce-siempre-contigo-2024-tour/,2023-07-24,2024-02-03,2024-04-27,Venue TBA,"Nampa, ID",Other,FALSE,,,TRUE
Los Tigres Del Norte,Los Tigres Del Norte Announce ‘Siempre Contigo’ 2024 Tour,https://news.pollstar.com/2023/07/24/los-tigres-del-norte-announce-siempre-contigo-2024-tour/,2023-07-24,2024-02-03,2024-04-27,Greensboro Coliseum Complex,"Greensboro, NC",Club,FALSE,,,TRUE
Los Tigres Del Norte,Los Tigres Del Norte Announce ‘Siempre Contigo’ 2024 Tour,https://news.pollstar.com/2023/07/24/los-tigres-del-norte-announce-siempre-contigo-2024-tour/,2023-07-24,2024-02-03,2024-04-27,Gas South Arena,"Duluth, GA",Arena,FALSE,,,TRUE
Los Tigres Del Norte,Los Tigres Del Norte Announce ‘Siempre Contigo’ 2024 Tour,https://news.pollstar.com/2023/07/24/los-tigres-del-norte-announce-siempre-contigo-2024-tour/,2023-07-24,2024-02-03,2024-04-27,Venue TBA,"Thackerville, OK",Other,FALSE,,,TRUE
Los Tigres Del Norte,Los Tigres Del Norte Announce ‘Siempre Contigo’ 2024 Tour,https://news.pollstar.com/2023/07/24/los-tigres-del-norte-announce-siempre-contigo-2024-tour/,2023-07-24,2024-02-03,2024-04-27,Venue TBA,"Greensville, SC",Other,FALSE,,,TRUE
Los Tigres Del Norte,Los Tigres Del Norte Announce ‘Siempre Contigo’ 2024 Tour,https://news.pollstar.com/2023/07/24/los-tigres-del-norte-announce-siempre-contigo-2024-tour/,2023-07-24,2024-02-03,2024-04-27,Venue TBA,"Nashville, TN",Other,FALSE,,,TRUE
Gospel Legends Blind Boys Of Alabama,Gospel Legends Blind Boys Of Alabama Announce Tour,https://news.pollstar.com/2023/07/18/gospel-legends-blind-boys-of-alabama-announce-tour/,2023-07-18,2023-07-19,2024-02-08,Mendocino Music Festival 2023,"Mendocino, CA",Other,FALSE,,,TRUE
Gospel Legends Blind Boys Of Alabama,Gospel Legends Blind Boys Of Alabama Announce Tour,https://news.pollstar.com/2023/07/18/gospel-legends-blind-boys-of-alabama-announce-tour/,2023-07-18,2023-07-19,2024-02-08,CHOMP,"Redmond, CA",Other,FALSE,,,TRUE
Gospel Legends Blind Boys Of Alabama,Gospel Legends Blind Boys Of Alabama Announce Tour,https://news.pollstar.com/2023/07/18/gospel-legends-blind-boys-of-alabama-announce-tour/,2023-07-18,2023-07-19,2024-02-08,Vancouver Wine & Jazz Festival,"Vancouver, WA",Other,FALSE,,,TRUE
Gospel Legends Blind Boys Of Alabama,Gospel Legends Blind Boys Of Alabama Announce Tour,https://news.pollstar.com/2023/07/18/gospel-legends-blind-boys-of-alabama-announce-tour/,2023-07-18,2023-07-19,2024-02-08,Paramount Center for the Arts,"Saint Cloud, MN",Theater,FALSE,,,TRUE
Gospel Legends Blind Boys Of Alabama,Gospel Legends Blind Boys Of Alabama Announce Tour,https://news.pollstar.com/2023/07/18/gospel-legends-blind-boys-of-alabama-announce-tour/,2023-07-18,2023-07-19,2024-02-08,Reif Performing Arts Center,"Grand Rapids, MN",Other,FALSE,,,TRUE
Gospel Legends Blind Boys Of Alabama,Gospel Legends Blind Boys Of Alabama Announce Tour,https://news.pollstar.com/2023/07/18/gospel-legends-blind-boys-of-alabama-announce-tour/,2023-07-18,2023-07-19,2024-02-08,Pablo Center at the Confluence,"Eau Claire, WI",Other,FALSE,,,TRUE
Gospel Legends Blind Boys Of Alabama,Gospel Legends Blind Boys Of Alabama Announce Tour,https://news.pollstar.com/2023/07/18/gospel-legends-blind-boys-of-alabama-announce-tour/,2023-07-18,2023-07-19,2024-02-08,City Winery Philadelphia,"Philadelphia, PA",Other,FALSE,,,TRUE
Gospel Legends Blind Boys Of Alabama,Gospel Legends Blind Boys Of Alabama Announce Tour,https://news.pollstar.com/2023/07/18/gospel-legends-blind-boys-of-alabama-announce-tour/,2023-07-18,2023-07-19,2024-02-08,City Winery Boston,"Boston, MA",Other,FALSE,,,TRUE
Gospel Legends Blind Boys Of Alabama,Gospel Legends Blind Boys Of Alabama Announce Tour,https://news.pollstar.com/2023/07/18/gospel-legends-blind-boys-of-alabama-announce-tour/,2023-07-18,2023-07-19,2024-02-08,City Winery New York,"New York, NY",Other,FALSE,,,TRUE
Gospel Legends Blind Boys Of Alabama,Gospel Legends Blind Boys Of Alabama Announce Tour,https://news.pollstar.com/2023/07/18/gospel-legends-blind-boys-of-alabama-announce-tour/,2023-07-18,2023-07-19,2024-02-08,Edwin J. Thomas Performing Arts Hall,"Akron, OH",Other,FALSE,,,TRUE
Gospel Legends Blind Boys Of Alabama,Gospel Legends Blind Boys Of Alabama Announce Tour,https://news.pollstar.com/2023/07/18/gospel-legends-blind-boys-of-alabama-announce-tour/,2023-07-18,2023-07-19,2024-02-08,Lone Tree Arts Center,"Lone Tree, CO",Other,FALSE,,,TRUE
Gospel Legends Blind Boys Of Alabama,Gospel Legends Blind Boys Of Alabama Announce Tour,https://news.pollstar.com/2023/07/18/gospel-legends-blind-boys-of-alabama-announce-tour/,2023-07-18,2023-07-19,2024-02-08,Sandy Beaches Cruise 2024,"Fort Lauderdale, FL",Other,FALSE,,,TRUE
Gospel Legends Blind Boys Of Alabama,Gospel Legends Blind Boys Of Alabama Announce Tour,https://news.pollstar.com/2023/07/18/gospel-legends-blind-boys-of-alabama-announce-tour/,2023-07-18,2023-07-19,2024-02-08,Fred Kavli Theatre (with Bobby Rush),"Thousand Oaks, CA",Auditorium,FALSE,,,TRUE
Porno For Pyros Set Out On First Tour In 25 Years,Porno For Pyros Set Out On First Tour In 25 Years,https://news.pollstar.com/2023/07/11/porno-for-pyros-set-out-on-first-tour-in-25-years/,2023-07-11,2023-10-08,2023-11-19,Hard Rock Live Sacramento,"Wheatland, CA",Theater,FALSE,,,TRUE
Porno For Pyros Set Out On First Tour In 25 Years,Porno For Pyros Set Out On First Tour In 25 Years,https://news.pollstar.com/2023/07/11/porno-for-pyros-set-out-on-first-tour-in-25-years/,2023-07-11,2023-10-08,2023-11-19,The Masonic,"San Francisco, CA",Theater,LYV,,,TRUE
Porno For Pyros Set Out On First Tour In 25 Years,Porno For Pyros Set Out On First Tour In 25 Years,https://news.pollstar.com/2023/07/11/porno-for-pyros-set-out-on-first-tour-in-25-years/,2023-07-11,2023-10-08,2023-11-19,The Wiltern,"Los Angeles, CA",Theater,LYV,,,TRUE
Porno For Pyros Set Out On First Tour In 25 Years,Porno For Pyros Set Out On First Tour In 25 Years,https://news.pollstar.com/2023/07/11/porno-for-pyros-set-out-on-first-tour-in-25-years/,2023-07-11,2023-10-08,2023-11-19,House of Blues Las Vegas,"Las Vegas, NV",Club,LYV,,,TRUE
Porno For Pyros Set Out On First Tour In 25 Years,Porno For Pyros Set Out On First Tour In 25 Years,https://news.pollstar.com/2023/07/11/porno-for-pyros-set-out-on-first-tour-in-25-years/,2023-07-11,2023-10-08,2023-11-19,The Union,"Salt Lake City, UT",Club,FALSE,,,TRUE
Porno For Pyros Set Out On First Tour In 25 Years,Porno For Pyros Set Out On First Tour In 25 Years,https://news.pollstar.com/2023/07/11/porno-for-pyros-set-out-on-first-tour-in-25-years/,2023-07-11,2023-10-08,2023-11-19,Fillmore Auditorium,"Denver, CO",Theater,LYV,,,TRUE
Porno For Pyros Set Out On First Tour In 25 Years,Porno For Pyros Set Out On First Tour In 25 Years,https://news.pollstar.com/2023/07/11/porno-for-pyros-set-out-on-first-tour-in-25-years/,2023-07-11,2023-10-08,2023-11-19,Steelhouse Omaha,"Omaha, NE",Theater,FALSE,,,TRUE
Porno For Pyros Set Out On First Tour In 25 Years,Porno For Pyros Set Out On First Tour In 25 Years,https://news.pollstar.com/2023/07/11/porno-for-pyros-set-out-on-first-tour-in-25-years/,2023-07-11,2023-10-08,2023-11-19,The Sylvee,"Madison, WI",Club,LYV,,,TRUE
Porno For Pyros Set Out On First Tour In 25 Years,Porno For Pyros Set Out On First Tour In 25 Years,https://news.pollstar.com/2023/07/11/porno-for-pyros-set-out-on-first-tour-in-25-years/,2023-07-11,2023-10-08,2023-11-19,Byline Bank Aragon Ballroom,"Chicago, IL",Club,LYV,,,TRUE
Porno For Pyros Set Out On First Tour In 25 Years,Porno For Pyros Set Out On First Tour In 25 Years,https://news.pollstar.com/2023/07/11/porno-for-pyros-set-out-on-first-tour-in-25-years/,2023-07-11,2023-10-08,2023-11-19,The Fillmore Detroit,"Detroit, MI",Club,LYV,,,TRUE
Porno For Pyros Set Out On First Tour In 25 Years,Porno For Pyros Set Out On First Tour In 25 Years,https://news.pollstar.com/2023/07/11/porno-for-pyros-set-out-on-first-tour-in-25-years/,2023-07-11,2023-10-08,2023-11-19,The Capitol Theatre,"Port Chester, NY",Theater,FALSE,,,TRUE
Porno For Pyros Set Out On First Tour In 25 Years,Porno For Pyros Set Out On First Tour In 25 Years,https://news.pollstar.com/2023/07/11/porno-for-pyros-set-out-on-first-tour-in-25-years/,2023-07-11,2023-10-08,2023-11-19,MGM Music Hall at Fenway,"Boston, MA",Theater,LYV,,,TRUE
Porno For Pyros Set Out On First Tour In 25 Years,Porno For Pyros Set Out On First Tour In 25 Years,https://news.pollstar.com/2023/07/11/porno-for-pyros-set-out-on-first-tour-in-25-years/,2023-07-11,2023-10-08,2023-11-19,Manhattan Center Hammerstein Ballroom,"New York, NY",Club,FALSE,,,TRUE
Porno For Pyros Set Out On First Tour In 25 Years,Porno For Pyros Set Out On First Tour In 25 Years,https://news.pollstar.com/2023/07/11/porno-for-pyros-set-out-on-first-tour-in-25-years/,2023-07-11,2023-10-08,2023-11-19,Parx Casino Racing,"Bensalem, PA",Club,FALSE,,,TRUE
Porno For Pyros Set Out On First Tour In 25 Years,Porno For Pyros Set Out On First Tour In 25 Years,https://news.pollstar.com/2023/07/11/porno-for-pyros-set-out-on-first-tour-in-25-years/,2023-07-11,2023-10-08,2023-11-19,The Fillmore Silver Spring,"Silver Spring, MD",Club,LYV,,,TRUE
Porno For Pyros Set Out On First Tour In 25 Years,Porno For Pyros Set Out On First Tour In 25 Years,https://news.pollstar.com/2023/07/11/porno-for-pyros-set-out-on-first-tour-in-25-years/,2023-07-11,2023-10-08,2023-11-19,The Fillmore Charlotte,"Charlotte, NC",Club,LYV,,,TRUE
Porno For Pyros Set Out On First Tour In 25 Years,Porno For Pyros Set Out On First Tour In 25 Years,https://news.pollstar.com/2023/07/11/porno-for-pyros-set-out-on-first-tour-in-25-years/,2023-07-11,2023-10-08,2023-11-19,Tabernacle,"Atlanta, GA",Theater,LYV,,,TRUE
Porno For Pyros Set Out On First Tour In 25 Years,Porno For Pyros Set Out On First Tour In 25 Years,https://news.pollstar.com/2023/07/11/porno-for-pyros-set-out-on-first-tour-in-25-years/,2023-07-11,2023-10-08,2023-11-19,Ryman Auditorium,"Nashville, TN",Theater,FALSE,,,TRUE
Porno For Pyros Set Out On First Tour In 25 Years,Porno For Pyros Set Out On First Tour In 25 Years,https://news.pollstar.com/2023/07/11/porno-for-pyros-set-out-on-first-tour-in-25-years/,2023-07-11,2023-10-08,2023-11-19,Fillmore New Orleans,"New Orleans, LA",Club,LYV,,,TRUE
Porno For Pyros Set Out On First Tour In 25 Years,Porno For Pyros Set Out On First Tour In 25 Years,https://news.pollstar.com/2023/07/11/porno-for-pyros-set-out-on-first-tour-in-25-years/,2023-07-11,2023-10-08,2023-11-19,House of Blues Dallas,"Dallas, TX",Club,LYV,,,TRUE
Foo Fighters,Foo Fighters Announce UK Tour Dates,https://news.pollstar.com/2023/06/27/foo-fighters-announce-uk-tour-dates/,2023-06-27,2024-06-13,2024-06-27,Emirates Old Trafford,"Manchester, UK",Stadium,FALSE,,,TRUE
Foo Fighters,Foo Fighters Announce UK Tour Dates,https://news.pollstar.com/2023/06/27/foo-fighters-announce-uk-tour-dates/,2023-06-27,2024-06-13,2024-06-27,Hampden Park,"Glasgow, UK",Other,FALSE,,,TRUE
Foo Fighters,Foo Fighters Announce UK Tour Dates,https://news.pollstar.com/2023/06/27/foo-fighters-announce-uk-tour-dates/,2023-06-27,2024-06-13,2024-06-27,London Stadium,"London, UK",Stadium,FALSE,,,TRUE
Foo Fighters,Foo Fighters Announce UK Tour Dates,https://news.pollstar.com/2023/06/27/foo-fighters-announce-uk-tour-dates/,2023-06-27,2024-06-13,2024-06-27,London Stadium,"London, UK",Stadium,FALSE,,,TRUE
Foo Fighters,Foo Fighters Announce UK Tour Dates,https://news.pollstar.com/2023/06/27/foo-fighters-announce-uk-tour-dates/,2023-06-27,2024-06-13,2024-06-27,Principality Stadium,"Cardiff, UK",Stadium,FALSE,,,TRUE
Foo Fighters,Foo Fighters Announce UK Tour Dates,https://news.pollstar.com/2023/06/27/foo-fighters-announce-uk-tour-dates/,2023-06-27,2024-06-13,2024-06-27,Villa Park,"Birmingham, UK",Other,FALSE,,,TRUE
Taylor Swift,"Taylor Swift Adds 9 Dates To ‘Eras Tour,’ Including Another Night At SoFi Stadium",https://news.pollstar.com/2023/06/27/taylor-swift-adds-9-dates-to-eras-tour-including-another-night-at-sofi-stadium/,2023-06-27,2024-05-11,2024-08-15,SoFi Stadium,"Inglewood, California",Stadium,FALSE,,,TRUE
Taylor Swift,"Taylor Swift Adds 9 Dates To ‘Eras Tour,’ Including Another Night At SoFi Stadium",https://news.pollstar.com/2023/06/27/taylor-swift-adds-9-dates-to-eras-tour-including-another-night-at-sofi-stadium/,2023-06-27,2024-05-11,2024-08-15,"Paris, France",Paris La Défense Arena,Other,FALSE,,,TRUE
Taylor Swift,"Taylor Swift Adds 9 Dates To ‘Eras Tour,’ Including Another Night At SoFi Stadium",https://news.pollstar.com/2023/06/27/taylor-swift-adds-9-dates-to-eras-tour-including-another-night-at-sofi-stadium/,2023-06-27,2024-05-11,2024-08-15,"Stockholm, Sweden",Friends Arena,Other,FALSE,,,TRUE
Taylor Swift,"Taylor Swift Adds 9 Dates To ‘Eras Tour,’ Including Another Night At SoFi Stadium",https://news.pollstar.com/2023/06/27/taylor-swift-adds-9-dates-to-eras-tour-including-another-night-at-sofi-stadium/,2023-06-27,2024-05-11,2024-08-15,"Hamburg, Germany",Volkssparkstadion,Other,FALSE,,,TRUE
Taylor Swift,"Taylor Swift Adds 9 Dates To ‘Eras Tour,’ Including Another Night At SoFi Stadium",https://news.pollstar.com/2023/06/27/taylor-swift-adds-9-dates-to-eras-tour-including-another-night-at-sofi-stadium/,2023-06-27,2024-05-11,2024-08-15,"Munich, Germany",Olympiastadion,Other,FALSE,,,TRUE
Taylor Swift,"Taylor Swift Adds 9 Dates To ‘Eras Tour,’ Including Another Night At SoFi Stadium",https://news.pollstar.com/2023/06/27/taylor-swift-adds-9-dates-to-eras-tour-including-another-night-at-sofi-stadium/,2023-06-27,2024-05-11,2024-08-15,"Warsaw, Poland",PGE Narodowy,Club,FALSE,,,TRUE
Taylor Swift,"Taylor Swift Adds 9 Dates To ‘Eras Tour,’ Including Another Night At SoFi Stadium",https://news.pollstar.com/2023/06/27/taylor-swift-adds-9-dates-to-eras-tour-including-another-night-at-sofi-stadium/,2023-06-27,2024-05-11,2024-08-15,"Vienna, Austria",Ernst-Happel-Stadion,Other,FALSE,,,TRUE
Taylor Swift,"Taylor Swift Adds 9 Dates To ‘Eras Tour,’ Including Another Night At SoFi Stadium",https://news.pollstar.com/2023/06/27/taylor-swift-adds-9-dates-to-eras-tour-including-another-night-at-sofi-stadium/,2023-06-27,2024-05-11,2024-08-15,"London, United Kingdom",Wembley Stadium,Other,FALSE,,,TRUE
The Hails,The Hails Unveil September Headline Tour Dates,https://news.pollstar.com/2023/06/15/the-hails-unveil-september-headline-tour-dates/,2023-06-15,2023-09-14,2023-09-30,DC9,"Washington, DC",Club,FALSE,,,TRUE
The Hails,The Hails Unveil September Headline Tour Dates,https://news.pollstar.com/2023/06/15/the-hails-unveil-september-headline-tour-dates/,2023-06-15,2023-09-14,2023-09-30,Kung Fu Necktie,"Philadelphia, PA",Club,FALSE,,,TRUE
The Hails,The Hails Unveil September Headline Tour Dates,https://news.pollstar.com/2023/06/15/the-hails-unveil-september-headline-tour-dates/,2023-06-15,2023-09-14,2023-09-30,Mercury Lounge,"New York, NY",Other,FALSE,,,TRUE
The Hails,The Hails Unveil September Headline Tour Dates,https://news.pollstar.com/2023/06/15/the-hails-unveil-september-headline-tour-dates/,2023-06-15,2023-09-14,2023-09-30,Middle East (Upstairs),"Boston, MA",Other,FALSE,,,TRUE
The Hails,The Hails Unveil September Headline Tour Dates,https://news.pollstar.com/2023/06/15/the-hails-unveil-september-headline-tour-dates/,2023-06-15,2023-09-14,2023-09-30,Foundry,"Cleveland, OH",Club,FALSE,,,TRUE
The Hails,The Hails Unveil September Headline Tour Dates,https://news.pollstar.com/2023/06/15/the-hails-unveil-september-headline-tour-dates/,2023-06-15,2023-09-14,2023-09-30,Beat Kitchen,"Chicago, IL",Club,FALSE,,,TRUE
The Hails,The Hails Unveil September Headline Tour Dates,https://news.pollstar.com/2023/06/15/the-hails-unveil-september-headline-tour-dates/,2023-06-15,2023-09-14,2023-09-30,The End,"Nashville, TN",Amphitheater,LYV,,,TRUE
The Hails,The Hails Unveil September Headline Tour Dates,https://news.pollstar.com/2023/06/15/the-hails-unveil-september-headline-tour-dates/,2023-06-15,2023-09-14,2023-09-30,"Atlanta, GA#",The Vinyl,Other,FALSE,,,TRUE
The Hails,The Hails Unveil September Headline Tour Dates,https://news.pollstar.com/2023/06/15/the-hails-unveil-september-headline-tour-dates/,2023-06-15,2023-09-14,2023-09-30,"Orlando, FL#",Will’s Pub,Other,FALSE,,,TRUE
The Hails,The Hails Unveil September Headline Tour Dates,https://news.pollstar.com/2023/06/15/the-hails-unveil-september-headline-tour-dates/,2023-06-15,2023-09-14,2023-09-30,"Gainesville, FL#",High Dive,Other,FALSE,,,TRUE
The Hails,The Hails Unveil September Headline Tour Dates,https://news.pollstar.com/2023/06/15/the-hails-unveil-september-headline-tour-dates/,2023-06-15,2023-09-14,2023-09-30,"Tampa, FL#",Crowbar,Other,FALSE,,,TRUE
The Hails,The Hails Unveil September Headline Tour Dates,https://news.pollstar.com/2023/06/15/the-hails-unveil-september-headline-tour-dates/,2023-06-15,2023-09-14,2023-09-30,"Miami, FL#",The Ground,Other,FALSE,,,TRUE
‘Day Of The deadmau5’ Returns In Fall,‘Day Of The deadmau5’ Returns In Fall,https://news.pollstar.com/2023/06/13/day-of-the-deadmau5-returns-in-fall/,2023-06-13,2023-10-21,2023-11-04,The Midway Block Party,"San Francisco, CA",Other,FALSE,,,TRUE
‘Day Of The deadmau5’ Returns In Fall,‘Day Of The deadmau5’ Returns In Fall,https://news.pollstar.com/2023/06/13/day-of-the-deadmau5-returns-in-fall/,2023-06-13,2023-10-21,2023-11-04,Radius,"Chicago, IL",Club,FALSE,,,TRUE
‘Day Of The deadmau5’ Returns In Fall,‘Day Of The deadmau5’ Returns In Fall,https://news.pollstar.com/2023/06/13/day-of-the-deadmau5-returns-in-fall/,2023-06-13,2023-10-21,2023-11-04,Radius,"Chicago, IL",Club,FALSE,,,TRUE
‘Day Of The deadmau5’ Returns In Fall,‘Day Of The deadmau5’ Returns In Fall,https://news.pollstar.com/2023/06/13/day-of-the-deadmau5-returns-in-fall/,2023-06-13,2023-10-21,2023-11-04,Pepsi Center,"Mexico City, MX",Arena,FALSE,,,TRUE
‘Day Of The deadmau5’ Returns In Fall,‘Day Of The deadmau5’ Returns In Fall,https://news.pollstar.com/2023/06/13/day-of-the-deadmau5-returns-in-fall/,2023-06-13,2023-10-21,2023-11-04,Red Rocks,"Morrison, CO",Amphitheater,FALSE,,,TRUE
‘Day Of The deadmau5’ Returns In Fall,‘Day Of The deadmau5’ Returns In Fall,https://news.pollstar.com/2023/06/13/day-of-the-deadmau5-returns-in-fall/,2023-06-13,2023-10-21,2023-11-04,Red Rocks,"Morrison, CO",Amphitheater,FALSE,,,TRUE
Coldplay,Coldplay Add Six New Asian Dates For 2024,https://news.pollstar.com/2023/06/12/coldplay-add-six-new-asian-dates-for-2024/,2023-06-12,2023-01-19,2023-02-03,Manila,Philippine Arena,Other,FALSE,,,TRUE
Coldplay,Coldplay Add Six New Asian Dates For 2024,https://news.pollstar.com/2023/06/12/coldplay-add-six-new-asian-dates-for-2024/,2023-06-12,2023-01-19,2023-02-03,Singapore,Singapore National Stadium,Stadium,FALSE,,,TRUE
Coldplay,Coldplay Add Six New Asian Dates For 2024,https://news.pollstar.com/2023/06/12/coldplay-add-six-new-asian-dates-for-2024/,2023-06-12,2023-01-19,2023-02-03,Singapore,Singapore National Stadium,Stadium,FALSE,,,TRUE
Coldplay,Coldplay Add Six New Asian Dates For 2024,https://news.pollstar.com/2023/06/12/coldplay-add-six-new-asian-dates-for-2024/,2023-06-12,2023-01-19,2023-02-03,Singapore,Singapore National Stadium,Stadium,FALSE,,,TRUE
Coldplay,Coldplay Add Six New Asian Dates For 2024,https://news.pollstar.com/2023/06/12/coldplay-add-six-new-asian-dates-for-2024/,2023-06-12,2023-01-19,2023-02-03,Singapore,Singapore National Stadium,Stadium,FALSE,,,TRUE
Coldplay,Coldplay Add Six New Asian Dates For 2024,https://news.pollstar.com/2023/06/12/coldplay-add-six-new-asian-dates-for-2024/,2023-06-12,2023-01-19,2023-02-03,Bangkok,Rajamangala National Stadium,Other,FALSE,,,TRUE
Matt Rife To Embark On Massive Comedy Tour Across North America,"Matt Rife To Embark On Massive Comedy Tour Across North America, Australia, Europe",https://news.pollstar.com/2023/06/06/matt-rife-to-embark-on-massive-comedy-tour-across-north-america-australia-europe/,2023-06-06,2023-07-20,2024-10-20,Hayden Homes Amphitheater - SOLD OUT,"Bend, OR",Amphitheater,LYV,,,TRUE
Matt Rife To Embark On Massive Comedy Tour Across North America,"Matt Rife To Embark On Massive Comedy Tour Across North America, Australia, Europe",https://news.pollstar.com/2023/06/06/matt-rife-to-embark-on-massive-comedy-tour-across-north-america-australia-europe/,2023-06-06,2023-07-20,2024-10-20,Historic Elsinore Theatre - SOLD OUT,"Salem, OR",Other,FALSE,,,TRUE
Matt Rife To Embark On Massive Comedy Tour Across North America,"Matt Rife To Embark On Massive Comedy Tour Across North America, Australia, Europe",https://news.pollstar.com/2023/06/06/matt-rife-to-embark-on-massive-comedy-tour-across-north-america-australia-europe/,2023-06-06,2023-07-20,2024-10-20,Pantages Theatre - SOLD OUT,"Tacoma, WA",Theater,FALSE,,,TRUE
Matt Rife To Embark On Massive Comedy Tour Across North America,"Matt Rife To Embark On Massive Comedy Tour Across North America, Australia, Europe",https://news.pollstar.com/2023/06/06/matt-rife-to-embark-on-massive-comedy-tour-across-north-america-australia-europe/,2023-06-06,2023-07-20,2024-10-20,Martin Woldson Theater at The Fox,"Spokane, WA",Theater,FALSE,,,TRUE
Matt Rife To Embark On Massive Comedy Tour Across North America,"Matt Rife To Embark On Massive Comedy Tour Across North America, Australia, Europe",https://news.pollstar.com/2023/06/06/matt-rife-to-embark-on-massive-comedy-tour-across-north-america-australia-europe/,2023-06-06,2023-07-20,2024-10-20,Chrysler Hall Theatre,"Norfolk, VA",Auditorium,FALSE,,,TRUE
Matt Rife To Embark On Massive Comedy Tour Across North America,"Matt Rife To Embark On Massive Comedy Tour Across North America, Australia, Europe",https://news.pollstar.com/2023/06/06/matt-rife-to-embark-on-massive-comedy-tour-across-north-america-australia-europe/,2023-06-06,2023-07-20,2024-10-20,del Lago Resort & Casino - SOLD OUT,"Waterloo, NY",Other,FALSE,,,TRUE
Matt Rife To Embark On Massive Comedy Tour Across North America,"Matt Rife To Embark On Massive Comedy Tour Across North America, Australia, Europe",https://news.pollstar.com/2023/06/06/matt-rife-to-embark-on-massive-comedy-tour-across-north-america-australia-europe/,2023-06-06,2023-07-20,2024-10-20,del Lago Resort & Casino - SOLD OUT *”,"Waterloo, NY",Other,FALSE,,,TRUE
Matt Rife To Embark On Massive Comedy Tour Across North America,"Matt Rife To Embark On Massive Comedy Tour Across North America, Australia, Europe",https://news.pollstar.com/2023/06/06/matt-rife-to-embark-on-massive-comedy-tour-across-north-america-australia-europe/,2023-06-06,2023-07-20,2024-10-20,del Lago Resort & Casino - SOLD OUT,"Waterloo, NY",Other,FALSE,,,TRUE
Matt Rife To Embark On Massive Comedy Tour Across North America,"Matt Rife To Embark On Massive Comedy Tour Across North America, Australia, Europe",https://news.pollstar.com/2023/06/06/matt-rife-to-embark-on-massive-comedy-tour-across-north-america-australia-europe/,2023-06-06,2023-07-20,2024-10-20,Fallsview Casino Resort -SOLD OUT,"Niagara, ON",Other,FALSE,,,TRUE
Matt Rife To Embark On Massive Comedy Tour Across North America,"Matt Rife To Embark On Massive Comedy Tour Across North America, Australia, Europe",https://news.pollstar.com/2023/06/06/matt-rife-to-embark-on-massive-comedy-tour-across-north-america-australia-europe/,2023-06-06,2023-07-20,2024-10-20,Fallsview Casino Resort - SOLD OUT,"Niagara, ON",Other,FALSE,,,TRUE
Matt Rife To Embark On Massive Comedy Tour Across North America,"Matt Rife To Embark On Massive Comedy Tour Across North America, Australia, Europe",https://news.pollstar.com/2023/06/06/matt-rife-to-embark-on-massive-comedy-tour-across-north-america-australia-europe/,2023-06-06,2023-07-20,2024-10-20,Ocean Casino Resort - SOLD OUT,"Atlantic City, NJ",Other,FALSE,,,TRUE
Matt Rife To Embark On Massive Comedy Tour Across North America,"Matt Rife To Embark On Massive Comedy Tour Across North America, Australia, Europe",https://news.pollstar.com/2023/06/06/matt-rife-to-embark-on-massive-comedy-tour-across-north-america-australia-europe/,2023-06-06,2023-07-20,2024-10-20,Ocean Casino Resort - SOLD OUT,"Atlantic City, NJ",Other,FALSE,,,TRUE
Matt Rife To Embark On Massive Comedy Tour Across North America,"Matt Rife To Embark On Massive Comedy Tour Across North America, Australia, Europe",https://news.pollstar.com/2023/06/06/matt-rife-to-embark-on-massive-comedy-tour-across-north-america-australia-europe/,2023-06-06,2023-07-20,2024-10-20,Ocean Casino Resort - SOLD OUT,"Atlantic City, NJ",Other,FALSE,,,TRUE
Matt Rife To Embark On Massive Comedy Tour Across North America,"Matt Rife To Embark On Massive Comedy Tour Across North America, Australia, Europe",https://news.pollstar.com/2023/06/06/matt-rife-to-embark-on-massive-comedy-tour-across-north-america-australia-europe/,2023-06-06,2023-07-20,2024-10-20,Fantasy Springs Resort Casino,"Indio, CA",Club,FALSE,,,TRUE
Matt Rife To Embark On Massive Comedy Tour Across North America,"Matt Rife To Embark On Massive Comedy Tour Across North America, Australia, Europe",https://news.pollstar.com/2023/06/06/matt-rife-to-embark-on-massive-comedy-tour-across-north-america-australia-europe/,2023-06-06,2023-07-20,2024-10-20,Fantasy Springs Resort Casino - SOLD OUT,"Indio, CA",Other,FALSE,,,TRUE
Matt Rife To Embark On Massive Comedy Tour Across North America,"Matt Rife To Embark On Massive Comedy Tour Across North America, Australia, Europe",https://news.pollstar.com/2023/06/06/matt-rife-to-embark-on-massive-comedy-tour-across-north-america-australia-europe/,2023-06-06,2023-07-20,2024-10-20,The Chelsea at The Cosmopolitan of Las Vegas,"Las Vegas, NV",Theater,FALSE,,,TRUE
Matt Rife To Embark On Massive Comedy Tour Across North America,"Matt Rife To Embark On Massive Comedy Tour Across North America, Australia, Europe",https://news.pollstar.com/2023/06/06/matt-rife-to-embark-on-massive-comedy-tour-across-north-america-australia-europe/,2023-06-06,2023-07-20,2024-10-20,The Chelsea at The Cosmopolitan of Las Vegas,"Las Vegas, NV",Theater,FALSE,,,TRUE
Matt Rife To Embark On Massive Comedy Tour Across North America,"Matt Rife To Embark On Massive Comedy Tour Across North America, Australia, Europe",https://news.pollstar.com/2023/06/06/matt-rife-to-embark-on-massive-comedy-tour-across-north-america-australia-europe/,2023-06-06,2023-07-20,2024-10-20,DAR Constitution Hall - LIVE TAPING,"Washington, DC",Other,FALSE,,,TRUE
Matt Rife To Embark On Massive Comedy Tour Across North America,"Matt Rife To Embark On Massive Comedy Tour Across North America, Australia, Europe",https://news.pollstar.com/2023/06/06/matt-rife-to-embark-on-massive-comedy-tour-across-north-america-australia-europe/,2023-06-06,2023-07-20,2024-10-20,DAR Constitution Hall - LIVE TAPING,"Washington, DC",Other,FALSE,,,TRUE
Matt Rife To Embark On Massive Comedy Tour Across North America,"Matt Rife To Embark On Massive Comedy Tour Across North America, Australia, Europe",https://news.pollstar.com/2023/06/06/matt-rife-to-embark-on-massive-comedy-tour-across-north-america-australia-europe/,2023-06-06,2023-07-20,2024-10-20,William Saroyan Theatre,"Fresno, CA",Theater,FALSE,,,TRUE
Matt Rife To Embark On Massive Comedy Tour Across North America,"Matt Rife To Embark On Massive Comedy Tour Across North America, Australia, Europe",https://news.pollstar.com/2023/06/06/matt-rife-to-embark-on-massive-comedy-tour-across-north-america-australia-europe/,2023-06-06,2023-07-20,2024-10-20,San Diego Civic Theatre,"San Diego, CA",Theater,FALSE,,,TRUE
Matt Rife To Embark On Massive Comedy Tour Across North America,"Matt Rife To Embark On Massive Comedy Tour Across North America, Australia, Europe",https://news.pollstar.com/2023/06/06/matt-rife-to-embark-on-massive-comedy-tour-across-north-america-australia-europe/,2023-06-06,2023-07-20,2024-10-20,Fox Performing Arts Center,"Riverside, CA",Other,FALSE,,,TRUE
Matt Rife To Embark On Massive Comedy Tour Across North America,"Matt Rife To Embark On Massive Comedy Tour Across North America, Australia, Europe",https://news.pollstar.com/2023/06/06/matt-rife-to-embark-on-massive-comedy-tour-across-north-america-australia-europe/,2023-06-06,2023-07-20,2024-10-20,Dr. Phillips Center for the Performing Arts,"Orlando, FL",Theater,FALSE,,,TRUE
Matt Rife To Embark On Massive Comedy Tour Across North America,"Matt Rife To Embark On Massive Comedy Tour Across North America, Australia, Europe",https://news.pollstar.com/2023/06/06/matt-rife-to-embark-on-massive-comedy-tour-across-north-america-australia-europe/,2023-06-06,2023-07-20,2024-10-20,Duke Energy Center for the Arts - Mahaffey Theater,"St. Petersburg, FL",Theater,FALSE,,,TRUE
Matt Rife To Embark On Massive Comedy Tour Across North America,"Matt Rife To Embark On Massive Comedy Tour Across North America, Australia, Europe",https://news.pollstar.com/2023/06/06/matt-rife-to-embark-on-massive-comedy-tour-across-north-america-australia-europe/,2023-06-06,2023-07-20,2024-10-20,Hard Rock Live,"Hollywood, FL",Theater,FALSE,,,TRUE
Matt Rife To Embark On Massive Comedy Tour Across North America,"Matt Rife To Embark On Massive Comedy Tour Across North America, Australia, Europe",https://news.pollstar.com/2023/06/06/matt-rife-to-embark-on-massive-comedy-tour-across-north-america-australia-europe/,2023-06-06,2023-07-20,2024-10-20,Moran Theater,"Jacksonville, FL",Theater,FALSE,,,TRUE
Matt Rife To Embark On Massive Comedy Tour Across North America,"Matt Rife To Embark On Massive Comedy Tour Across North America, Australia, Europe",https://news.pollstar.com/2023/06/06/matt-rife-to-embark-on-massive-comedy-tour-across-north-america-australia-europe/,2023-06-06,2023-07-20,2024-10-20,Saenger Theatre,"Pensacola, FL",Theater,FALSE,,,TRUE
Matt Rife To Embark On Massive Comedy Tour Across North America,"Matt Rife To Embark On Massive Comedy Tour Across North America, Australia, Europe",https://news.pollstar.com/2023/06/06/matt-rife-to-embark-on-massive-comedy-tour-across-north-america-australia-europe/,2023-06-06,2023-07-20,2024-10-20,Palace Theatre,"Columbus, OH",Theater,FALSE,,,TRUE
Matt Rife To Embark On Massive Comedy Tour Across North America,"Matt Rife To Embark On Massive Comedy Tour Across North America, Australia, Europe",https://news.pollstar.com/2023/06/06/matt-rife-to-embark-on-massive-comedy-tour-across-north-america-australia-europe/,2023-06-06,2023-07-20,2024-10-20,The Andrew J Brady Music Center,"Cincinnati, OH",Amphitheater,LYV,,,TRUE
Matt Rife To Embark On Massive Comedy Tour Across North America,"Matt Rife To Embark On Massive Comedy Tour Across North America, Australia, Europe",https://news.pollstar.com/2023/06/06/matt-rife-to-embark-on-massive-comedy-tour-across-north-america-australia-europe/,2023-06-06,2023-07-20,2024-10-20,Akron Civic Theater,"Akron, OH",Theater,FALSE,,,TRUE
Matt Rife To Embark On Massive Comedy Tour Across North America,"Matt Rife To Embark On Massive Comedy Tour Across North America, Australia, Europe",https://news.pollstar.com/2023/06/06/matt-rife-to-embark-on-massive-comedy-tour-across-north-america-australia-europe/,2023-06-06,2023-07-20,2024-10-20,Murat Theatre at Old National Centre,"Indianapolis, IN",Theater,FALSE,,,TRUE
Matt Rife To Embark On Massive Comedy Tour Across North America,"Matt Rife To Embark On Massive Comedy Tour Across North America, Australia, Europe",https://news.pollstar.com/2023/06/06/matt-rife-to-embark-on-massive-comedy-tour-across-north-america-australia-europe/,2023-06-06,2023-07-20,2024-10-20,Stifel Theatre,"St. Louis, MO",Theater,FALSE,,,TRUE
Matt Rife To Embark On Massive Comedy Tour Across North America,"Matt Rife To Embark On Massive Comedy Tour Across North America, Australia, Europe",https://news.pollstar.com/2023/06/06/matt-rife-to-embark-on-massive-comedy-tour-across-north-america-australia-europe/,2023-06-06,2023-07-20,2024-10-20,Century II Concert Hall,"Wichita, KS",Other,FALSE,,,TRUE
Matt Rife To Embark On Massive Comedy Tour Across North America,"Matt Rife To Embark On Massive Comedy Tour Across North America, Australia, Europe",https://news.pollstar.com/2023/06/06/matt-rife-to-embark-on-massive-comedy-tour-across-north-america-australia-europe/,2023-06-06,2023-07-20,2024-10-20,Kansas City Music Hall,"Kansas City, MO",Theater,FALSE,,,TRUE
Matt Rife To Embark On Massive Comedy Tour Across North America,"Matt Rife To Embark On Massive Comedy Tour Across North America, Australia, Europe",https://news.pollstar.com/2023/06/06/matt-rife-to-embark-on-massive-comedy-tour-across-north-america-australia-europe/,2023-06-06,2023-07-20,2024-10-20,Durham Performing Arts Center,"Durham, NC",Other,FALSE,,,TRUE
Matt Rife To Embark On Massive Comedy Tour Across North America,"Matt Rife To Embark On Massive Comedy Tour Across North America, Australia, Europe",https://news.pollstar.com/2023/06/06/matt-rife-to-embark-on-massive-comedy-tour-across-north-america-australia-europe/,2023-06-06,2023-07-20,2024-10-20,Johnny Mercer Theatre,"Savannah, GA",Theater,FALSE,,,TRUE
Matt Rife To Embark On Massive Comedy Tour Across North America,"Matt Rife To Embark On Massive Comedy Tour Across North America, Australia, Europe",https://news.pollstar.com/2023/06/06/matt-rife-to-embark-on-massive-comedy-tour-across-north-america-australia-europe/,2023-06-06,2023-07-20,2024-10-20,BJCC Concert Hall,"Birmingham, AL",Theater,FALSE,,,TRUE
Matt Rife To Embark On Massive Comedy Tour Across North America,"Matt Rife To Embark On Massive Comedy Tour Across North America, Australia, Europe",https://news.pollstar.com/2023/06/06/matt-rife-to-embark-on-massive-comedy-tour-across-north-america-australia-europe/,2023-06-06,2023-07-20,2024-10-20,Stephens Auditorium,"Ames, IA",Theater,FALSE,,,TRUE
Matt Rife To Embark On Massive Comedy Tour Across North America,"Matt Rife To Embark On Massive Comedy Tour Across North America, Australia, Europe",https://news.pollstar.com/2023/06/06/matt-rife-to-embark-on-massive-comedy-tour-across-north-america-australia-europe/,2023-06-06,2023-07-20,2024-10-20,Paramount Theatre,"Cedar Rapids, IA",Theater,FALSE,,,TRUE
Matt Rife To Embark On Massive Comedy Tour Across North America,"Matt Rife To Embark On Massive Comedy Tour Across North America, Australia, Europe",https://news.pollstar.com/2023/06/06/matt-rife-to-embark-on-massive-comedy-tour-across-north-america-australia-europe/,2023-06-06,2023-07-20,2024-10-20,Steelhouse Omaha,"Omaha, NE",Theater,FALSE,,,TRUE
Matt Rife To Embark On Massive Comedy Tour Across North America,"Matt Rife To Embark On Massive Comedy Tour Across North America, Australia, Europe",https://news.pollstar.com/2023/06/06/matt-rife-to-embark-on-massive-comedy-tour-across-north-america-australia-europe/,2023-06-06,2023-07-20,2024-10-20,Will Rogers Auditorium,"Fort Worth, TX",Theater,FALSE,,,TRUE
Matt Rife To Embark On Massive Comedy Tour Across North America,"Matt Rife To Embark On Massive Comedy Tour Across North America, Australia, Europe",https://news.pollstar.com/2023/06/06/matt-rife-to-embark-on-massive-comedy-tour-across-north-america-australia-europe/,2023-06-06,2023-07-20,2024-10-20,The Pavilion at Toyota Music Factory,"Irving, TX",Amphitheater,LYV,,,TRUE
Matt Rife To Embark On Massive Comedy Tour Across North America,"Matt Rife To Embark On Massive Comedy Tour Across North America, Australia, Europe",https://news.pollstar.com/2023/06/06/matt-rife-to-embark-on-massive-comedy-tour-across-north-america-australia-europe/,2023-06-06,2023-07-20,2024-10-20,Smart Financial Centre at Sugar Land,"Sugar Land, TX",Theater,FALSE,,,TRUE
Matt Rife To Embark On Massive Comedy Tour Across North America,"Matt Rife To Embark On Massive Comedy Tour Across North America, Australia, Europe",https://news.pollstar.com/2023/06/06/matt-rife-to-embark-on-massive-comedy-tour-across-north-america-australia-europe/,2023-06-06,2023-07-20,2024-10-20,ACL Live at The Moody Theater - SOLD OUT,"Austin, TX",Other,FALSE,,,TRUE
Matt Rife To Embark On Massive Comedy Tour Across North America,"Matt Rife To Embark On Massive Comedy Tour Across North America, Australia, Europe",https://news.pollstar.com/2023/06/06/matt-rife-to-embark-on-massive-comedy-tour-across-north-america-australia-europe/,2023-06-06,2023-07-20,2024-10-20,Majestic Theatre,"San Antonio, TX",Theater,FALSE,,,TRUE
Matt Rife To Embark On Massive Comedy Tour Across North America,"Matt Rife To Embark On Massive Comedy Tour Across North America, Australia, Europe",https://news.pollstar.com/2023/06/06/matt-rife-to-embark-on-massive-comedy-tour-across-north-america-australia-europe/,2023-06-06,2023-07-20,2024-10-20,Dolby Theatre,"Los Angeles, CA",Theater,FALSE,,,TRUE
Matt Rife To Embark On Massive Comedy Tour Across North America,"Matt Rife To Embark On Massive Comedy Tour Across North America, Australia, Europe",https://news.pollstar.com/2023/06/06/matt-rife-to-embark-on-massive-comedy-tour-across-north-america-australia-europe/,2023-06-06,2023-07-20,2024-10-20,Luther Burbank Center for the Arts,"Santa Rosa, CA",Other,FALSE,,,TRUE
Matt Rife To Embark On Massive Comedy Tour Across North America,"Matt Rife To Embark On Massive Comedy Tour Across North America, Australia, Europe",https://news.pollstar.com/2023/06/06/matt-rife-to-embark-on-massive-comedy-tour-across-north-america-australia-europe/,2023-06-06,2023-07-20,2024-10-20,San Jose Civic,"San Jose, CA",Theater,FALSE,,,TRUE
Matt Rife To Embark On Massive Comedy Tour Across North America,"Matt Rife To Embark On Massive Comedy Tour Across North America, Australia, Europe",https://news.pollstar.com/2023/06/06/matt-rife-to-embark-on-massive-comedy-tour-across-north-america-australia-europe/,2023-06-06,2023-07-20,2024-10-20,Hard Rock Live,"Wheatland, CA",Theater,FALSE,,,TRUE
Matt Rife To Embark On Massive Comedy Tour Across North America,"Matt Rife To Embark On Massive Comedy Tour Across North America, Australia, Europe",https://news.pollstar.com/2023/06/06/matt-rife-to-embark-on-massive-comedy-tour-across-north-america-australia-europe/,2023-06-06,2023-07-20,2024-10-20,Sacramento Memorial Auditorium,"Sacramento, CA",Theater,FALSE,,,TRUE
Matt Rife To Embark On Massive Comedy Tour Across North America,"Matt Rife To Embark On Massive Comedy Tour Across North America, Australia, Europe",https://news.pollstar.com/2023/06/06/matt-rife-to-embark-on-massive-comedy-tour-across-north-america-australia-europe/,2023-06-06,2023-07-20,2024-10-20,North Charleston Performing Arts Center,"Charleston, SC",Theater,FALSE,,,TRUE
Matt Rife To Embark On Massive Comedy Tour Across North America,"Matt Rife To Embark On Massive Comedy Tour Across North America, Australia, Europe",https://news.pollstar.com/2023/06/06/matt-rife-to-embark-on-massive-comedy-tour-across-north-america-australia-europe/,2023-06-06,2023-07-20,2024-10-20,Township Auditorium,"Columbia, SC",Theater,FALSE,,,TRUE
Matt Rife To Embark On Massive Comedy Tour Across North America,"Matt Rife To Embark On Massive Comedy Tour Across North America, Australia, Europe",https://news.pollstar.com/2023/06/06/matt-rife-to-embark-on-massive-comedy-tour-across-north-america-australia-europe/,2023-06-06,2023-07-20,2024-10-20,Columbia County Performing Arts Center,"Evans, GA",Other,FALSE,,,TRUE
Matt Rife To Embark On Massive Comedy Tour Across North America,"Matt Rife To Embark On Massive Comedy Tour Across North America, Australia, Europe",https://news.pollstar.com/2023/06/06/matt-rife-to-embark-on-massive-comedy-tour-across-north-america-australia-europe/,2023-06-06,2023-07-20,2024-10-20,Ovens Auditorium,"Charlotte, NC",Theater,FALSE,,,TRUE
Matt Rife To Embark On Massive Comedy Tour Across North America,"Matt Rife To Embark On Massive Comedy Tour Across North America, Australia, Europe",https://news.pollstar.com/2023/06/06/matt-rife-to-embark-on-massive-comedy-tour-across-north-america-australia-europe/,2023-06-06,2023-07-20,2024-10-20,The Louisville Palace,"Louisville, KY",Theater,FALSE,,,TRUE
Matt Rife To Embark On Massive Comedy Tour Across North America,"Matt Rife To Embark On Massive Comedy Tour Across North America, Australia, Europe",https://news.pollstar.com/2023/06/06/matt-rife-to-embark-on-massive-comedy-tour-across-north-america-australia-europe/,2023-06-06,2023-07-20,2024-10-20,Perth Concert Hall,"Perth, WA",Other,FALSE,,,TRUE
Matt Rife To Embark On Massive Comedy Tour Across North America,"Matt Rife To Embark On Massive Comedy Tour Across North America, Australia, Europe",https://news.pollstar.com/2023/06/06/matt-rife-to-embark-on-massive-comedy-tour-across-north-america-australia-europe/,2023-06-06,2023-07-20,2024-10-20,Fortitude Music Hall,"Brisbane, QLD",Theater,FALSE,,,TRUE
Matt Rife To Embark On Massive Comedy Tour Across North America,"Matt Rife To Embark On Massive Comedy Tour Across North America, Australia, Europe",https://news.pollstar.com/2023/06/06/matt-rife-to-embark-on-massive-comedy-tour-across-north-america-australia-europe/,2023-06-06,2023-07-20,2024-10-20,State Theatre,"Sydney, NSW",Theater,FALSE,,,TRUE
Matt Rife To Embark On Massive Comedy Tour Across North America,"Matt Rife To Embark On Massive Comedy Tour Across North America, Australia, Europe",https://news.pollstar.com/2023/06/06/matt-rife-to-embark-on-massive-comedy-tour-across-north-america-australia-europe/,2023-06-06,2023-07-20,2024-10-20,Hamer Hall,"Melbourne, VIC",Other,FALSE,,,TRUE
Matt Rife To Embark On Massive Comedy Tour Across North America,"Matt Rife To Embark On Massive Comedy Tour Across North America, Australia, Europe",https://news.pollstar.com/2023/06/06/matt-rife-to-embark-on-massive-comedy-tour-across-north-america-australia-europe/,2023-06-06,2023-07-20,2024-10-20,Proctors Theatre,"Schenectady, NY",Theater,FALSE,,,TRUE
Matt Rife To Embark On Massive Comedy Tour Across North America,"Matt Rife To Embark On Massive Comedy Tour Across North America, Australia, Europe",https://news.pollstar.com/2023/06/06/matt-rife-to-embark-on-massive-comedy-tour-across-north-america-australia-europe/,2023-06-06,2023-07-20,2024-10-20,Radio City Music Hall,"New York, NY",Theater,FALSE,,,TRUE
Matt Rife To Embark On Massive Comedy Tour Across North America,"Matt Rife To Embark On Massive Comedy Tour Across North America, Australia, Europe",https://news.pollstar.com/2023/06/06/matt-rife-to-embark-on-massive-comedy-tour-across-north-america-australia-europe/,2023-06-06,2023-07-20,2024-10-20,The Riverside Theater,"Milwaukee, WI",Theater,FALSE,,,TRUE
Matt Rife To Embark On Massive Comedy Tour Across North America,"Matt Rife To Embark On Massive Comedy Tour Across North America, Australia, Europe",https://news.pollstar.com/2023/06/06/matt-rife-to-embark-on-massive-comedy-tour-across-north-america-australia-europe/,2023-06-06,2023-07-20,2024-10-20,Devos Hall,"Grand Rapids, MI",Other,FALSE,,,TRUE
Matt Rife To Embark On Massive Comedy Tour Across North America,"Matt Rife To Embark On Massive Comedy Tour Across North America, Australia, Europe",https://news.pollstar.com/2023/06/06/matt-rife-to-embark-on-massive-comedy-tour-across-north-america-australia-europe/,2023-06-06,2023-07-20,2024-10-20,The Fillmore Detroit,"Detroit, MI",Club,LYV,,,TRUE
Matt Rife To Embark On Massive Comedy Tour Across North America,"Matt Rife To Embark On Massive Comedy Tour Across North America, Australia, Europe",https://news.pollstar.com/2023/06/06/matt-rife-to-embark-on-massive-comedy-tour-across-north-america-australia-europe/,2023-06-06,2023-07-20,2024-10-20,IU Auditorium,"Bloomington, IN",Theater,FALSE,,,TRUE
Matt Rife To Embark On Massive Comedy Tour Across North America,"Matt Rife To Embark On Massive Comedy Tour Across North America, Australia, Europe",https://news.pollstar.com/2023/06/06/matt-rife-to-embark-on-massive-comedy-tour-across-north-america-australia-europe/,2023-06-06,2023-07-20,2024-10-20,Knoxville Civic Auditorium,"Knoxville, TN",Theater,FALSE,,,TRUE
Matt Rife To Embark On Massive Comedy Tour Across North America,"Matt Rife To Embark On Massive Comedy Tour Across North America, Australia, Europe",https://news.pollstar.com/2023/06/06/matt-rife-to-embark-on-massive-comedy-tour-across-north-america-australia-europe/,2023-06-06,2023-07-20,2024-10-20,Orpheum Theatre,"Memphis, TN",Theater,LYV,,,TRUE
Matt Rife To Embark On Massive Comedy Tour Across North America,"Matt Rife To Embark On Massive Comedy Tour Across North America, Australia, Europe",https://news.pollstar.com/2023/06/06/matt-rife-to-embark-on-massive-comedy-tour-across-north-america-australia-europe/,2023-06-06,2023-07-20,2024-10-20,Saenger Theatre,"New Orleans, LA",Theater,FALSE,,,TRUE
Matt Rife To Embark On Massive Comedy Tour Across North America,"Matt Rife To Embark On Massive Comedy Tour Across North America, Australia, Europe",https://news.pollstar.com/2023/06/06/matt-rife-to-embark-on-massive-comedy-tour-across-north-america-australia-europe/,2023-06-06,2023-07-20,2024-10-20,Mohegan Sun Arena,"Uncasville, CT",Arena,FALSE,,,TRUE
Matt Rife To Embark On Massive Comedy Tour Across North America,"Matt Rife To Embark On Massive Comedy Tour Across North America, Australia, Europe",https://news.pollstar.com/2023/06/06/matt-rife-to-embark-on-massive-comedy-tour-across-north-america-australia-europe/,2023-06-06,2023-07-20,2024-10-20,Mohegan Sun Arena,"Uncasville, CT",Arena,FALSE,,,TRUE
Matt Rife To Embark On Massive Comedy Tour Across North America,"Matt Rife To Embark On Massive Comedy Tour Across North America, Australia, Europe",https://news.pollstar.com/2023/06/06/matt-rife-to-embark-on-massive-comedy-tour-across-north-america-australia-europe/,2023-06-06,2023-07-20,2024-10-20,Washington Pavilion of Arts and Science,"Sioux Falls, SD",Amphitheater,FALSE,,,TRUE
Matt Rife To Embark On Massive Comedy Tour Across North America,"Matt Rife To Embark On Massive Comedy Tour Across North America, Australia, Europe",https://news.pollstar.com/2023/06/06/matt-rife-to-embark-on-massive-comedy-tour-across-north-america-australia-europe/,2023-06-06,2023-07-20,2024-10-20,Duluth Entertainment Convention Center,"Duluth, MN",Other,FALSE,,,TRUE
Matt Rife To Embark On Massive Comedy Tour Across North America,"Matt Rife To Embark On Massive Comedy Tour Across North America, Australia, Europe",https://news.pollstar.com/2023/06/06/matt-rife-to-embark-on-massive-comedy-tour-across-north-america-australia-europe/,2023-06-06,2023-07-20,2024-10-20,State Theatre,"Minneapolis, MN",Theater,FALSE,,,TRUE
Matt Rife To Embark On Massive Comedy Tour Across North America,"Matt Rife To Embark On Massive Comedy Tour Across North America, Australia, Europe",https://news.pollstar.com/2023/06/06/matt-rife-to-embark-on-massive-comedy-tour-across-north-america-australia-europe/,2023-06-06,2023-07-20,2024-10-20,TCU Place,"Saskatoon, SK",Arena,FALSE,,,TRUE
Matt Rife To Embark On Massive Comedy Tour Across North America,"Matt Rife To Embark On Massive Comedy Tour Across North America, Australia, Europe",https://news.pollstar.com/2023/06/06/matt-rife-to-embark-on-massive-comedy-tour-across-north-america-australia-europe/,2023-06-06,2023-07-20,2024-10-20,Conexus Arts Centre,"Regina, SK",Other,FALSE,,,TRUE
Matt Rife To Embark On Massive Comedy Tour Across North America,"Matt Rife To Embark On Massive Comedy Tour Across North America, Australia, Europe",https://news.pollstar.com/2023/06/06/matt-rife-to-embark-on-massive-comedy-tour-across-north-america-australia-europe/,2023-06-06,2023-07-20,2024-10-20,Burton Cummings Theatre,"Winnipeg, MB",Theater,FALSE,,,TRUE
Matt Rife To Embark On Massive Comedy Tour Across North America,"Matt Rife To Embark On Massive Comedy Tour Across North America, Australia, Europe",https://news.pollstar.com/2023/06/06/matt-rife-to-embark-on-massive-comedy-tour-across-north-america-australia-europe/,2023-06-06,2023-07-20,2024-10-20,Royal Theatre,"Victoria, BC",Theater,FALSE,,,TRUE
Matt Rife To Embark On Massive Comedy Tour Across North America,"Matt Rife To Embark On Massive Comedy Tour Across North America, Australia, Europe",https://news.pollstar.com/2023/06/06/matt-rife-to-embark-on-massive-comedy-tour-across-north-america-australia-europe/,2023-06-06,2023-07-20,2024-10-20,Queen Elizabeth Theatre,"Vancouver, BC",Theater,FALSE,,,TRUE
Matt Rife To Embark On Massive Comedy Tour Across North America,"Matt Rife To Embark On Massive Comedy Tour Across North America, Australia, Europe",https://news.pollstar.com/2023/06/06/matt-rife-to-embark-on-massive-comedy-tour-across-north-america-australia-europe/,2023-06-06,2023-07-20,2024-10-20,Northern Alberta Jubilee Auditorium,"Edmonton, AB",Theater,FALSE,,,TRUE
Matt Rife To Embark On Massive Comedy Tour Across North America,"Matt Rife To Embark On Massive Comedy Tour Across North America, Australia, Europe",https://news.pollstar.com/2023/06/06/matt-rife-to-embark-on-massive-comedy-tour-across-north-america-australia-europe/,2023-06-06,2023-07-20,2024-10-20,Jack Singer Concert Hall at Arts Commons,"Calgary, AB",Other,FALSE,,,TRUE
Matt Rife To Embark On Massive Comedy Tour Across North America,"Matt Rife To Embark On Massive Comedy Tour Across North America, Australia, Europe",https://news.pollstar.com/2023/06/06/matt-rife-to-embark-on-massive-comedy-tour-across-north-america-australia-europe/,2023-06-06,2023-07-20,2024-10-20,Centennial Hall,"London, ON",Theater,FALSE,,,TRUE
Matt Rife To Embark On Massive Comedy Tour Across North America,"Matt Rife To Embark On Massive Comedy Tour Across North America, Australia, Europe",https://news.pollstar.com/2023/06/06/matt-rife-to-embark-on-massive-comedy-tour-across-north-america-australia-europe/,2023-06-06,2023-07-20,2024-10-20,Massey Hall,"Toronto, ON",Theater,FALSE,,,TRUE
Matt Rife To Embark On Massive Comedy Tour Across North America,"Matt Rife To Embark On Massive Comedy Tour Across North America, Australia, Europe",https://news.pollstar.com/2023/06/06/matt-rife-to-embark-on-massive-comedy-tour-across-north-america-australia-europe/,2023-06-06,2023-07-20,2024-10-20,FirstOntario Concert Hall,"Hamilton, ON",Other,FALSE,,,TRUE
Matt Rife To Embark On Massive Comedy Tour Across North America,"Matt Rife To Embark On Massive Comedy Tour Across North America, Australia, Europe",https://news.pollstar.com/2023/06/06/matt-rife-to-embark-on-massive-comedy-tour-across-north-america-australia-europe/,2023-06-06,2023-07-20,2024-10-20,del Lago Resort & Casino,"Waterloo, NY",Other,FALSE,,,TRUE
Matt Rife To Embark On Massive Comedy Tour Across North America,"Matt Rife To Embark On Massive Comedy Tour Across North America, Australia, Europe",https://news.pollstar.com/2023/06/06/matt-rife-to-embark-on-massive-comedy-tour-across-north-america-australia-europe/,2023-06-06,2023-07-20,2024-10-20,del Lago Resort & Casino,"Waterloo, NY",Other,FALSE,,,TRUE
Matt Rife To Embark On Massive Comedy Tour Across North America,"Matt Rife To Embark On Massive Comedy Tour Across North America, Australia, Europe",https://news.pollstar.com/2023/06/06/matt-rife-to-embark-on-massive-comedy-tour-across-north-america-australia-europe/,2023-06-06,2023-07-20,2024-10-20,Landmark Theatre,"Syracuse, NY",Theater,FALSE,,,TRUE
Matt Rife To Embark On Massive Comedy Tour Across North America,"Matt Rife To Embark On Massive Comedy Tour Across North America, Australia, Europe",https://news.pollstar.com/2023/06/06/matt-rife-to-embark-on-massive-comedy-tour-across-north-america-australia-europe/,2023-06-06,2023-07-20,2024-10-20,Kingsbury Hall,"Salt Lake City, UT",Theater,FALSE,,,TRUE
Matt Rife To Embark On Massive Comedy Tour Across North America,"Matt Rife To Embark On Massive Comedy Tour Across North America, Australia, Europe",https://news.pollstar.com/2023/06/06/matt-rife-to-embark-on-massive-comedy-tour-across-north-america-australia-europe/,2023-06-06,2023-07-20,2024-10-20,Bellco Theatre,"Denver, CO",Theater,FALSE,,,TRUE
Matt Rife To Embark On Massive Comedy Tour Across North America,"Matt Rife To Embark On Massive Comedy Tour Across North America, Australia, Europe",https://news.pollstar.com/2023/06/06/matt-rife-to-embark-on-massive-comedy-tour-across-north-america-australia-europe/,2023-06-06,2023-07-20,2024-10-20,Paramount Theatre,"Oakland, CA",Theater,FALSE,,,TRUE
Matt Rife To Embark On Massive Comedy Tour Across North America,"Matt Rife To Embark On Massive Comedy Tour Across North America, Australia, Europe",https://news.pollstar.com/2023/06/06/matt-rife-to-embark-on-massive-comedy-tour-across-north-america-australia-europe/,2023-06-06,2023-07-20,2024-10-20,Merrill Auditorium,"Portland, ME",Theater,FALSE,,,TRUE
Matt Rife To Embark On Massive Comedy Tour Across North America,"Matt Rife To Embark On Massive Comedy Tour Across North America, Australia, Europe",https://news.pollstar.com/2023/06/06/matt-rife-to-embark-on-massive-comedy-tour-across-north-america-australia-europe/,2023-06-06,2023-07-20,2024-10-20,MGM Music Hall at Fenway,"Boston, MA",Theater,LYV,,,TRUE
Matt Rife To Embark On Massive Comedy Tour Across North America,"Matt Rife To Embark On Massive Comedy Tour Across North America, Australia, Europe",https://news.pollstar.com/2023/06/06/matt-rife-to-embark-on-massive-comedy-tour-across-north-america-australia-europe/,2023-06-06,2023-07-20,2024-10-20,Benedum Center,"Pittsburgh, PA",Theater,FALSE,,,TRUE
Matt Rife To Embark On Massive Comedy Tour Across North America,"Matt Rife To Embark On Massive Comedy Tour Across North America, Australia, Europe",https://news.pollstar.com/2023/06/06/matt-rife-to-embark-on-massive-comedy-tour-across-north-america-australia-europe/,2023-06-06,2023-07-20,2024-10-20,The Met,"Philadelphia, PA",Theater,LYV,,,TRUE
Matt Rife To Embark On Massive Comedy Tour Across North America,"Matt Rife To Embark On Massive Comedy Tour Across North America, Australia, Europe",https://news.pollstar.com/2023/06/06/matt-rife-to-embark-on-massive-comedy-tour-across-north-america-australia-europe/,2023-06-06,2023-07-20,2024-10-20,Altria Theater,"Richmond, VA",Theater,FALSE,,,TRUE
Matt Rife To Embark On Massive Comedy Tour Across North America,"Matt Rife To Embark On Massive Comedy Tour Across North America, Australia, Europe",https://news.pollstar.com/2023/06/06/matt-rife-to-embark-on-massive-comedy-tour-across-north-america-australia-europe/,2023-06-06,2023-07-20,2024-10-20,Arlene Schnitzer Concert Hall,"Portland, OR",Theater,FALSE,,,TRUE
Matt Rife To Embark On Massive Comedy Tour Across North America,"Matt Rife To Embark On Massive Comedy Tour Across North America, Australia, Europe",https://news.pollstar.com/2023/06/06/matt-rife-to-embark-on-massive-comedy-tour-across-north-america-australia-europe/,2023-06-06,2023-07-20,2024-10-20,Paramount Theatre,"Seattle, WA",Theater,FALSE,,,TRUE
Matt Rife To Embark On Massive Comedy Tour Across North America,"Matt Rife To Embark On Massive Comedy Tour Across North America, Australia, Europe",https://news.pollstar.com/2023/06/06/matt-rife-to-embark-on-massive-comedy-tour-across-north-america-australia-europe/,2023-06-06,2023-07-20,2024-10-20,Linda Ronstadt Music Hall,"Tucson, AZ",Theater,FALSE,,,TRUE
Matt Rife To Embark On Massive Comedy Tour Across North America,"Matt Rife To Embark On Massive Comedy Tour Across North America, Australia, Europe",https://news.pollstar.com/2023/06/06/matt-rife-to-embark-on-massive-comedy-tour-across-north-america-australia-europe/,2023-06-06,2023-07-20,2024-10-20,Arizona Financial Theatre,"Phoenix, AZ",Theater,LYV,,,TRUE
Matt Rife To Embark On Massive Comedy Tour Across North America,"Matt Rife To Embark On Massive Comedy Tour Across North America, Australia, Europe",https://news.pollstar.com/2023/06/06/matt-rife-to-embark-on-massive-comedy-tour-across-north-america-australia-europe/,2023-06-06,2023-07-20,2024-10-20,The Chicago Theatre,"Chicago, IL",Theater,LYV,,,TRUE
Matt Rife To Embark On Massive Comedy Tour Across North America,"Matt Rife To Embark On Massive Comedy Tour Across North America, Australia, Europe",https://news.pollstar.com/2023/06/06/matt-rife-to-embark-on-massive-comedy-tour-across-north-america-australia-europe/,2023-06-06,2023-07-20,2024-10-20,Ryman Auditorium,"Nashville, TN",Theater,FALSE,,,TRUE
Matt Rife To Embark On Massive Comedy Tour Across North America,"Matt Rife To Embark On Massive Comedy Tour Across North America, Australia, Europe",https://news.pollstar.com/2023/06/06/matt-rife-to-embark-on-massive-comedy-tour-across-north-america-australia-europe/,2023-06-06,2023-07-20,2024-10-20,SEC Armadillo,"Glasgow, UK",Other,FALSE,,,TRUE
Matt Rife To Embark On Massive Comedy Tour Across North America,"Matt Rife To Embark On Massive Comedy Tour Across North America, Australia, Europe",https://news.pollstar.com/2023/06/06/matt-rife-to-embark-on-massive-comedy-tour-across-north-america-australia-europe/,2023-06-06,2023-07-20,2024-10-20,Utilita Arena Birmingham,"Birmingham, UK",Arena,FALSE,,,TRUE
Matt Rife To Embark On Massive Comedy Tour Across North America,"Matt Rife To Embark On Massive Comedy Tour Across North America, Australia, Europe",https://news.pollstar.com/2023/06/06/matt-rife-to-embark-on-massive-comedy-tour-across-north-america-australia-europe/,2023-06-06,2023-07-20,2024-10-20,Cardiff International Arena,"Cardiff, UK",Arena,FALSE,,,TRUE
Matt Rife To Embark On Massive Comedy Tour Across North America,"Matt Rife To Embark On Massive Comedy Tour Across North America, Australia, Europe",https://news.pollstar.com/2023/06/06/matt-rife-to-embark-on-massive-comedy-tour-across-north-america-australia-europe/,2023-06-06,2023-07-20,2024-10-20,O2 City Hall Newcastle,"Newcastle, UK",Theater,LYV,,,TRUE
Matt Rife To Embark On Massive Comedy Tour Across North America,"Matt Rife To Embark On Massive Comedy Tour Across North America, Australia, Europe",https://news.pollstar.com/2023/06/06/matt-rife-to-embark-on-massive-comedy-tour-across-north-america-australia-europe/,2023-06-06,2023-07-20,2024-10-20,O2 Apollo,"Manchester, UK",Theater,LYV,,,TRUE
Matt Rife To Embark On Massive Comedy Tour Across North America,"Matt Rife To Embark On Massive Comedy Tour Across North America, Australia, Europe",https://news.pollstar.com/2023/06/06/matt-rife-to-embark-on-massive-comedy-tour-across-north-america-australia-europe/,2023-06-06,2023-07-20,2024-10-20,Eventim Apollo,"London, UK",Theater,FALSE,,,TRUE
Matt Rife To Embark On Massive Comedy Tour Across North America,"Matt Rife To Embark On Massive Comedy Tour Across North America, Australia, Europe",https://news.pollstar.com/2023/06/06/matt-rife-to-embark-on-massive-comedy-tour-across-north-america-australia-europe/,2023-06-06,2023-07-20,2024-10-20,Bristol Beacon,"Bristol, UK",Theater,FALSE,,,TRUE
Matt Rife To Embark On Massive Comedy Tour Across North America,"Matt Rife To Embark On Massive Comedy Tour Across North America, Australia, Europe",https://news.pollstar.com/2023/06/06/matt-rife-to-embark-on-massive-comedy-tour-across-north-america-australia-europe/,2023-06-06,2023-07-20,2024-10-20,3Olympia Theatre,"Dublin, IE",Theater,FALSE,,,TRUE
Matt Rife To Embark On Massive Comedy Tour Across North America,"Matt Rife To Embark On Massive Comedy Tour Across North America, Australia, Europe",https://news.pollstar.com/2023/06/06/matt-rife-to-embark-on-massive-comedy-tour-across-north-america-australia-europe/,2023-06-06,2023-07-20,2024-10-20,Alhambra Paris,"Paris, FR",Theater,FALSE,,,TRUE
Matt Rife To Embark On Massive Comedy Tour Across North America,"Matt Rife To Embark On Massive Comedy Tour Across North America, Australia, Europe",https://news.pollstar.com/2023/06/06/matt-rife-to-embark-on-massive-comedy-tour-across-north-america-australia-europe/,2023-06-06,2023-07-20,2024-10-20,Royal Theatre Carré,"Amsterdam, NL",Theater,FALSE,,,TRUE
Matt Rife To Embark On Massive Comedy Tour Across North America,"Matt Rife To Embark On Massive Comedy Tour Across North America, Australia, Europe",https://news.pollstar.com/2023/06/06/matt-rife-to-embark-on-massive-comedy-tour-across-north-america-australia-europe/,2023-06-06,2023-07-20,2024-10-20,Huxleys Neue Welt,"Berlin, DE",Theater,FALSE,,,TRUE
Matt Rife To Embark On Massive Comedy Tour Across North America,"Matt Rife To Embark On Massive Comedy Tour Across North America, Australia, Europe",https://news.pollstar.com/2023/06/06/matt-rife-to-embark-on-massive-comedy-tour-across-north-america-australia-europe/,2023-06-06,2023-07-20,2024-10-20,Nya Cirkus,"Stockholm, SE",Auditorium,FALSE,,,TRUE
Matt Rife To Embark On Massive Comedy Tour Across North America,"Matt Rife To Embark On Massive Comedy Tour Across North America, Australia, Europe",https://news.pollstar.com/2023/06/06/matt-rife-to-embark-on-massive-comedy-tour-across-north-america-australia-europe/,2023-06-06,2023-07-20,2024-10-20,Teatro Pavón,"Madrid, ES",Other,FALSE,,,TRUE
Matt Rife To Embark On Massive Comedy Tour Across North America,"Matt Rife To Embark On Massive Comedy Tour Across North America, Australia, Europe",https://news.pollstar.com/2023/06/06/matt-rife-to-embark-on-massive-comedy-tour-across-north-america-australia-europe/,2023-06-06,2023-07-20,2024-10-20,Santeria Toscana 31,"Milan, IT",Club,FALSE,,,TRUE
Queens Of The Stone Age,Queens Of The Stone Age Announce ‘The End Is Nero’ Tour Dates,https://news.pollstar.com/2023/06/06/queens-of-the-stone-age-announce-the-end-is-nero-tour-dates/,2023-06-06,2023-08-03,2023-10-08,Michigan Lottery Amphitheatre at Freedom Hill,"Sterling Heights, MI",Amphitheater,LYV,,,TRUE
Queens Of The Stone Age,Queens Of The Stone Age Announce ‘The End Is Nero’ Tour Dates,https://news.pollstar.com/2023/06/06/queens-of-the-stone-age-announce-the-end-is-nero-tour-dates/,2023-06-06,2023-08-03,2023-10-08,Budweiser Stage,"Toronto, ON",Amphitheater,LYV,,,TRUE
Queens Of The Stone Age,Queens Of The Stone Age Announce ‘The End Is Nero’ Tour Dates,https://news.pollstar.com/2023/06/06/queens-of-the-stone-age-announce-the-end-is-nero-tour-dates/,2023-06-06,2023-08-03,2023-10-08,Stage AE Outdoors,"Pittsburgh, PA",Amphitheater,LYV,,,TRUE
Queens Of The Stone Age,Queens Of The Stone Age Announce ‘The End Is Nero’ Tour Dates,https://news.pollstar.com/2023/06/06/queens-of-the-stone-age-announce-the-end-is-nero-tour-dates/,2023-06-06,2023-08-03,2023-10-08,Hartford HealthCare Amphitheater,"Bridgeport, CT",Amphitheater,LYV,,,TRUE
Queens Of The Stone Age,Queens Of The Stone Age Announce ‘The End Is Nero’ Tour Dates,https://news.pollstar.com/2023/06/06/queens-of-the-stone-age-announce-the-end-is-nero-tour-dates/,2023-06-06,2023-08-03,2023-10-08,TD Pavilion at the Mann,"Philadelphia, PA",Amphitheater,LYV,,,TRUE
Queens Of The Stone Age,Queens Of The Stone Age Announce ‘The End Is Nero’ Tour Dates,https://news.pollstar.com/2023/06/06/queens-of-the-stone-age-announce-the-end-is-nero-tour-dates/,2023-06-06,2023-08-03,2023-10-08,The Anthem,"Washington, DC",Club,FALSE,,,TRUE
Queens Of The Stone Age,Queens Of The Stone Age Announce ‘The End Is Nero’ Tour Dates,https://news.pollstar.com/2023/06/06/queens-of-the-stone-age-announce-the-end-is-nero-tour-dates/,2023-06-06,2023-08-03,2023-10-08,Cross Insurance Arena,"Portland, ME",Arena,FALSE,,,TRUE
Queens Of The Stone Age,Queens Of The Stone Age Announce ‘The End Is Nero’ Tour Dates,https://news.pollstar.com/2023/06/06/queens-of-the-stone-age-announce-the-end-is-nero-tour-dates/,2023-06-06,2023-08-03,2023-10-08,Forest Hills Stadium,"Queens, NY",Stadium,FALSE,,,TRUE
Queens Of The Stone Age,Queens Of The Stone Age Announce ‘The End Is Nero’ Tour Dates,https://news.pollstar.com/2023/06/06/queens-of-the-stone-age-announce-the-end-is-nero-tour-dates/,2023-06-06,2023-08-03,2023-10-08,Red Hat Amphitheater,"Raleigh, NC",Amphitheater,LYV,,,TRUE
Queens Of The Stone Age,Queens Of The Stone Age Announce ‘The End Is Nero’ Tour Dates,https://news.pollstar.com/2023/06/06/queens-of-the-stone-age-announce-the-end-is-nero-tour-dates/,2023-06-06,2023-08-03,2023-10-08,Rabbit Rabbit,"Asheville, NC",Club,FALSE,,,TRUE
Queens Of The Stone Age,Queens Of The Stone Age Announce ‘The End Is Nero’ Tour Dates,https://news.pollstar.com/2023/06/06/queens-of-the-stone-age-announce-the-end-is-nero-tour-dates/,2023-06-06,2023-08-03,2023-10-08,Fox Theatre,"Atlanta, GA",Theater,FALSE,,,TRUE
Queens Of The Stone Age,Queens Of The Stone Age Announce ‘The End Is Nero’ Tour Dates,https://news.pollstar.com/2023/06/06/queens-of-the-stone-age-announce-the-end-is-nero-tour-dates/,2023-06-06,2023-08-03,2023-10-08,Ascend Amphitheater,"Nashville, TN",Amphitheater,LYV,,,TRUE
Queens Of The Stone Age,Queens Of The Stone Age Announce ‘The End Is Nero’ Tour Dates,https://news.pollstar.com/2023/06/06/queens-of-the-stone-age-announce-the-end-is-nero-tour-dates/,2023-06-06,2023-08-03,2023-10-08,Riot Fest,"Chicago, IL",Other,FALSE,,,TRUE
Queens Of The Stone Age,Queens Of The Stone Age Announce ‘The End Is Nero’ Tour Dates,https://news.pollstar.com/2023/06/06/queens-of-the-stone-age-announce-the-end-is-nero-tour-dates/,2023-06-06,2023-08-03,2023-10-08,"Minneapolis, MN*",The Armory,Other,FALSE,,,TRUE
Queens Of The Stone Age,Queens Of The Stone Age Announce ‘The End Is Nero’ Tour Dates,https://news.pollstar.com/2023/06/06/queens-of-the-stone-age-announce-the-end-is-nero-tour-dates/,2023-06-06,2023-08-03,2023-10-08,"Omaha, NE*",Steelhouse,Other,FALSE,,,TRUE
Queens Of The Stone Age,Queens Of The Stone Age Announce ‘The End Is Nero’ Tour Dates,https://news.pollstar.com/2023/06/06/queens-of-the-stone-age-announce-the-end-is-nero-tour-dates/,2023-06-06,2023-08-03,2023-10-08,"Kansas City, MO*",Starlight Theatre,Other,FALSE,,,TRUE
Queens Of The Stone Age,Queens Of The Stone Age Announce ‘The End Is Nero’ Tour Dates,https://news.pollstar.com/2023/06/06/queens-of-the-stone-age-announce-the-end-is-nero-tour-dates/,2023-06-06,2023-08-03,2023-10-08,"Indianapolis, IN*",TCU Amphitheater at White River State Park,Other,FALSE,,,TRUE
Queens Of The Stone Age,Queens Of The Stone Age Announce ‘The End Is Nero’ Tour Dates,https://news.pollstar.com/2023/06/06/queens-of-the-stone-age-announce-the-end-is-nero-tour-dates/,2023-06-06,2023-08-03,2023-10-08,"St. Louis, MO*",Saint Louis Music Park,Other,FALSE,,,TRUE
Queens Of The Stone Age,Queens Of The Stone Age Announce ‘The End Is Nero’ Tour Dates,https://news.pollstar.com/2023/06/06/queens-of-the-stone-age-announce-the-end-is-nero-tour-dates/,2023-06-06,2023-08-03,2023-10-08,Louder Than Life,"Louisville, KY",Amphitheater,LYV,,,TRUE
Queens Of The Stone Age,Queens Of The Stone Age Announce ‘The End Is Nero’ Tour Dates,https://news.pollstar.com/2023/06/06/queens-of-the-stone-age-announce-the-end-is-nero-tour-dates/,2023-06-06,2023-08-03,2023-10-08,"Rogers, AR*",Walmart AMP,Arena,FALSE,,,TRUE
Queens Of The Stone Age,Queens Of The Stone Age Announce ‘The End Is Nero’ Tour Dates,https://news.pollstar.com/2023/06/06/queens-of-the-stone-age-announce-the-end-is-nero-tour-dates/,2023-06-06,2023-08-03,2023-10-08,"Oklahoma City, OK*",The Criterion,Other,FALSE,,,TRUE
Queens Of The Stone Age,Queens Of The Stone Age Announce ‘The End Is Nero’ Tour Dates,https://news.pollstar.com/2023/06/06/queens-of-the-stone-age-announce-the-end-is-nero-tour-dates/,2023-06-06,2023-08-03,2023-10-08,"Denver, CO*",Fiddler’s Green Amphitheatre,Other,FALSE,,,TRUE
Queens Of The Stone Age,Queens Of The Stone Age Announce ‘The End Is Nero’ Tour Dates,https://news.pollstar.com/2023/06/06/queens-of-the-stone-age-announce-the-end-is-nero-tour-dates/,2023-06-06,2023-08-03,2023-10-08,"Salt Lake City, UT*",The Great Saltair,Other,FALSE,,,TRUE
Queens Of The Stone Age,Queens Of The Stone Age Announce ‘The End Is Nero’ Tour Dates,https://news.pollstar.com/2023/06/06/queens-of-the-stone-age-announce-the-end-is-nero-tour-dates/,2023-06-06,2023-08-03,2023-10-08,"Portland, OR*",Veterans Memorial Coliseum,Other,FALSE,,,TRUE
Queens Of The Stone Age,Queens Of The Stone Age Announce ‘The End Is Nero’ Tour Dates,https://news.pollstar.com/2023/06/06/queens-of-the-stone-age-announce-the-end-is-nero-tour-dates/,2023-06-06,2023-08-03,2023-10-08,"Vancouver, BC*",Pacific Coliseum,Other,FALSE,,,TRUE
Queens Of The Stone Age,Queens Of The Stone Age Announce ‘The End Is Nero’ Tour Dates,https://news.pollstar.com/2023/06/06/queens-of-the-stone-age-announce-the-end-is-nero-tour-dates/,2023-06-06,2023-08-03,2023-10-08,"Seattle, WA*",Climate Pledge Arena,Other,FALSE,,,TRUE
Queens Of The Stone Age,Queens Of The Stone Age Announce ‘The End Is Nero’ Tour Dates,https://news.pollstar.com/2023/06/06/queens-of-the-stone-age-announce-the-end-is-nero-tour-dates/,2023-06-06,2023-08-03,2023-10-08,"San Francisco, CA*",Bill Graham Civic Auditorium,Other,FALSE,,,TRUE
Queens Of The Stone Age,Queens Of The Stone Age Announce ‘The End Is Nero’ Tour Dates,https://news.pollstar.com/2023/06/06/queens-of-the-stone-age-announce-the-end-is-nero-tour-dates/,2023-06-06,2023-08-03,2023-10-08,Aftershock,"Sacramento, CA",Amphitheater,LYV,,,TRUE
Three Days Grace,Three Days Grace Announces Fall Tour With Chevelle,https://news.pollstar.com/2023/05/30/three-days-grace-announces-fall-tour-with-chevelle/,2023-05-30,2023-09-08,2023-10-14,Wind Creek Event Center,"Bethlehem, PA",Arena,FALSE,,,TRUE
Three Days Grace,Three Days Grace Announces Fall Tour With Chevelle,https://news.pollstar.com/2023/05/30/three-days-grace-announces-fall-tour-with-chevelle/,2023-05-30,2023-09-08,2023-10-14,Veterans United Home Loans Amphitheater,"Virginia Beach, VA",Amphitheater,LYV,,,TRUE
Three Days Grace,Three Days Grace Announces Fall Tour With Chevelle,https://news.pollstar.com/2023/05/30/three-days-grace-announces-fall-tour-with-chevelle/,2023-05-30,2023-09-08,2023-10-14,Michigan Lottery Amphitheatre at Freedom Hill,"Sterling Heights, MI",Amphitheater,LYV,,,TRUE
Three Days Grace,Three Days Grace Announces Fall Tour With Chevelle,https://news.pollstar.com/2023/05/30/three-days-grace-announces-fall-tour-with-chevelle/,2023-05-30,2023-09-08,2023-10-14,Byline Bank Aragon Ballroom,"Chicago, IL",Club,LYV,,,TRUE
Three Days Grace,Three Days Grace Announces Fall Tour With Chevelle,https://news.pollstar.com/2023/05/30/three-days-grace-announces-fall-tour-with-chevelle/,2023-05-30,2023-09-08,2023-10-14,The Rose Music Center,"Huber Heights, OH",Amphitheater,LYV,,,TRUE
Three Days Grace,Three Days Grace Announces Fall Tour With Chevelle,https://news.pollstar.com/2023/05/30/three-days-grace-announces-fall-tour-with-chevelle/,2023-05-30,2023-09-08,2023-10-14,Mystic Lake Showroom,"Prior Lake, MN",Club,FALSE,,,TRUE
Three Days Grace,Three Days Grace Announces Fall Tour With Chevelle,https://news.pollstar.com/2023/05/30/three-days-grace-announces-fall-tour-with-chevelle/,2023-05-30,2023-09-08,2023-10-14,TCU Amphitheater at White River State Park,"Indianapolis, IN",Theater,FALSE,,,TRUE
Three Days Grace,Three Days Grace Announces Fall Tour With Chevelle,https://news.pollstar.com/2023/05/30/three-days-grace-announces-fall-tour-with-chevelle/,2023-05-30,2023-09-08,2023-10-14,Saint Louis Music Park,"St. Louis, MO",Amphitheater,LYV,,,TRUE
Three Days Grace,Three Days Grace Announces Fall Tour With Chevelle,https://news.pollstar.com/2023/05/30/three-days-grace-announces-fall-tour-with-chevelle/,2023-05-30,2023-09-08,2023-10-14,Starlight Theater,"Kansas City, MO",Theater,FALSE,,,TRUE
Three Days Grace,Three Days Grace Announces Fall Tour With Chevelle,https://news.pollstar.com/2023/05/30/three-days-grace-announces-fall-tour-with-chevelle/,2023-05-30,2023-09-08,2023-10-14,Fillmore Auditorium,"Denver, CO",Theater,LYV,,,TRUE
Three Days Grace,Three Days Grace Announces Fall Tour With Chevelle,https://news.pollstar.com/2023/05/30/three-days-grace-announces-fall-tour-with-chevelle/,2023-05-30,2023-09-08,2023-10-14,The Complex,"Salt Lake City, UT",Club,FALSE,,,TRUE
Three Days Grace,Three Days Grace Announces Fall Tour With Chevelle,https://news.pollstar.com/2023/05/30/three-days-grace-announces-fall-tour-with-chevelle/,2023-05-30,2023-09-08,2023-10-14,Ford Idaho Center Amphitheater,"Nampa (Boise), ID",Amphitheater,LYV,,,TRUE
Three Days Grace,Three Days Grace Announces Fall Tour With Chevelle,https://news.pollstar.com/2023/05/30/three-days-grace-announces-fall-tour-with-chevelle/,2023-05-30,2023-09-08,2023-10-14,Northern Quest Resort & Casino,"BECU Live - Airway Heights, WA",Theater,FALSE,,,TRUE
Three Days Grace,Three Days Grace Announces Fall Tour With Chevelle,https://news.pollstar.com/2023/05/30/three-days-grace-announces-fall-tour-with-chevelle/,2023-05-30,2023-09-08,2023-10-14,RV Inn Style Resorts Amphitheater,"Ridgefield, WA",Amphitheater,LYV,,,TRUE
Three Days Grace,Three Days Grace Announces Fall Tour With Chevelle,https://news.pollstar.com/2023/05/30/three-days-grace-announces-fall-tour-with-chevelle/,2023-05-30,2023-09-08,2023-10-14,Cal Coast Credit Union Open Air Theatre,"San Diego, CA",Theater,FALSE,,,TRUE
Three Days Grace,Three Days Grace Announces Fall Tour With Chevelle,https://news.pollstar.com/2023/05/30/three-days-grace-announces-fall-tour-with-chevelle/,2023-05-30,2023-09-08,2023-10-14,Hollywood Palladium,"Los Angeles, CA",Theater,LYV,,,TRUE
Three Days Grace,Three Days Grace Announces Fall Tour With Chevelle,https://news.pollstar.com/2023/05/30/three-days-grace-announces-fall-tour-with-chevelle/,2023-05-30,2023-09-08,2023-10-14,Arizona Financial Theatre,"Phoenix, AZ",Theater,LYV,,,TRUE
Three Days Grace,Three Days Grace Announces Fall Tour With Chevelle,https://news.pollstar.com/2023/05/30/three-days-grace-announces-fall-tour-with-chevelle/,2023-05-30,2023-09-08,2023-10-14,The Cynthia Woods Mitchell Pavilion,"The Woodlands, TX",Amphitheater,LYV,,,TRUE
Three Days Grace,Three Days Grace Announces Fall Tour With Chevelle,https://news.pollstar.com/2023/05/30/three-days-grace-announces-fall-tour-with-chevelle/,2023-05-30,2023-09-08,2023-10-14,Choctaw Grand Theater,"Durant, OK",Theater,FALSE,,,TRUE
Three Days Grace,Three Days Grace Announces Fall Tour With Chevelle,https://news.pollstar.com/2023/05/30/three-days-grace-announces-fall-tour-with-chevelle/,2023-05-30,2023-09-08,2023-10-14,Nashville Municipal Auditorium,"Nashville, TN",Theater,FALSE,,,TRUE
Three Days Grace,Three Days Grace Announces Fall Tour With Chevelle,https://news.pollstar.com/2023/05/30/three-days-grace-announces-fall-tour-with-chevelle/,2023-05-30,2023-09-08,2023-10-14,Coca-Cola Roxy,"Atlanta, GA",Club,LYV,,,TRUE
Three Days Grace,Three Days Grace Announces Fall Tour With Chevelle,https://news.pollstar.com/2023/05/30/three-days-grace-announces-fall-tour-with-chevelle/,2023-05-30,2023-09-08,2023-10-14,Skyla Credit Union Amphitheatre,"Charlotte, NC",Amphitheater,LYV,,,TRUE
Three Days Grace,Three Days Grace Announces Fall Tour With Chevelle,https://news.pollstar.com/2023/05/30/three-days-grace-announces-fall-tour-with-chevelle/,2023-05-30,2023-09-08,2023-10-14,MGM Music Hall at Fenway,"Boston, MA",Theater,LYV,,,TRUE
Maluma,Maluma Unveils U.S. Dates For ‘Don Juan World Tour’,https://news.pollstar.com/2023/05/22/maluma-unveils-u-s-dates-for-don-juan-world-tour/,2023-05-22,2023-08-31,2023-11-04,Golden 1 Center,"Sacramento, CA",Arena,FALSE,,,TRUE
Maluma,Maluma Unveils U.S. Dates For ‘Don Juan World Tour’,https://news.pollstar.com/2023/05/22/maluma-unveils-u-s-dates-for-don-juan-world-tour/,2023-05-22,2023-08-31,2023-11-04,Moda Center,"Portland, OR",Arena,FALSE,,,TRUE
Maluma,Maluma Unveils U.S. Dates For ‘Don Juan World Tour’,https://news.pollstar.com/2023/05/22/maluma-unveils-u-s-dates-for-don-juan-world-tour/,2023-05-22,2023-08-31,2023-11-04,Climate Pledge Arena,"Seattle, WA",Arena,FALSE,,,TRUE
Maluma,Maluma Unveils U.S. Dates For ‘Don Juan World Tour’,https://news.pollstar.com/2023/05/22/maluma-unveils-u-s-dates-for-don-juan-world-tour/,2023-05-22,2023-08-31,2023-11-04,SAP Center,"San Jose, CA",Arena,FALSE,,,TRUE
Maluma,Maluma Unveils U.S. Dates For ‘Don Juan World Tour’,https://news.pollstar.com/2023/05/22/maluma-unveils-u-s-dates-for-don-juan-world-tour/,2023-05-22,2023-08-31,2023-11-04,Kia Forum,"Los Angeles, CA",Arena,FALSE,,,TRUE
Maluma,Maluma Unveils U.S. Dates For ‘Don Juan World Tour’,https://news.pollstar.com/2023/05/22/maluma-unveils-u-s-dates-for-don-juan-world-tour/,2023-05-22,2023-08-31,2023-11-04,Footprint Center,"Phoenix, AZ",Arena,FALSE,,,TRUE
Maluma,Maluma Unveils U.S. Dates For ‘Don Juan World Tour’,https://news.pollstar.com/2023/05/22/maluma-unveils-u-s-dates-for-don-juan-world-tour/,2023-05-22,2023-08-31,2023-11-04,Grand Garden Arena,"Las Vegas, NV",Arena,FALSE,,,TRUE
Maluma,Maluma Unveils U.S. Dates For ‘Don Juan World Tour’,https://news.pollstar.com/2023/05/22/maluma-unveils-u-s-dates-for-don-juan-world-tour/,2023-05-22,2023-08-31,2023-11-04,Toyota Arena,"Ontario, CA",Arena,FALSE,,,TRUE
Maluma,Maluma Unveils U.S. Dates For ‘Don Juan World Tour’,https://news.pollstar.com/2023/05/22/maluma-unveils-u-s-dates-for-don-juan-world-tour/,2023-05-22,2023-08-31,2023-11-04,Pechanga Arena,"San Diego, CA",Arena,FALSE,,,TRUE
Maluma,Maluma Unveils U.S. Dates For ‘Don Juan World Tour’,https://news.pollstar.com/2023/05/22/maluma-unveils-u-s-dates-for-don-juan-world-tour/,2023-05-22,2023-08-31,2023-11-04,AT&T Center,"San Antonio, TX",Other,FALSE,,,TRUE
Maluma,Maluma Unveils U.S. Dates For ‘Don Juan World Tour’,https://news.pollstar.com/2023/05/22/maluma-unveils-u-s-dates-for-don-juan-world-tour/,2023-05-22,2023-08-31,2023-11-04,Payne Arena,"Hidalgo, TX",Arena,FALSE,,,TRUE
Maluma,Maluma Unveils U.S. Dates For ‘Don Juan World Tour’,https://news.pollstar.com/2023/05/22/maluma-unveils-u-s-dates-for-don-juan-world-tour/,2023-05-22,2023-08-31,2023-11-04,UTEP (Don Haskins),"El Paso, TX",Arena,FALSE,,,TRUE
Maluma,Maluma Unveils U.S. Dates For ‘Don Juan World Tour’,https://news.pollstar.com/2023/05/22/maluma-unveils-u-s-dates-for-don-juan-world-tour/,2023-05-22,2023-08-31,2023-11-04,H-E-B Center,"Austin, TX",Other,FALSE,,,TRUE
Maluma,Maluma Unveils U.S. Dates For ‘Don Juan World Tour’,https://news.pollstar.com/2023/05/22/maluma-unveils-u-s-dates-for-don-juan-world-tour/,2023-05-22,2023-08-31,2023-11-04,American Airlines Center,"Dallas, TX",Arena,FALSE,,,TRUE
Maluma,Maluma Unveils U.S. Dates For ‘Don Juan World Tour’,https://news.pollstar.com/2023/05/22/maluma-unveils-u-s-dates-for-don-juan-world-tour/,2023-05-22,2023-08-31,2023-11-04,Smart Financial Centre,"Sugar Land, TX",Theater,FALSE,,,TRUE
Maluma,Maluma Unveils U.S. Dates For ‘Don Juan World Tour’,https://news.pollstar.com/2023/05/22/maluma-unveils-u-s-dates-for-don-juan-world-tour/,2023-05-22,2023-08-31,2023-11-04,UBS Arena,"Belmont Park, NY",Arena,FALSE,,,TRUE
Maluma,Maluma Unveils U.S. Dates For ‘Don Juan World Tour’,https://news.pollstar.com/2023/05/22/maluma-unveils-u-s-dates-for-don-juan-world-tour/,2023-05-22,2023-08-31,2023-11-04,Madison Square Garden,"New York, NY",Arena,FALSE,,,TRUE
Maluma,Maluma Unveils U.S. Dates For ‘Don Juan World Tour’,https://news.pollstar.com/2023/05/22/maluma-unveils-u-s-dates-for-don-juan-world-tour/,2023-05-22,2023-08-31,2023-11-04,Mohegan Sun Arena,"Uncasville, CT",Arena,FALSE,,,TRUE
Maluma,Maluma Unveils U.S. Dates For ‘Don Juan World Tour’,https://news.pollstar.com/2023/05/22/maluma-unveils-u-s-dates-for-don-juan-world-tour/,2023-05-22,2023-08-31,2023-11-04,Prudential Center,"Newark, NJ",Arena,FALSE,,,TRUE
Maluma,Maluma Unveils U.S. Dates For ‘Don Juan World Tour’,https://news.pollstar.com/2023/05/22/maluma-unveils-u-s-dates-for-don-juan-world-tour/,2023-05-22,2023-08-31,2023-11-04,Allstate Arena,"Chicago, IL",Arena,FALSE,,,TRUE
Maluma,Maluma Unveils U.S. Dates For ‘Don Juan World Tour’,https://news.pollstar.com/2023/05/22/maluma-unveils-u-s-dates-for-don-juan-world-tour/,2023-05-22,2023-08-31,2023-11-04,Santander Arena,"Reading, PA",Arena,FALSE,,,TRUE
Maluma,Maluma Unveils U.S. Dates For ‘Don Juan World Tour’,https://news.pollstar.com/2023/05/22/maluma-unveils-u-s-dates-for-don-juan-world-tour/,2023-05-22,2023-08-31,2023-11-04,Agganis Arena,"Boston, MA",Arena,FALSE,,,TRUE
Maluma,Maluma Unveils U.S. Dates For ‘Don Juan World Tour’,https://news.pollstar.com/2023/05/22/maluma-unveils-u-s-dates-for-don-juan-world-tour/,2023-05-22,2023-08-31,2023-11-04,Capital One Arena,"Washington, DC",Arena,FALSE,,,TRUE
Maluma,Maluma Unveils U.S. Dates For ‘Don Juan World Tour’,https://news.pollstar.com/2023/05/22/maluma-unveils-u-s-dates-for-don-juan-world-tour/,2023-05-22,2023-08-31,2023-11-04,Spectrum Center,"Charlotte, NC",Arena,FALSE,,,TRUE
Maluma,Maluma Unveils U.S. Dates For ‘Don Juan World Tour’,https://news.pollstar.com/2023/05/22/maluma-unveils-u-s-dates-for-don-juan-world-tour/,2023-05-22,2023-08-31,2023-11-04,State Farm Arena,"Atlanta, GA",Arena,FALSE,,,TRUE
Maluma,Maluma Unveils U.S. Dates For ‘Don Juan World Tour’,https://news.pollstar.com/2023/05/22/maluma-unveils-u-s-dates-for-don-juan-world-tour/,2023-05-22,2023-08-31,2023-11-04,Smoothie King Center,"New Orleans, LA",Arena,FALSE,,,TRUE
Maluma,Maluma Unveils U.S. Dates For ‘Don Juan World Tour’,https://news.pollstar.com/2023/05/22/maluma-unveils-u-s-dates-for-don-juan-world-tour/,2023-05-22,2023-08-31,2023-11-04,Amalie Arena,"Tampa, FL",Arena,FALSE,,,TRUE
Maluma,Maluma Unveils U.S. Dates For ‘Don Juan World Tour’,https://news.pollstar.com/2023/05/22/maluma-unveils-u-s-dates-for-don-juan-world-tour/,2023-05-22,2023-08-31,2023-11-04,Hertz Arena,"Fort Myers, FL",Arena,FALSE,,,TRUE
Maluma,Maluma Unveils U.S. Dates For ‘Don Juan World Tour’,https://news.pollstar.com/2023/05/22/maluma-unveils-u-s-dates-for-don-juan-world-tour/,2023-05-22,2023-08-31,2023-11-04,Amway Center,"Orlando, FL",Other,FALSE,,,TRUE
Maluma,Maluma Unveils U.S. Dates For ‘Don Juan World Tour’,https://news.pollstar.com/2023/05/22/maluma-unveils-u-s-dates-for-don-juan-world-tour/,2023-05-22,2023-08-31,2023-11-04,Kaseya Center,"Miami, FL",Arena,FALSE,,,TRUE
Post Malone To Embark On Summer Tour To Promote New Album ‘Austin’,Post Malone To Embark On Summer Tour To Promote New Album ‘Austin’,https://news.pollstar.com/2023/05/16/post-malone-to-embark-on-summer-tour-to-promote-new-album-austin/,2023-05-16,2023-07-08,2023-08-19,Ruoff Music Center,"Noblesville, IN",Amphitheater,LYV,,,TRUE
Post Malone To Embark On Summer Tour To Promote New Album ‘Austin’,Post Malone To Embark On Summer Tour To Promote New Album ‘Austin’,https://news.pollstar.com/2023/05/16/post-malone-to-embark-on-summer-tour-to-promote-new-album-austin/,2023-05-16,2023-07-08,2023-08-19,Riverbend Music Center,"Cincinnati, OH",Amphitheater,LYV,,,TRUE
Post Malone To Embark On Summer Tour To Promote New Album ‘Austin’,Post Malone To Embark On Summer Tour To Promote New Album ‘Austin’,https://news.pollstar.com/2023/05/16/post-malone-to-embark-on-summer-tour-to-promote-new-album-austin/,2023-05-16,2023-07-08,2023-08-19,Pine Knob Music Theatre,"Detroit, MI",Amphitheater,LYV,,,TRUE
Post Malone To Embark On Summer Tour To Promote New Album ‘Austin’,Post Malone To Embark On Summer Tour To Promote New Album ‘Austin’,https://news.pollstar.com/2023/05/16/post-malone-to-embark-on-summer-tour-to-promote-new-album-austin/,2023-05-16,2023-07-08,2023-08-19,The Pavilion at Star Lake,"Burgettstown, PA",Amphitheater,LYV,,,TRUE
Post Malone To Embark On Summer Tour To Promote New Album ‘Austin’,Post Malone To Embark On Summer Tour To Promote New Album ‘Austin’,https://news.pollstar.com/2023/05/16/post-malone-to-embark-on-summer-tour-to-promote-new-album-austin/,2023-05-16,2023-07-08,2023-08-19,Hollywood Casino Amphitheatre,"St. Louis, MO",Amphitheater,LYV,,,TRUE
Post Malone To Embark On Summer Tour To Promote New Album ‘Austin’,Post Malone To Embark On Summer Tour To Promote New Album ‘Austin’,https://news.pollstar.com/2023/05/16/post-malone-to-embark-on-summer-tour-to-promote-new-album-austin/,2023-05-16,2023-07-08,2023-08-19,Alpine Valley Music Theatre,"East Troy, WI",Amphitheater,LYV,,,TRUE
Post Malone To Embark On Summer Tour To Promote New Album ‘Austin’,Post Malone To Embark On Summer Tour To Promote New Album ‘Austin’,https://news.pollstar.com/2023/05/16/post-malone-to-embark-on-summer-tour-to-promote-new-album-austin/,2023-05-16,2023-07-08,2023-08-19,Darien Lake Amphitheater,"Buffalo, NY",Amphitheater,LYV,,,TRUE
Post Malone To Embark On Summer Tour To Promote New Album ‘Austin’,Post Malone To Embark On Summer Tour To Promote New Album ‘Austin’,https://news.pollstar.com/2023/05/16/post-malone-to-embark-on-summer-tour-to-promote-new-album-austin/,2023-05-16,2023-07-08,2023-08-19,Budweiser Stage,"Toronto, ON",Amphitheater,LYV,,,TRUE
Post Malone To Embark On Summer Tour To Promote New Album ‘Austin’,Post Malone To Embark On Summer Tour To Promote New Album ‘Austin’,https://news.pollstar.com/2023/05/16/post-malone-to-embark-on-summer-tour-to-promote-new-album-austin/,2023-05-16,2023-07-08,2023-08-19,Xfinity Center,"Mansfield, MA",Arena,LYV,,,TRUE
Post Malone To Embark On Summer Tour To Promote New Album ‘Austin’,Post Malone To Embark On Summer Tour To Promote New Album ‘Austin’,https://news.pollstar.com/2023/05/16/post-malone-to-embark-on-summer-tour-to-promote-new-album-austin/,2023-05-16,2023-07-08,2023-08-19,XFINITY Theatre,"Hartford, CT",Theater,LYV,,,TRUE
Post Malone To Embark On Summer Tour To Promote New Album ‘Austin’,Post Malone To Embark On Summer Tour To Promote New Album ‘Austin’,https://news.pollstar.com/2023/05/16/post-malone-to-embark-on-summer-tour-to-promote-new-album-austin/,2023-05-16,2023-07-08,2023-08-19,Freedom Mortgage Pavilion,"Camden, NJ",Amphitheater,LYV,,,TRUE
Post Malone To Embark On Summer Tour To Promote New Album ‘Austin’,Post Malone To Embark On Summer Tour To Promote New Album ‘Austin’,https://news.pollstar.com/2023/05/16/post-malone-to-embark-on-summer-tour-to-promote-new-album-austin/,2023-05-16,2023-07-08,2023-08-19,Jiffy Lube Live,"Bristow, VA",Amphitheater,LYV,,,TRUE
Post Malone To Embark On Summer Tour To Promote New Album ‘Austin’,Post Malone To Embark On Summer Tour To Promote New Album ‘Austin’,https://news.pollstar.com/2023/05/16/post-malone-to-embark-on-summer-tour-to-promote-new-album-austin/,2023-05-16,2023-07-08,2023-08-19,PNC Music Pavilion,"Charlotte, NC",Amphitheater,LYV,,,TRUE
Post Malone To Embark On Summer Tour To Promote New Album ‘Austin’,Post Malone To Embark On Summer Tour To Promote New Album ‘Austin’,https://news.pollstar.com/2023/05/16/post-malone-to-embark-on-summer-tour-to-promote-new-album-austin/,2023-05-16,2023-07-08,2023-08-19,iTHINK Financial Amphitheatre,"West Palm Beach, FL",Amphitheater,LYV,,,TRUE
Post Malone To Embark On Summer Tour To Promote New Album ‘Austin’,Post Malone To Embark On Summer Tour To Promote New Album ‘Austin’,https://news.pollstar.com/2023/05/16/post-malone-to-embark-on-summer-tour-to-promote-new-album-austin/,2023-05-16,2023-07-08,2023-08-19,MIDFLORIDA Credit Union Amphitheatre,"Tampa, FL",Amphitheater,LYV,,,TRUE
Post Malone To Embark On Summer Tour To Promote New Album ‘Austin’,Post Malone To Embark On Summer Tour To Promote New Album ‘Austin’,https://news.pollstar.com/2023/05/16/post-malone-to-embark-on-summer-tour-to-promote-new-album-austin/,2023-05-16,2023-07-08,2023-08-19,Lakewood Amphitheatre,"Atlanta, GA",Amphitheater,LYV,,,TRUE
Post Malone To Embark On Summer Tour To Promote New Album ‘Austin’,Post Malone To Embark On Summer Tour To Promote New Album ‘Austin’,https://news.pollstar.com/2023/05/16/post-malone-to-embark-on-summer-tour-to-promote-new-album-austin/,2023-05-16,2023-07-08,2023-08-19,Dos Equis Pavilion,"Dallas, TX",Amphitheater,LYV,,,TRUE
Post Malone To Embark On Summer Tour To Promote New Album ‘Austin’,Post Malone To Embark On Summer Tour To Promote New Album ‘Austin’,https://news.pollstar.com/2023/05/16/post-malone-to-embark-on-summer-tour-to-promote-new-album-austin/,2023-05-16,2023-07-08,2023-08-19,The Cynthia Woods Mitchell Pavilion,"Houston, TX",Amphitheater,LYV,,,TRUE
Post Malone To Embark On Summer Tour To Promote New Album ‘Austin’,Post Malone To Embark On Summer Tour To Promote New Album ‘Austin’,https://news.pollstar.com/2023/05/16/post-malone-to-embark-on-summer-tour-to-promote-new-album-austin/,2023-05-16,2023-07-08,2023-08-19,Isleta Amphitheater,"Albuquerque, NM",Amphitheater,LYV,,,TRUE
Post Malone To Embark On Summer Tour To Promote New Album ‘Austin’,Post Malone To Embark On Summer Tour To Promote New Album ‘Austin’,https://news.pollstar.com/2023/05/16/post-malone-to-embark-on-summer-tour-to-promote-new-album-austin/,2023-05-16,2023-07-08,2023-08-19,Talking Stick Resort Amphitheatre,"Phoenix, AZ",Amphitheater,LYV,,,TRUE
Post Malone To Embark On Summer Tour To Promote New Album ‘Austin’,Post Malone To Embark On Summer Tour To Promote New Album ‘Austin’,https://news.pollstar.com/2023/05/16/post-malone-to-embark-on-summer-tour-to-promote-new-album-austin/,2023-05-16,2023-07-08,2023-08-19,North Island Credit Union Amphitheatre,"San Diego, CA",Amphitheater,LYV,,,TRUE
Post Malone To Embark On Summer Tour To Promote New Album ‘Austin’,Post Malone To Embark On Summer Tour To Promote New Album ‘Austin’,https://news.pollstar.com/2023/05/16/post-malone-to-embark-on-summer-tour-to-promote-new-album-austin/,2023-05-16,2023-07-08,2023-08-19,Toyota Amphitheatre,"Wheatland, CA",Amphitheater,LYV,,,TRUE
Post Malone To Embark On Summer Tour To Promote New Album ‘Austin’,Post Malone To Embark On Summer Tour To Promote New Album ‘Austin’,https://news.pollstar.com/2023/05/16/post-malone-to-embark-on-summer-tour-to-promote-new-album-austin/,2023-05-16,2023-07-08,2023-08-19,Shoreline Amphitheatre,"Mountain View, CA",Amphitheater,LYV,,,TRUE
Post Malone To Embark On Summer Tour To Promote New Album ‘Austin’,Post Malone To Embark On Summer Tour To Promote New Album ‘Austin’,https://news.pollstar.com/2023/05/16/post-malone-to-embark-on-summer-tour-to-promote-new-album-austin/,2023-05-16,2023-07-08,2023-08-19,Glen Helen Amphitheater,"San Bernardino, CA",Amphitheater,LYV,,,TRUE
Stevie Nicks,Stevie Nicks Adds 13 Dates To 2023 Tour,https://news.pollstar.com/2023/05/15/stevie-nicks-adds-13-dates-to-2023-tour/,2023-05-15,2023-05-16,2023-12-15,Thompson-Boling Arena,"Knoxville, TN",Arena,FALSE,,,TRUE
Stevie Nicks,Stevie Nicks Adds 13 Dates To 2023 Tour,https://news.pollstar.com/2023/05/15/stevie-nicks-adds-13-dates-to-2023-tour/,2023-05-15,2023-05-16,2023-12-15,State Farm Arena,"Atlanta, GA",Arena,FALSE,,,TRUE
Stevie Nicks,Stevie Nicks Adds 13 Dates To 2023 Tour,https://news.pollstar.com/2023/05/15/stevie-nicks-adds-13-dates-to-2023-tour/,2023-05-15,2023-05-16,2023-12-15,Amway Center,"Orlando, FL",Other,FALSE,,,TRUE
Stevie Nicks,Stevie Nicks Adds 13 Dates To 2023 Tour,https://news.pollstar.com/2023/05/15/stevie-nicks-adds-13-dates-to-2023-tour/,2023-05-15,2023-05-16,2023-12-15,Scotiabank Arena,"Toronto, ON",Arena,FALSE,,,TRUE
Stevie Nicks,Stevie Nicks Adds 13 Dates To 2023 Tour,https://news.pollstar.com/2023/05/15/stevie-nicks-adds-13-dates-to-2023-tour/,2023-05-15,2023-05-16,2023-12-15,United Center,"Chicago, IL",Arena,FALSE,,,TRUE
Stevie Nicks,Stevie Nicks Adds 13 Dates To 2023 Tour,https://news.pollstar.com/2023/05/15/stevie-nicks-adds-13-dates-to-2023-tour/,2023-05-15,2023-05-16,2023-12-15,KFC Yum! Center,"Louisville, KY",Arena,FALSE,,,TRUE
Stevie Nicks,Stevie Nicks Adds 13 Dates To 2023 Tour,https://news.pollstar.com/2023/05/15/stevie-nicks-adds-13-dates-to-2023-tour/,2023-05-15,2023-05-16,2023-12-15,Fiserv Forum,"Milwaukee, WI",Arena,FALSE,,,TRUE
Stevie Nicks,Stevie Nicks Adds 13 Dates To 2023 Tour,https://news.pollstar.com/2023/05/15/stevie-nicks-adds-13-dates-to-2023-tour/,2023-05-15,2023-05-16,2023-12-15,Toyota Center,"Houston, TX",Arena,FALSE,,,TRUE
Stevie Nicks,Stevie Nicks Adds 13 Dates To 2023 Tour,https://news.pollstar.com/2023/05/15/stevie-nicks-adds-13-dates-to-2023-tour/,2023-05-15,2023-05-16,2023-12-15,Moody Center,"Austin, TX",Arena,FALSE,,,TRUE
Stevie Nicks,Stevie Nicks Adds 13 Dates To 2023 Tour,https://news.pollstar.com/2023/05/15/stevie-nicks-adds-13-dates-to-2023-tour/,2023-05-15,2023-05-16,2023-12-15,PPG Paints Arena,"Pittsburgh, PA",Arena,FALSE,,,TRUE
Stevie Nicks,Stevie Nicks Adds 13 Dates To 2023 Tour,https://news.pollstar.com/2023/05/15/stevie-nicks-adds-13-dates-to-2023-tour/,2023-05-15,2023-05-16,2023-12-15,Madison Square Garden,"New York, NY",Arena,FALSE,,,TRUE
Stevie Nicks,Stevie Nicks Adds 13 Dates To 2023 Tour,https://news.pollstar.com/2023/05/15/stevie-nicks-adds-13-dates-to-2023-tour/,2023-05-15,2023-05-16,2023-12-15,KeyBank Center,"Buffalo, NY",Arena,FALSE,,,TRUE
Stevie Nicks,Stevie Nicks Adds 13 Dates To 2023 Tour,https://news.pollstar.com/2023/05/15/stevie-nicks-adds-13-dates-to-2023-tour/,2023-05-15,2023-05-16,2023-12-15,FedExForum,"Memphis, TN",Arena,FALSE,,,TRUE
Stevie Nicks,Stevie Nicks Adds 13 Dates To 2023 Tour,https://news.pollstar.com/2023/05/15/stevie-nicks-adds-13-dates-to-2023-tour/,2023-05-15,2023-05-16,2023-12-15,Enmarket Arena,"Savannah, GA",Arena,FALSE,,,TRUE
Stevie Nicks,Stevie Nicks Adds 13 Dates To 2023 Tour,https://news.pollstar.com/2023/05/15/stevie-nicks-adds-13-dates-to-2023-tour/,2023-05-15,2023-05-16,2023-12-15,PPL Center,"Allentown, PA",Arena,FALSE,,,TRUE
Stevie Nicks,Stevie Nicks Adds 13 Dates To 2023 Tour,https://news.pollstar.com/2023/05/15/stevie-nicks-adds-13-dates-to-2023-tour/,2023-05-15,2023-05-16,2023-12-15,Little Caesars Arena,"Detroit, MI",Theater,FALSE,,,TRUE
Stevie Nicks,Stevie Nicks Adds 13 Dates To 2023 Tour,https://news.pollstar.com/2023/05/15/stevie-nicks-adds-13-dates-to-2023-tour/,2023-05-15,2023-05-16,2023-12-15,Viejas Arena,"San Diego, CA",Arena,FALSE,,,TRUE
Stevie Nicks,Stevie Nicks Adds 13 Dates To 2023 Tour,https://news.pollstar.com/2023/05/15/stevie-nicks-adds-13-dates-to-2023-tour/,2023-05-15,2023-05-16,2023-12-15,Kia Forum,"Inglewood, CA",Arena,FALSE,,,TRUE
Stevie Nicks,Stevie Nicks Adds 13 Dates To 2023 Tour,https://news.pollstar.com/2023/05/15/stevie-nicks-adds-13-dates-to-2023-tour/,2023-05-15,2023-05-16,2023-12-15,Acrisure Arena,"Greater Palm Springs, CA",Arena,FALSE,,,TRUE
Stevie Nicks,Stevie Nicks Adds 13 Dates To 2023 Tour,https://news.pollstar.com/2023/05/15/stevie-nicks-adds-13-dates-to-2023-tour/,2023-05-15,2023-05-16,2023-12-15,Golden 1 Center,"Sacramento, CA",Arena,FALSE,,,TRUE
Stevie Nicks,Stevie Nicks Adds 13 Dates To 2023 Tour,https://news.pollstar.com/2023/05/15/stevie-nicks-adds-13-dates-to-2023-tour/,2023-05-15,2023-05-16,2023-12-15,Chase Center,"San Francisco, CA",Arena,FALSE,,,TRUE
Christian Nodal To Embark on 31-Date ‘Foraji2 Tour’ This Fall,Christian Nodal To Embark on 31-Date ‘Foraji2 Tour’ This Fall,https://news.pollstar.com/2023/05/08/christian-nodal-to-embark-on-31-date-foraji2-tour-this-fall/,2023-05-08,2023-08-25,2023-11-12,Honda Center,"Anaheim, CA",Arena,FALSE,,,TRUE
Christian Nodal To Embark on 31-Date ‘Foraji2 Tour’ This Fall,Christian Nodal To Embark on 31-Date ‘Foraji2 Tour’ This Fall,https://news.pollstar.com/2023/05/08/christian-nodal-to-embark-on-31-date-foraji2-tour-this-fall/,2023-05-08,2023-08-25,2023-11-12,Acrisure Arena,"Palm Springs, CA",Arena,FALSE,,,TRUE
Christian Nodal To Embark on 31-Date ‘Foraji2 Tour’ This Fall,Christian Nodal To Embark on 31-Date ‘Foraji2 Tour’ This Fall,https://news.pollstar.com/2023/05/08/christian-nodal-to-embark-on-31-date-foraji2-tour-this-fall/,2023-05-08,2023-08-25,2023-11-12,Desert Diamond Arena (Gila River),"Glendale, AZ",Arena,FALSE,,,TRUE
Christian Nodal To Embark on 31-Date ‘Foraji2 Tour’ This Fall,Christian Nodal To Embark on 31-Date ‘Foraji2 Tour’ This Fall,https://news.pollstar.com/2023/05/08/christian-nodal-to-embark-on-31-date-foraji2-tour-this-fall/,2023-05-08,2023-08-25,2023-11-12,Allstate Arena,"Chicago, IL",Arena,FALSE,,,TRUE
Christian Nodal To Embark on 31-Date ‘Foraji2 Tour’ This Fall,Christian Nodal To Embark on 31-Date ‘Foraji2 Tour’ This Fall,https://news.pollstar.com/2023/05/08/christian-nodal-to-embark-on-31-date-foraji2-tour-this-fall/,2023-05-08,2023-08-25,2023-11-12,Gainbridge Fieldhouse,"Indianapolis, IN",Arena,FALSE,,,TRUE
Christian Nodal To Embark on 31-Date ‘Foraji2 Tour’ This Fall,Christian Nodal To Embark on 31-Date ‘Foraji2 Tour’ This Fall,https://news.pollstar.com/2023/05/08/christian-nodal-to-embark-on-31-date-foraji2-tour-this-fall/,2023-05-08,2023-08-25,2023-11-12,Toyota Center,"Houston, TX",Arena,FALSE,,,TRUE
Christian Nodal To Embark on 31-Date ‘Foraji2 Tour’ This Fall,Christian Nodal To Embark on 31-Date ‘Foraji2 Tour’ This Fall,https://news.pollstar.com/2023/05/08/christian-nodal-to-embark-on-31-date-foraji2-tour-this-fall/,2023-05-08,2023-08-25,2023-11-12,Sames Auto Arena,"Laredo, TX",Arena,FALSE,,,TRUE
Christian Nodal To Embark on 31-Date ‘Foraji2 Tour’ This Fall,Christian Nodal To Embark on 31-Date ‘Foraji2 Tour’ This Fall,https://news.pollstar.com/2023/05/08/christian-nodal-to-embark-on-31-date-foraji2-tour-this-fall/,2023-05-08,2023-08-25,2023-11-12,H-E-B Center,"Austin, TX",Other,FALSE,,,TRUE
Christian Nodal To Embark on 31-Date ‘Foraji2 Tour’ This Fall,Christian Nodal To Embark on 31-Date ‘Foraji2 Tour’ This Fall,https://news.pollstar.com/2023/05/08/christian-nodal-to-embark-on-31-date-foraji2-tour-this-fall/,2023-05-08,2023-08-25,2023-11-12,Dickies Arena,"Fort Worth, TX",Arena,FALSE,,,TRUE
Christian Nodal To Embark on 31-Date ‘Foraji2 Tour’ This Fall,Christian Nodal To Embark on 31-Date ‘Foraji2 Tour’ This Fall,https://news.pollstar.com/2023/05/08/christian-nodal-to-embark-on-31-date-foraji2-tour-this-fall/,2023-05-08,2023-08-25,2023-11-12,Mechanics Bank Arena,"Bakersfield, CA",Arena,FALSE,,,TRUE
Christian Nodal To Embark on 31-Date ‘Foraji2 Tour’ This Fall,Christian Nodal To Embark on 31-Date ‘Foraji2 Tour’ This Fall,https://news.pollstar.com/2023/05/08/christian-nodal-to-embark-on-31-date-foraji2-tour-this-fall/,2023-05-08,2023-08-25,2023-11-12,Save Mart Center,"Fresno, CA",Arena,LYV,,,TRUE
Christian Nodal To Embark on 31-Date ‘Foraji2 Tour’ This Fall,Christian Nodal To Embark on 31-Date ‘Foraji2 Tour’ This Fall,https://news.pollstar.com/2023/05/08/christian-nodal-to-embark-on-31-date-foraji2-tour-this-fall/,2023-05-08,2023-08-25,2023-11-12,Golden 1 Center,"Sacramento, CA",Arena,FALSE,,,TRUE
Christian Nodal To Embark on 31-Date ‘Foraji2 Tour’ This Fall,Christian Nodal To Embark on 31-Date ‘Foraji2 Tour’ This Fall,https://news.pollstar.com/2023/05/08/christian-nodal-to-embark-on-31-date-foraji2-tour-this-fall/,2023-05-08,2023-08-25,2023-11-12,Oakland Arena,"Oakland, CA",Arena,FALSE,,,TRUE
Christian Nodal To Embark on 31-Date ‘Foraji2 Tour’ This Fall,Christian Nodal To Embark on 31-Date ‘Foraji2 Tour’ This Fall,https://news.pollstar.com/2023/05/08/christian-nodal-to-embark-on-31-date-foraji2-tour-this-fall/,2023-05-08,2023-08-25,2023-11-12,Gas South District,"Atlanta, GA",Arena,FALSE,,,TRUE
Christian Nodal To Embark on 31-Date ‘Foraji2 Tour’ This Fall,Christian Nodal To Embark on 31-Date ‘Foraji2 Tour’ This Fall,https://news.pollstar.com/2023/05/08/christian-nodal-to-embark-on-31-date-foraji2-tour-this-fall/,2023-05-08,2023-08-25,2023-11-12,Amalie Arena,"Tampa, FL",Arena,FALSE,,,TRUE
Christian Nodal To Embark on 31-Date ‘Foraji2 Tour’ This Fall,Christian Nodal To Embark on 31-Date ‘Foraji2 Tour’ This Fall,https://news.pollstar.com/2023/05/08/christian-nodal-to-embark-on-31-date-foraji2-tour-this-fall/,2023-05-08,2023-08-25,2023-11-12,Kaseya Center,"Miami, FL",Arena,FALSE,,,TRUE
Christian Nodal To Embark on 31-Date ‘Foraji2 Tour’ This Fall,Christian Nodal To Embark on 31-Date ‘Foraji2 Tour’ This Fall,https://news.pollstar.com/2023/05/08/christian-nodal-to-embark-on-31-date-foraji2-tour-this-fall/,2023-05-08,2023-08-25,2023-11-12,Bellco Theater,"Denver, CO",Theater,FALSE,,,TRUE
Christian Nodal To Embark on 31-Date ‘Foraji2 Tour’ This Fall,Christian Nodal To Embark on 31-Date ‘Foraji2 Tour’ This Fall,https://news.pollstar.com/2023/05/08/christian-nodal-to-embark-on-31-date-foraji2-tour-this-fall/,2023-05-08,2023-08-25,2023-11-12,Delta Center,"Salt Lake City, UT",Arena,FALSE,,,TRUE
Christian Nodal To Embark on 31-Date ‘Foraji2 Tour’ This Fall,Christian Nodal To Embark on 31-Date ‘Foraji2 Tour’ This Fall,https://news.pollstar.com/2023/05/08/christian-nodal-to-embark-on-31-date-foraji2-tour-this-fall/,2023-05-08,2023-08-25,2023-11-12,Michelob Ultra Arena,"Las Vegas, NV",Arena,FALSE,,,TRUE
Christian Nodal To Embark on 31-Date ‘Foraji2 Tour’ This Fall,Christian Nodal To Embark on 31-Date ‘Foraji2 Tour’ This Fall,https://news.pollstar.com/2023/05/08/christian-nodal-to-embark-on-31-date-foraji2-tour-this-fall/,2023-05-08,2023-08-25,2023-11-12,Kia Forum,"Los Angeles, CA",Arena,FALSE,,,TRUE
Christian Nodal To Embark on 31-Date ‘Foraji2 Tour’ This Fall,Christian Nodal To Embark on 31-Date ‘Foraji2 Tour’ This Fall,https://news.pollstar.com/2023/05/08/christian-nodal-to-embark-on-31-date-foraji2-tour-this-fall/,2023-05-08,2023-08-25,2023-11-12,Wamu Theater,"Seattle, WA",Theater,FALSE,,,TRUE
Christian Nodal To Embark on 31-Date ‘Foraji2 Tour’ This Fall,Christian Nodal To Embark on 31-Date ‘Foraji2 Tour’ This Fall,https://news.pollstar.com/2023/05/08/christian-nodal-to-embark-on-31-date-foraji2-tour-this-fall/,2023-05-08,2023-08-25,2023-11-12,Veterans Memorial Coliseum,"Portland, OR",Arena,FALSE,,,TRUE
Christian Nodal To Embark on 31-Date ‘Foraji2 Tour’ This Fall,Christian Nodal To Embark on 31-Date ‘Foraji2 Tour’ This Fall,https://news.pollstar.com/2023/05/08/christian-nodal-to-embark-on-31-date-foraji2-tour-this-fall/,2023-05-08,2023-08-25,2023-11-12,Toyota Arena,"Ontario, CA",Arena,FALSE,,,TRUE
Christian Nodal To Embark on 31-Date ‘Foraji2 Tour’ This Fall,Christian Nodal To Embark on 31-Date ‘Foraji2 Tour’ This Fall,https://news.pollstar.com/2023/05/08/christian-nodal-to-embark-on-31-date-foraji2-tour-this-fall/,2023-05-08,2023-08-25,2023-11-12,Pechanga Arena,"San Diego, CA",Arena,FALSE,,,TRUE
Christian Nodal To Embark on 31-Date ‘Foraji2 Tour’ This Fall,Christian Nodal To Embark on 31-Date ‘Foraji2 Tour’ This Fall,https://news.pollstar.com/2023/05/08/christian-nodal-to-embark-on-31-date-foraji2-tour-this-fall/,2023-05-08,2023-08-25,2023-11-12,Mohegan Sun Casino,"Uncasville, CT",Theater,FALSE,,,TRUE
Christian Nodal To Embark on 31-Date ‘Foraji2 Tour’ This Fall,Christian Nodal To Embark on 31-Date ‘Foraji2 Tour’ This Fall,https://news.pollstar.com/2023/05/08/christian-nodal-to-embark-on-31-date-foraji2-tour-this-fall/,2023-05-08,2023-08-25,2023-11-12,EagleBank Arena,"Washington, DC",Arena,FALSE,,,TRUE
Christian Nodal To Embark on 31-Date ‘Foraji2 Tour’ This Fall,Christian Nodal To Embark on 31-Date ‘Foraji2 Tour’ This Fall,https://news.pollstar.com/2023/05/08/christian-nodal-to-embark-on-31-date-foraji2-tour-this-fall/,2023-05-08,2023-08-25,2023-11-12,Agganis Arena,"Boston, MA",Arena,FALSE,,,TRUE
Christian Nodal To Embark on 31-Date ‘Foraji2 Tour’ This Fall,Christian Nodal To Embark on 31-Date ‘Foraji2 Tour’ This Fall,https://news.pollstar.com/2023/05/08/christian-nodal-to-embark-on-31-date-foraji2-tour-this-fall/,2023-05-08,2023-08-25,2023-11-12,UBS Arena,"New York, NY",Arena,FALSE,,,TRUE
Christian Nodal To Embark on 31-Date ‘Foraji2 Tour’ This Fall,Christian Nodal To Embark on 31-Date ‘Foraji2 Tour’ This Fall,https://news.pollstar.com/2023/05/08/christian-nodal-to-embark-on-31-date-foraji2-tour-this-fall/,2023-05-08,2023-08-25,2023-11-12,Prudential Center,"Newark, NJ",Arena,FALSE,,,TRUE
Christian Nodal To Embark on 31-Date ‘Foraji2 Tour’ This Fall,Christian Nodal To Embark on 31-Date ‘Foraji2 Tour’ This Fall,https://news.pollstar.com/2023/05/08/christian-nodal-to-embark-on-31-date-foraji2-tour-this-fall/,2023-05-08,2023-08-25,2023-11-12,Santander Arena,"Reading, PA",Arena,FALSE,,,TRUE
Bert Kreischer,Bert Kreischer Adds 31 Fall Dates to ‘Tops Off World Tour’,https://news.pollstar.com/2023/05/02/bert-kreischer-adds-31-fall-dates-to-tops-off-world-tour/,2023-05-02,2023-06-14,2023-12-10,Forest Hills Stadium,"Forest Hills, NY",Stadium,FALSE,,,TRUE
Bert Kreischer,Bert Kreischer Adds 31 Fall Dates to ‘Tops Off World Tour’,https://news.pollstar.com/2023/05/02/bert-kreischer-adds-31-fall-dates-to-tops-off-world-tour/,2023-05-02,2023-06-14,2023-12-10,CFG Bank Arena,"Baltimore, MD",Arena,FALSE,,,TRUE
Bert Kreischer,Bert Kreischer Adds 31 Fall Dates to ‘Tops Off World Tour’,https://news.pollstar.com/2023/05/02/bert-kreischer-adds-31-fall-dates-to-tops-off-world-tour/,2023-05-02,2023-06-14,2023-12-10,"Moosic, PA (limited tickets available)",PNC Field,Other,FALSE,,,TRUE
Bert Kreischer,Bert Kreischer Adds 31 Fall Dates to ‘Tops Off World Tour’,https://news.pollstar.com/2023/05/02/bert-kreischer-adds-31-fall-dates-to-tops-off-world-tour/,2023-05-02,2023-06-14,2023-12-10,"Gilford, NH (sold out)",Bank of New Hampshire Pavilion,Other,FALSE,,,TRUE
Bert Kreischer,Bert Kreischer Adds 31 Fall Dates to ‘Tops Off World Tour’,https://news.pollstar.com/2023/05/02/bert-kreischer-adds-31-fall-dates-to-tops-off-world-tour/,2023-05-02,2023-06-14,2023-12-10,Bank of New Hampshire Pavilion,"Gilford, NH",Amphitheater,LYV,,,TRUE
Bert Kreischer,Bert Kreischer Adds 31 Fall Dates to ‘Tops Off World Tour’,https://news.pollstar.com/2023/05/02/bert-kreischer-adds-31-fall-dates-to-tops-off-world-tour/,2023-05-02,2023-06-14,2023-12-10,"Traverse City, MI (sold out)",Turtle Creek Stadium,Other,FALSE,,,TRUE
Bert Kreischer,Bert Kreischer Adds 31 Fall Dates to ‘Tops Off World Tour’,https://news.pollstar.com/2023/05/02/bert-kreischer-adds-31-fall-dates-to-tops-off-world-tour/,2023-05-02,2023-06-14,2023-12-10,"Fort Wayne, IN (sold out)",Parkview Field,Other,FALSE,,,TRUE
Bert Kreischer,Bert Kreischer Adds 31 Fall Dates to ‘Tops Off World Tour’,https://news.pollstar.com/2023/05/02/bert-kreischer-adds-31-fall-dates-to-tops-off-world-tour/,2023-05-02,2023-06-14,2023-12-10,Enterprise Center,"St. Louis, MO",Arena,FALSE,,,TRUE
Bert Kreischer,Bert Kreischer Adds 31 Fall Dates to ‘Tops Off World Tour’,https://news.pollstar.com/2023/05/02/bert-kreischer-adds-31-fall-dates-to-tops-off-world-tour/,2023-05-02,2023-06-14,2023-12-10,Pinnacle Bank Arena,"Lincoln, NE",Theater,FALSE,,,TRUE
Bert Kreischer,Bert Kreischer Adds 31 Fall Dates to ‘Tops Off World Tour’,https://news.pollstar.com/2023/05/02/bert-kreischer-adds-31-fall-dates-to-tops-off-world-tour/,2023-05-02,2023-06-14,2023-12-10,The Orion Amphitheater,"Huntsville, AL",Amphitheater,LYV,,,TRUE
Bert Kreischer,Bert Kreischer Adds 31 Fall Dates to ‘Tops Off World Tour’,https://news.pollstar.com/2023/05/02/bert-kreischer-adds-31-fall-dates-to-tops-off-world-tour/,2023-05-02,2023-06-14,2023-12-10,Smoothie King Center,"New Orleans, LA",Arena,FALSE,,,TRUE
Bert Kreischer,Bert Kreischer Adds 31 Fall Dates to ‘Tops Off World Tour’,https://news.pollstar.com/2023/05/02/bert-kreischer-adds-31-fall-dates-to-tops-off-world-tour/,2023-05-02,2023-06-14,2023-12-10,AutoZone Park,"Memphis, TN",Other,FALSE,,,TRUE
Bert Kreischer,Bert Kreischer Adds 31 Fall Dates to ‘Tops Off World Tour’,https://news.pollstar.com/2023/05/02/bert-kreischer-adds-31-fall-dates-to-tops-off-world-tour/,2023-05-02,2023-06-14,2023-12-10,"Oklahoma City, OK (limited tickets available)",Paycom Center,Other,FALSE,,,TRUE
Bert Kreischer,Bert Kreischer Adds 31 Fall Dates to ‘Tops Off World Tour’,https://news.pollstar.com/2023/05/02/bert-kreischer-adds-31-fall-dates-to-tops-off-world-tour/,2023-05-02,2023-06-14,2023-12-10,T-Mobile Arena,"Las Vegas, NV",Arena,FALSE,,,TRUE
Bert Kreischer,Bert Kreischer Adds 31 Fall Dates to ‘Tops Off World Tour’,https://news.pollstar.com/2023/05/02/bert-kreischer-adds-31-fall-dates-to-tops-off-world-tour/,2023-05-02,2023-06-14,2023-12-10,Vivint Arena,"Salt Lake City, UT",Arena,FALSE,,,TRUE
Bert Kreischer,Bert Kreischer Adds 31 Fall Dates to ‘Tops Off World Tour’,https://news.pollstar.com/2023/05/02/bert-kreischer-adds-31-fall-dates-to-tops-off-world-tour/,2023-05-02,2023-06-14,2023-12-10,ExtraMile Arena,"Boise, ID",Arena,FALSE,,,TRUE
Bert Kreischer,Bert Kreischer Adds 31 Fall Dates to ‘Tops Off World Tour’,https://news.pollstar.com/2023/05/02/bert-kreischer-adds-31-fall-dates-to-tops-off-world-tour/,2023-05-02,2023-06-14,2023-12-10,Gorge Amphitheatre,"George, WA",Amphitheater,LYV,,,TRUE
Bert Kreischer,Bert Kreischer Adds 31 Fall Dates to ‘Tops Off World Tour’,https://news.pollstar.com/2023/05/02/bert-kreischer-adds-31-fall-dates-to-tops-off-world-tour/,2023-05-02,2023-06-14,2023-12-10,PNC Arena,"Raleigh, NC",Arena,FALSE,,,TRUE
Bert Kreischer,Bert Kreischer Adds 31 Fall Dates to ‘Tops Off World Tour’,https://news.pollstar.com/2023/05/02/bert-kreischer-adds-31-fall-dates-to-tops-off-world-tour/,2023-05-02,2023-06-14,2023-12-10,Spectrum Center,"Charlotte, NC",Arena,FALSE,,,TRUE
Bert Kreischer,Bert Kreischer Adds 31 Fall Dates to ‘Tops Off World Tour’,https://news.pollstar.com/2023/05/02/bert-kreischer-adds-31-fall-dates-to-tops-off-world-tour/,2023-05-02,2023-06-14,2023-12-10,State Farm Arena,"Atlanta, GA",Arena,FALSE,,,TRUE
Bert Kreischer,Bert Kreischer Adds 31 Fall Dates to ‘Tops Off World Tour’,https://news.pollstar.com/2023/05/02/bert-kreischer-adds-31-fall-dates-to-tops-off-world-tour/,2023-05-02,2023-06-14,2023-12-10,Bon Secours Wellness Arena,"Greenville, SC",Arena,FALSE,,,TRUE
Bert Kreischer,Bert Kreischer Adds 31 Fall Dates to ‘Tops Off World Tour’,https://news.pollstar.com/2023/05/02/bert-kreischer-adds-31-fall-dates-to-tops-off-world-tour/,2023-05-02,2023-06-14,2023-12-10,Ford Center,"Evansville, IN",Arena,FALSE,,,TRUE
Bert Kreischer,Bert Kreischer Adds 31 Fall Dates to ‘Tops Off World Tour’,https://news.pollstar.com/2023/05/02/bert-kreischer-adds-31-fall-dates-to-tops-off-world-tour/,2023-05-02,2023-06-14,2023-12-10,T-Mobile Center,"Kansas City, MO",Arena,FALSE,,,TRUE
Bert Kreischer,Bert Kreischer Adds 31 Fall Dates to ‘Tops Off World Tour’,https://news.pollstar.com/2023/05/02/bert-kreischer-adds-31-fall-dates-to-tops-off-world-tour/,2023-05-02,2023-06-14,2023-12-10,INTRUST Bank Arena,"Wichita, KS",Arena,FALSE,,,TRUE
Bert Kreischer,Bert Kreischer Adds 31 Fall Dates to ‘Tops Off World Tour’,https://news.pollstar.com/2023/05/02/bert-kreischer-adds-31-fall-dates-to-tops-off-world-tour/,2023-05-02,2023-06-14,2023-12-10,American Airlines Center,"Dallas, TX",Arena,FALSE,,,TRUE
Bert Kreischer,Bert Kreischer Adds 31 Fall Dates to ‘Tops Off World Tour’,https://news.pollstar.com/2023/05/02/bert-kreischer-adds-31-fall-dates-to-tops-off-world-tour/,2023-05-02,2023-06-14,2023-12-10,Toyota Center,"Houston, TX",Arena,FALSE,,,TRUE
Bert Kreischer,Bert Kreischer Adds 31 Fall Dates to ‘Tops Off World Tour’,https://news.pollstar.com/2023/05/02/bert-kreischer-adds-31-fall-dates-to-tops-off-world-tour/,2023-05-02,2023-06-14,2023-12-10,Save Mart Center,"Fresno, CA",Arena,LYV,,,TRUE
Bert Kreischer,Bert Kreischer Adds 31 Fall Dates to ‘Tops Off World Tour’,https://news.pollstar.com/2023/05/02/bert-kreischer-adds-31-fall-dates-to-tops-off-world-tour/,2023-05-02,2023-06-14,2023-12-10,SAP Center,"San Jose, CA",Arena,FALSE,,,TRUE
Bert Kreischer,Bert Kreischer Adds 31 Fall Dates to ‘Tops Off World Tour’,https://news.pollstar.com/2023/05/02/bert-kreischer-adds-31-fall-dates-to-tops-off-world-tour/,2023-05-02,2023-06-14,2023-12-10,Honda Center,"Anaheim, CA",Arena,FALSE,,,TRUE
Bert Kreischer,Bert Kreischer Adds 31 Fall Dates to ‘Tops Off World Tour’,https://news.pollstar.com/2023/05/02/bert-kreischer-adds-31-fall-dates-to-tops-off-world-tour/,2023-05-02,2023-06-14,2023-12-10,Pechanga Arena,"San Diego, CA",Arena,FALSE,,,TRUE
Bert Kreischer,Bert Kreischer Adds 31 Fall Dates to ‘Tops Off World Tour’,https://news.pollstar.com/2023/05/02/bert-kreischer-adds-31-fall-dates-to-tops-off-world-tour/,2023-05-02,2023-06-14,2023-12-10,Gerald R. Ford Amphitheater,"Vail, CO",Amphitheater,LYV,,,TRUE
Bert Kreischer,Bert Kreischer Adds 31 Fall Dates to ‘Tops Off World Tour’,https://news.pollstar.com/2023/05/02/bert-kreischer-adds-31-fall-dates-to-tops-off-world-tour/,2023-05-02,2023-06-14,2023-12-10,Hard Rock Live at Seminole Hard Rock Hotel & Casino,"Hollywood, FL",Theater,FALSE,,,TRUE
Bert Kreischer,Bert Kreischer Adds 31 Fall Dates to ‘Tops Off World Tour’,https://news.pollstar.com/2023/05/02/bert-kreischer-adds-31-fall-dates-to-tops-off-world-tour/,2023-05-02,2023-06-14,2023-12-10,VyStar Veterans Memorial Arena,"Jacksonville, FL",Arena,FALSE,,,TRUE
Bert Kreischer,Bert Kreischer Adds 31 Fall Dates to ‘Tops Off World Tour’,https://news.pollstar.com/2023/05/02/bert-kreischer-adds-31-fall-dates-to-tops-off-world-tour/,2023-05-02,2023-06-14,2023-12-10,Mobile Civic Center,"Mobile, AL",Other,FALSE,,,TRUE
Bert Kreischer,Bert Kreischer Adds 31 Fall Dates to ‘Tops Off World Tour’,https://news.pollstar.com/2023/05/02/bert-kreischer-adds-31-fall-dates-to-tops-off-world-tour/,2023-05-02,2023-06-14,2023-12-10,Norwegian Pearl (waitlist),"Miami, Great Stirrup Cay & Nassau, Bahamas",Other,FALSE,,,TRUE
Bert Kreischer,Bert Kreischer Adds 31 Fall Dates to ‘Tops Off World Tour’,https://news.pollstar.com/2023/05/02/bert-kreischer-adds-31-fall-dates-to-tops-off-world-tour/,2023-05-02,2023-06-14,2023-12-10,Fiserv Forum,"Milwaukee, WI",Arena,FALSE,,,TRUE
Bert Kreischer,Bert Kreischer Adds 31 Fall Dates to ‘Tops Off World Tour’,https://news.pollstar.com/2023/05/02/bert-kreischer-adds-31-fall-dates-to-tops-off-world-tour/,2023-05-02,2023-06-14,2023-12-10,Heritage Bank Center,"Cincinnati, OH",Arena,FALSE,,,TRUE
Bert Kreischer,Bert Kreischer Adds 31 Fall Dates to ‘Tops Off World Tour’,https://news.pollstar.com/2023/05/02/bert-kreischer-adds-31-fall-dates-to-tops-off-world-tour/,2023-05-02,2023-06-14,2023-12-10,Bridgestone Arena,"Nashville, TN",Arena,FALSE,,,TRUE
Bert Kreischer,Bert Kreischer Adds 31 Fall Dates to ‘Tops Off World Tour’,https://news.pollstar.com/2023/05/02/bert-kreischer-adds-31-fall-dates-to-tops-off-world-tour/,2023-05-02,2023-06-14,2023-12-10,Simmons Bank Arena,"Little Rock, AR",Arena,FALSE,,,TRUE
Bert Kreischer,Bert Kreischer Adds 31 Fall Dates to ‘Tops Off World Tour’,https://news.pollstar.com/2023/05/02/bert-kreischer-adds-31-fall-dates-to-tops-off-world-tour/,2023-05-02,2023-06-14,2023-12-10,Great Southern Bank Arena,"Springfield, MO",Arena,FALSE,,,TRUE
Bert Kreischer,Bert Kreischer Adds 31 Fall Dates to ‘Tops Off World Tour’,https://news.pollstar.com/2023/05/02/bert-kreischer-adds-31-fall-dates-to-tops-off-world-tour/,2023-05-02,2023-06-14,2023-12-10,Wells Fargo Center,"Philadelphia, PA",Arena,FALSE,,,TRUE
Bert Kreischer,Bert Kreischer Adds 31 Fall Dates to ‘Tops Off World Tour’,https://news.pollstar.com/2023/05/02/bert-kreischer-adds-31-fall-dates-to-tops-off-world-tour/,2023-05-02,2023-06-14,2023-12-10,Scope Arena,"Norfolk, VA",Arena,FALSE,,,TRUE
Bert Kreischer,Bert Kreischer Adds 31 Fall Dates to ‘Tops Off World Tour’,https://news.pollstar.com/2023/05/02/bert-kreischer-adds-31-fall-dates-to-tops-off-world-tour/,2023-05-02,2023-06-14,2023-12-10,LJVM Coliseum,"Winston-Salem, NC",Other,FALSE,,,TRUE
Bert Kreischer,Bert Kreischer Adds 31 Fall Dates to ‘Tops Off World Tour’,https://news.pollstar.com/2023/05/02/bert-kreischer-adds-31-fall-dates-to-tops-off-world-tour/,2023-05-02,2023-06-14,2023-12-10,EagleBank Arena,"Fairfax, VA",Arena,FALSE,,,TRUE
Bert Kreischer,Bert Kreischer Adds 31 Fall Dates to ‘Tops Off World Tour’,https://news.pollstar.com/2023/05/02/bert-kreischer-adds-31-fall-dates-to-tops-off-world-tour/,2023-05-02,2023-06-14,2023-12-10,Berglund Center,"Roanoke, VA",Other,FALSE,,,TRUE
Bert Kreischer,Bert Kreischer Adds 31 Fall Dates to ‘Tops Off World Tour’,https://news.pollstar.com/2023/05/02/bert-kreischer-adds-31-fall-dates-to-tops-off-world-tour/,2023-05-02,2023-06-14,2023-12-10,Blue Cross Arena,"Rochester, NY",Arena,FALSE,,,TRUE
Bert Kreischer,Bert Kreischer Adds 31 Fall Dates to ‘Tops Off World Tour’,https://news.pollstar.com/2023/05/02/bert-kreischer-adds-31-fall-dates-to-tops-off-world-tour/,2023-05-02,2023-06-14,2023-12-10,DCU Center,"Worcester, MA",Other,FALSE,,,TRUE
Bert Kreischer,Bert Kreischer Adds 31 Fall Dates to ‘Tops Off World Tour’,https://news.pollstar.com/2023/05/02/bert-kreischer-adds-31-fall-dates-to-tops-off-world-tour/,2023-05-02,2023-06-14,2023-12-10,Amica Mutual Pavilion,"Providence, RI",Amphitheater,FALSE,,,TRUE
Bert Kreischer,Bert Kreischer Adds 31 Fall Dates to ‘Tops Off World Tour’,https://news.pollstar.com/2023/05/02/bert-kreischer-adds-31-fall-dates-to-tops-off-world-tour/,2023-05-02,2023-06-14,2023-12-10,MVP Arena,"Albany, NY",Arena,FALSE,,,TRUE
Jonas Brothers,Jonas Brothers Unveil Fall Tour Dates,https://news.pollstar.com/2023/05/02/jonas-brothers-unveil-fall-tour-dates/,2023-05-02,2023-08-12,2023-10-14,Yankee Stadium,"Bronx, NY",Stadium,FALSE,,,TRUE
Jonas Brothers,Jonas Brothers Unveil Fall Tour Dates,https://news.pollstar.com/2023/05/02/jonas-brothers-unveil-fall-tour-dates/,2023-05-02,2023-08-12,2023-10-14,Yankee Stadium,"Bronx, NY",Stadium,FALSE,,,TRUE
Jonas Brothers,Jonas Brothers Unveil Fall Tour Dates,https://news.pollstar.com/2023/05/02/jonas-brothers-unveil-fall-tour-dates/,2023-05-02,2023-08-12,2023-10-14,TD Garden,"Boston, MA",Arena,FALSE,,,TRUE
Jonas Brothers,Jonas Brothers Unveil Fall Tour Dates,https://news.pollstar.com/2023/05/02/jonas-brothers-unveil-fall-tour-dates/,2023-05-02,2023-08-12,2023-10-14,Mohegan Sun Arena,"Uncasville, CT",Arena,FALSE,,,TRUE
Jonas Brothers,Jonas Brothers Unveil Fall Tour Dates,https://news.pollstar.com/2023/05/02/jonas-brothers-unveil-fall-tour-dates/,2023-05-02,2023-08-12,2023-10-14,Rogers Centre,"Toronto, ON",Arena,FALSE,,,TRUE
Jonas Brothers,Jonas Brothers Unveil Fall Tour Dates,https://news.pollstar.com/2023/05/02/jonas-brothers-unveil-fall-tour-dates/,2023-05-02,2023-08-12,2023-10-14,Gainbridge Fieldhouse,"Indianapolis, IN",Arena,FALSE,,,TRUE
Jonas Brothers,Jonas Brothers Unveil Fall Tour Dates,https://news.pollstar.com/2023/05/02/jonas-brothers-unveil-fall-tour-dates/,2023-05-02,2023-08-12,2023-10-14,Little Caesars Arena,"Detroit, MI",Theater,FALSE,,,TRUE
Jonas Brothers,Jonas Brothers Unveil Fall Tour Dates,https://news.pollstar.com/2023/05/02/jonas-brothers-unveil-fall-tour-dates/,2023-05-02,2023-08-12,2023-10-14,Wrigley Field,"Chicago, IL",Stadium,FALSE,,,TRUE
Jonas Brothers,Jonas Brothers Unveil Fall Tour Dates,https://news.pollstar.com/2023/05/02/jonas-brothers-unveil-fall-tour-dates/,2023-05-02,2023-08-12,2023-10-14,Enterprise Center,"St. Louis, MO",Arena,FALSE,,,TRUE
Jonas Brothers,Jonas Brothers Unveil Fall Tour Dates,https://news.pollstar.com/2023/05/02/jonas-brothers-unveil-fall-tour-dates/,2023-05-02,2023-08-12,2023-10-14,Globe Life Field,"Arlington, TX",Stadium,FALSE,,,TRUE
Jonas Brothers,Jonas Brothers Unveil Fall Tour Dates,https://news.pollstar.com/2023/05/02/jonas-brothers-unveil-fall-tour-dates/,2023-05-02,2023-08-12,2023-10-14,Minnesota State Fair,"Saint Paul, MN",Amphitheater,FALSE,,,TRUE
Jonas Brothers,Jonas Brothers Unveil Fall Tour Dates,https://news.pollstar.com/2023/05/02/jonas-brothers-unveil-fall-tour-dates/,2023-05-02,2023-08-12,2023-10-14,Moody Center,"Austin, TX",Arena,FALSE,,,TRUE
Jonas Brothers,Jonas Brothers Unveil Fall Tour Dates,https://news.pollstar.com/2023/05/02/jonas-brothers-unveil-fall-tour-dates/,2023-05-02,2023-08-12,2023-10-14,Footprint Center,"Phoenix, AZ",Arena,FALSE,,,TRUE
Jonas Brothers,Jonas Brothers Unveil Fall Tour Dates,https://news.pollstar.com/2023/05/02/jonas-brothers-unveil-fall-tour-dates/,2023-05-02,2023-08-12,2023-10-14,MGM Grand Arena,"Las Vegas, NV",Arena,FALSE,,,TRUE
Jonas Brothers,Jonas Brothers Unveil Fall Tour Dates,https://news.pollstar.com/2023/05/02/jonas-brothers-unveil-fall-tour-dates/,2023-05-02,2023-08-12,2023-10-14,Dodger Stadium,"Los Angeles, CA",Stadium,FALSE,,,TRUE
Jonas Brothers,Jonas Brothers Unveil Fall Tour Dates,https://news.pollstar.com/2023/05/02/jonas-brothers-unveil-fall-tour-dates/,2023-05-02,2023-08-12,2023-10-14,Ball Arena,"Denver, CO",Arena,FALSE,,,TRUE
Jonas Brothers,Jonas Brothers Unveil Fall Tour Dates,https://news.pollstar.com/2023/05/02/jonas-brothers-unveil-fall-tour-dates/,2023-05-02,2023-08-12,2023-10-14,CHI Health Center,"Omaha, NE",Arena,FALSE,,,TRUE
Jonas Brothers,Jonas Brothers Unveil Fall Tour Dates,https://news.pollstar.com/2023/05/02/jonas-brothers-unveil-fall-tour-dates/,2023-05-02,2023-08-12,2023-10-14,Rocket Mortgage FieldHouse,"Cleveland, OH",Arena,FALSE,,,TRUE
Jonas Brothers,Jonas Brothers Unveil Fall Tour Dates,https://news.pollstar.com/2023/05/02/jonas-brothers-unveil-fall-tour-dates/,2023-05-02,2023-08-12,2023-10-14,Wells Fargo Center,"Philadelphia, PA",Arena,FALSE,,,TRUE
Jonas Brothers,Jonas Brothers Unveil Fall Tour Dates,https://news.pollstar.com/2023/05/02/jonas-brothers-unveil-fall-tour-dates/,2023-05-02,2023-08-12,2023-10-14,CFG Bank Arena,"Baltimore, MD",Arena,FALSE,,,TRUE
Jonas Brothers,Jonas Brothers Unveil Fall Tour Dates,https://news.pollstar.com/2023/05/02/jonas-brothers-unveil-fall-tour-dates/,2023-05-02,2023-08-12,2023-10-14,Capital One Arena,"Washington, DC",Arena,FALSE,,,TRUE
Jonas Brothers,Jonas Brothers Unveil Fall Tour Dates,https://news.pollstar.com/2023/05/02/jonas-brothers-unveil-fall-tour-dates/,2023-05-02,2023-08-12,2023-10-14,PPG Paints Arena,"Pittsburgh, PA",Arena,FALSE,,,TRUE
Jonas Brothers,Jonas Brothers Unveil Fall Tour Dates,https://news.pollstar.com/2023/05/02/jonas-brothers-unveil-fall-tour-dates/,2023-05-02,2023-08-12,2023-10-14,Rupp Arena,"Lexington, KY",Arena,FALSE,,,TRUE
Jonas Brothers,Jonas Brothers Unveil Fall Tour Dates,https://news.pollstar.com/2023/05/02/jonas-brothers-unveil-fall-tour-dates/,2023-05-02,2023-08-12,2023-10-14,PNC Arena,"Raleigh, NC",Arena,FALSE,,,TRUE
Jonas Brothers,Jonas Brothers Unveil Fall Tour Dates,https://news.pollstar.com/2023/05/02/jonas-brothers-unveil-fall-tour-dates/,2023-05-02,2023-08-12,2023-10-14,Spectrum Center,"Charlotte, NC",Arena,FALSE,,,TRUE
Jonas Brothers,Jonas Brothers Unveil Fall Tour Dates,https://news.pollstar.com/2023/05/02/jonas-brothers-unveil-fall-tour-dates/,2023-05-02,2023-08-12,2023-10-14,State Farm Arena,"Atlanta, GA",Arena,FALSE,,,TRUE
Jonas Brothers,Jonas Brothers Unveil Fall Tour Dates,https://news.pollstar.com/2023/05/02/jonas-brothers-unveil-fall-tour-dates/,2023-05-02,2023-08-12,2023-10-14,BOK Center,"Tulsa, OK",Arena,FALSE,,,TRUE
Jonas Brothers,Jonas Brothers Unveil Fall Tour Dates,https://news.pollstar.com/2023/05/02/jonas-brothers-unveil-fall-tour-dates/,2023-05-02,2023-08-12,2023-10-14,AT&T Center,"San Antonio, TX",Other,FALSE,,,TRUE
Jonas Brothers,Jonas Brothers Unveil Fall Tour Dates,https://news.pollstar.com/2023/05/02/jonas-brothers-unveil-fall-tour-dates/,2023-05-02,2023-08-12,2023-10-14,Toyota Center,"Houston, TX",Arena,FALSE,,,TRUE
Jonas Brothers,Jonas Brothers Unveil Fall Tour Dates,https://news.pollstar.com/2023/05/02/jonas-brothers-unveil-fall-tour-dates/,2023-05-02,2023-08-12,2023-10-14,Bridgestone Arena,"Nashville, TN",Arena,FALSE,,,TRUE
Jonas Brothers,Jonas Brothers Unveil Fall Tour Dates,https://news.pollstar.com/2023/05/02/jonas-brothers-unveil-fall-tour-dates/,2023-05-02,2023-08-12,2023-10-14,Colonial Life Arena,"Columbia, SC",Arena,FALSE,,,TRUE
Jonas Brothers,Jonas Brothers Unveil Fall Tour Dates,https://news.pollstar.com/2023/05/02/jonas-brothers-unveil-fall-tour-dates/,2023-05-02,2023-08-12,2023-10-14,Amalie Arena,"Tampa, FL",Arena,FALSE,,,TRUE
Jonas Brothers,Jonas Brothers Unveil Fall Tour Dates,https://news.pollstar.com/2023/05/02/jonas-brothers-unveil-fall-tour-dates/,2023-05-02,2023-08-12,2023-10-14,Amway Center,"Orlando, FL",Other,FALSE,,,TRUE
Jonas Brothers,Jonas Brothers Unveil Fall Tour Dates,https://news.pollstar.com/2023/05/02/jonas-brothers-unveil-fall-tour-dates/,2023-05-02,2023-08-12,2023-10-14,Kaseya Center,"Miami, FL",Arena,FALSE,,,TRUE
Willie Nelson’s ‘Outlaw Music Festival Tour’ Unleashes Additional Dates For Fall,Willie Nelson’s ‘Outlaw Music Festival Tour’ Unleashes Additional Dates For Fall,https://news.pollstar.com/2023/04/24/willie-nelsons-outlaw-music-festival-tour-unleashes-additional-dates-for-fall/,2023-04-24,2023-09-09,2023-10-15,PNC Music Pavilion,"Charlotte, NC",Amphitheater,LYV,,,TRUE
Willie Nelson’s ‘Outlaw Music Festival Tour’ Unleashes Additional Dates For Fall,Willie Nelson’s ‘Outlaw Music Festival Tour’ Unleashes Additional Dates For Fall,https://news.pollstar.com/2023/04/24/willie-nelsons-outlaw-music-festival-tour-unleashes-additional-dates-for-fall/,2023-04-24,2023-09-09,2023-10-15,FirstBank Amphitheater,"Franklin, TN",Amphitheater,LYV,,,TRUE
Willie Nelson’s ‘Outlaw Music Festival Tour’ Unleashes Additional Dates For Fall,Willie Nelson’s ‘Outlaw Music Festival Tour’ Unleashes Additional Dates For Fall,https://news.pollstar.com/2023/04/24/willie-nelsons-outlaw-music-festival-tour-unleashes-additional-dates-for-fall/,2023-04-24,2023-09-09,2023-10-15,CCNB Amphitheatre at Heritage Park,"Simpsonville, SC",Amphitheater,FALSE,,,TRUE
Willie Nelson’s ‘Outlaw Music Festival Tour’ Unleashes Additional Dates For Fall,Willie Nelson’s ‘Outlaw Music Festival Tour’ Unleashes Additional Dates For Fall,https://news.pollstar.com/2023/04/24/willie-nelsons-outlaw-music-festival-tour-unleashes-additional-dates-for-fall/,2023-04-24,2023-09-09,2023-10-15,SPAC,"Saratoga Springs, NY",Amphitheater,LYV,,,TRUE
Willie Nelson’s ‘Outlaw Music Festival Tour’ Unleashes Additional Dates For Fall,Willie Nelson’s ‘Outlaw Music Festival Tour’ Unleashes Additional Dates For Fall,https://news.pollstar.com/2023/04/24/willie-nelsons-outlaw-music-festival-tour-unleashes-additional-dates-for-fall/,2023-04-24,2023-09-09,2023-10-15,Xfinity Center,"Mansfield, MA",Arena,LYV,,,TRUE
Willie Nelson’s ‘Outlaw Music Festival Tour’ Unleashes Additional Dates For Fall,Willie Nelson’s ‘Outlaw Music Festival Tour’ Unleashes Additional Dates For Fall,https://news.pollstar.com/2023/04/24/willie-nelsons-outlaw-music-festival-tour-unleashes-additional-dates-for-fall/,2023-04-24,2023-09-09,2023-10-15,Forest Hills Stadium,"Forest Hills, NY",Stadium,FALSE,,,TRUE
Willie Nelson’s ‘Outlaw Music Festival Tour’ Unleashes Additional Dates For Fall,Willie Nelson’s ‘Outlaw Music Festival Tour’ Unleashes Additional Dates For Fall,https://news.pollstar.com/2023/04/24/willie-nelsons-outlaw-music-festival-tour-unleashes-additional-dates-for-fall/,2023-04-24,2023-09-09,2023-10-15,Hartford HealthCare Amphitheater,"Bridgeport, CT",Amphitheater,LYV,,,TRUE
Willie Nelson’s ‘Outlaw Music Festival Tour’ Unleashes Additional Dates For Fall,Willie Nelson’s ‘Outlaw Music Festival Tour’ Unleashes Additional Dates For Fall,https://news.pollstar.com/2023/04/24/willie-nelsons-outlaw-music-festival-tour-unleashes-additional-dates-for-fall/,2023-04-24,2023-09-09,2023-10-15,Pine Knob Music Theatre,"Clarkston, MI",Amphitheater,LYV,,,TRUE
Willie Nelson’s ‘Outlaw Music Festival Tour’ Unleashes Additional Dates For Fall,Willie Nelson’s ‘Outlaw Music Festival Tour’ Unleashes Additional Dates For Fall,https://news.pollstar.com/2023/04/24/willie-nelsons-outlaw-music-festival-tour-unleashes-additional-dates-for-fall/,2023-04-24,2023-09-09,2023-10-15,iTHINK Financial Amphitheatre,"West Palm Beach, FL",Amphitheater,LYV,,,TRUE
Willie Nelson’s ‘Outlaw Music Festival Tour’ Unleashes Additional Dates For Fall,Willie Nelson’s ‘Outlaw Music Festival Tour’ Unleashes Additional Dates For Fall,https://news.pollstar.com/2023/04/24/willie-nelsons-outlaw-music-festival-tour-unleashes-additional-dates-for-fall/,2023-04-24,2023-09-09,2023-10-15,MIDFLORIDA Credit Union Amphitheatre,"Tampa, FL",Amphitheater,LYV,,,TRUE
Willie Nelson’s ‘Outlaw Music Festival Tour’ Unleashes Additional Dates For Fall,Willie Nelson’s ‘Outlaw Music Festival Tour’ Unleashes Additional Dates For Fall,https://news.pollstar.com/2023/04/24/willie-nelsons-outlaw-music-festival-tour-unleashes-additional-dates-for-fall/,2023-04-24,2023-09-09,2023-10-15,The Wharf Amphitheater,"Orange Beach, AL",Amphitheater,LYV,,,TRUE
Willie Nelson’s ‘Outlaw Music Festival Tour’ Unleashes Additional Dates For Fall,Willie Nelson’s ‘Outlaw Music Festival Tour’ Unleashes Additional Dates For Fall,https://news.pollstar.com/2023/04/24/willie-nelsons-outlaw-music-festival-tour-unleashes-additional-dates-for-fall/,2023-04-24,2023-09-09,2023-10-15,The Orion Amphitheater,"Huntsville, AL",Amphitheater,LYV,,,TRUE
Willie Nelson’s ‘Outlaw Music Festival Tour’ Unleashes Additional Dates For Fall,Willie Nelson’s ‘Outlaw Music Festival Tour’ Unleashes Additional Dates For Fall,https://news.pollstar.com/2023/04/24/willie-nelsons-outlaw-music-festival-tour-unleashes-additional-dates-for-fall/,2023-04-24,2023-09-09,2023-10-15,The Brandon Amphitheater,"Brandon, MS",Amphitheater,LYV,,,TRUE
Willie Nelson’s ‘Outlaw Music Festival Tour’ Unleashes Additional Dates For Fall,Willie Nelson’s ‘Outlaw Music Festival Tour’ Unleashes Additional Dates For Fall,https://news.pollstar.com/2023/04/24/willie-nelsons-outlaw-music-festival-tour-unleashes-additional-dates-for-fall/,2023-04-24,2023-09-09,2023-10-15,BankPlus Amphitheater at Snowden Grove,"Southaven, MS",Theater,FALSE,,,TRUE
Willie Nelson’s ‘Outlaw Music Festival Tour’ Unleashes Additional Dates For Fall,Willie Nelson’s ‘Outlaw Music Festival Tour’ Unleashes Additional Dates For Fall,https://news.pollstar.com/2023/04/24/willie-nelsons-outlaw-music-festival-tour-unleashes-additional-dates-for-fall/,2023-04-24,2023-09-09,2023-10-15,Oak Mountain Amphitheatre,"Pelham, AL",Amphitheater,FALSE,,,TRUE
Sting,Sting Expands North American Tour Dates With 9 New Shows,https://news.pollstar.com/2023/04/17/sting-expands-north-american-tour-dates-with-9-new-shows/,2023-04-17,2023-09-07,2023-10-15,MGM Music Hall at Fenway,"Boston, MA",Theater,LYV,,,TRUE
Sting,Sting Expands North American Tour Dates With 9 New Shows,https://news.pollstar.com/2023/04/17/sting-expands-north-american-tour-dates-with-9-new-shows/,2023-04-17,2023-09-07,2023-10-15,Northwell Health at Jones Beach Theater,"Wantagh, NY",Theater,FALSE,,,TRUE
Sting,Sting Expands North American Tour Dates With 9 New Shows,https://news.pollstar.com/2023/04/17/sting-expands-north-american-tour-dates-with-9-new-shows/,2023-04-17,2023-09-07,2023-10-15,Hard Rock Live,"Hollywood, FL",Theater,FALSE,,,TRUE
Sting,Sting Expands North American Tour Dates With 9 New Shows,https://news.pollstar.com/2023/04/17/sting-expands-north-american-tour-dates-with-9-new-shows/,2023-04-17,2023-09-07,2023-10-15,Cadence Bank Amphitheatre at Chastain Park,"Atlanta, GA",Amphitheater,LYV,,,TRUE
Sting,Sting Expands North American Tour Dates With 9 New Shows,https://news.pollstar.com/2023/04/17/sting-expands-north-american-tour-dates-with-9-new-shows/,2023-04-17,2023-09-07,2023-10-15,Moody Center ATX,"Austin, TX",Arena,FALSE,,,TRUE
Sting,Sting Expands North American Tour Dates With 9 New Shows,https://news.pollstar.com/2023/04/17/sting-expands-north-american-tour-dates-with-9-new-shows/,2023-04-17,2023-09-07,2023-10-15,Red Rocks Amphitheatre,"Morrison, CO",Amphitheater,FALSE,,,TRUE
Sting,Sting Expands North American Tour Dates With 9 New Shows,https://news.pollstar.com/2023/04/17/sting-expands-north-american-tour-dates-with-9-new-shows/,2023-04-17,2023-09-07,2023-10-15,Red Rocks Amphitheatre,"Morrison, CO",Amphitheater,FALSE,,,TRUE
Sting,Sting Expands North American Tour Dates With 9 New Shows,https://news.pollstar.com/2023/04/17/sting-expands-north-american-tour-dates-with-9-new-shows/,2023-04-17,2023-09-07,2023-10-15,USANA Amphitheatre,"West Valley City, UT",Amphitheater,LYV,,,TRUE
Sting,Sting Expands North American Tour Dates With 9 New Shows,https://news.pollstar.com/2023/04/17/sting-expands-north-american-tour-dates-with-9-new-shows/,2023-04-17,2023-09-07,2023-10-15,Moda Center,"Portland, OR",Arena,FALSE,,,TRUE
Sting,Sting Expands North American Tour Dates With 9 New Shows,https://news.pollstar.com/2023/04/17/sting-expands-north-american-tour-dates-with-9-new-shows/,2023-04-17,2023-09-07,2023-10-15,Climate Pledge Arena,"Seattle, WA",Arena,FALSE,,,TRUE
Sting,Sting Expands North American Tour Dates With 9 New Shows,https://news.pollstar.com/2023/04/17/sting-expands-north-american-tour-dates-with-9-new-shows/,2023-04-17,2023-09-07,2023-10-15,Rogers Arena,"Vancouver, BC",Arena,FALSE,,,TRUE
Sting,Sting Expands North American Tour Dates With 9 New Shows,https://news.pollstar.com/2023/04/17/sting-expands-north-american-tour-dates-with-9-new-shows/,2023-04-17,2023-09-07,2023-10-15,Grand Sierra Resort and Casino,"Reno, NV",Theater,FALSE,,,TRUE
Sting,Sting Expands North American Tour Dates With 9 New Shows,https://news.pollstar.com/2023/04/17/sting-expands-north-american-tour-dates-with-9-new-shows/,2023-04-17,2023-09-07,2023-10-15,Concord Pavilion,"Concord, CA",Amphitheater,LYV,,,TRUE
Sting,Sting Expands North American Tour Dates With 9 New Shows,https://news.pollstar.com/2023/04/17/sting-expands-north-american-tour-dates-with-9-new-shows/,2023-04-17,2023-09-07,2023-10-15,Cal Coast Credit Union Open Air Theatre at SDSU,"San Diego, CA",Theater,FALSE,,,TRUE
Sting,Sting Expands North American Tour Dates With 9 New Shows,https://news.pollstar.com/2023/04/17/sting-expands-north-american-tour-dates-with-9-new-shows/,2023-04-17,2023-09-07,2023-10-15,Hollywood Bowl,"Los Angeles, CA",Amphitheater,FALSE,,,TRUE
Sting,Sting Expands North American Tour Dates With 9 New Shows,https://news.pollstar.com/2023/04/17/sting-expands-north-american-tour-dates-with-9-new-shows/,2023-04-17,2023-09-07,2023-10-15,Arizona Financial Theatre,"Phoenix, AZ",Theater,LYV,,,TRUE
Sting,Sting Expands North American Tour Dates With 9 New Shows,https://news.pollstar.com/2023/04/17/sting-expands-north-american-tour-dates-with-9-new-shows/,2023-04-17,2023-09-07,2023-10-15,Walmart AMP,"Rogers, AR",Amphitheater,LYV,,,TRUE
Sting,Sting Expands North American Tour Dates With 9 New Shows,https://news.pollstar.com/2023/04/17/sting-expands-north-american-tour-dates-with-9-new-shows/,2023-04-17,2023-09-07,2023-10-15,The Pavilion at Toyota Music Factory,"Irving, TX",Amphitheater,LYV,,,TRUE
Sting,Sting Expands North American Tour Dates With 9 New Shows,https://news.pollstar.com/2023/04/17/sting-expands-north-american-tour-dates-with-9-new-shows/,2023-04-17,2023-09-07,2023-10-15,The Cynthia Woods Mitchell Pavilion,"Woodlands, TX",Amphitheater,LYV,,,TRUE
Oracle Sisters Road Diary: ‘If We Have To Wear A Cowboy Hat To Get Into Heaven’,Oracle Sisters Road Diary: ‘If We Have To Wear A Cowboy Hat To Get Into Heaven’,https://news.pollstar.com/2023/04/07/oracle-sisters-road-diary-if-we-have-to-wear-a-cowboy-hat-to-get-into-heaven/,2023-04-07,2023-04-18,2023-09-29,YES Basement,"Manchester, UK",Other,FALSE,,,TRUE
Oracle Sisters Road Diary: ‘If We Have To Wear A Cowboy Hat To Get Into Heaven’,Oracle Sisters Road Diary: ‘If We Have To Wear A Cowboy Hat To Get Into Heaven’,https://news.pollstar.com/2023/04/07/oracle-sisters-road-diary-if-we-have-to-wear-a-cowboy-hat-to-get-into-heaven/,2023-04-07,2023-04-18,2023-09-29,Nice n’ Sleazy,"Glasgow, UK",Other,FALSE,,,TRUE
Oracle Sisters Road Diary: ‘If We Have To Wear A Cowboy Hat To Get Into Heaven’,Oracle Sisters Road Diary: ‘If We Have To Wear A Cowboy Hat To Get Into Heaven’,https://news.pollstar.com/2023/04/07/oracle-sisters-road-diary-if-we-have-to-wear-a-cowboy-hat-to-get-into-heaven/,2023-04-07,2023-04-18,2023-09-29,The Cumberland Arms,"Newcastle Upon Tyne, UK",Other,FALSE,,,TRUE
Oracle Sisters Road Diary: ‘If We Have To Wear A Cowboy Hat To Get Into Heaven’,Oracle Sisters Road Diary: ‘If We Have To Wear A Cowboy Hat To Get Into Heaven’,https://news.pollstar.com/2023/04/07/oracle-sisters-road-diary-if-we-have-to-wear-a-cowboy-hat-to-get-into-heaven/,2023-04-07,2023-04-18,2023-09-29,London Oslo,"London, UK",Other,FALSE,,,TRUE
Oracle Sisters Road Diary: ‘If We Have To Wear A Cowboy Hat To Get Into Heaven’,Oracle Sisters Road Diary: ‘If We Have To Wear A Cowboy Hat To Get Into Heaven’,https://news.pollstar.com/2023/04/07/oracle-sisters-road-diary-if-we-have-to-wear-a-cowboy-hat-to-get-into-heaven/,2023-04-07,2023-04-18,2023-09-29,Rough Trade East,"London, UK",Other,FALSE,,,TRUE
Oracle Sisters Road Diary: ‘If We Have To Wear A Cowboy Hat To Get Into Heaven’,Oracle Sisters Road Diary: ‘If We Have To Wear A Cowboy Hat To Get Into Heaven’,https://news.pollstar.com/2023/04/07/oracle-sisters-road-diary-if-we-have-to-wear-a-cowboy-hat-to-get-into-heaven/,2023-04-07,2023-04-18,2023-09-29,"Amsterdam, Netherlands",Bitterzoet,Other,FALSE,,,TRUE
Oracle Sisters Road Diary: ‘If We Have To Wear A Cowboy Hat To Get Into Heaven’,Oracle Sisters Road Diary: ‘If We Have To Wear A Cowboy Hat To Get Into Heaven’,https://news.pollstar.com/2023/04/07/oracle-sisters-road-diary-if-we-have-to-wear-a-cowboy-hat-to-get-into-heaven/,2023-04-07,2023-04-18,2023-09-29,"Paris, France",Café de la Danse,Other,FALSE,,,TRUE
Oracle Sisters Road Diary: ‘If We Have To Wear A Cowboy Hat To Get Into Heaven’,Oracle Sisters Road Diary: ‘If We Have To Wear A Cowboy Hat To Get Into Heaven’,https://news.pollstar.com/2023/04/07/oracle-sisters-road-diary-if-we-have-to-wear-a-cowboy-hat-to-get-into-heaven/,2023-04-07,2023-04-18,2023-09-29,"Cologne, Germany",c/o Pop Festival,Other,FALSE,,,TRUE
Oracle Sisters Road Diary: ‘If We Have To Wear A Cowboy Hat To Get Into Heaven’,Oracle Sisters Road Diary: ‘If We Have To Wear A Cowboy Hat To Get Into Heaven’,https://news.pollstar.com/2023/04/07/oracle-sisters-road-diary-if-we-have-to-wear-a-cowboy-hat-to-get-into-heaven/,2023-04-07,2023-04-18,2023-09-29,"Hamburg, Germany",Molotow Skybar,Other,FALSE,,,TRUE
Oracle Sisters Road Diary: ‘If We Have To Wear A Cowboy Hat To Get Into Heaven’,Oracle Sisters Road Diary: ‘If We Have To Wear A Cowboy Hat To Get Into Heaven’,https://news.pollstar.com/2023/04/07/oracle-sisters-road-diary-if-we-have-to-wear-a-cowboy-hat-to-get-into-heaven/,2023-04-07,2023-04-18,2023-09-29,"Berlin, Germany",Badehaus,Other,FALSE,,,TRUE
Oracle Sisters Road Diary: ‘If We Have To Wear A Cowboy Hat To Get Into Heaven’,Oracle Sisters Road Diary: ‘If We Have To Wear A Cowboy Hat To Get Into Heaven’,https://news.pollstar.com/2023/04/07/oracle-sisters-road-diary-if-we-have-to-wear-a-cowboy-hat-to-get-into-heaven/,2023-04-07,2023-04-18,2023-09-29,"Brussels, Belgium","Botanique, Rotonde",Other,FALSE,,,TRUE
Oracle Sisters Road Diary: ‘If We Have To Wear A Cowboy Hat To Get Into Heaven’,Oracle Sisters Road Diary: ‘If We Have To Wear A Cowboy Hat To Get Into Heaven’,https://news.pollstar.com/2023/04/07/oracle-sisters-road-diary-if-we-have-to-wear-a-cowboy-hat-to-get-into-heaven/,2023-04-07,2023-04-18,2023-09-29,"Brussels, Belgium",Les Nuits Botanique 2023,Other,FALSE,,,TRUE
Oracle Sisters Road Diary: ‘If We Have To Wear A Cowboy Hat To Get Into Heaven’,Oracle Sisters Road Diary: ‘If We Have To Wear A Cowboy Hat To Get Into Heaven’,https://news.pollstar.com/2023/04/07/oracle-sisters-road-diary-if-we-have-to-wear-a-cowboy-hat-to-get-into-heaven/,2023-04-07,2023-04-18,2023-09-29,Théâtre Corona,"Montreal, QC",Other,FALSE,,,TRUE
Oracle Sisters Road Diary: ‘If We Have To Wear A Cowboy Hat To Get Into Heaven’,Oracle Sisters Road Diary: ‘If We Have To Wear A Cowboy Hat To Get Into Heaven’,https://news.pollstar.com/2023/04/07/oracle-sisters-road-diary-if-we-have-to-wear-a-cowboy-hat-to-get-into-heaven/,2023-04-07,2023-04-18,2023-09-29,Empire Live,"Albany, NY",Theater,FALSE,,,TRUE
Oracle Sisters Road Diary: ‘If We Have To Wear A Cowboy Hat To Get Into Heaven’,Oracle Sisters Road Diary: ‘If We Have To Wear A Cowboy Hat To Get Into Heaven’,https://news.pollstar.com/2023/04/07/oracle-sisters-road-diary-if-we-have-to-wear-a-cowboy-hat-to-get-into-heaven/,2023-04-07,2023-04-18,2023-09-29,Wescott Theater,"Syracuse, NY",Theater,FALSE,,,TRUE
Oracle Sisters Road Diary: ‘If We Have To Wear A Cowboy Hat To Get Into Heaven’,Oracle Sisters Road Diary: ‘If We Have To Wear A Cowboy Hat To Get Into Heaven’,https://news.pollstar.com/2023/04/07/oracle-sisters-road-diary-if-we-have-to-wear-a-cowboy-hat-to-get-into-heaven/,2023-04-07,2023-04-18,2023-09-29,Mr Smalls Theater,"Pittsburgh, PA",Theater,FALSE,,,TRUE
Oracle Sisters Road Diary: ‘If We Have To Wear A Cowboy Hat To Get Into Heaven’,Oracle Sisters Road Diary: ‘If We Have To Wear A Cowboy Hat To Get Into Heaven’,https://news.pollstar.com/2023/04/07/oracle-sisters-road-diary-if-we-have-to-wear-a-cowboy-hat-to-get-into-heaven/,2023-04-07,2023-04-18,2023-09-29,Union Transfer,"Philadelphia, PA",Club,FALSE,,,TRUE
Oracle Sisters Road Diary: ‘If We Have To Wear A Cowboy Hat To Get Into Heaven’,Oracle Sisters Road Diary: ‘If We Have To Wear A Cowboy Hat To Get Into Heaven’,https://news.pollstar.com/2023/04/07/oracle-sisters-road-diary-if-we-have-to-wear-a-cowboy-hat-to-get-into-heaven/,2023-04-07,2023-04-18,2023-09-29,The Anthem,"Washington, DC",Club,FALSE,,,TRUE
Oracle Sisters Road Diary: ‘If We Have To Wear A Cowboy Hat To Get Into Heaven’,Oracle Sisters Road Diary: ‘If We Have To Wear A Cowboy Hat To Get Into Heaven’,https://news.pollstar.com/2023/04/07/oracle-sisters-road-diary-if-we-have-to-wear-a-cowboy-hat-to-get-into-heaven/,2023-04-07,2023-04-18,2023-09-29,The National,"Richmond, VA",Arena,FALSE,,,TRUE
Oracle Sisters Road Diary: ‘If We Have To Wear A Cowboy Hat To Get Into Heaven’,Oracle Sisters Road Diary: ‘If We Have To Wear A Cowboy Hat To Get Into Heaven’,https://news.pollstar.com/2023/04/07/oracle-sisters-road-diary-if-we-have-to-wear-a-cowboy-hat-to-get-into-heaven/,2023-04-07,2023-04-18,2023-09-29,Cat’s Cradle,"Carrboro, NC",Other,FALSE,,,TRUE
Oracle Sisters Road Diary: ‘If We Have To Wear A Cowboy Hat To Get Into Heaven’,Oracle Sisters Road Diary: ‘If We Have To Wear A Cowboy Hat To Get Into Heaven’,https://news.pollstar.com/2023/04/07/oracle-sisters-road-diary-if-we-have-to-wear-a-cowboy-hat-to-get-into-heaven/,2023-04-07,2023-04-18,2023-09-29,The Orange Peel,"Asheville, NC",Club,FALSE,,,TRUE
Oracle Sisters Road Diary: ‘If We Have To Wear A Cowboy Hat To Get Into Heaven’,Oracle Sisters Road Diary: ‘If We Have To Wear A Cowboy Hat To Get Into Heaven’,https://news.pollstar.com/2023/04/07/oracle-sisters-road-diary-if-we-have-to-wear-a-cowboy-hat-to-get-into-heaven/,2023-04-07,2023-04-18,2023-09-29,The Mill & Mine,"Knoxville, TN",Other,FALSE,,,TRUE
Oracle Sisters Road Diary: ‘If We Have To Wear A Cowboy Hat To Get Into Heaven’,Oracle Sisters Road Diary: ‘If We Have To Wear A Cowboy Hat To Get Into Heaven’,https://news.pollstar.com/2023/04/07/oracle-sisters-road-diary-if-we-have-to-wear-a-cowboy-hat-to-get-into-heaven/,2023-04-07,2023-04-18,2023-09-29,Jannus Live,"St Petersburg, FL",Club,FALSE,,,TRUE
Oracle Sisters Road Diary: ‘If We Have To Wear A Cowboy Hat To Get Into Heaven’,Oracle Sisters Road Diary: ‘If We Have To Wear A Cowboy Hat To Get Into Heaven’,https://news.pollstar.com/2023/04/07/oracle-sisters-road-diary-if-we-have-to-wear-a-cowboy-hat-to-get-into-heaven/,2023-04-07,2023-04-18,2023-09-29,Zydeco,"Birmingham, AL",Club,FALSE,,,TRUE
Oracle Sisters Road Diary: ‘If We Have To Wear A Cowboy Hat To Get Into Heaven’,Oracle Sisters Road Diary: ‘If We Have To Wear A Cowboy Hat To Get Into Heaven’,https://news.pollstar.com/2023/04/07/oracle-sisters-road-diary-if-we-have-to-wear-a-cowboy-hat-to-get-into-heaven/,2023-04-07,2023-04-18,2023-09-29,The Eastern,"Atlanta, GA",Club,FALSE,,,TRUE
Oracle Sisters Road Diary: ‘If We Have To Wear A Cowboy Hat To Get Into Heaven’,Oracle Sisters Road Diary: ‘If We Have To Wear A Cowboy Hat To Get Into Heaven’,https://news.pollstar.com/2023/04/07/oracle-sisters-road-diary-if-we-have-to-wear-a-cowboy-hat-to-get-into-heaven/,2023-04-07,2023-04-18,2023-09-29,Mercury Ballroom,"Louisville, KY",Club,FALSE,,,TRUE
Oracle Sisters Road Diary: ‘If We Have To Wear A Cowboy Hat To Get Into Heaven’,Oracle Sisters Road Diary: ‘If We Have To Wear A Cowboy Hat To Get Into Heaven’,https://news.pollstar.com/2023/04/07/oracle-sisters-road-diary-if-we-have-to-wear-a-cowboy-hat-to-get-into-heaven/,2023-04-07,2023-04-18,2023-09-29,Bar le Ritz PDB,"Montreal, QC",Other,FALSE,,,TRUE
Oracle Sisters Road Diary: ‘If We Have To Wear A Cowboy Hat To Get Into Heaven’,Oracle Sisters Road Diary: ‘If We Have To Wear A Cowboy Hat To Get Into Heaven’,https://news.pollstar.com/2023/04/07/oracle-sisters-road-diary-if-we-have-to-wear-a-cowboy-hat-to-get-into-heaven/,2023-04-07,2023-04-18,2023-09-29,The Garrison,"Toronto, ON",Other,FALSE,,,TRUE
Oracle Sisters Road Diary: ‘If We Have To Wear A Cowboy Hat To Get Into Heaven’,Oracle Sisters Road Diary: ‘If We Have To Wear A Cowboy Hat To Get Into Heaven’,https://news.pollstar.com/2023/04/07/oracle-sisters-road-diary-if-we-have-to-wear-a-cowboy-hat-to-get-into-heaven/,2023-04-07,2023-04-18,2023-09-29,DC9 Nightclub,"Washington, DC",Club,FALSE,,,TRUE
Oracle Sisters Road Diary: ‘If We Have To Wear A Cowboy Hat To Get Into Heaven’,Oracle Sisters Road Diary: ‘If We Have To Wear A Cowboy Hat To Get Into Heaven’,https://news.pollstar.com/2023/04/07/oracle-sisters-road-diary-if-we-have-to-wear-a-cowboy-hat-to-get-into-heaven/,2023-04-07,2023-04-18,2023-09-29,Turf Club,"St. Paul, MN",Club,FALSE,,,TRUE
Oracle Sisters Road Diary: ‘If We Have To Wear A Cowboy Hat To Get Into Heaven’,Oracle Sisters Road Diary: ‘If We Have To Wear A Cowboy Hat To Get Into Heaven’,https://news.pollstar.com/2023/04/07/oracle-sisters-road-diary-if-we-have-to-wear-a-cowboy-hat-to-get-into-heaven/,2023-04-07,2023-04-18,2023-09-29,Shubas Tavern,"Chicago, IL",Other,FALSE,,,TRUE
Oracle Sisters Road Diary: ‘If We Have To Wear A Cowboy Hat To Get Into Heaven’,Oracle Sisters Road Diary: ‘If We Have To Wear A Cowboy Hat To Get Into Heaven’,https://news.pollstar.com/2023/04/07/oracle-sisters-road-diary-if-we-have-to-wear-a-cowboy-hat-to-get-into-heaven/,2023-04-07,2023-04-18,2023-09-29,Sunset Tavern,"Seattle, WA",Club,FALSE,,,TRUE
Oracle Sisters Road Diary: ‘If We Have To Wear A Cowboy Hat To Get Into Heaven’,Oracle Sisters Road Diary: ‘If We Have To Wear A Cowboy Hat To Get Into Heaven’,https://news.pollstar.com/2023/04/07/oracle-sisters-road-diary-if-we-have-to-wear-a-cowboy-hat-to-get-into-heaven/,2023-04-07,2023-04-18,2023-09-29,Rickshaw Stop,"San Francisco, CA",Other,FALSE,,,TRUE
Oracle Sisters Road Diary: ‘If We Have To Wear A Cowboy Hat To Get Into Heaven’,Oracle Sisters Road Diary: ‘If We Have To Wear A Cowboy Hat To Get Into Heaven’,https://news.pollstar.com/2023/04/07/oracle-sisters-road-diary-if-we-have-to-wear-a-cowboy-hat-to-get-into-heaven/,2023-04-07,2023-04-18,2023-09-29,The Roxy Theatre,"West Hollywood, CA",Theater,FALSE,,,TRUE
The Smashing Pumpkins,The Smashing Pumpkins Announce 2023 Tour Dates With Stone Temple Pilots & Interpol,https://news.pollstar.com/2023/03/28/the-smashing-pumpkins-announce-2023-tour-dates-with-stone-temple-pilots-interpol/,2023-03-28,2023-07-28,2023-09-09,The Chelsea at the Cosmopolitan,"Las Vegas, NV",Theater,FALSE,,,TRUE
The Smashing Pumpkins,The Smashing Pumpkins Announce 2023 Tour Dates With Stone Temple Pilots & Interpol,https://news.pollstar.com/2023/03/28/the-smashing-pumpkins-announce-2023-tour-dates-with-stone-temple-pilots-interpol/,2023-03-28,2023-07-28,2023-09-09,The Chelsea at the Cosmopolitan,"Las Vegas, NV",Theater,FALSE,,,TRUE
The Smashing Pumpkins,The Smashing Pumpkins Announce 2023 Tour Dates With Stone Temple Pilots & Interpol,https://news.pollstar.com/2023/03/28/the-smashing-pumpkins-announce-2023-tour-dates-with-stone-temple-pilots-interpol/,2023-03-28,2023-07-28,2023-09-09,USANA Amphitheatre,"Salt Lake City, UT",Amphitheater,LYV,,,TRUE
The Smashing Pumpkins,The Smashing Pumpkins Announce 2023 Tour Dates With Stone Temple Pilots & Interpol,https://news.pollstar.com/2023/03/28/the-smashing-pumpkins-announce-2023-tour-dates-with-stone-temple-pilots-interpol/,2023-03-28,2023-07-28,2023-09-09,Shoreline Amphitheatre,"Mountain View, CA",Amphitheater,LYV,,,TRUE
The Smashing Pumpkins,The Smashing Pumpkins Announce 2023 Tour Dates With Stone Temple Pilots & Interpol,https://news.pollstar.com/2023/03/28/the-smashing-pumpkins-announce-2023-tour-dates-with-stone-temple-pilots-interpol/,2023-03-28,2023-07-28,2023-09-09,White River Amphitheatre,"Auburn, WA",Amphitheater,LYV,,,TRUE
The Smashing Pumpkins,The Smashing Pumpkins Announce 2023 Tour Dates With Stone Temple Pilots & Interpol,https://news.pollstar.com/2023/03/28/the-smashing-pumpkins-announce-2023-tour-dates-with-stone-temple-pilots-interpol/,2023-03-28,2023-07-28,2023-09-09,Hayden Homes Amphitheatre,"Bend, OR",Amphitheater,FALSE,,,TRUE
The Smashing Pumpkins,The Smashing Pumpkins Announce 2023 Tour Dates With Stone Temple Pilots & Interpol,https://news.pollstar.com/2023/03/28/the-smashing-pumpkins-announce-2023-tour-dates-with-stone-temple-pilots-interpol/,2023-03-28,2023-07-28,2023-09-09,Toyota Amphitheatre,"Wheatland, CA",Amphitheater,LYV,,,TRUE
The Smashing Pumpkins,The Smashing Pumpkins Announce 2023 Tour Dates With Stone Temple Pilots & Interpol,https://news.pollstar.com/2023/03/28/the-smashing-pumpkins-announce-2023-tour-dates-with-stone-temple-pilots-interpol/,2023-03-28,2023-07-28,2023-09-09,North Island Credit Union Amphitheatre,"Chula Vista, CA",Amphitheater,LYV,,,TRUE
The Smashing Pumpkins,The Smashing Pumpkins Announce 2023 Tour Dates With Stone Temple Pilots & Interpol,https://news.pollstar.com/2023/03/28/the-smashing-pumpkins-announce-2023-tour-dates-with-stone-temple-pilots-interpol/,2023-03-28,2023-07-28,2023-09-09,"Highland, CA*",Yaamava’ Resort & Casino,Other,FALSE,,,TRUE
The Smashing Pumpkins,The Smashing Pumpkins Announce 2023 Tour Dates With Stone Temple Pilots & Interpol,https://news.pollstar.com/2023/03/28/the-smashing-pumpkins-announce-2023-tour-dates-with-stone-temple-pilots-interpol/,2023-03-28,2023-07-28,2023-09-09,Isleta Amphitheater,"Albuquerque, NM",Amphitheater,LYV,,,TRUE
The Smashing Pumpkins,The Smashing Pumpkins Announce 2023 Tour Dates With Stone Temple Pilots & Interpol,https://news.pollstar.com/2023/03/28/the-smashing-pumpkins-announce-2023-tour-dates-with-stone-temple-pilots-interpol/,2023-03-28,2023-07-28,2023-09-09,Dos Equis Pavilion,"Dallas, TX",Amphitheater,LYV,,,TRUE
The Smashing Pumpkins,The Smashing Pumpkins Announce 2023 Tour Dates With Stone Temple Pilots & Interpol,https://news.pollstar.com/2023/03/28/the-smashing-pumpkins-announce-2023-tour-dates-with-stone-temple-pilots-interpol/,2023-03-28,2023-07-28,2023-09-09,Walmart AMP,"Rogers, AR",Amphitheater,LYV,,,TRUE
The Smashing Pumpkins,The Smashing Pumpkins Announce 2023 Tour Dates With Stone Temple Pilots & Interpol,https://news.pollstar.com/2023/03/28/the-smashing-pumpkins-announce-2023-tour-dates-with-stone-temple-pilots-interpol/,2023-03-28,2023-07-28,2023-09-09,The Orion Amphitheater,"Huntsville, AL",Amphitheater,LYV,,,TRUE
The Smashing Pumpkins,The Smashing Pumpkins Announce 2023 Tour Dates With Stone Temple Pilots & Interpol,https://news.pollstar.com/2023/03/28/the-smashing-pumpkins-announce-2023-tour-dates-with-stone-temple-pilots-interpol/,2023-03-28,2023-07-28,2023-09-09,iTHINK Financial Amphitheatre,"West Palm Beach, FL",Amphitheater,LYV,,,TRUE
The Smashing Pumpkins,The Smashing Pumpkins Announce 2023 Tour Dates With Stone Temple Pilots & Interpol,https://news.pollstar.com/2023/03/28/the-smashing-pumpkins-announce-2023-tour-dates-with-stone-temple-pilots-interpol/,2023-03-28,2023-07-28,2023-09-09,MIDFLORIDA Credit Union Amphitheatre,"Tampa, FL",Amphitheater,LYV,,,TRUE
The Smashing Pumpkins,The Smashing Pumpkins Announce 2023 Tour Dates With Stone Temple Pilots & Interpol,https://news.pollstar.com/2023/03/28/the-smashing-pumpkins-announce-2023-tour-dates-with-stone-temple-pilots-interpol/,2023-03-28,2023-07-28,2023-09-09,PNC Music Pavilion,"Charlotte, NC",Amphitheater,LYV,,,TRUE
The Smashing Pumpkins,The Smashing Pumpkins Announce 2023 Tour Dates With Stone Temple Pilots & Interpol,https://news.pollstar.com/2023/03/28/the-smashing-pumpkins-announce-2023-tour-dates-with-stone-temple-pilots-interpol/,2023-03-28,2023-07-28,2023-09-09,Bank of New Hampshire Pavilion,"Gilford, NH",Amphitheater,LYV,,,TRUE
The Smashing Pumpkins,The Smashing Pumpkins Announce 2023 Tour Dates With Stone Temple Pilots & Interpol,https://news.pollstar.com/2023/03/28/the-smashing-pumpkins-announce-2023-tour-dates-with-stone-temple-pilots-interpol/,2023-03-28,2023-07-28,2023-09-09,Northwell Health at Jones Beach Theater,"Wantagh, NY",Theater,FALSE,,,TRUE
The Smashing Pumpkins,The Smashing Pumpkins Announce 2023 Tour Dates With Stone Temple Pilots & Interpol,https://news.pollstar.com/2023/03/28/the-smashing-pumpkins-announce-2023-tour-dates-with-stone-temple-pilots-interpol/,2023-03-28,2023-07-28,2023-09-09,Budweiser Stage,"Toronto, ON",Amphitheater,LYV,,,TRUE
The Smashing Pumpkins,The Smashing Pumpkins Announce 2023 Tour Dates With Stone Temple Pilots & Interpol,https://news.pollstar.com/2023/03/28/the-smashing-pumpkins-announce-2023-tour-dates-with-stone-temple-pilots-interpol/,2023-03-28,2023-07-28,2023-09-09,Canadian Tire Centre,"Ottawa, ON",Arena,FALSE,,,TRUE
The Smashing Pumpkins,The Smashing Pumpkins Announce 2023 Tour Dates With Stone Temple Pilots & Interpol,https://news.pollstar.com/2023/03/28/the-smashing-pumpkins-announce-2023-tour-dates-with-stone-temple-pilots-interpol/,2023-03-28,2023-07-28,2023-09-09,"Clarkston, MI^",Pine Knob Music Theatre,Other,FALSE,,,TRUE
The Smashing Pumpkins,The Smashing Pumpkins Announce 2023 Tour Dates With Stone Temple Pilots & Interpol,https://news.pollstar.com/2023/03/28/the-smashing-pumpkins-announce-2023-tour-dates-with-stone-temple-pilots-interpol/,2023-03-28,2023-07-28,2023-09-09,FirstBank Amphitheater,"Franklin, TN",Amphitheater,LYV,,,TRUE
The Smashing Pumpkins,The Smashing Pumpkins Announce 2023 Tour Dates With Stone Temple Pilots & Interpol,https://news.pollstar.com/2023/03/28/the-smashing-pumpkins-announce-2023-tour-dates-with-stone-temple-pilots-interpol/,2023-03-28,2023-07-28,2023-09-09,Ruoff Music Center,"Noblesville, IN",Amphitheater,LYV,,,TRUE
ODESZA Continue On With 2023 Tour Dates,ODESZA Continue On With 2023 Tour Dates,https://news.pollstar.com/2023/03/27/odesza-continue-on-with-2023-tour-dates/,2023-03-27,2023-06-14,2023-10-19,"Montreal, QC +#",Place Bell,Theater,LYV,,,TRUE
ODESZA Continue On With 2023 Tour Dates,ODESZA Continue On With 2023 Tour Dates,https://news.pollstar.com/2023/03/27/odesza-continue-on-with-2023-tour-dates/,2023-03-27,2023-06-14,2023-10-19,"Milwaukee, WI @=#~",American Family Insurance Amphitheatre,Other,FALSE,,,TRUE
ODESZA Continue On With 2023 Tour Dates,ODESZA Continue On With 2023 Tour Dates,https://news.pollstar.com/2023/03/27/odesza-continue-on-with-2023-tour-dates/,2023-03-27,2023-06-14,2023-10-19,"Columbus, OH *^#",Schottenstein Center,Other,FALSE,,,TRUE
ODESZA Continue On With 2023 Tour Dates,ODESZA Continue On With 2023 Tour Dates,https://news.pollstar.com/2023/03/27/odesza-continue-on-with-2023-tour-dates/,2023-03-27,2023-06-14,2023-10-19,"Darien Center, NY *^#",Darien Lake Amphitheater,Other,FALSE,,,TRUE
ODESZA Continue On With 2023 Tour Dates,ODESZA Continue On With 2023 Tour Dates,https://news.pollstar.com/2023/03/27/odesza-continue-on-with-2023-tour-dates/,2023-03-27,2023-06-14,2023-10-19,"Burgettstown, PA *^#",The Pavilion at Star Lake,Other,FALSE,,,TRUE
ODESZA Continue On With 2023 Tour Dates,ODESZA Continue On With 2023 Tour Dates,https://news.pollstar.com/2023/03/27/odesza-continue-on-with-2023-tour-dates/,2023-03-27,2023-06-14,2023-10-19,"Indianapolis, IN *^#",Ruoff Music Center,Other,FALSE,,,TRUE
ODESZA Continue On With 2023 Tour Dates,ODESZA Continue On With 2023 Tour Dates,https://news.pollstar.com/2023/03/27/odesza-continue-on-with-2023-tour-dates/,2023-03-27,2023-06-14,2023-10-19,"West Palm Beach, FL *^#",iTHINK Financial Amphitheatre,Other,FALSE,,,TRUE
ODESZA Continue On With 2023 Tour Dates,ODESZA Continue On With 2023 Tour Dates,https://news.pollstar.com/2023/03/27/odesza-continue-on-with-2023-tour-dates/,2023-03-27,2023-06-14,2023-10-19,"Bristol, VA *^#",Jiffy Lube Live,Other,FALSE,,,TRUE
ODESZA Continue On With 2023 Tour Dates,ODESZA Continue On With 2023 Tour Dates,https://news.pollstar.com/2023/03/27/odesza-continue-on-with-2023-tour-dates/,2023-03-27,2023-06-14,2023-10-19,"Charlotte, NC *^#",PNC Music Pavilion,Other,FALSE,,,TRUE
ODESZA Continue On With 2023 Tour Dates,ODESZA Continue On With 2023 Tour Dates,https://news.pollstar.com/2023/03/27/odesza-continue-on-with-2023-tour-dates/,2023-03-27,2023-06-14,2023-10-19,"New Orleans, LA @^#",Smoothie King Center,Other,FALSE,,,TRUE
ODESZA Continue On With 2023 Tour Dates,ODESZA Continue On With 2023 Tour Dates,https://news.pollstar.com/2023/03/27/odesza-continue-on-with-2023-tour-dates/,2023-03-27,2023-06-14,2023-10-19,"Palms Springs, CA *^#",Acrisure Arena,Other,FALSE,,,TRUE
ODESZA Continue On With 2023 Tour Dates,ODESZA Continue On With 2023 Tour Dates,https://news.pollstar.com/2023/03/27/odesza-continue-on-with-2023-tour-dates/,2023-03-27,2023-06-14,2023-10-19,North Island Credit Union Amphitheatre,"San Diego, CA",Amphitheater,LYV,,,TRUE
ODESZA Continue On With 2023 Tour Dates,ODESZA Continue On With 2023 Tour Dates,https://news.pollstar.com/2023/03/27/odesza-continue-on-with-2023-tour-dates/,2023-03-27,2023-06-14,2023-10-19,"Santa Barbara, CA *^#~",Santa Barbara Bowl,Other,FALSE,,,TRUE
ODESZA Continue On With 2023 Tour Dates,ODESZA Continue On With 2023 Tour Dates,https://news.pollstar.com/2023/03/27/odesza-continue-on-with-2023-tour-dates/,2023-03-27,2023-06-14,2023-10-19,"Omaha, NE *^#",CHI Health Center,Other,FALSE,,,TRUE
ODESZA Continue On With 2023 Tour Dates,ODESZA Continue On With 2023 Tour Dates,https://news.pollstar.com/2023/03/27/odesza-continue-on-with-2023-tour-dates/,2023-03-27,2023-06-14,2023-10-19,"Rogers, AR ^#",Walmart AMP,Arena,FALSE,,,TRUE
ODESZA Continue On With 2023 Tour Dates,ODESZA Continue On With 2023 Tour Dates,https://news.pollstar.com/2023/03/27/odesza-continue-on-with-2023-tour-dates/,2023-03-27,2023-06-14,2023-10-19,"Oklahoma City, OK *^#",Paycom Center,Other,FALSE,,,TRUE
ODESZA Continue On With 2023 Tour Dates,ODESZA Continue On With 2023 Tour Dates,https://news.pollstar.com/2023/03/27/odesza-continue-on-with-2023-tour-dates/,2023-03-27,2023-06-14,2023-10-19,"Kansas City, MO %^#",T-Mobile Center,Other,FALSE,,,TRUE
ODESZA Continue On With 2023 Tour Dates,ODESZA Continue On With 2023 Tour Dates,https://news.pollstar.com/2023/03/27/odesza-continue-on-with-2023-tour-dates/,2023-03-27,2023-06-14,2023-10-19,"Mexico City, MX *^#",Sports Palace,Other,FALSE,,,TRUE
Goose Continue Flight With,Goose Continue Flight With Extended Fall Run,https://news.pollstar.com/2023/03/14/goose-continue-flight-with-extended-fall-run/,2023-03-14,2023-09-15,2023-10-06,Borderland Festival,"Buffalo, NY",Other,FALSE,,,TRUE
Goose Continue Flight With,Goose Continue Flight With Extended Fall Run,https://news.pollstar.com/2023/03/14/goose-continue-flight-with-extended-fall-run/,2023-03-14,2023-09-15,2023-10-06,Masonic Temple Theatre,"Detroit, MI",Theater,LYV,,,TRUE
Goose Continue Flight With,Goose Continue Flight With Extended Fall Run,https://news.pollstar.com/2023/03/14/goose-continue-flight-with-extended-fall-run/,2023-03-14,2023-09-15,2023-10-06,Miller High Life Theatre,"Milwaukee, WI",Theater,FALSE,,,TRUE
Goose Continue Flight With,Goose Continue Flight With Extended Fall Run,https://news.pollstar.com/2023/03/14/goose-continue-flight-with-extended-fall-run/,2023-03-14,2023-09-15,2023-10-06,Red Butte Garden Amphitheater,"Salt Lake City, UT",Theater,FALSE,,,TRUE
Goose Continue Flight With,Goose Continue Flight With Extended Fall Run,https://news.pollstar.com/2023/03/14/goose-continue-flight-with-extended-fall-run/,2023-03-14,2023-09-15,2023-10-06,KettleHouse Amphitheater,"Missoula, MT",Amphitheater,LYV,,,TRUE
Goose Continue Flight With,Goose Continue Flight With Extended Fall Run,https://news.pollstar.com/2023/03/14/goose-continue-flight-with-extended-fall-run/,2023-03-14,2023-09-15,2023-10-06,Spokane Pavilion,"Spokane, WA",Amphitheater,FALSE,,,TRUE
Goose Continue Flight With,Goose Continue Flight With Extended Fall Run,https://news.pollstar.com/2023/03/14/goose-continue-flight-with-extended-fall-run/,2023-03-14,2023-09-15,2023-10-06,Fox Theater,"Oakland, CA",Theater,FALSE,,,TRUE
Goose Continue Flight With,Goose Continue Flight With Extended Fall Run,https://news.pollstar.com/2023/03/14/goose-continue-flight-with-extended-fall-run/,2023-03-14,2023-09-15,2023-10-06,Fox Theater,"Oakland, CA",Theater,FALSE,,,TRUE
Goose Continue Flight With,Goose Continue Flight With Extended Fall Run,https://news.pollstar.com/2023/03/14/goose-continue-flight-with-extended-fall-run/,2023-03-14,2023-09-15,2023-10-06,Santa Barbara Bowl,"Santa Barbara, CA",Amphitheater,LYV,,,TRUE
Goose Continue Flight With,Goose Continue Flight With Extended Fall Run,https://news.pollstar.com/2023/03/14/goose-continue-flight-with-extended-fall-run/,2023-03-14,2023-09-15,2023-10-06,Brooklyn Bowl,"Las Vegas, NV",Club,LYV,,,TRUE
Goose Continue Flight With,Goose Continue Flight With Extended Fall Run,https://news.pollstar.com/2023/03/14/goose-continue-flight-with-extended-fall-run/,2023-03-14,2023-09-15,2023-10-06,Pepsi Amphitheater,"Flagstaff, AZ",Amphitheater,LYV,,,TRUE
Goose Continue Flight With,Goose Continue Flight With Extended Fall Run,https://news.pollstar.com/2023/03/14/goose-continue-flight-with-extended-fall-run/,2023-03-14,2023-09-15,2023-10-06,Red Rocks Amphitheatre,"Morrison, CO",Amphitheater,FALSE,,,TRUE
Goose Continue Flight With,Goose Continue Flight With Extended Fall Run,https://news.pollstar.com/2023/03/14/goose-continue-flight-with-extended-fall-run/,2023-03-14,2023-09-15,2023-10-06,Red Rocks Amphitheatre,"Morrison, CO",Amphitheater,FALSE,,,TRUE
My Morning Jacket,My Morning Jacket Unveil North American Tour Dates,https://news.pollstar.com/2023/03/15/my-morning-jacket-unveil-north-american-tour-dates/,2023-03-15,2023-05-14,2023-08-26,Saenger Theatre,"Mobile, AL",Theater,FALSE,,,TRUE
My Morning Jacket,My Morning Jacket Unveil North American Tour Dates,https://news.pollstar.com/2023/03/15/my-morning-jacket-unveil-north-american-tour-dates/,2023-03-15,2023-05-14,2023-08-26,Thalia Mara Hall,"Jackson, MS",Other,FALSE,,,TRUE
My Morning Jacket,My Morning Jacket Unveil North American Tour Dates,https://news.pollstar.com/2023/03/15/my-morning-jacket-unveil-north-american-tour-dates/,2023-03-15,2023-05-14,2023-08-26,"Guadalajara, Mexico",Corona Capital Guadalajara,Other,FALSE,,,TRUE
My Morning Jacket,My Morning Jacket Unveil North American Tour Dates,https://news.pollstar.com/2023/03/15/my-morning-jacket-unveil-north-american-tour-dates/,2023-03-15,2023-05-14,2023-08-26,O2 Kentish Town Forum,"London, UK",Other,FALSE,,,TRUE
My Morning Jacket,My Morning Jacket Unveil North American Tour Dates,https://news.pollstar.com/2023/03/15/my-morning-jacket-unveil-north-american-tour-dates/,2023-03-15,2023-05-14,2023-08-26,O2 Ritz Manchester,"Manchester, UK",Club,LYV,,,TRUE
My Morning Jacket,My Morning Jacket Unveil North American Tour Dates,https://news.pollstar.com/2023/03/15/my-morning-jacket-unveil-north-american-tour-dates/,2023-03-15,2023-05-14,2023-08-26,"Barcelona, Spain",Primavera Sound,Other,FALSE,,,TRUE
My Morning Jacket,My Morning Jacket Unveil North American Tour Dates,https://news.pollstar.com/2023/03/15/my-morning-jacket-unveil-north-american-tour-dates/,2023-03-15,2023-05-14,2023-08-26,"Antwerp, Belgium",De Roma,Other,FALSE,,,TRUE
My Morning Jacket,My Morning Jacket Unveil North American Tour Dates,https://news.pollstar.com/2023/03/15/my-morning-jacket-unveil-north-american-tour-dates/,2023-03-15,2023-05-14,2023-08-26,"Utrecht, Netherlands",TivoliVredenburg,Other,FALSE,,,TRUE
My Morning Jacket,My Morning Jacket Unveil North American Tour Dates,https://news.pollstar.com/2023/03/15/my-morning-jacket-unveil-north-american-tour-dates/,2023-03-15,2023-05-14,2023-08-26,"Porto, Portugal",Primavera Sound,Other,FALSE,,,TRUE
My Morning Jacket,My Morning Jacket Unveil North American Tour Dates,https://news.pollstar.com/2023/03/15/my-morning-jacket-unveil-north-american-tour-dates/,2023-03-15,2023-05-14,2023-08-26,"Madrid, Spain",Primavera Sound,Other,FALSE,,,TRUE
My Morning Jacket,My Morning Jacket Unveil North American Tour Dates,https://news.pollstar.com/2023/03/15/my-morning-jacket-unveil-north-american-tour-dates/,2023-03-15,2023-05-14,2023-08-26,St. Augustine Amphitheatre,"St. Augustine, FL",Amphitheater,LYV,,,TRUE
My Morning Jacket,My Morning Jacket Unveil North American Tour Dates,https://news.pollstar.com/2023/03/15/my-morning-jacket-unveil-north-american-tour-dates/,2023-03-15,2023-05-14,2023-08-26,Firefly Distillery,"Charleston, SC",Amphitheater,LYV,,,TRUE
My Morning Jacket,My Morning Jacket Unveil North American Tour Dates,https://news.pollstar.com/2023/03/15/my-morning-jacket-unveil-north-american-tour-dates/,2023-03-15,2023-05-14,2023-08-26,Bonnaroo Music & Arts Festival,"Manchester, TN",Amphitheater,LYV,,,TRUE
My Morning Jacket,My Morning Jacket Unveil North American Tour Dates,https://news.pollstar.com/2023/03/15/my-morning-jacket-unveil-north-american-tour-dates/,2023-03-15,2023-05-14,2023-08-26,Palace Theatre,"St. Paul, MN",Theater,FALSE,,,TRUE
My Morning Jacket,My Morning Jacket Unveil North American Tour Dates,https://news.pollstar.com/2023/03/15/my-morning-jacket-unveil-north-american-tour-dates/,2023-03-15,2023-05-14,2023-08-26,The Riverside Theater,"Milwaukee, WI",Theater,FALSE,,,TRUE
My Morning Jacket,My Morning Jacket Unveil North American Tour Dates,https://news.pollstar.com/2023/03/15/my-morning-jacket-unveil-north-american-tour-dates/,2023-03-15,2023-05-14,2023-08-26,TCU Amphitheater at White River State Park,"Indianapolis, IN",Theater,FALSE,,,TRUE
My Morning Jacket,My Morning Jacket Unveil North American Tour Dates,https://news.pollstar.com/2023/03/15/my-morning-jacket-unveil-north-american-tour-dates/,2023-03-15,2023-05-14,2023-08-26,MegaCorp Pavilion,"Newport, KY",Amphitheater,FALSE,,,TRUE
My Morning Jacket,My Morning Jacket Unveil North American Tour Dates,https://news.pollstar.com/2023/03/15/my-morning-jacket-unveil-north-american-tour-dates/,2023-03-15,2023-05-14,2023-08-26,Artpark Amphitheater,"Lewiston, NY",Amphitheater,LYV,,,TRUE
My Morning Jacket,My Morning Jacket Unveil North American Tour Dates,https://news.pollstar.com/2023/03/15/my-morning-jacket-unveil-north-american-tour-dates/,2023-03-15,2023-05-14,2023-08-26,Stage AE,"Pittsburgh, PA",Amphitheater,LYV,,,TRUE
My Morning Jacket,My Morning Jacket Unveil North American Tour Dates,https://news.pollstar.com/2023/03/15/my-morning-jacket-unveil-north-american-tour-dates/,2023-03-15,2023-05-14,2023-08-26,Westville Music Bowl,"New Haven, CT",Other,FALSE,,,TRUE
My Morning Jacket,My Morning Jacket Unveil North American Tour Dates,https://news.pollstar.com/2023/03/15/my-morning-jacket-unveil-north-american-tour-dates/,2023-03-15,2023-05-14,2023-08-26,Peach Music Festival,"Scranton, PA",Other,FALSE,,,TRUE
My Morning Jacket,My Morning Jacket Unveil North American Tour Dates,https://news.pollstar.com/2023/03/15/my-morning-jacket-unveil-north-american-tour-dates/,2023-03-15,2023-05-14,2023-08-26,The Anthem,"Washington, DC",Club,FALSE,,,TRUE
My Morning Jacket,My Morning Jacket Unveil North American Tour Dates,https://news.pollstar.com/2023/03/15/my-morning-jacket-unveil-north-american-tour-dates/,2023-03-15,2023-05-14,2023-08-26,FloydFest,"Floyd, VA",Other,FALSE,,,TRUE
My Morning Jacket,My Morning Jacket Unveil North American Tour Dates,https://news.pollstar.com/2023/03/15/my-morning-jacket-unveil-north-american-tour-dates/,2023-03-15,2023-05-14,2023-08-26,McMenamins Edgefield,"Troutdale, OR",Amphitheater,LYV,,,TRUE
My Morning Jacket,My Morning Jacket Unveil North American Tour Dates,https://news.pollstar.com/2023/03/15/my-morning-jacket-unveil-north-american-tour-dates/,2023-03-15,2023-05-14,2023-08-26,Hayden Homes Amphitheater,"Bend, OR",Amphitheater,LYV,,,TRUE
My Morning Jacket,My Morning Jacket Unveil North American Tour Dates,https://news.pollstar.com/2023/03/15/my-morning-jacket-unveil-north-american-tour-dates/,2023-03-15,2023-05-14,2023-08-26,Greek Theatre,"Berkeley, CA",Amphitheater,FALSE,,,TRUE
My Morning Jacket,My Morning Jacket Unveil North American Tour Dates,https://news.pollstar.com/2023/03/15/my-morning-jacket-unveil-north-american-tour-dates/,2023-03-15,2023-05-14,2023-08-26,Greek Theatre,"Berkeley, CA",Amphitheater,FALSE,,,TRUE
My Morning Jacket,My Morning Jacket Unveil North American Tour Dates,https://news.pollstar.com/2023/03/15/my-morning-jacket-unveil-north-american-tour-dates/,2023-03-15,2023-05-14,2023-08-26,Hollywood Bowl,"Los Angeles, CA",Amphitheater,FALSE,,,TRUE
My Morning Jacket,My Morning Jacket Unveil North American Tour Dates,https://news.pollstar.com/2023/03/15/my-morning-jacket-unveil-north-american-tour-dates/,2023-03-15,2023-05-14,2023-08-26,CalCoast Credit Union Open Air Theatre,"San Diego, CA",Auditorium,FALSE,,,TRUE
My Morning Jacket,My Morning Jacket Unveil North American Tour Dates,https://news.pollstar.com/2023/03/15/my-morning-jacket-unveil-north-american-tour-dates/,2023-03-15,2023-05-14,2023-08-26,Mesa Amphitheatre,"Mesa, AZ",Amphitheater,FALSE,,,TRUE
My Morning Jacket,My Morning Jacket Unveil North American Tour Dates,https://news.pollstar.com/2023/03/15/my-morning-jacket-unveil-north-american-tour-dates/,2023-03-15,2023-05-14,2023-08-26,Red Rocks Amphitheatre,"Morrison, CO",Amphitheater,FALSE,,,TRUE
My Morning Jacket,My Morning Jacket Unveil North American Tour Dates,https://news.pollstar.com/2023/03/15/my-morning-jacket-unveil-north-american-tour-dates/,2023-03-15,2023-05-14,2023-08-26,Red Rocks Amphitheatre,"Morrison, CO",Amphitheater,FALSE,,,TRUE
Drake,"Drake Unveils First Tour In 5 Years, ‘It’s All A Blur’ With 21 Savage",https://news.pollstar.com/2023/03/13/drake-unveils-first-tour-in-5-years-its-all-a-blur-with-21-savage/,2023-03-13,2023-06-16,2023-09-05,Smoothie King Center,"New Orleans, LA",Arena,FALSE,,,TRUE
Drake,"Drake Unveils First Tour In 5 Years, ‘It’s All A Blur’ With 21 Savage",https://news.pollstar.com/2023/03/13/drake-unveils-first-tour-in-5-years-its-all-a-blur-with-21-savage/,2023-03-13,2023-06-16,2023-09-05,Bridgestone Arena,"Nashville, TN",Arena,FALSE,,,TRUE
Drake,"Drake Unveils First Tour In 5 Years, ‘It’s All A Blur’ With 21 Savage",https://news.pollstar.com/2023/03/13/drake-unveils-first-tour-in-5-years-its-all-a-blur-with-21-savage/,2023-03-13,2023-06-16,2023-09-05,Toyota Center,"Houston, TX",Arena,FALSE,,,TRUE
Drake,"Drake Unveils First Tour In 5 Years, ‘It’s All A Blur’ With 21 Savage",https://news.pollstar.com/2023/03/13/drake-unveils-first-tour-in-5-years-its-all-a-blur-with-21-savage/,2023-03-13,2023-06-16,2023-09-05,American Airlines Center,"Dallas, TX",Arena,FALSE,,,TRUE
Drake,"Drake Unveils First Tour In 5 Years, ‘It’s All A Blur’ With 21 Savage",https://news.pollstar.com/2023/03/13/drake-unveils-first-tour-in-5-years-its-all-a-blur-with-21-savage/,2023-03-13,2023-06-16,2023-09-05,Miami-Dade Arena,"Miami, FL",Arena,FALSE,,,TRUE
Drake,"Drake Unveils First Tour In 5 Years, ‘It’s All A Blur’ With 21 Savage",https://news.pollstar.com/2023/03/13/drake-unveils-first-tour-in-5-years-its-all-a-blur-with-21-savage/,2023-03-13,2023-06-16,2023-09-05,State Farm Arena,"Atlanta, GA",Arena,FALSE,,,TRUE
Drake,"Drake Unveils First Tour In 5 Years, ‘It’s All A Blur’ With 21 Savage",https://news.pollstar.com/2023/03/13/drake-unveils-first-tour-in-5-years-its-all-a-blur-with-21-savage/,2023-03-13,2023-06-16,2023-09-05,State Farm Arena,"Atlanta, GA",Arena,FALSE,,,TRUE
Drake,"Drake Unveils First Tour In 5 Years, ‘It’s All A Blur’ With 21 Savage",https://news.pollstar.com/2023/03/13/drake-unveils-first-tour-in-5-years-its-all-a-blur-with-21-savage/,2023-03-13,2023-06-16,2023-09-05,United Center,"Chicago, IL",Arena,FALSE,,,TRUE
Drake,"Drake Unveils First Tour In 5 Years, ‘It’s All A Blur’ With 21 Savage",https://news.pollstar.com/2023/03/13/drake-unveils-first-tour-in-5-years-its-all-a-blur-with-21-savage/,2023-03-13,2023-06-16,2023-09-05,United Center,"Chicago, IL",Arena,FALSE,,,TRUE
Drake,"Drake Unveils First Tour In 5 Years, ‘It’s All A Blur’ With 21 Savage",https://news.pollstar.com/2023/03/13/drake-unveils-first-tour-in-5-years-its-all-a-blur-with-21-savage/,2023-03-13,2023-06-16,2023-09-05,Little Caesars Arena,"Detroit, MI",Theater,FALSE,,,TRUE
Drake,"Drake Unveils First Tour In 5 Years, ‘It’s All A Blur’ With 21 Savage",https://news.pollstar.com/2023/03/13/drake-unveils-first-tour-in-5-years-its-all-a-blur-with-21-savage/,2023-03-13,2023-06-16,2023-09-05,TD Garden,"Boston, MA",Arena,FALSE,,,TRUE
Drake,"Drake Unveils First Tour In 5 Years, ‘It’s All A Blur’ With 21 Savage",https://news.pollstar.com/2023/03/13/drake-unveils-first-tour-in-5-years-its-all-a-blur-with-21-savage/,2023-03-13,2023-06-16,2023-09-05,TD Garden,"Boston, MA",Arena,FALSE,,,TRUE
Drake,"Drake Unveils First Tour In 5 Years, ‘It’s All A Blur’ With 21 Savage",https://news.pollstar.com/2023/03/13/drake-unveils-first-tour-in-5-years-its-all-a-blur-with-21-savage/,2023-03-13,2023-06-16,2023-09-05,Bell Centre,"Montreal, QC",Arena,FALSE,,,TRUE
Drake,"Drake Unveils First Tour In 5 Years, ‘It’s All A Blur’ With 21 Savage",https://news.pollstar.com/2023/03/13/drake-unveils-first-tour-in-5-years-its-all-a-blur-with-21-savage/,2023-03-13,2023-06-16,2023-09-05,Barclays Center,"Brooklyn, NY",Arena,FALSE,,,TRUE
Drake,"Drake Unveils First Tour In 5 Years, ‘It’s All A Blur’ With 21 Savage",https://news.pollstar.com/2023/03/13/drake-unveils-first-tour-in-5-years-its-all-a-blur-with-21-savage/,2023-03-13,2023-06-16,2023-09-05,Barclays Center,"Brooklyn, NY",Arena,FALSE,,,TRUE
Drake,"Drake Unveils First Tour In 5 Years, ‘It’s All A Blur’ With 21 Savage",https://news.pollstar.com/2023/03/13/drake-unveils-first-tour-in-5-years-its-all-a-blur-with-21-savage/,2023-03-13,2023-06-16,2023-09-05,Madison Square Garden,"New York, NY",Arena,FALSE,,,TRUE
Drake,"Drake Unveils First Tour In 5 Years, ‘It’s All A Blur’ With 21 Savage",https://news.pollstar.com/2023/03/13/drake-unveils-first-tour-in-5-years-its-all-a-blur-with-21-savage/,2023-03-13,2023-06-16,2023-09-05,Madison Square Garden,"New York, NY",Arena,FALSE,,,TRUE
Drake,"Drake Unveils First Tour In 5 Years, ‘It’s All A Blur’ With 21 Savage",https://news.pollstar.com/2023/03/13/drake-unveils-first-tour-in-5-years-its-all-a-blur-with-21-savage/,2023-03-13,2023-06-16,2023-09-05,Capital One Arena,"Washington, DC",Arena,FALSE,,,TRUE
Drake,"Drake Unveils First Tour In 5 Years, ‘It’s All A Blur’ With 21 Savage",https://news.pollstar.com/2023/03/13/drake-unveils-first-tour-in-5-years-its-all-a-blur-with-21-savage/,2023-03-13,2023-06-16,2023-09-05,Wells Fargo Center,"Philadelphia, PA",Arena,FALSE,,,TRUE
Drake,"Drake Unveils First Tour In 5 Years, ‘It’s All A Blur’ With 21 Savage",https://news.pollstar.com/2023/03/13/drake-unveils-first-tour-in-5-years-its-all-a-blur-with-21-savage/,2023-03-13,2023-06-16,2023-09-05,Kia Forum,"Inglewood, CA",Arena,FALSE,,,TRUE
Drake,"Drake Unveils First Tour In 5 Years, ‘It’s All A Blur’ With 21 Savage",https://news.pollstar.com/2023/03/13/drake-unveils-first-tour-in-5-years-its-all-a-blur-with-21-savage/,2023-03-13,2023-06-16,2023-09-05,Kia Forum,"Inglewood, CA",Arena,FALSE,,,TRUE
Drake,"Drake Unveils First Tour In 5 Years, ‘It’s All A Blur’ With 21 Savage",https://news.pollstar.com/2023/03/13/drake-unveils-first-tour-in-5-years-its-all-a-blur-with-21-savage/,2023-03-13,2023-06-16,2023-09-05,Chase Center,"San Francisco, CA",Arena,FALSE,,,TRUE
Drake,"Drake Unveils First Tour In 5 Years, ‘It’s All A Blur’ With 21 Savage",https://news.pollstar.com/2023/03/13/drake-unveils-first-tour-in-5-years-its-all-a-blur-with-21-savage/,2023-03-13,2023-06-16,2023-09-05,Cyrpto.com Arena,"Los Angeles, CA",Arena,FALSE,,,TRUE
Drake,"Drake Unveils First Tour In 5 Years, ‘It’s All A Blur’ With 21 Savage",https://news.pollstar.com/2023/03/13/drake-unveils-first-tour-in-5-years-its-all-a-blur-with-21-savage/,2023-03-13,2023-06-16,2023-09-05,Cyrpto.com Arena,"Los Angeles, CA",Arena,FALSE,,,TRUE
Drake,"Drake Unveils First Tour In 5 Years, ‘It’s All A Blur’ With 21 Savage",https://news.pollstar.com/2023/03/13/drake-unveils-first-tour-in-5-years-its-all-a-blur-with-21-savage/,2023-03-13,2023-06-16,2023-09-05,Climate Pledge Arena,"Seattle, WA",Arena,FALSE,,,TRUE
Drake,"Drake Unveils First Tour In 5 Years, ‘It’s All A Blur’ With 21 Savage",https://news.pollstar.com/2023/03/13/drake-unveils-first-tour-in-5-years-its-all-a-blur-with-21-savage/,2023-03-13,2023-06-16,2023-09-05,Rogers Arena,"Vancouver, BC",Arena,FALSE,,,TRUE
Drake,"Drake Unveils First Tour In 5 Years, ‘It’s All A Blur’ With 21 Savage",https://news.pollstar.com/2023/03/13/drake-unveils-first-tour-in-5-years-its-all-a-blur-with-21-savage/,2023-03-13,2023-06-16,2023-09-05,Desert Diamond Arena,"Glendale, AZ",Arena,FALSE,,,TRUE
Lionel Richie,"Lionel Richie & Earth, Wind & Fire Set Sights On Summer Tour",https://news.pollstar.com/2023/03/06/lionel-richie-earth-wind-fire-set-sights-on-summer-tour/,2023-03-06,2023-08-04,2023-09-15,Xcel Energy Center,"St. Paul, MN",Arena,FALSE,,,TRUE
Lionel Richie,"Lionel Richie & Earth, Wind & Fire Set Sights On Summer Tour",https://news.pollstar.com/2023/03/06/lionel-richie-earth-wind-fire-set-sights-on-summer-tour/,2023-03-06,2023-08-04,2023-09-15,United Center,"Chicago, IL",Arena,FALSE,,,TRUE
Lionel Richie,"Lionel Richie & Earth, Wind & Fire Set Sights On Summer Tour",https://news.pollstar.com/2023/03/06/lionel-richie-earth-wind-fire-set-sights-on-summer-tour/,2023-03-06,2023-08-04,2023-09-15,Scotiabank Arena,"Toronto, ON",Arena,FALSE,,,TRUE
Lionel Richie,"Lionel Richie & Earth, Wind & Fire Set Sights On Summer Tour",https://news.pollstar.com/2023/03/06/lionel-richie-earth-wind-fire-set-sights-on-summer-tour/,2023-03-06,2023-08-04,2023-09-15,Bell Centre,"Montreal, QC",Arena,FALSE,,,TRUE
Lionel Richie,"Lionel Richie & Earth, Wind & Fire Set Sights On Summer Tour",https://news.pollstar.com/2023/03/06/lionel-richie-earth-wind-fire-set-sights-on-summer-tour/,2023-03-06,2023-08-04,2023-09-15,TD Garden,"Boston, MA",Arena,FALSE,,,TRUE
Lionel Richie,"Lionel Richie & Earth, Wind & Fire Set Sights On Summer Tour",https://news.pollstar.com/2023/03/06/lionel-richie-earth-wind-fire-set-sights-on-summer-tour/,2023-03-06,2023-08-04,2023-09-15,Madison Square Garden,"New York, NY",Arena,FALSE,,,TRUE
Lionel Richie,"Lionel Richie & Earth, Wind & Fire Set Sights On Summer Tour",https://news.pollstar.com/2023/03/06/lionel-richie-earth-wind-fire-set-sights-on-summer-tour/,2023-03-06,2023-08-04,2023-09-15,Wells Fargo Center,"Philadelphia, PA",Arena,FALSE,,,TRUE
Lionel Richie,"Lionel Richie & Earth, Wind & Fire Set Sights On Summer Tour",https://news.pollstar.com/2023/03/06/lionel-richie-earth-wind-fire-set-sights-on-summer-tour/,2023-03-06,2023-08-04,2023-09-15,Capital One Arena,"Washington, DC",Arena,FALSE,,,TRUE
Lionel Richie,"Lionel Richie & Earth, Wind & Fire Set Sights On Summer Tour",https://news.pollstar.com/2023/03/06/lionel-richie-earth-wind-fire-set-sights-on-summer-tour/,2023-03-06,2023-08-04,2023-09-15,CFG Bank Arena,"Baltimore, MD",Arena,FALSE,,,TRUE
Lionel Richie,"Lionel Richie & Earth, Wind & Fire Set Sights On Summer Tour",https://news.pollstar.com/2023/03/06/lionel-richie-earth-wind-fire-set-sights-on-summer-tour/,2023-03-06,2023-08-04,2023-09-15,State Farm Arena,"Atlanta, GA",Arena,FALSE,,,TRUE
Lionel Richie,"Lionel Richie & Earth, Wind & Fire Set Sights On Summer Tour",https://news.pollstar.com/2023/03/06/lionel-richie-earth-wind-fire-set-sights-on-summer-tour/,2023-03-06,2023-08-04,2023-09-15,FLA Live Arena,"Fort Lauderdale, FL",Arena,FALSE,,,TRUE
Lionel Richie,"Lionel Richie & Earth, Wind & Fire Set Sights On Summer Tour",https://news.pollstar.com/2023/03/06/lionel-richie-earth-wind-fire-set-sights-on-summer-tour/,2023-03-06,2023-08-04,2023-09-15,Amalie Arena,"Tampa, FL",Arena,FALSE,,,TRUE
Lionel Richie,"Lionel Richie & Earth, Wind & Fire Set Sights On Summer Tour",https://news.pollstar.com/2023/03/06/lionel-richie-earth-wind-fire-set-sights-on-summer-tour/,2023-03-06,2023-08-04,2023-09-15,Moody Center,"Austin, TX",Arena,FALSE,,,TRUE
Lionel Richie,"Lionel Richie & Earth, Wind & Fire Set Sights On Summer Tour",https://news.pollstar.com/2023/03/06/lionel-richie-earth-wind-fire-set-sights-on-summer-tour/,2023-03-06,2023-08-04,2023-09-15,American Airlines Center,"Dallas, TX",Arena,FALSE,,,TRUE
Lionel Richie,"Lionel Richie & Earth, Wind & Fire Set Sights On Summer Tour",https://news.pollstar.com/2023/03/06/lionel-richie-earth-wind-fire-set-sights-on-summer-tour/,2023-03-06,2023-08-04,2023-09-15,Toyota Center,"Houston, TX",Arena,FALSE,,,TRUE
Lionel Richie,"Lionel Richie & Earth, Wind & Fire Set Sights On Summer Tour",https://news.pollstar.com/2023/03/06/lionel-richie-earth-wind-fire-set-sights-on-summer-tour/,2023-03-06,2023-08-04,2023-09-15,Ball Arena,"Denver, CO",Arena,FALSE,,,TRUE
Lionel Richie,"Lionel Richie & Earth, Wind & Fire Set Sights On Summer Tour",https://news.pollstar.com/2023/03/06/lionel-richie-earth-wind-fire-set-sights-on-summer-tour/,2023-03-06,2023-08-04,2023-09-15,Chase Center,"San Francisco, CA",Arena,FALSE,,,TRUE
Lionel Richie,"Lionel Richie & Earth, Wind & Fire Set Sights On Summer Tour",https://news.pollstar.com/2023/03/06/lionel-richie-earth-wind-fire-set-sights-on-summer-tour/,2023-03-06,2023-08-04,2023-09-15,Climate Pledge Arena,"Seattle, WA",Arena,FALSE,,,TRUE
Lionel Richie,"Lionel Richie & Earth, Wind & Fire Set Sights On Summer Tour",https://news.pollstar.com/2023/03/06/lionel-richie-earth-wind-fire-set-sights-on-summer-tour/,2023-03-06,2023-08-04,2023-09-15,Rogers Arena,"Vancouver, BC",Arena,FALSE,,,TRUE
Lionel Richie,"Lionel Richie & Earth, Wind & Fire Set Sights On Summer Tour",https://news.pollstar.com/2023/03/06/lionel-richie-earth-wind-fire-set-sights-on-summer-tour/,2023-03-06,2023-08-04,2023-09-15,Kia Forum,"Los Angeles, CA",Arena,FALSE,,,TRUE
Pepe Aguilar,"Pepe Aguilar Unveils 22-Date Tour, Including Jaripeo Sin Fronteras Spectacle",https://news.pollstar.com/2023/03/03/pepe-aguilar-unveils-22-date-tour-including-jaripeo-sin-fronteras-spectacle/,2023-03-03,2023-07-21,2023-11-25,Acrisure Arena,"Palm Desert, CA",Arena,FALSE,,,TRUE
Pepe Aguilar,"Pepe Aguilar Unveils 22-Date Tour, Including Jaripeo Sin Fronteras Spectacle",https://news.pollstar.com/2023/03/03/pepe-aguilar-unveils-22-date-tour-including-jaripeo-sin-fronteras-spectacle/,2023-03-03,2023-07-21,2023-11-25,Save Mart Center,"Fresno, CA",Arena,LYV,,,TRUE
Pepe Aguilar,"Pepe Aguilar Unveils 22-Date Tour, Including Jaripeo Sin Fronteras Spectacle",https://news.pollstar.com/2023/03/03/pepe-aguilar-unveils-22-date-tour-including-jaripeo-sin-fronteras-spectacle/,2023-03-03,2023-07-21,2023-11-25,Theater at Madison Square Garden,"New York City, NY",Arena,FALSE,,,TRUE
Pepe Aguilar,"Pepe Aguilar Unveils 22-Date Tour, Including Jaripeo Sin Fronteras Spectacle",https://news.pollstar.com/2023/03/03/pepe-aguilar-unveils-22-date-tour-including-jaripeo-sin-fronteras-spectacle/,2023-03-03,2023-07-21,2023-11-25,Moody Amphitheater,"Austin, TX",Amphitheater,LYV,,,TRUE
Pepe Aguilar,"Pepe Aguilar Unveils 22-Date Tour, Including Jaripeo Sin Fronteras Spectacle",https://news.pollstar.com/2023/03/03/pepe-aguilar-unveils-22-date-tour-including-jaripeo-sin-fronteras-spectacle/,2023-03-03,2023-07-21,2023-11-25,Payne Arena,"Hidalgo, TX",Arena,FALSE,,,TRUE
Pepe Aguilar,"Pepe Aguilar Unveils 22-Date Tour, Including Jaripeo Sin Fronteras Spectacle",https://news.pollstar.com/2023/03/03/pepe-aguilar-unveils-22-date-tour-including-jaripeo-sin-fronteras-spectacle/,2023-03-03,2023-07-21,2023-11-25,Bellco Theatre,"Denver, CO",Theater,FALSE,,,TRUE
Pepe Aguilar,"Pepe Aguilar Unveils 22-Date Tour, Including Jaripeo Sin Fronteras Spectacle",https://news.pollstar.com/2023/03/03/pepe-aguilar-unveils-22-date-tour-including-jaripeo-sin-fronteras-spectacle/,2023-03-03,2023-07-21,2023-11-25,Alaska Airlines’ Theater of the Clouds at Moda Center,"Portland, OR",Arena,FALSE,,,TRUE
Pepe Aguilar,"Pepe Aguilar Unveils 22-Date Tour, Including Jaripeo Sin Fronteras Spectacle",https://news.pollstar.com/2023/03/03/pepe-aguilar-unveils-22-date-tour-including-jaripeo-sin-fronteras-spectacle/,2023-03-03,2023-07-21,2023-11-25,Accesso ShoWare Center,"Kent, WA",Other,FALSE,,,TRUE
Pepe Aguilar,"Pepe Aguilar Unveils 22-Date Tour, Including Jaripeo Sin Fronteras Spectacle",https://news.pollstar.com/2023/03/03/pepe-aguilar-unveils-22-date-tour-including-jaripeo-sin-fronteras-spectacle/,2023-03-03,2023-07-21,2023-11-25,FLA Live Arena,"Ft. Lauderdale, FL",Arena,FALSE,,,TRUE
Pepe Aguilar,"Pepe Aguilar Unveils 22-Date Tour, Including Jaripeo Sin Fronteras Spectacle",https://news.pollstar.com/2023/03/03/pepe-aguilar-unveils-22-date-tour-including-jaripeo-sin-fronteras-spectacle/,2023-03-03,2023-07-21,2023-11-25,Amway Center,"Orlando, FL",Other,FALSE,,,TRUE
Pepe Aguilar,"Pepe Aguilar Unveils 22-Date Tour, Including Jaripeo Sin Fronteras Spectacle",https://news.pollstar.com/2023/03/03/pepe-aguilar-unveils-22-date-tour-including-jaripeo-sin-fronteras-spectacle/,2023-03-03,2023-07-21,2023-11-25,Allstate Arena,"Chicago, IL",Arena,FALSE,,,TRUE
Pepe Aguilar,"Pepe Aguilar Unveils 22-Date Tour, Including Jaripeo Sin Fronteras Spectacle",https://news.pollstar.com/2023/03/03/pepe-aguilar-unveils-22-date-tour-including-jaripeo-sin-fronteras-spectacle/,2023-03-03,2023-07-21,2023-11-25,Allstate Arena,"Chicago, IL",Arena,FALSE,,,TRUE
Pepe Aguilar,"Pepe Aguilar Unveils 22-Date Tour, Including Jaripeo Sin Fronteras Spectacle",https://news.pollstar.com/2023/03/03/pepe-aguilar-unveils-22-date-tour-including-jaripeo-sin-fronteras-spectacle/,2023-03-03,2023-07-21,2023-11-25,Bridgestone Arena,"Nashville, TN",Arena,FALSE,,,TRUE
Pepe Aguilar,"Pepe Aguilar Unveils 22-Date Tour, Including Jaripeo Sin Fronteras Spectacle",https://news.pollstar.com/2023/03/03/pepe-aguilar-unveils-22-date-tour-including-jaripeo-sin-fronteras-spectacle/,2023-03-03,2023-07-21,2023-11-25,PNC Arena,"Raleigh, NC",Arena,FALSE,,,TRUE
Pepe Aguilar,"Pepe Aguilar Unveils 22-Date Tour, Including Jaripeo Sin Fronteras Spectacle",https://news.pollstar.com/2023/03/03/pepe-aguilar-unveils-22-date-tour-including-jaripeo-sin-fronteras-spectacle/,2023-03-03,2023-07-21,2023-11-25,Honda Center,"Anaheim, CA",Arena,FALSE,,,TRUE
Pepe Aguilar,"Pepe Aguilar Unveils 22-Date Tour, Including Jaripeo Sin Fronteras Spectacle",https://news.pollstar.com/2023/03/03/pepe-aguilar-unveils-22-date-tour-including-jaripeo-sin-fronteras-spectacle/,2023-03-03,2023-07-21,2023-11-25,Honda Center,"Anaheim, CA",Arena,FALSE,,,TRUE
Pepe Aguilar,"Pepe Aguilar Unveils 22-Date Tour, Including Jaripeo Sin Fronteras Spectacle",https://news.pollstar.com/2023/03/03/pepe-aguilar-unveils-22-date-tour-including-jaripeo-sin-fronteras-spectacle/,2023-03-03,2023-07-21,2023-11-25,Crypto.com Arena,"Los Angeles, CA",Arena,FALSE,,,TRUE
Pepe Aguilar,"Pepe Aguilar Unveils 22-Date Tour, Including Jaripeo Sin Fronteras Spectacle",https://news.pollstar.com/2023/03/03/pepe-aguilar-unveils-22-date-tour-including-jaripeo-sin-fronteras-spectacle/,2023-03-03,2023-07-21,2023-11-25,Crypto.com Arena,"Los Angeles, CA",Arena,FALSE,,,TRUE
Pepe Aguilar,"Pepe Aguilar Unveils 22-Date Tour, Including Jaripeo Sin Fronteras Spectacle",https://news.pollstar.com/2023/03/03/pepe-aguilar-unveils-22-date-tour-including-jaripeo-sin-fronteras-spectacle/,2023-03-03,2023-07-21,2023-11-25,Desert Diamond Arena,"Glendale, AZ",Arena,FALSE,,,TRUE
Pepe Aguilar,"Pepe Aguilar Unveils 22-Date Tour, Including Jaripeo Sin Fronteras Spectacle",https://news.pollstar.com/2023/03/03/pepe-aguilar-unveils-22-date-tour-including-jaripeo-sin-fronteras-spectacle/,2023-03-03,2023-07-21,2023-11-25,MGM Grand Garden Arena,"Las Vegas, NV",Arena,FALSE,,,TRUE
Pepe Aguilar,"Pepe Aguilar Unveils 22-Date Tour, Including Jaripeo Sin Fronteras Spectacle",https://news.pollstar.com/2023/03/03/pepe-aguilar-unveils-22-date-tour-including-jaripeo-sin-fronteras-spectacle/,2023-03-03,2023-07-21,2023-11-25,Mechanics Arena,"Bakersfield, CA",Arena,FALSE,,,TRUE
Pepe Aguilar,"Pepe Aguilar Unveils 22-Date Tour, Including Jaripeo Sin Fronteras Spectacle",https://news.pollstar.com/2023/03/03/pepe-aguilar-unveils-22-date-tour-including-jaripeo-sin-fronteras-spectacle/,2023-03-03,2023-07-21,2023-11-25,Golden 1 Center,"Sacramento, CA",Arena,FALSE,,,TRUE
Gov’t Mule,Gov’t Mule Announces Spring Tour,https://news.pollstar.com/2023/03/01/govt-mule-announces-spring-tour/,2023-03-01,2023-05-19,2023-05-20,Outdoor Stage,"Asheville, NC @ Salvage Station",Amphitheater,LYV,,,TRUE
Gov’t Mule,Gov’t Mule Announces Spring Tour,https://news.pollstar.com/2023/03/01/govt-mule-announces-spring-tour/,2023-03-01,2023-05-19,2023-05-20,Outdoor Stage,"Asheville, NC @ Salvage Station",Amphitheater,LYV,,,TRUE
The Lumineers Continue ‘Brightside World Tour’ This Summer,The Lumineers Continue ‘Brightside World Tour’ This Summer,https://news.pollstar.com/2023/03/02/the-lumineers-continue-brightside-world-tour-this-summer/,2023-03-02,2023-08-16,2023-09-15,Maine Savings Amphitheater,"Bangor, ME",Amphitheater,LYV,,,TRUE
The Lumineers Continue ‘Brightside World Tour’ This Summer,The Lumineers Continue ‘Brightside World Tour’ This Summer,https://news.pollstar.com/2023/03/02/the-lumineers-continue-brightside-world-tour-this-summer/,2023-03-02,2023-08-16,2023-09-15,Northwell Health at Jones Beach Theater,"Wantagh, NY",Theater,FALSE,,,TRUE
The Lumineers Continue ‘Brightside World Tour’ This Summer,The Lumineers Continue ‘Brightside World Tour’ This Summer,https://news.pollstar.com/2023/03/02/the-lumineers-continue-brightside-world-tour-this-summer/,2023-03-02,2023-08-16,2023-09-15,Catbird Festival,"Bethel, NY",Other,FALSE,,,TRUE
The Lumineers Continue ‘Brightside World Tour’ This Summer,The Lumineers Continue ‘Brightside World Tour’ This Summer,https://news.pollstar.com/2023/03/02/the-lumineers-continue-brightside-world-tour-this-summer/,2023-03-02,2023-08-16,2023-09-15,Darien Lake Amphitheater,"Darien Center, NY",Amphitheater,LYV,,,TRUE
The Lumineers Continue ‘Brightside World Tour’ This Summer,The Lumineers Continue ‘Brightside World Tour’ This Summer,https://news.pollstar.com/2023/03/02/the-lumineers-continue-brightside-world-tour-this-summer/,2023-03-02,2023-08-16,2023-09-15,TD Pavilion at the Mann,"Philadelphia, PA",Amphitheater,LYV,,,TRUE
The Lumineers Continue ‘Brightside World Tour’ This Summer,The Lumineers Continue ‘Brightside World Tour’ This Summer,https://news.pollstar.com/2023/03/02/the-lumineers-continue-brightside-world-tour-this-summer/,2023-03-02,2023-08-16,2023-09-15,Pine Knob Music Theatre,"Detroit, MI",Amphitheater,LYV,,,TRUE
The Lumineers Continue ‘Brightside World Tour’ This Summer,The Lumineers Continue ‘Brightside World Tour’ This Summer,https://news.pollstar.com/2023/03/02/the-lumineers-continue-brightside-world-tour-this-summer/,2023-03-02,2023-08-16,2023-09-15,American Family Insurance Amphitheater,"Milwaukee, WI",Amphitheater,LYV,,,TRUE
The Lumineers Continue ‘Brightside World Tour’ This Summer,The Lumineers Continue ‘Brightside World Tour’ This Summer,https://news.pollstar.com/2023/03/02/the-lumineers-continue-brightside-world-tour-this-summer/,2023-03-02,2023-08-16,2023-09-15,Somerset Amphitheater,"Somerset, WI",Theater,FALSE,,,TRUE
The Lumineers Continue ‘Brightside World Tour’ This Summer,The Lumineers Continue ‘Brightside World Tour’ This Summer,https://news.pollstar.com/2023/03/02/the-lumineers-continue-brightside-world-tour-this-summer/,2023-03-02,2023-08-16,2023-09-15,Jazz Aspen Snowmass,"Aspen, CO",Other,FALSE,,,TRUE
The Lumineers Continue ‘Brightside World Tour’ This Summer,The Lumineers Continue ‘Brightside World Tour’ This Summer,https://news.pollstar.com/2023/03/02/the-lumineers-continue-brightside-world-tour-this-summer/,2023-03-02,2023-08-16,2023-09-15,USANA Amphitheatre,"Salt Lake City, UT",Amphitheater,LYV,,,TRUE
The Lumineers Continue ‘Brightside World Tour’ This Summer,The Lumineers Continue ‘Brightside World Tour’ This Summer,https://news.pollstar.com/2023/03/02/the-lumineers-continue-brightside-world-tour-this-summer/,2023-03-02,2023-08-16,2023-09-15,KettleHouse Amphitheater,"Bonner, MT",Amphitheater,LYV,,,TRUE
The Lumineers Continue ‘Brightside World Tour’ This Summer,The Lumineers Continue ‘Brightside World Tour’ This Summer,https://news.pollstar.com/2023/03/02/the-lumineers-continue-brightside-world-tour-this-summer/,2023-03-02,2023-08-16,2023-09-15,KettleHouse Amphitheater,"Bonner, MT",Amphitheater,LYV,,,TRUE
The Lumineers Continue ‘Brightside World Tour’ This Summer,The Lumineers Continue ‘Brightside World Tour’ This Summer,https://news.pollstar.com/2023/03/02/the-lumineers-continue-brightside-world-tour-this-summer/,2023-03-02,2023-08-16,2023-09-15,The Gorge Amphitheatre,"George, WA",Amphitheater,LYV,,,TRUE
The Lumineers Continue ‘Brightside World Tour’ This Summer,The Lumineers Continue ‘Brightside World Tour’ This Summer,https://news.pollstar.com/2023/03/02/the-lumineers-continue-brightside-world-tour-this-summer/,2023-03-02,2023-08-16,2023-09-15,Hayden Homes Amphitheater,"Bend, OR",Amphitheater,LYV,,,TRUE
The Lumineers Continue ‘Brightside World Tour’ This Summer,The Lumineers Continue ‘Brightside World Tour’ This Summer,https://news.pollstar.com/2023/03/02/the-lumineers-continue-brightside-world-tour-this-summer/,2023-03-02,2023-08-16,2023-09-15,Hayden Homes Amphitheater,"Bend, OR",Amphitheater,LYV,,,TRUE
The Lumineers Continue ‘Brightside World Tour’ This Summer,The Lumineers Continue ‘Brightside World Tour’ This Summer,https://news.pollstar.com/2023/03/02/the-lumineers-continue-brightside-world-tour-this-summer/,2023-03-02,2023-08-16,2023-09-15,Santa Barbara Bowl,"Santa Barbara, CA",Amphitheater,LYV,,,TRUE
The Lumineers Continue ‘Brightside World Tour’ This Summer,The Lumineers Continue ‘Brightside World Tour’ This Summer,https://news.pollstar.com/2023/03/02/the-lumineers-continue-brightside-world-tour-this-summer/,2023-03-02,2023-08-16,2023-09-15,Santa Barbara Bowl,"Santa Barbara, CA",Amphitheater,LYV,,,TRUE
The Lumineers Continue ‘Brightside World Tour’ This Summer,The Lumineers Continue ‘Brightside World Tour’ This Summer,https://news.pollstar.com/2023/03/02/the-lumineers-continue-brightside-world-tour-this-summer/,2023-03-02,2023-08-16,2023-09-15,Hollywood Bowl,"Los Angeles, CA",Amphitheater,FALSE,,,TRUE
Foo Fighters,Foo Fighters Unveil Three North American Headline Dates,https://news.pollstar.com/2023/02/28/foo-fighters-unveil-three-north-american-headline-dates/,2023-02-28,2023-05-24,2023-06-16,Bank of New Hampshire Pavilion,"Gilford, NH",Amphitheater,LYV,,,TRUE
Foo Fighters,Foo Fighters Unveil Three North American Headline Dates,https://news.pollstar.com/2023/02/28/foo-fighters-unveil-three-north-american-headline-dates/,2023-02-28,2023-05-24,2023-06-16,Walmart AMP,"Rogers, AR",Amphitheater,LYV,,,TRUE
Foo Fighters,Foo Fighters Unveil Three North American Headline Dates,https://news.pollstar.com/2023/02/28/foo-fighters-unveil-three-north-american-headline-dates/,2023-02-28,2023-05-24,2023-06-16,Oak Mountain Amphitheatre,"Pelham, AL",Amphitheater,FALSE,,,TRUE
BTS’ Suga Goes Solo On New Arena Tour,BTS’ Suga Goes Solo On New Arena Tour,https://news.pollstar.com/2023/02/14/bts-suga-goes-solo-on-new-arena-tour/,2023-02-14,2023-04-26,2023-06-25,UBS Arena,"Belmont Park, NY",Arena,FALSE,,,TRUE
BTS’ Suga Goes Solo On New Arena Tour,BTS’ Suga Goes Solo On New Arena Tour,https://news.pollstar.com/2023/02/14/bts-suga-goes-solo-on-new-arena-tour/,2023-02-14,2023-04-26,2023-06-25,UBS Arena,"Belmont Park, NY",Arena,FALSE,,,TRUE
BTS’ Suga Goes Solo On New Arena Tour,BTS’ Suga Goes Solo On New Arena Tour,https://news.pollstar.com/2023/02/14/bts-suga-goes-solo-on-new-arena-tour/,2023-02-14,2023-04-26,2023-06-25,Prudential Center,"Newark, NJ",Arena,FALSE,,,TRUE
BTS’ Suga Goes Solo On New Arena Tour,BTS’ Suga Goes Solo On New Arena Tour,https://news.pollstar.com/2023/02/14/bts-suga-goes-solo-on-new-arena-tour/,2023-02-14,2023-04-26,2023-06-25,Allstate Arena,"Rosemont, IL",Arena,FALSE,,,TRUE
BTS’ Suga Goes Solo On New Arena Tour,BTS’ Suga Goes Solo On New Arena Tour,https://news.pollstar.com/2023/02/14/bts-suga-goes-solo-on-new-arena-tour/,2023-02-14,2023-04-26,2023-06-25,Allstate Arena,"Rosemont, IL",Arena,FALSE,,,TRUE
BTS’ Suga Goes Solo On New Arena Tour,BTS’ Suga Goes Solo On New Arena Tour,https://news.pollstar.com/2023/02/14/bts-suga-goes-solo-on-new-arena-tour/,2023-02-14,2023-04-26,2023-06-25,Allstate Arena,"Rosemont, IL",Arena,FALSE,,,TRUE
BTS’ Suga Goes Solo On New Arena Tour,BTS’ Suga Goes Solo On New Arena Tour,https://news.pollstar.com/2023/02/14/bts-suga-goes-solo-on-new-arena-tour/,2023-02-14,2023-04-26,2023-06-25,Kia Forum,"Los Angeles, CA",Arena,FALSE,,,TRUE
BTS’ Suga Goes Solo On New Arena Tour,BTS’ Suga Goes Solo On New Arena Tour,https://news.pollstar.com/2023/02/14/bts-suga-goes-solo-on-new-arena-tour/,2023-02-14,2023-04-26,2023-06-25,Kia Forum,"Los Angeles, CA",Arena,FALSE,,,TRUE
BTS’ Suga Goes Solo On New Arena Tour,BTS’ Suga Goes Solo On New Arena Tour,https://news.pollstar.com/2023/02/14/bts-suga-goes-solo-on-new-arena-tour/,2023-02-14,2023-04-26,2023-06-25,Kia Forum,"Los Angeles, CA",Arena,FALSE,,,TRUE
BTS’ Suga Goes Solo On New Arena Tour,BTS’ Suga Goes Solo On New Arena Tour,https://news.pollstar.com/2023/02/14/bts-suga-goes-solo-on-new-arena-tour/,2023-02-14,2023-04-26,2023-06-25,Oakland Arena,"Oakland, CA",Arena,FALSE,,,TRUE
BTS’ Suga Goes Solo On New Arena Tour,BTS’ Suga Goes Solo On New Arena Tour,https://news.pollstar.com/2023/02/14/bts-suga-goes-solo-on-new-arena-tour/,2023-02-14,2023-04-26,2023-06-25,Oakland Arena,"Oakland, CA",Arena,FALSE,,,TRUE
BTS’ Suga Goes Solo On New Arena Tour,BTS’ Suga Goes Solo On New Arena Tour,https://news.pollstar.com/2023/02/14/bts-suga-goes-solo-on-new-arena-tour/,2023-02-14,2023-04-26,2023-06-25,Indonesia Convention Exhibition,"Jakarta, ID",Other,FALSE,,,TRUE
BTS’ Suga Goes Solo On New Arena Tour,BTS’ Suga Goes Solo On New Arena Tour,https://news.pollstar.com/2023/02/14/bts-suga-goes-solo-on-new-arena-tour/,2023-02-14,2023-04-26,2023-06-25,Indonesia Convention Exhibition,"Jakarta, ID",Other,FALSE,,,TRUE
BTS’ Suga Goes Solo On New Arena Tour,BTS’ Suga Goes Solo On New Arena Tour,https://news.pollstar.com/2023/02/14/bts-suga-goes-solo-on-new-arena-tour/,2023-02-14,2023-04-26,2023-06-25,Indonesia Convention Exhibition,"Jakarta, ID",Other,FALSE,,,TRUE
BTS’ Suga Goes Solo On New Arena Tour,BTS’ Suga Goes Solo On New Arena Tour,https://news.pollstar.com/2023/02/14/bts-suga-goes-solo-on-new-arena-tour/,2023-02-14,2023-04-26,2023-06-25,Impact Arena,"Bangkok, TH",Arena,FALSE,,,TRUE
BTS’ Suga Goes Solo On New Arena Tour,BTS’ Suga Goes Solo On New Arena Tour,https://news.pollstar.com/2023/02/14/bts-suga-goes-solo-on-new-arena-tour/,2023-02-14,2023-04-26,2023-06-25,Impact Arena,"Bangkok, TH",Arena,FALSE,,,TRUE
BTS’ Suga Goes Solo On New Arena Tour,BTS’ Suga Goes Solo On New Arena Tour,https://news.pollstar.com/2023/02/14/bts-suga-goes-solo-on-new-arena-tour/,2023-02-14,2023-04-26,2023-06-25,Singapore Indoor Stadium,"Singapore, SG",Stadium,FALSE,,,TRUE
BTS’ Suga Goes Solo On New Arena Tour,BTS’ Suga Goes Solo On New Arena Tour,https://news.pollstar.com/2023/02/14/bts-suga-goes-solo-on-new-arena-tour/,2023-02-14,2023-04-26,2023-06-25,Singapore Indoor Stadium,"Singapore, SG",Stadium,FALSE,,,TRUE
BTS’ Suga Goes Solo On New Arena Tour,BTS’ Suga Goes Solo On New Arena Tour,https://news.pollstar.com/2023/02/14/bts-suga-goes-solo-on-new-arena-tour/,2023-02-14,2023-04-26,2023-06-25,Jamsil Indoor Stadium,"Seoul, KR",Stadium,FALSE,,,TRUE
BTS’ Suga Goes Solo On New Arena Tour,BTS’ Suga Goes Solo On New Arena Tour,https://news.pollstar.com/2023/02/14/bts-suga-goes-solo-on-new-arena-tour/,2023-02-14,2023-04-26,2023-06-25,Jamsil Indoor Stadium,"Seoul, KR",Stadium,FALSE,,,TRUE
The Kid LAROI Heads To College With ‘Bleed For You Tour’ Dates,The Kid LAROI Heads To College With ‘Bleed For You Tour’ Dates,https://news.pollstar.com/2023/02/01/the-kid-laroi-heads-to-college-with-bleed-for-you-tour-dates/,2023-02-01,2023-03-22,2023-05-03,Oncenter War Memorial,"Syracuse, NY",Arena,FALSE,,,TRUE
The Kid LAROI Heads To College With ‘Bleed For You Tour’ Dates,The Kid LAROI Heads To College With ‘Bleed For You Tour’ Dates,https://news.pollstar.com/2023/02/01/the-kid-laroi-heads-to-college-with-bleed-for-you-tour-dates/,2023-02-01,2023-03-22,2023-05-03,Ryan Center,"Kingston, RI",Other,FALSE,,,TRUE
The Kid LAROI Heads To College With ‘Bleed For You Tour’ Dates,The Kid LAROI Heads To College With ‘Bleed For You Tour’ Dates,https://news.pollstar.com/2023/02/01/the-kid-laroi-heads-to-college-with-bleed-for-you-tour-dates/,2023-02-01,2023-03-22,2023-05-03,Cross Insurance Arena,"Bangor, ME",Arena,FALSE,,,TRUE
The Kid LAROI Heads To College With ‘Bleed For You Tour’ Dates,The Kid LAROI Heads To College With ‘Bleed For You Tour’ Dates,https://news.pollstar.com/2023/02/01/the-kid-laroi-heads-to-college-with-bleed-for-you-tour-dates/,2023-02-01,2023-03-22,2023-05-03,Bryce Jordan Center,"State College, PA",Arena,FALSE,,,TRUE
The Kid LAROI Heads To College With ‘Bleed For You Tour’ Dates,The Kid LAROI Heads To College With ‘Bleed For You Tour’ Dates,https://news.pollstar.com/2023/02/01/the-kid-laroi-heads-to-college-with-bleed-for-you-tour-dates/,2023-02-01,2023-03-22,2023-05-03,Schottenstein Center,"Columbus, OH",Arena,FALSE,,,TRUE
The Kid LAROI Heads To College With ‘Bleed For You Tour’ Dates,The Kid LAROI Heads To College With ‘Bleed For You Tour’ Dates,https://news.pollstar.com/2023/02/01/the-kid-laroi-heads-to-college-with-bleed-for-you-tour-dates/,2023-02-01,2023-03-22,2023-05-03,EMU George Gervin GameAbove Center,"Ypsilanti, MI",Other,FALSE,,,TRUE
The Kid LAROI Heads To College With ‘Bleed For You Tour’ Dates,The Kid LAROI Heads To College With ‘Bleed For You Tour’ Dates,https://news.pollstar.com/2023/02/01/the-kid-laroi-heads-to-college-with-bleed-for-you-tour-dates/,2023-02-01,2023-03-22,2023-05-03,Rupp Arena,"Lexington, KY",Arena,FALSE,,,TRUE
The Kid LAROI Heads To College With ‘Bleed For You Tour’ Dates,The Kid LAROI Heads To College With ‘Bleed For You Tour’ Dates,https://news.pollstar.com/2023/02/01/the-kid-laroi-heads-to-college-with-bleed-for-you-tour-dates/,2023-02-01,2023-03-22,2023-05-03,John Paul Jones Arena,"Charlottesville, VA",Arena,FALSE,,,TRUE
The Kid LAROI Heads To College With ‘Bleed For You Tour’ Dates,The Kid LAROI Heads To College With ‘Bleed For You Tour’ Dates,https://news.pollstar.com/2023/02/01/the-kid-laroi-heads-to-college-with-bleed-for-you-tour-dates/,2023-02-01,2023-03-22,2023-05-03,Colonial Life Arena,"Columbia, SC",Arena,FALSE,,,TRUE
The Kid LAROI Heads To College With ‘Bleed For You Tour’ Dates,The Kid LAROI Heads To College With ‘Bleed For You Tour’ Dates,https://news.pollstar.com/2023/02/01/the-kid-laroi-heads-to-college-with-bleed-for-you-tour-dates/,2023-02-01,2023-03-22,2023-05-03,Donald L Tucker Civic Center,"Tallahassee, FL",Arena,FALSE,,,TRUE
The Kid LAROI Heads To College With ‘Bleed For You Tour’ Dates,The Kid LAROI Heads To College With ‘Bleed For You Tour’ Dates,https://news.pollstar.com/2023/02/01/the-kid-laroi-heads-to-college-with-bleed-for-you-tour-dates/,2023-02-01,2023-03-22,2023-05-03,Thompson-Boling Arena,"Knoxville, TN",Arena,FALSE,,,TRUE
The Kid LAROI Heads To College With ‘Bleed For You Tour’ Dates,The Kid LAROI Heads To College With ‘Bleed For You Tour’ Dates,https://news.pollstar.com/2023/02/01/the-kid-laroi-heads-to-college-with-bleed-for-you-tour-dates/,2023-02-01,2023-03-22,2023-05-03,Allianz Energy Center,"Madison, WI",Other,FALSE,,,TRUE
The Kid LAROI Heads To College With ‘Bleed For You Tour’ Dates,The Kid LAROI Heads To College With ‘Bleed For You Tour’ Dates,https://news.pollstar.com/2023/02/01/the-kid-laroi-heads-to-college-with-bleed-for-you-tour-dates/,2023-02-01,2023-03-22,2023-05-03,Xtream Arena,"Coralville, IA",Arena,FALSE,,,TRUE
The Kid LAROI Heads To College With ‘Bleed For You Tour’ Dates,The Kid LAROI Heads To College With ‘Bleed For You Tour’ Dates,https://news.pollstar.com/2023/02/01/the-kid-laroi-heads-to-college-with-bleed-for-you-tour-dates/,2023-02-01,2023-03-22,2023-05-03,Coachella,"Indio, CA",Amphitheater,LYV,,,TRUE
The Kid LAROI Heads To College With ‘Bleed For You Tour’ Dates,The Kid LAROI Heads To College With ‘Bleed For You Tour’ Dates,https://news.pollstar.com/2023/02/01/the-kid-laroi-heads-to-college-with-bleed-for-you-tour-dates/,2023-02-01,2023-03-22,2023-05-03,Coachella,"Indio, CA",Amphitheater,LYV,,,TRUE
The Kid LAROI Heads To College With ‘Bleed For You Tour’ Dates,The Kid LAROI Heads To College With ‘Bleed For You Tour’ Dates,https://news.pollstar.com/2023/02/01/the-kid-laroi-heads-to-college-with-bleed-for-you-tour-dates/,2023-02-01,2023-03-22,2023-05-03,Extra Mile Arena,"Boise, ID",Arena,FALSE,,,TRUE
The Kid LAROI Heads To College With ‘Bleed For You Tour’ Dates,The Kid LAROI Heads To College With ‘Bleed For You Tour’ Dates,https://news.pollstar.com/2023/02/01/the-kid-laroi-heads-to-college-with-bleed-for-you-tour-dates/,2023-02-01,2023-03-22,2023-05-03,Budweiser Events Center,"Loveland, CO",Other,FALSE,,,TRUE
The Kid LAROI Heads To College With ‘Bleed For You Tour’ Dates,The Kid LAROI Heads To College With ‘Bleed For You Tour’ Dates,https://news.pollstar.com/2023/02/01/the-kid-laroi-heads-to-college-with-bleed-for-you-tour-dates/,2023-02-01,2023-03-22,2023-05-03,Paycom Center,"Oklahoma City, OK",Arena,FALSE,,,TRUE
The Kid LAROI Heads To College With ‘Bleed For You Tour’ Dates,The Kid LAROI Heads To College With ‘Bleed For You Tour’ Dates,https://news.pollstar.com/2023/02/01/the-kid-laroi-heads-to-college-with-bleed-for-you-tour-dates/,2023-02-01,2023-03-22,2023-05-03,Great Southern Bank Arena,"Springfield, MO",Arena,FALSE,,,TRUE
The Kid LAROI Heads To College With ‘Bleed For You Tour’ Dates,The Kid LAROI Heads To College With ‘Bleed For You Tour’ Dates,https://news.pollstar.com/2023/02/01/the-kid-laroi-heads-to-college-with-bleed-for-you-tour-dates/,2023-02-01,2023-03-22,2023-05-03,State Farm Center,"Champaign, IL",Other,FALSE,,,TRUE
Marco Antonio Solís,Marco Antonio Solís Unveils ‘El Buki World Tour 2023’,https://news.pollstar.com/2023/01/30/marco-antonio-solis-unveils-el-buki-world-tour-2023/,2023-01-31,2023-03-03,2023-10-15,SAP Center,"San Jose, CA",Arena,FALSE,,,TRUE
Marco Antonio Solís,Marco Antonio Solís Unveils ‘El Buki World Tour 2023’,https://news.pollstar.com/2023/01/30/marco-antonio-solis-unveils-el-buki-world-tour-2023/,2023-01-31,2023-03-03,2023-10-15,Reno Events Center,"Reno, CA",Other,FALSE,,,TRUE
Marco Antonio Solís,Marco Antonio Solís Unveils ‘El Buki World Tour 2023’,https://news.pollstar.com/2023/01/30/marco-antonio-solis-unveils-el-buki-world-tour-2023/,2023-01-31,2023-03-03,2023-10-15,Bellco Theatre,"Denver, CO",Theater,FALSE,,,TRUE
Marco Antonio Solís,Marco Antonio Solís Unveils ‘El Buki World Tour 2023’,https://news.pollstar.com/2023/01/30/marco-antonio-solis-unveils-el-buki-world-tour-2023/,2023-01-31,2023-03-03,2023-10-15,Bellco Theatre,"Denver, CO",Theater,FALSE,,,TRUE
Marco Antonio Solís,Marco Antonio Solís Unveils ‘El Buki World Tour 2023’,https://news.pollstar.com/2023/01/30/marco-antonio-solis-unveils-el-buki-world-tour-2023/,2023-01-31,2023-03-03,2023-10-15,Smart Financial Centre,"Sugar Land, TX",Theater,FALSE,,,TRUE
Marco Antonio Solís,Marco Antonio Solís Unveils ‘El Buki World Tour 2023’,https://news.pollstar.com/2023/01/30/marco-antonio-solis-unveils-el-buki-world-tour-2023/,2023-01-31,2023-03-03,2023-10-15,Sames Auto Arena,"Laredo, TX",Arena,FALSE,,,TRUE
Marco Antonio Solís,Marco Antonio Solís Unveils ‘El Buki World Tour 2023’,https://news.pollstar.com/2023/01/30/marco-antonio-solis-unveils-el-buki-world-tour-2023/,2023-01-31,2023-03-03,2023-10-15,Dos Equis Pavilion,"Dallas, TX",Amphitheater,LYV,,,TRUE
Marco Antonio Solís,Marco Antonio Solís Unveils ‘El Buki World Tour 2023’,https://news.pollstar.com/2023/01/30/marco-antonio-solis-unveils-el-buki-world-tour-2023/,2023-01-31,2023-03-03,2023-10-15,Payne Arena,"Hidalgo, TX",Arena,FALSE,,,TRUE
Marco Antonio Solís,Marco Antonio Solís Unveils ‘El Buki World Tour 2023’,https://news.pollstar.com/2023/01/30/marco-antonio-solis-unveils-el-buki-world-tour-2023/,2023-01-31,2023-03-03,2023-10-15,Amalie Arena,"Tampa, FL",Arena,FALSE,,,TRUE
Marco Antonio Solís,Marco Antonio Solís Unveils ‘El Buki World Tour 2023’,https://news.pollstar.com/2023/01/30/marco-antonio-solis-unveils-el-buki-world-tour-2023/,2023-01-31,2023-03-03,2023-10-15,FLA Live Arena,"Fort Lauderdale, FL",Arena,FALSE,,,TRUE
Marco Antonio Solís,Marco Antonio Solís Unveils ‘El Buki World Tour 2023’,https://news.pollstar.com/2023/01/30/marco-antonio-solis-unveils-el-buki-world-tour-2023/,2023-01-31,2023-03-03,2023-10-15,"Mexicali, BCN",Plaza de Toros Calafia,Other,FALSE,,,TRUE
Marco Antonio Solís,Marco Antonio Solís Unveils ‘El Buki World Tour 2023’,https://news.pollstar.com/2023/01/30/marco-antonio-solis-unveils-el-buki-world-tour-2023/,2023-01-31,2023-03-03,2023-10-15,"Valle de Guadalupe, Baja California",Club de Polo Todos Los Santos,Other,FALSE,,,TRUE
Marco Antonio Solís,Marco Antonio Solís Unveils ‘El Buki World Tour 2023’,https://news.pollstar.com/2023/01/30/marco-antonio-solis-unveils-el-buki-world-tour-2023/,2023-01-31,2023-03-03,2023-10-15,"Cuernavaca, Morelos",Estadio Centenario,Other,FALSE,,,TRUE
Marco Antonio Solís,Marco Antonio Solís Unveils ‘El Buki World Tour 2023’,https://news.pollstar.com/2023/01/30/marco-antonio-solis-unveils-el-buki-world-tour-2023/,2023-01-31,2023-03-03,2023-10-15,"Acapulco, Guerrero",GNP Seguros,Other,FALSE,,,TRUE
Marco Antonio Solís,Marco Antonio Solís Unveils ‘El Buki World Tour 2023’,https://news.pollstar.com/2023/01/30/marco-antonio-solis-unveils-el-buki-world-tour-2023/,2023-01-31,2023-03-03,2023-10-15,"Pachuca, Hidalgo",Plaza de Toros Vicente Segura,Other,FALSE,,,TRUE
Marco Antonio Solís,Marco Antonio Solís Unveils ‘El Buki World Tour 2023’,https://news.pollstar.com/2023/01/30/marco-antonio-solis-unveils-el-buki-world-tour-2023/,2023-01-31,2023-03-03,2023-10-15,"Penjamo, Gto",Explanada de la Feria,Other,FALSE,,,TRUE
Marco Antonio Solís,Marco Antonio Solís Unveils ‘El Buki World Tour 2023’,https://news.pollstar.com/2023/01/30/marco-antonio-solis-unveils-el-buki-world-tour-2023/,2023-01-31,2023-03-03,2023-10-15,"Queretaro, Qro",Estadio Corregidora,Other,FALSE,,,TRUE
Marco Antonio Solís,Marco Antonio Solís Unveils ‘El Buki World Tour 2023’,https://news.pollstar.com/2023/01/30/marco-antonio-solis-unveils-el-buki-world-tour-2023/,2023-01-31,2023-03-03,2023-10-15,"Oaxaca, Oax",Auditorio Guelaguetza,Other,FALSE,,,TRUE
Marco Antonio Solís,Marco Antonio Solís Unveils ‘El Buki World Tour 2023’,https://news.pollstar.com/2023/01/30/marco-antonio-solis-unveils-el-buki-world-tour-2023/,2023-01-31,2023-03-03,2023-10-15,"Lausanne, Switzerland",Vaudoise Arena,Other,FALSE,,,TRUE
Marco Antonio Solís,Marco Antonio Solís Unveils ‘El Buki World Tour 2023’,https://news.pollstar.com/2023/01/30/marco-antonio-solis-unveils-el-buki-world-tour-2023/,2023-01-31,2023-03-03,2023-10-15,"Alicante, Spain",Plaza de Toros,Other,FALSE,,,TRUE
Marco Antonio Solís,Marco Antonio Solís Unveils ‘El Buki World Tour 2023’,https://news.pollstar.com/2023/01/30/marco-antonio-solis-unveils-el-buki-world-tour-2023/,2023-01-31,2023-03-03,2023-10-15,Marbella Spain,Starlite Festival,Other,FALSE,,,TRUE
Marco Antonio Solís,Marco Antonio Solís Unveils ‘El Buki World Tour 2023’,https://news.pollstar.com/2023/01/30/marco-antonio-solis-unveils-el-buki-world-tour-2023/,2023-01-31,2023-03-03,2023-10-15,"Barcelona, Spain",Palau Saint Jordi,Other,FALSE,,,TRUE
Marco Antonio Solís,Marco Antonio Solís Unveils ‘El Buki World Tour 2023’,https://news.pollstar.com/2023/01/30/marco-antonio-solis-unveils-el-buki-world-tour-2023/,2023-01-31,2023-03-03,2023-10-15,"Madrid, Spain",Wizink Center,Other,FALSE,,,TRUE
Marco Antonio Solís,Marco Antonio Solís Unveils ‘El Buki World Tour 2023’,https://news.pollstar.com/2023/01/30/marco-antonio-solis-unveils-el-buki-world-tour-2023/,2023-01-31,2023-03-03,2023-10-15,BMO Stadium,"Los Angeles, CA",Stadium,FALSE,,,TRUE
Marco Antonio Solís,Marco Antonio Solís Unveils ‘El Buki World Tour 2023’,https://news.pollstar.com/2023/01/30/marco-antonio-solis-unveils-el-buki-world-tour-2023/,2023-01-31,2023-03-03,2023-10-15,Acrissure Arena,"Palm Desert, CA",Arena,FALSE,,,TRUE
Marco Antonio Solís,Marco Antonio Solís Unveils ‘El Buki World Tour 2023’,https://news.pollstar.com/2023/01/30/marco-antonio-solis-unveils-el-buki-world-tour-2023/,2023-01-31,2023-03-03,2023-10-15,Footprint Center,"Phoenix, AZ",Arena,FALSE,,,TRUE
Marco Antonio Solís,Marco Antonio Solís Unveils ‘El Buki World Tour 2023’,https://news.pollstar.com/2023/01/30/marco-antonio-solis-unveils-el-buki-world-tour-2023/,2023-01-31,2023-03-03,2023-10-15,Viejas Arena,"San Diego, CA",Arena,FALSE,,,TRUE
Marco Antonio Solís,Marco Antonio Solís Unveils ‘El Buki World Tour 2023’,https://news.pollstar.com/2023/01/30/marco-antonio-solis-unveils-el-buki-world-tour-2023/,2023-01-31,2023-03-03,2023-10-15,Golden 1 Center,"Sacramento, CA",Arena,FALSE,,,TRUE
Marco Antonio Solís,Marco Antonio Solís Unveils ‘El Buki World Tour 2023’,https://news.pollstar.com/2023/01/30/marco-antonio-solis-unveils-el-buki-world-tour-2023/,2023-01-31,2023-03-03,2023-10-15,Anselmo Valencia Amphitheater,"Tucson, AZ",Theater,FALSE,,,TRUE
Marco Antonio Solís,Marco Antonio Solís Unveils ‘El Buki World Tour 2023’,https://news.pollstar.com/2023/01/30/marco-antonio-solis-unveils-el-buki-world-tour-2023/,2023-01-31,2023-03-03,2023-10-15,UTEP Don Haskins Center,"El Paso, TX",Arena,FALSE,,,TRUE
Marco Antonio Solís,Marco Antonio Solís Unveils ‘El Buki World Tour 2023’,https://news.pollstar.com/2023/01/30/marco-antonio-solis-unveils-el-buki-world-tour-2023/,2023-01-31,2023-03-03,2023-10-15,T-Mobile Arena,"Las Vegas, NV",Arena,FALSE,,,TRUE
Marco Antonio Solís,Marco Antonio Solís Unveils ‘El Buki World Tour 2023’,https://news.pollstar.com/2023/01/30/marco-antonio-solis-unveils-el-buki-world-tour-2023/,2023-01-31,2023-03-03,2023-10-15,Place Bell,"Montreal, QC",Arena,FALSE,,,TRUE
Marco Antonio Solís,Marco Antonio Solís Unveils ‘El Buki World Tour 2023’,https://news.pollstar.com/2023/01/30/marco-antonio-solis-unveils-el-buki-world-tour-2023/,2023-01-31,2023-03-03,2023-10-15,Coca Cola Coliseum,"Toronto, ON",Arena,LYV,,,TRUE
Marco Antonio Solís,Marco Antonio Solís Unveils ‘El Buki World Tour 2023’,https://news.pollstar.com/2023/01/30/marco-antonio-solis-unveils-el-buki-world-tour-2023/,2023-01-31,2023-03-03,2023-10-15,Capital One Arena,"Washington, DC",Arena,FALSE,,,TRUE
Marco Antonio Solís,Marco Antonio Solís Unveils ‘El Buki World Tour 2023’,https://news.pollstar.com/2023/01/30/marco-antonio-solis-unveils-el-buki-world-tour-2023/,2023-01-31,2023-03-03,2023-10-15,Prudential Center,"Newark, NJ",Arena,FALSE,,,TRUE
Marco Antonio Solís,Marco Antonio Solís Unveils ‘El Buki World Tour 2023’,https://news.pollstar.com/2023/01/30/marco-antonio-solis-unveils-el-buki-world-tour-2023/,2023-01-31,2023-03-03,2023-10-15,Bridgestone Arena,"Nashville, TN",Arena,FALSE,,,TRUE
Marco Antonio Solís,Marco Antonio Solís Unveils ‘El Buki World Tour 2023’,https://news.pollstar.com/2023/01/30/marco-antonio-solis-unveils-el-buki-world-tour-2023/,2023-01-31,2023-03-03,2023-10-15,Allstate Arena,"Chicago, IL",Arena,FALSE,,,TRUE
The Smile Returns to North America With 14 Shows,The Smile Returns to North America With 14 Shows,https://news.pollstar.com/2023/01/30/the-smile-returns-to-north-america-with-14-shows/,2023-01-30,2023-06-22,2023-07-20,"Mexico City, Mexico",National Auditorium,Other,FALSE,,,TRUE
The Smile Returns to North America With 14 Shows,The Smile Returns to North America With 14 Shows,https://news.pollstar.com/2023/01/30/the-smile-returns-to-north-america-with-14-shows/,2023-01-30,2023-06-22,2023-07-20,ACL Live at The Moody Theater,"Austin, TX",Theater,FALSE,,,TRUE
The Smile Returns to North America With 14 Shows,The Smile Returns to North America With 14 Shows,https://news.pollstar.com/2023/01/30/the-smile-returns-to-north-america-with-14-shows/,2023-01-30,2023-06-22,2023-07-20,James L. Knight Center,"Miami, FL",Other,FALSE,,,TRUE
The Smile Returns to North America With 14 Shows,The Smile Returns to North America With 14 Shows,https://news.pollstar.com/2023/01/30/the-smile-returns-to-north-america-with-14-shows/,2023-01-30,2023-06-22,2023-07-20,The Saint Augustine Amphitheatre,"St Augustine, FL",Amphitheater,FALSE,,,TRUE
The Smile Returns to North America With 14 Shows,The Smile Returns to North America With 14 Shows,https://news.pollstar.com/2023/01/30/the-smile-returns-to-north-america-with-14-shows/,2023-01-30,2023-06-22,2023-07-20,North Charleston Performing Arts Center,"North Charleston, SC",Theater,FALSE,,,TRUE
The Smile Returns to North America With 14 Shows,The Smile Returns to North America With 14 Shows,https://news.pollstar.com/2023/01/30/the-smile-returns-to-north-america-with-14-shows/,2023-01-30,2023-06-22,2023-07-20,Thomas Wolfe Auditorium,"Asheville, NC",Theater,FALSE,,,TRUE
The Smile Returns to North America With 14 Shows,The Smile Returns to North America With 14 Shows,https://news.pollstar.com/2023/01/30/the-smile-returns-to-north-america-with-14-shows/,2023-01-30,2023-06-22,2023-07-20,The National,"Richmond, VA",Arena,FALSE,,,TRUE
The Smile Returns to North America With 14 Shows,The Smile Returns to North America With 14 Shows,https://news.pollstar.com/2023/01/30/the-smile-returns-to-north-america-with-14-shows/,2023-01-30,2023-06-22,2023-07-20,Forest Hills Stadium,"Forest Hills, NY",Stadium,FALSE,,,TRUE
The Smile Returns to North America With 14 Shows,The Smile Returns to North America With 14 Shows,https://news.pollstar.com/2023/01/30/the-smile-returns-to-north-america-with-14-shows/,2023-01-30,2023-06-22,2023-07-20,Franklin Music Hall,"Philadelphia, PA",Other,FALSE,,,TRUE
The Smile Returns to North America With 14 Shows,The Smile Returns to North America With 14 Shows,https://news.pollstar.com/2023/01/30/the-smile-returns-to-north-america-with-14-shows/,2023-01-30,2023-06-22,2023-07-20,Stage AE,"Pittsburgh, PA",Amphitheater,LYV,,,TRUE
The Smile Returns to North America With 14 Shows,The Smile Returns to North America With 14 Shows,https://news.pollstar.com/2023/01/30/the-smile-returns-to-north-america-with-14-shows/,2023-01-30,2023-06-22,2023-07-20,Agora Ballroom,"Cleveland, OH",Other,FALSE,,,TRUE
The Smile Returns to North America With 14 Shows,The Smile Returns to North America With 14 Shows,https://news.pollstar.com/2023/01/30/the-smile-returns-to-north-america-with-14-shows/,2023-01-30,2023-06-22,2023-07-20,Place Bell,"Laval, QC",Arena,FALSE,,,TRUE
The Smile Returns to North America With 14 Shows,The Smile Returns to North America With 14 Shows,https://news.pollstar.com/2023/01/30/the-smile-returns-to-north-america-with-14-shows/,2023-01-30,2023-06-22,2023-07-20,Midland Theatre,"Kansas City, MO",Theater,FALSE,,,TRUE
The Smile Returns to North America With 14 Shows,The Smile Returns to North America With 14 Shows,https://news.pollstar.com/2023/01/30/the-smile-returns-to-north-america-with-14-shows/,2023-01-30,2023-06-22,2023-07-20,The Factory,"Chesterfield, MO",Club,FALSE,,,TRUE
John Mayer Brings Solo Acoustic Tour To Arenas,John Mayer Brings Solo Acoustic Tour To Arenas,https://news.pollstar.com/2023/01/26/john-mayer-brings-solo-acoustic-tour-to-arenas/,2023-01-26,2023-03-11,2023-04-14,Prudential Center,"Newark, NJ",Arena,FALSE,,,TRUE
John Mayer Brings Solo Acoustic Tour To Arenas,John Mayer Brings Solo Acoustic Tour To Arenas,https://news.pollstar.com/2023/01/26/john-mayer-brings-solo-acoustic-tour-to-arenas/,2023-01-26,2023-03-11,2023-04-14,TD Garden,"Boston, MA",Arena,FALSE,,,TRUE
John Mayer Brings Solo Acoustic Tour To Arenas,John Mayer Brings Solo Acoustic Tour To Arenas,https://news.pollstar.com/2023/01/26/john-mayer-brings-solo-acoustic-tour-to-arenas/,2023-01-26,2023-03-11,2023-04-14,Madison Square Garden,"New York, NY",Arena,FALSE,,,TRUE
John Mayer Brings Solo Acoustic Tour To Arenas,John Mayer Brings Solo Acoustic Tour To Arenas,https://news.pollstar.com/2023/01/26/john-mayer-brings-solo-acoustic-tour-to-arenas/,2023-01-26,2023-03-11,2023-04-14,PPG Paints Arena,"Pittsburgh, PA",Arena,FALSE,,,TRUE
John Mayer Brings Solo Acoustic Tour To Arenas,John Mayer Brings Solo Acoustic Tour To Arenas,https://news.pollstar.com/2023/01/26/john-mayer-brings-solo-acoustic-tour-to-arenas/,2023-01-26,2023-03-11,2023-04-14,Scotiabank Arena,"Toronto, ON",Arena,FALSE,,,TRUE
John Mayer Brings Solo Acoustic Tour To Arenas,John Mayer Brings Solo Acoustic Tour To Arenas,https://news.pollstar.com/2023/01/26/john-mayer-brings-solo-acoustic-tour-to-arenas/,2023-01-26,2023-03-11,2023-04-14,Little Caesars Arena,"Detroit, MI",Theater,FALSE,,,TRUE
John Mayer Brings Solo Acoustic Tour To Arenas,John Mayer Brings Solo Acoustic Tour To Arenas,https://news.pollstar.com/2023/01/26/john-mayer-brings-solo-acoustic-tour-to-arenas/,2023-01-26,2023-03-11,2023-04-14,Bridgestone Arena,"Nashville, TN",Arena,FALSE,,,TRUE
John Mayer Brings Solo Acoustic Tour To Arenas,John Mayer Brings Solo Acoustic Tour To Arenas,https://news.pollstar.com/2023/01/26/john-mayer-brings-solo-acoustic-tour-to-arenas/,2023-01-26,2023-03-11,2023-04-14,Rocket Mortgage FieldHouse,"Cleveland, OH",Arena,FALSE,,,TRUE
John Mayer Brings Solo Acoustic Tour To Arenas,John Mayer Brings Solo Acoustic Tour To Arenas,https://news.pollstar.com/2023/01/26/john-mayer-brings-solo-acoustic-tour-to-arenas/,2023-01-26,2023-03-11,2023-04-14,State Farm Arena,"Atlanta, GA",Arena,FALSE,,,TRUE
John Mayer Brings Solo Acoustic Tour To Arenas,John Mayer Brings Solo Acoustic Tour To Arenas,https://news.pollstar.com/2023/01/26/john-mayer-brings-solo-acoustic-tour-to-arenas/,2023-01-26,2023-03-11,2023-04-14,Enterprise Center,"St. Louis, MO",Arena,FALSE,,,TRUE
John Mayer Brings Solo Acoustic Tour To Arenas,John Mayer Brings Solo Acoustic Tour To Arenas,https://news.pollstar.com/2023/01/26/john-mayer-brings-solo-acoustic-tour-to-arenas/,2023-01-26,2023-03-11,2023-04-14,United Center,"Chicago, IL",Arena,FALSE,,,TRUE
John Mayer Brings Solo Acoustic Tour To Arenas,John Mayer Brings Solo Acoustic Tour To Arenas,https://news.pollstar.com/2023/01/26/john-mayer-brings-solo-acoustic-tour-to-arenas/,2023-01-26,2023-03-11,2023-04-14,Xcel Energy Center,"St. Paul, MN",Arena,FALSE,,,TRUE
John Mayer Brings Solo Acoustic Tour To Arenas,John Mayer Brings Solo Acoustic Tour To Arenas,https://news.pollstar.com/2023/01/26/john-mayer-brings-solo-acoustic-tour-to-arenas/,2023-01-26,2023-03-11,2023-04-14,Footprint Center,"Phoenix, AZ",Arena,FALSE,,,TRUE
John Mayer Brings Solo Acoustic Tour To Arenas,John Mayer Brings Solo Acoustic Tour To Arenas,https://news.pollstar.com/2023/01/26/john-mayer-brings-solo-acoustic-tour-to-arenas/,2023-01-26,2023-03-11,2023-04-14,Acrisure Arena,"Palm Desert, CA",Arena,FALSE,,,TRUE
John Mayer Brings Solo Acoustic Tour To Arenas,John Mayer Brings Solo Acoustic Tour To Arenas,https://news.pollstar.com/2023/01/26/john-mayer-brings-solo-acoustic-tour-to-arenas/,2023-01-26,2023-03-11,2023-04-14,Golden 1 Center,"Sacramento, CA",Arena,FALSE,,,TRUE
John Mayer Brings Solo Acoustic Tour To Arenas,John Mayer Brings Solo Acoustic Tour To Arenas,https://news.pollstar.com/2023/01/26/john-mayer-brings-solo-acoustic-tour-to-arenas/,2023-01-26,2023-03-11,2023-04-14,Rogers Arena,"Vancouver, BC",Arena,FALSE,,,TRUE
John Mayer Brings Solo Acoustic Tour To Arenas,John Mayer Brings Solo Acoustic Tour To Arenas,https://news.pollstar.com/2023/01/26/john-mayer-brings-solo-acoustic-tour-to-arenas/,2023-01-26,2023-03-11,2023-04-14,Climate Pledge Arena,"Seattle, WA",Arena,FALSE,,,TRUE
John Mayer Brings Solo Acoustic Tour To Arenas,John Mayer Brings Solo Acoustic Tour To Arenas,https://news.pollstar.com/2023/01/26/john-mayer-brings-solo-acoustic-tour-to-arenas/,2023-01-26,2023-03-11,2023-04-14,Kia Forum,"Los Angeles, CA",Arena,FALSE,,,TRUE
Billy Idol,Billy Idol Unveils North American Headline Tour,https://news.pollstar.com/2023/01/24/billy-idol-unveils-north-american-headline-tour/,2023-01-24,2023-03-30,2023-05-20,Arizona Bike Week at The Rockyard,"Scottsdale, AZ",Other,FALSE,,,TRUE
Billy Idol,Billy Idol Unveils North American Headline Tour,https://news.pollstar.com/2023/01/24/billy-idol-unveils-north-american-headline-tour/,2023-01-24,2023-03-30,2023-05-20,Grand Sierra Resort,"Reno, NV",Theater,FALSE,,,TRUE
Billy Idol,Billy Idol Unveils North American Headline Tour,https://news.pollstar.com/2023/01/24/billy-idol-unveils-north-american-headline-tour/,2023-01-24,2023-03-30,2023-05-20,The Mission Ballroom,"Denver, CO",Club,FALSE,,,TRUE
Billy Idol,Billy Idol Unveils North American Headline Tour,https://news.pollstar.com/2023/01/24/billy-idol-unveils-north-american-headline-tour/,2023-01-24,2023-03-30,2023-05-20,Seminole Hard Rock,"Hollywood, FL",Theater,FALSE,,,TRUE
Billy Idol,Billy Idol Unveils North American Headline Tour,https://news.pollstar.com/2023/01/24/billy-idol-unveils-north-american-headline-tour/,2023-01-24,2023-03-30,2023-05-20,Ruth Eckerd Hall,"Clearwater, FL",Theater,FALSE,,,TRUE
Billy Idol,Billy Idol Unveils North American Headline Tour,https://news.pollstar.com/2023/01/24/billy-idol-unveils-north-american-headline-tour/,2023-01-24,2023-03-30,2023-05-20,House of Blues Orlando,"Orlando, FL",Club,LYV,,,TRUE
Billy Idol,Billy Idol Unveils North American Headline Tour,https://news.pollstar.com/2023/01/24/billy-idol-unveils-north-american-headline-tour/,2023-01-24,2023-03-30,2023-05-20,St. Augustine Amphitheatre,"St. Augustine, FL",Amphitheater,LYV,,,TRUE
Billy Idol,Billy Idol Unveils North American Headline Tour,https://news.pollstar.com/2023/01/24/billy-idol-unveils-north-american-headline-tour/,2023-01-24,2023-03-30,2023-05-20,Coca-Cola Roxy,"Atlanta, GA",Club,LYV,,,TRUE
Billy Idol,Billy Idol Unveils North American Headline Tour,https://news.pollstar.com/2023/01/24/billy-idol-unveils-north-american-headline-tour/,2023-01-24,2023-03-30,2023-05-20,UPMC Events Center,"Moon Township, PA",Arena,FALSE,,,TRUE
Billy Idol,Billy Idol Unveils North American Headline Tour,https://news.pollstar.com/2023/01/24/billy-idol-unveils-north-american-headline-tour/,2023-01-24,2023-03-30,2023-05-20,Rams Head Live,"Baltimore, MD",Club,FALSE,,,TRUE
Billy Idol,Billy Idol Unveils North American Headline Tour,https://news.pollstar.com/2023/01/24/billy-idol-unveils-north-american-headline-tour/,2023-01-24,2023-03-30,2023-05-20,Fallsview Casino Resort,"Niagara Falls, ON",Other,FALSE,,,TRUE
Billy Idol,Billy Idol Unveils North American Headline Tour,https://news.pollstar.com/2023/01/24/billy-idol-unveils-north-american-headline-tour/,2023-01-24,2023-03-30,2023-05-20,PNC Pavilion,"Cincinnati, OH",Amphitheater,LYV,,,TRUE
Billy Idol,Billy Idol Unveils North American Headline Tour,https://news.pollstar.com/2023/01/24/billy-idol-unveils-north-american-headline-tour/,2023-01-24,2023-03-30,2023-05-20,Closes Hall,"Indianapolis, IN",Other,FALSE,,,TRUE
Billy Idol,Billy Idol Unveils North American Headline Tour,https://news.pollstar.com/2023/01/24/billy-idol-unveils-north-american-headline-tour/,2023-01-24,2023-03-30,2023-05-20,Uptown Theater,"Kansas City, MO",Theater,FALSE,,,TRUE
Billy Idol,Billy Idol Unveils North American Headline Tour,https://news.pollstar.com/2023/01/24/billy-idol-unveils-north-american-headline-tour/,2023-01-24,2023-03-30,2023-05-20,Palace Theater,"St. Paul, MN",Theater,FALSE,,,TRUE
Billy Idol,Billy Idol Unveils North American Headline Tour,https://news.pollstar.com/2023/01/24/billy-idol-unveils-north-american-headline-tour/,2023-01-24,2023-03-30,2023-05-20,Cruel World Festival,"Pasadena, CA",Other,FALSE,,,TRUE
Le Tigre Return To North America After 18 Years This Summer,Le Tigre Return To North America After 18 Years This Summer,https://news.pollstar.com/2023/01/24/le-tigre-return-to-north-america-after-18-years-this-summer/,2023-01-24,2023-05-27,2023-07-28,Union Transfer,"Philadelphia, PA",Club,FALSE,,,TRUE
Le Tigre Return To North America After 18 Years This Summer,Le Tigre Return To North America After 18 Years This Summer,https://news.pollstar.com/2023/01/24/le-tigre-return-to-north-america-after-18-years-this-summer/,2023-01-24,2023-05-27,2023-07-28,Primavera Sound,"Barcelona, ES",Other,FALSE,,,TRUE
Le Tigre Return To North America After 18 Years This Summer,Le Tigre Return To North America After 18 Years This Summer,https://news.pollstar.com/2023/01/24/le-tigre-return-to-north-america-after-18-years-this-summer/,2023-01-24,2023-05-27,2023-07-28,Troxy,"London, UK",Club,FALSE,,,TRUE
Le Tigre Return To North America After 18 Years This Summer,Le Tigre Return To North America After 18 Years This Summer,https://news.pollstar.com/2023/01/24/le-tigre-return-to-north-america-after-18-years-this-summer/,2023-01-24,2023-05-27,2023-07-28,Albert Hall,"Manchester, UK",Other,FALSE,,,TRUE
Le Tigre Return To North America After 18 Years This Summer,Le Tigre Return To North America After 18 Years This Summer,https://news.pollstar.com/2023/01/24/le-tigre-return-to-north-america-after-18-years-this-summer/,2023-01-24,2023-05-27,2023-07-28,Barrowland Ballroom,"Glasgow, UK",Club,FALSE,,,TRUE
Le Tigre Return To North America After 18 Years This Summer,Le Tigre Return To North America After 18 Years This Summer,https://news.pollstar.com/2023/01/24/le-tigre-return-to-north-america-after-18-years-this-summer/,2023-01-24,2023-05-27,2023-07-28,Primavera Sound,"Madrid, ES",Other,FALSE,,,TRUE
Le Tigre Return To North America After 18 Years This Summer,Le Tigre Return To North America After 18 Years This Summer,https://news.pollstar.com/2023/01/24/le-tigre-return-to-north-america-after-18-years-this-summer/,2023-01-24,2023-05-27,2023-07-28,Nos Primavera Sound,"Porto, PT",Other,FALSE,,,TRUE
Le Tigre Return To North America After 18 Years This Summer,Le Tigre Return To North America After 18 Years This Summer,https://news.pollstar.com/2023/01/24/le-tigre-return-to-north-america-after-18-years-this-summer/,2023-01-24,2023-05-27,2023-07-28,Le Trianon,"Paris, FR",Auditorium,FALSE,,,TRUE
Le Tigre Return To North America After 18 Years This Summer,Le Tigre Return To North America After 18 Years This Summer,https://news.pollstar.com/2023/01/24/le-tigre-return-to-north-america-after-18-years-this-summer/,2023-01-24,2023-05-27,2023-07-28,Paradiso,"Amsterdam, NL",Club,FALSE,,,TRUE
Le Tigre Return To North America After 18 Years This Summer,Le Tigre Return To North America After 18 Years This Summer,https://news.pollstar.com/2023/01/24/le-tigre-return-to-north-america-after-18-years-this-summer/,2023-01-24,2023-05-27,2023-07-28,Huxleys Neue Welt,"Markthalle - Hamburg, DE",Theater,FALSE,,,TRUE
Le Tigre Return To North America After 18 Years This Summer,Le Tigre Return To North America After 18 Years This Summer,https://news.pollstar.com/2023/01/24/le-tigre-return-to-north-america-after-18-years-this-summer/,2023-01-24,2023-05-27,2023-07-28,Mosswood Meltdown Festival,"Oakland, CA",Other,FALSE,,,TRUE
Le Tigre Return To North America After 18 Years This Summer,Le Tigre Return To North America After 18 Years This Summer,https://news.pollstar.com/2023/01/24/le-tigre-return-to-north-america-after-18-years-this-summer/,2023-01-24,2023-05-27,2023-07-28,Commodore Ballroom,"Vancouver, BC",Club,FALSE,,,TRUE
Le Tigre Return To North America After 18 Years This Summer,Le Tigre Return To North America After 18 Years This Summer,https://news.pollstar.com/2023/01/24/le-tigre-return-to-north-america-after-18-years-this-summer/,2023-01-24,2023-05-27,2023-07-28,Paramount Theatre,"Seattle, WA",Theater,FALSE,,,TRUE
Le Tigre Return To North America After 18 Years This Summer,Le Tigre Return To North America After 18 Years This Summer,https://news.pollstar.com/2023/01/24/le-tigre-return-to-north-america-after-18-years-this-summer/,2023-01-24,2023-05-27,2023-07-28,Roseland Theater,"Portland, OR",Theater,FALSE,,,TRUE
Le Tigre Return To North America After 18 Years This Summer,Le Tigre Return To North America After 18 Years This Summer,https://news.pollstar.com/2023/01/24/le-tigre-return-to-north-america-after-18-years-this-summer/,2023-01-24,2023-05-27,2023-07-28,The Greek Theater,"Los Angeles, CA",Theater,FALSE,,,TRUE
Le Tigre Return To North America After 18 Years This Summer,Le Tigre Return To North America After 18 Years This Summer,https://news.pollstar.com/2023/01/24/le-tigre-return-to-north-america-after-18-years-this-summer/,2023-01-24,2023-05-27,2023-07-28,The Salt Shed,"Chicago, IL",Amphitheater,LYV,,,TRUE
Le Tigre Return To North America After 18 Years This Summer,Le Tigre Return To North America After 18 Years This Summer,https://news.pollstar.com/2023/01/24/le-tigre-return-to-north-america-after-18-years-this-summer/,2023-01-24,2023-05-27,2023-07-28,Agora Theatre,"Cleveland, OH",Auditorium,FALSE,,,TRUE
Le Tigre Return To North America After 18 Years This Summer,Le Tigre Return To North America After 18 Years This Summer,https://news.pollstar.com/2023/01/24/le-tigre-return-to-north-america-after-18-years-this-summer/,2023-01-24,2023-05-27,2023-07-28,Mr. Smalls Theatre,"Millvale, PA",Auditorium,FALSE,,,TRUE
Le Tigre Return To North America After 18 Years This Summer,Le Tigre Return To North America After 18 Years This Summer,https://news.pollstar.com/2023/01/24/le-tigre-return-to-north-america-after-18-years-this-summer/,2023-01-24,2023-05-27,2023-07-28,Baltimore Soundstage,"Baltimore, MD",Club,FALSE,,,TRUE
Le Tigre Return To North America After 18 Years This Summer,Le Tigre Return To North America After 18 Years This Summer,https://news.pollstar.com/2023/01/24/le-tigre-return-to-north-america-after-18-years-this-summer/,2023-01-24,2023-05-27,2023-07-28,History,"Toronto, ON",Club,LYV,,,TRUE
Le Tigre Return To North America After 18 Years This Summer,Le Tigre Return To North America After 18 Years This Summer,https://news.pollstar.com/2023/01/24/le-tigre-return-to-north-america-after-18-years-this-summer/,2023-01-24,2023-05-27,2023-07-28,L’Olympia,"Montreal, QC",Theater,FALSE,,,TRUE
Le Tigre Return To North America After 18 Years This Summer,Le Tigre Return To North America After 18 Years This Summer,https://news.pollstar.com/2023/01/24/le-tigre-return-to-north-america-after-18-years-this-summer/,2023-01-24,2023-05-27,2023-07-28,Royale,"Boston, MA",Club,FALSE,,,TRUE
Le Tigre Return To North America After 18 Years This Summer,Le Tigre Return To North America After 18 Years This Summer,https://news.pollstar.com/2023/01/24/le-tigre-return-to-north-america-after-18-years-this-summer/,2023-01-24,2023-05-27,2023-07-28,Brooklyn Steel,"Brooklyn, NY",Club,FALSE,,,TRUE
Beck,Beck and Phoenix Plan ‘Summer Odyssey’,https://news.pollstar.com/2023/01/23/beck-and-phoenix-plan-summer-odyssey/,2023-01-23,2023-08-01,2023-09-10,Climate Pledge Arena ^#,"Seattle, WA",Arena,FALSE,,,TRUE
Beck,Beck and Phoenix Plan ‘Summer Odyssey’,https://news.pollstar.com/2023/01/23/beck-and-phoenix-plan-summer-odyssey/,2023-01-23,2023-08-01,2023-09-10,Hayden Homes Amphitheater ^#,"Bend, OR",Amphitheater,LYV,,,TRUE
Beck,Beck and Phoenix Plan ‘Summer Odyssey’,https://news.pollstar.com/2023/01/23/beck-and-phoenix-plan-summer-odyssey/,2023-01-23,2023-08-01,2023-09-10,Concord Pavilion ^#,"Concord, CA",Amphitheater,LYV,,,TRUE
Beck,Beck and Phoenix Plan ‘Summer Odyssey’,https://news.pollstar.com/2023/01/23/beck-and-phoenix-plan-summer-odyssey/,2023-01-23,2023-08-01,2023-09-10,Kia Forum ^#,"Inglewood, CA",Arena,FALSE,,,TRUE
Beck,Beck and Phoenix Plan ‘Summer Odyssey’,https://news.pollstar.com/2023/01/23/beck-and-phoenix-plan-summer-odyssey/,2023-01-23,2023-08-01,2023-09-10,Viejas Arena +#,"San Diego, CA",Arena,FALSE,,,TRUE
Beck,Beck and Phoenix Plan ‘Summer Odyssey’,https://news.pollstar.com/2023/01/23/beck-and-phoenix-plan-summer-odyssey/,2023-01-23,2023-08-01,2023-09-10,OC Fair,"Costa Mesa, CA",Other,FALSE,,,TRUE
Beck,Beck and Phoenix Plan ‘Summer Odyssey’,https://news.pollstar.com/2023/01/23/beck-and-phoenix-plan-summer-odyssey/,2023-01-23,2023-08-01,2023-09-10,Footprint Center +#,"Phoenix, AZ",Arena,FALSE,,,TRUE
Beck,Beck and Phoenix Plan ‘Summer Odyssey’,https://news.pollstar.com/2023/01/23/beck-and-phoenix-plan-summer-odyssey/,2023-01-23,2023-08-01,2023-09-10,Michelob ULTRA Arena +#,"Las Vegas, NV",Arena,FALSE,,,TRUE
Beck,Beck and Phoenix Plan ‘Summer Odyssey’,https://news.pollstar.com/2023/01/23/beck-and-phoenix-plan-summer-odyssey/,2023-01-23,2023-08-01,2023-09-10,Red Rocks Amphitheatre +#,"Morrison, CO",Amphitheater,FALSE,,,TRUE
Beck,Beck and Phoenix Plan ‘Summer Odyssey’,https://news.pollstar.com/2023/01/23/beck-and-phoenix-plan-summer-odyssey/,2023-01-23,2023-08-01,2023-09-10,Walmart AMP ~#,"Rogers, AR",Amphitheater,LYV,,,TRUE
Beck,Beck and Phoenix Plan ‘Summer Odyssey’,https://news.pollstar.com/2023/01/23/beck-and-phoenix-plan-summer-odyssey/,2023-01-23,2023-08-01,2023-09-10,Cynthia Woods Mitchell Pavilion ~#,"Houston, TX",Amphitheater,LYV,,,TRUE
Beck,Beck and Phoenix Plan ‘Summer Odyssey’,https://news.pollstar.com/2023/01/23/beck-and-phoenix-plan-summer-odyssey/,2023-01-23,2023-08-01,2023-09-10,Dos Equis Pavilion ~#,"Dallas, TX",Amphitheater,LYV,,,TRUE
Beck,Beck and Phoenix Plan ‘Summer Odyssey’,https://news.pollstar.com/2023/01/23/beck-and-phoenix-plan-summer-odyssey/,2023-01-23,2023-08-01,2023-09-10,Moody Center ~#,"Austin, TX",Arena,FALSE,,,TRUE
Beck,Beck and Phoenix Plan ‘Summer Odyssey’,https://news.pollstar.com/2023/01/23/beck-and-phoenix-plan-summer-odyssey/,2023-01-23,2023-08-01,2023-09-10,Huntington Bank Pavilion #,"Chicago, IL",Amphitheater,LYV,,,TRUE
Beck,Beck and Phoenix Plan ‘Summer Odyssey’,https://news.pollstar.com/2023/01/23/beck-and-phoenix-plan-summer-odyssey/,2023-01-23,2023-08-01,2023-09-10,Pine Knob Music Theatre ~#,"Detroit, MI",Amphitheater,LYV,,,TRUE
Beck,Beck and Phoenix Plan ‘Summer Odyssey’,https://news.pollstar.com/2023/01/23/beck-and-phoenix-plan-summer-odyssey/,2023-01-23,2023-08-01,2023-09-10,Budweiser Stage ~#,"Toronto, ON",Amphitheater,LYV,,,TRUE
Beck,Beck and Phoenix Plan ‘Summer Odyssey’,https://news.pollstar.com/2023/01/23/beck-and-phoenix-plan-summer-odyssey/,2023-01-23,2023-08-01,2023-09-10,MGM Music Hall at Fenway ~#,"Boston, MA",Theater,LYV,,,TRUE
Beck,Beck and Phoenix Plan ‘Summer Odyssey’,https://news.pollstar.com/2023/01/23/beck-and-phoenix-plan-summer-odyssey/,2023-01-23,2023-08-01,2023-09-10,TD Pavilion at the Mann ~#,"Philadelphia, PA",Amphitheater,LYV,,,TRUE
Beck,Beck and Phoenix Plan ‘Summer Odyssey’,https://news.pollstar.com/2023/01/23/beck-and-phoenix-plan-summer-odyssey/,2023-01-23,2023-08-01,2023-09-10,Madison Square Garden ~,"New York, NY",Arena,FALSE,,,TRUE
Beck,Beck and Phoenix Plan ‘Summer Odyssey’,https://news.pollstar.com/2023/01/23/beck-and-phoenix-plan-summer-odyssey/,2023-01-23,2023-08-01,2023-09-10,Merriweather Post Pavilion ~#,"Columbia, MD",Amphitheater,LYV,,,TRUE
Stevie Nicks Extends Tour,"Stevie Nicks Extends Tour, Announces 14 U.S. Shows",https://news.pollstar.com/2023/01/23/stevie-nicks-extends-tour-announces-14-shows/,2023-01-23,2023-03-15,2023-06-27,Climate Pledge Arena,"Seattle, WA",Arena,FALSE,,,TRUE
Stevie Nicks Extends Tour,"Stevie Nicks Extends Tour, Announces 14 U.S. Shows",https://news.pollstar.com/2023/01/23/stevie-nicks-extends-tour-announces-14-shows/,2023-01-23,2023-03-15,2023-06-27,T-Mobile Arena,"Las Vegas, NV",Arena,FALSE,,,TRUE
Stevie Nicks Extends Tour,"Stevie Nicks Extends Tour, Announces 14 U.S. Shows",https://news.pollstar.com/2023/01/23/stevie-nicks-extends-tour-announces-14-shows/,2023-01-23,2023-03-15,2023-06-27,Chase Center,"San Francisco, CA",Arena,FALSE,,,TRUE
Stevie Nicks Extends Tour,"Stevie Nicks Extends Tour, Announces 14 U.S. Shows",https://news.pollstar.com/2023/01/23/stevie-nicks-extends-tour-announces-14-shows/,2023-01-23,2023-03-15,2023-06-27,Golden 1 Center,"Sacramento, CA",Arena,FALSE,,,TRUE
Stevie Nicks Extends Tour,"Stevie Nicks Extends Tour, Announces 14 U.S. Shows",https://news.pollstar.com/2023/01/23/stevie-nicks-extends-tour-announces-14-shows/,2023-01-23,2023-03-15,2023-06-27,Paycom Center,"Oklahoma City, OK",Arena,FALSE,,,TRUE
Stevie Nicks Extends Tour,"Stevie Nicks Extends Tour, Announces 14 U.S. Shows",https://news.pollstar.com/2023/01/23/stevie-nicks-extends-tour-announces-14-shows/,2023-01-23,2023-03-15,2023-06-27,Smoothie King Center,"New Orleans, LA",Arena,FALSE,,,TRUE
Stevie Nicks Extends Tour,"Stevie Nicks Extends Tour, Announces 14 U.S. Shows",https://news.pollstar.com/2023/01/23/stevie-nicks-extends-tour-announces-14-shows/,2023-01-23,2023-03-15,2023-06-27,The Legacy Arena at BJCC,"Birmingham, AL",Arena,FALSE,,,TRUE
Stevie Nicks Extends Tour,"Stevie Nicks Extends Tour, Announces 14 U.S. Shows",https://news.pollstar.com/2023/01/23/stevie-nicks-extends-tour-announces-14-shows/,2023-01-23,2023-03-15,2023-06-27,PNC Arena,"Raleigh, NC",Arena,FALSE,,,TRUE
Stevie Nicks Extends Tour,"Stevie Nicks Extends Tour, Announces 14 U.S. Shows",https://news.pollstar.com/2023/01/23/stevie-nicks-extends-tour-announces-14-shows/,2023-01-23,2023-03-15,2023-06-27,Thompson-Boling Arena,"Knoxville, TN",Arena,FALSE,,,TRUE
Stevie Nicks Extends Tour,"Stevie Nicks Extends Tour, Announces 14 U.S. Shows",https://news.pollstar.com/2023/01/23/stevie-nicks-extends-tour-announces-14-shows/,2023-01-23,2023-03-15,2023-06-27,State Farm Arena,"Atlanta, GA",Arena,FALSE,,,TRUE
Stevie Nicks Extends Tour,"Stevie Nicks Extends Tour, Announces 14 U.S. Shows",https://news.pollstar.com/2023/01/23/stevie-nicks-extends-tour-announces-14-shows/,2023-01-23,2023-03-15,2023-06-27,Amway Center,"Orlando, FL",Other,FALSE,,,TRUE
Stevie Nicks Extends Tour,"Stevie Nicks Extends Tour, Announces 14 U.S. Shows",https://news.pollstar.com/2023/01/23/stevie-nicks-extends-tour-announces-14-shows/,2023-01-23,2023-03-15,2023-06-27,Scotiabank Arena,"Toronto, ON",Arena,FALSE,,,TRUE
Stevie Nicks Extends Tour,"Stevie Nicks Extends Tour, Announces 14 U.S. Shows",https://news.pollstar.com/2023/01/23/stevie-nicks-extends-tour-announces-14-shows/,2023-01-23,2023-03-15,2023-06-27,United Center,"Chicago, IL",Arena,FALSE,,,TRUE
Stevie Nicks Extends Tour,"Stevie Nicks Extends Tour, Announces 14 U.S. Shows",https://news.pollstar.com/2023/01/23/stevie-nicks-extends-tour-announces-14-shows/,2023-01-23,2023-03-15,2023-06-27,KFC Yum! Center,"Louisville, KY",Arena,FALSE,,,TRUE
Nickelback to ‘Get Rollin’’ with 2023 North American Tour,Nickelback to ‘Get Rollin’’ with 2023 North American Tour,https://news.pollstar.com/2023/01/23/nickelback-to-get-rollin-with-2023-north-american-tour/,2023-01-23,2023-06-17,2023-08-30,Tailgate N’ Tall Boys,"Bloomington, IL",Other,FALSE,,,TRUE
Nickelback to ‘Get Rollin’’ with 2023 North American Tour,Nickelback to ‘Get Rollin’’ with 2023 North American Tour,https://news.pollstar.com/2023/01/23/nickelback-to-get-rollin-with-2023-north-american-tour/,2023-01-23,2023-06-17,2023-08-30,Canada Life Centre,"Winnipeg, MB",Arena,FALSE,,,TRUE
Nickelback to ‘Get Rollin’’ with 2023 North American Tour,Nickelback to ‘Get Rollin’’ with 2023 North American Tour,https://news.pollstar.com/2023/01/23/nickelback-to-get-rollin-with-2023-north-american-tour/,2023-01-23,2023-06-17,2023-08-30,SaskTel Centre,"Saskatoon, SK",Arena,FALSE,,,TRUE
Nickelback to ‘Get Rollin’’ with 2023 North American Tour,Nickelback to ‘Get Rollin’’ with 2023 North American Tour,https://news.pollstar.com/2023/01/23/nickelback-to-get-rollin-with-2023-north-american-tour/,2023-01-23,2023-06-17,2023-08-30,Rogers Place,"Edmonton, AB",Arena,FALSE,,,TRUE
Nickelback to ‘Get Rollin’’ with 2023 North American Tour,Nickelback to ‘Get Rollin’’ with 2023 North American Tour,https://news.pollstar.com/2023/01/23/nickelback-to-get-rollin-with-2023-north-american-tour/,2023-01-23,2023-06-17,2023-08-30,Scotiabank Saddledome,"Calgary, AB",Arena,FALSE,,,TRUE
Nickelback to ‘Get Rollin’’ with 2023 North American Tour,Nickelback to ‘Get Rollin’’ with 2023 North American Tour,https://news.pollstar.com/2023/01/23/nickelback-to-get-rollin-with-2023-north-american-tour/,2023-01-23,2023-06-17,2023-08-30,Rogers Arena,"Vancouver, BC",Arena,FALSE,,,TRUE
Nickelback to ‘Get Rollin’’ with 2023 North American Tour,Nickelback to ‘Get Rollin’’ with 2023 North American Tour,https://news.pollstar.com/2023/01/23/nickelback-to-get-rollin-with-2023-north-american-tour/,2023-01-23,2023-06-17,2023-08-30,White River Amphitheatre,"Auburn, WA",Amphitheater,LYV,,,TRUE
Nickelback to ‘Get Rollin’’ with 2023 North American Tour,Nickelback to ‘Get Rollin’’ with 2023 North American Tour,https://news.pollstar.com/2023/01/23/nickelback-to-get-rollin-with-2023-north-american-tour/,2023-01-23,2023-06-17,2023-08-30,RV Inn Style Resorts Amphitheater,"Ridgefield, WA",Amphitheater,LYV,,,TRUE
Nickelback to ‘Get Rollin’’ with 2023 North American Tour,Nickelback to ‘Get Rollin’’ with 2023 North American Tour,https://news.pollstar.com/2023/01/23/nickelback-to-get-rollin-with-2023-north-american-tour/,2023-01-23,2023-06-17,2023-08-30,USANA Amphitheatre,"Salt Lake City, UT",Amphitheater,LYV,,,TRUE
Nickelback to ‘Get Rollin’’ with 2023 North American Tour,Nickelback to ‘Get Rollin’’ with 2023 North American Tour,https://news.pollstar.com/2023/01/23/nickelback-to-get-rollin-with-2023-north-american-tour/,2023-01-23,2023-06-17,2023-08-30,Toyota Amphitheatre,"Wheatland, CA",Amphitheater,LYV,,,TRUE
Nickelback to ‘Get Rollin’’ with 2023 North American Tour,Nickelback to ‘Get Rollin’’ with 2023 North American Tour,https://news.pollstar.com/2023/01/23/nickelback-to-get-rollin-with-2023-north-american-tour/,2023-01-23,2023-06-17,2023-08-30,Shoreline Amphitheatre,"Mountain View, CA",Amphitheater,LYV,,,TRUE
Nickelback to ‘Get Rollin’’ with 2023 North American Tour,Nickelback to ‘Get Rollin’’ with 2023 North American Tour,https://news.pollstar.com/2023/01/23/nickelback-to-get-rollin-with-2023-north-american-tour/,2023-01-23,2023-06-17,2023-08-30,Footprint Center,"Phoenix, AZ",Arena,FALSE,,,TRUE
Nickelback to ‘Get Rollin’’ with 2023 North American Tour,Nickelback to ‘Get Rollin’’ with 2023 North American Tour,https://news.pollstar.com/2023/01/23/nickelback-to-get-rollin-with-2023-north-american-tour/,2023-01-23,2023-06-17,2023-08-30,Kia Forum,"Los Angeles, CA",Arena,FALSE,,,TRUE
Nickelback to ‘Get Rollin’’ with 2023 North American Tour,Nickelback to ‘Get Rollin’’ with 2023 North American Tour,https://news.pollstar.com/2023/01/23/nickelback-to-get-rollin-with-2023-north-american-tour/,2023-01-23,2023-06-17,2023-08-30,T-Mobile Arena,"Las Vegas, NV",Arena,FALSE,,,TRUE
Nickelback to ‘Get Rollin’’ with 2023 North American Tour,Nickelback to ‘Get Rollin’’ with 2023 North American Tour,https://news.pollstar.com/2023/01/23/nickelback-to-get-rollin-with-2023-north-american-tour/,2023-01-23,2023-06-17,2023-08-30,Ball Arena,"Denver, CO",Arena,FALSE,,,TRUE
Nickelback to ‘Get Rollin’’ with 2023 North American Tour,Nickelback to ‘Get Rollin’’ with 2023 North American Tour,https://news.pollstar.com/2023/01/23/nickelback-to-get-rollin-with-2023-north-american-tour/,2023-01-23,2023-06-17,2023-08-30,Walmart AMP,"Rogers, AR",Amphitheater,LYV,,,TRUE
Nickelback to ‘Get Rollin’’ with 2023 North American Tour,Nickelback to ‘Get Rollin’’ with 2023 North American Tour,https://news.pollstar.com/2023/01/23/nickelback-to-get-rollin-with-2023-north-american-tour/,2023-01-23,2023-06-17,2023-08-30,Dos Equis Pavillion,"Dallas, TX",Amphitheater,FALSE,,,TRUE
Nickelback to ‘Get Rollin’’ with 2023 North American Tour,Nickelback to ‘Get Rollin’’ with 2023 North American Tour,https://news.pollstar.com/2023/01/23/nickelback-to-get-rollin-with-2023-north-american-tour/,2023-01-23,2023-06-17,2023-08-30,Cynthia Woods Mitchel Pavilion,"The Woodlands, TX",Amphitheater,LYV,,,TRUE
Nickelback to ‘Get Rollin’’ with 2023 North American Tour,Nickelback to ‘Get Rollin’’ with 2023 North American Tour,https://news.pollstar.com/2023/01/23/nickelback-to-get-rollin-with-2023-north-american-tour/,2023-01-23,2023-06-17,2023-08-30,MIDFLORIDA Credit Union Amphitheatre,"Tampa, FL",Amphitheater,LYV,,,TRUE
Nickelback to ‘Get Rollin’’ with 2023 North American Tour,Nickelback to ‘Get Rollin’’ with 2023 North American Tour,https://news.pollstar.com/2023/01/23/nickelback-to-get-rollin-with-2023-north-american-tour/,2023-01-23,2023-06-17,2023-08-30,Ameris Bank Amphitheater,"Alpharetta, GA",Amphitheater,LYV,,,TRUE
Nickelback to ‘Get Rollin’’ with 2023 North American Tour,Nickelback to ‘Get Rollin’’ with 2023 North American Tour,https://news.pollstar.com/2023/01/23/nickelback-to-get-rollin-with-2023-north-american-tour/,2023-01-23,2023-06-17,2023-08-30,Bridgestone Arena,"Nashville, TN",Arena,FALSE,,,TRUE
Nickelback to ‘Get Rollin’’ with 2023 North American Tour,Nickelback to ‘Get Rollin’’ with 2023 North American Tour,https://news.pollstar.com/2023/01/23/nickelback-to-get-rollin-with-2023-north-american-tour/,2023-01-23,2023-06-17,2023-08-30,Hollywood Casino Amphitheatre,"St. Louis, MO",Amphitheater,LYV,,,TRUE
Nickelback to ‘Get Rollin’’ with 2023 North American Tour,Nickelback to ‘Get Rollin’’ with 2023 North American Tour,https://news.pollstar.com/2023/01/23/nickelback-to-get-rollin-with-2023-north-american-tour/,2023-01-23,2023-06-17,2023-08-30,American Family Insurance Amphitheater,"Milwaukee, WI",Amphitheater,LYV,,,TRUE
Nickelback to ‘Get Rollin’’ with 2023 North American Tour,Nickelback to ‘Get Rollin’’ with 2023 North American Tour,https://news.pollstar.com/2023/01/23/nickelback-to-get-rollin-with-2023-north-american-tour/,2023-01-23,2023-06-17,2023-08-30,Xcel Energy Center,"St. Paul, MN",Arena,FALSE,,,TRUE
Nickelback to ‘Get Rollin’’ with 2023 North American Tour,Nickelback to ‘Get Rollin’’ with 2023 North American Tour,https://news.pollstar.com/2023/01/23/nickelback-to-get-rollin-with-2023-north-american-tour/,2023-01-23,2023-06-17,2023-08-30,Blossom Music Center,"Cuyahoga Falls, OH",Amphitheater,LYV,,,TRUE
Nickelback to ‘Get Rollin’’ with 2023 North American Tour,Nickelback to ‘Get Rollin’’ with 2023 North American Tour,https://news.pollstar.com/2023/01/23/nickelback-to-get-rollin-with-2023-north-american-tour/,2023-01-23,2023-06-17,2023-08-30,Boots and Hearts Festival,"Oro-Medonte, ON",Other,FALSE,,,TRUE
Nickelback to ‘Get Rollin’’ with 2023 North American Tour,Nickelback to ‘Get Rollin’’ with 2023 North American Tour,https://news.pollstar.com/2023/01/23/nickelback-to-get-rollin-with-2023-north-american-tour/,2023-01-23,2023-06-17,2023-08-30,Pine Knob Music Theater,"Clarkston, MI",Amphitheater,LYV,,,TRUE
Nickelback to ‘Get Rollin’’ with 2023 North American Tour,Nickelback to ‘Get Rollin’’ with 2023 North American Tour,https://news.pollstar.com/2023/01/23/nickelback-to-get-rollin-with-2023-north-american-tour/,2023-01-23,2023-06-17,2023-08-30,Darien Lake Amphitheater,"Darien Center, NY",Amphitheater,LYV,,,TRUE
Nickelback to ‘Get Rollin’’ with 2023 North American Tour,Nickelback to ‘Get Rollin’’ with 2023 North American Tour,https://news.pollstar.com/2023/01/23/nickelback-to-get-rollin-with-2023-north-american-tour/,2023-01-23,2023-06-17,2023-08-30,Hollywood Casino Amphitheatre,"Tinley Park, IL",Amphitheater,LYV,,,TRUE
Nickelback to ‘Get Rollin’’ with 2023 North American Tour,Nickelback to ‘Get Rollin’’ with 2023 North American Tour,https://news.pollstar.com/2023/01/23/nickelback-to-get-rollin-with-2023-north-american-tour/,2023-01-23,2023-06-17,2023-08-30,Ruoff Music Center,"Noblesville, IN",Amphitheater,LYV,,,TRUE
Nickelback to ‘Get Rollin’’ with 2023 North American Tour,Nickelback to ‘Get Rollin’’ with 2023 North American Tour,https://news.pollstar.com/2023/01/23/nickelback-to-get-rollin-with-2023-north-american-tour/,2023-01-23,2023-06-17,2023-08-30,Xfinity Center,"Mansfield, MA",Arena,LYV,,,TRUE
Nickelback to ‘Get Rollin’’ with 2023 North American Tour,Nickelback to ‘Get Rollin’’ with 2023 North American Tour,https://news.pollstar.com/2023/01/23/nickelback-to-get-rollin-with-2023-north-american-tour/,2023-01-23,2023-06-17,2023-08-30,Maine Savings Amphitheater,"Bangor, ME",Amphitheater,LYV,,,TRUE
Nickelback to ‘Get Rollin’’ with 2023 North American Tour,Nickelback to ‘Get Rollin’’ with 2023 North American Tour,https://news.pollstar.com/2023/01/23/nickelback-to-get-rollin-with-2023-north-american-tour/,2023-01-23,2023-06-17,2023-08-30,Jiffy Lube Live,"Bristow, VA",Amphitheater,LYV,,,TRUE
Nickelback to ‘Get Rollin’’ with 2023 North American Tour,Nickelback to ‘Get Rollin’’ with 2023 North American Tour,https://news.pollstar.com/2023/01/23/nickelback-to-get-rollin-with-2023-north-american-tour/,2023-01-23,2023-06-17,2023-08-30,Hersheypark Stadium,"Hershey, PA",Stadium,FALSE,,,TRUE
Nickelback to ‘Get Rollin’’ with 2023 North American Tour,Nickelback to ‘Get Rollin’’ with 2023 North American Tour,https://news.pollstar.com/2023/01/23/nickelback-to-get-rollin-with-2023-north-american-tour/,2023-01-23,2023-06-17,2023-08-30,UBS Arena,"Belmont Park, NY",Arena,FALSE,,,TRUE
